{
  "#abspos": {
    "current": {
      "number": "",
      "spec": "CSS Grid Layout 2",
      "text": "10. Absolute Positioning",
      "url": "https://drafts.csswg.org/css-grid-2/#abspos"
    },
    "snapshot": {
      "number": "",
      "spec": "CSS Grid Layout 2",
      "text": "10. Absolute Positioning",
      "url": "https://www.w3.org/TR/css-grid-2/#abspos"
    }
  },
  "#abspos-items": {
    "current": {
      "number": "10.1",
      "spec": "CSS Grid Layout 2",
      "text": "With a Grid Container as Containing Block",
      "url": "https://drafts.csswg.org/css-grid-2/#abspos-items"
    },
    "snapshot": {
      "number": "10.1",
      "spec": "CSS Grid Layout 2",
      "text": "With a Grid Container as Containing Block",
      "url": "https://www.w3.org/TR/css-grid-2/#abspos-items"
    }
  },
  "#abstract": {
    "current": {
      "number": "",
      "spec": "CSS Grid Layout 2",
      "text": "Abstract",
      "url": "https://drafts.csswg.org/css-grid-2/#abstract"
    },
    "snapshot": {
      "number": "",
      "spec": "CSS Grid Layout 2",
      "text": "Abstract",
      "url": "https://www.w3.org/TR/css-grid-2/#abstract"
    }
  },
  "#acknowledgements": {
    "current": {
      "number": "",
      "spec": "CSS Grid Layout 2",
      "text": "17. Acknowledgements",
      "url": "https://drafts.csswg.org/css-grid-2/#acknowledgements"
    },
    "snapshot": {
      "number": "",
      "spec": "CSS Grid Layout 2",
      "text": "16. Acknowledgements",
      "url": "https://www.w3.org/TR/css-grid-2/#acknowledgements"
    }
  },
  "#adapting-to-available-space": {
    "current": {
      "number": "1.1.1",
      "spec": "CSS Grid Layout 2",
      "text": "Adapting Layouts to Available Space",
      "url": "https://drafts.csswg.org/css-grid-2/#adapting-to-available-space"
    },
    "snapshot": {
      "number": "1.1.1",
      "spec": "CSS Grid Layout 2",
      "text": "Adapting Layouts to Available Space",
      "url": "https://www.w3.org/TR/css-grid-2/#adapting-to-available-space"
    }
  },
  "#algo-content": {
    "current": {
      "number": "12.5",
      "spec": "CSS Grid Layout 2",
      "text": "Resolve Intrinsic Track Sizes",
      "url": "https://drafts.csswg.org/css-grid-2/#algo-content"
    },
    "snapshot": {
      "number": "12.5",
      "spec": "CSS Grid Layout 2",
      "text": "Resolve Intrinsic Track Sizes",
      "url": "https://www.w3.org/TR/css-grid-2/#algo-content"
    }
  },
  "#algo-find-fr-size": {
    "current": {
      "number": "12.7.1",
      "spec": "CSS Grid Layout 2",
      "text": "Find the Size of an fr",
      "url": "https://drafts.csswg.org/css-grid-2/#algo-find-fr-size"
    },
    "snapshot": {
      "number": "12.7.1",
      "spec": "CSS Grid Layout 2",
      "text": "Find the Size of an fr",
      "url": "https://www.w3.org/TR/css-grid-2/#algo-find-fr-size"
    }
  },
  "#algo-flex-tracks": {
    "current": {
      "number": "12.7",
      "spec": "CSS Grid Layout 2",
      "text": "Expand Flexible Tracks",
      "url": "https://drafts.csswg.org/css-grid-2/#algo-flex-tracks"
    },
    "snapshot": {
      "number": "12.7",
      "spec": "CSS Grid Layout 2",
      "text": "Expand Flexible Tracks",
      "url": "https://www.w3.org/TR/css-grid-2/#algo-flex-tracks"
    }
  },
  "#algo-grid-sizing": {
    "current": {
      "number": "12.1",
      "spec": "CSS Grid Layout 2",
      "text": "Grid Sizing Algorithm",
      "url": "https://drafts.csswg.org/css-grid-2/#algo-grid-sizing"
    }
  },
  "#algo-grow-tracks": {
    "current": {
      "number": "12.6",
      "spec": "CSS Grid Layout 2",
      "text": "Maximize Tracks",
      "url": "https://drafts.csswg.org/css-grid-2/#algo-grow-tracks"
    },
    "snapshot": {
      "number": "12.6",
      "spec": "CSS Grid Layout 2",
      "text": "Maximize Tracks",
      "url": "https://www.w3.org/TR/css-grid-2/#algo-grow-tracks"
    }
  },
  "#algo-init": {
    "current": {
      "number": "12.4",
      "spec": "CSS Grid Layout 2",
      "text": "Initialize Track Sizes",
      "url": "https://drafts.csswg.org/css-grid-2/#algo-init"
    },
    "snapshot": {
      "number": "12.4",
      "spec": "CSS Grid Layout 2",
      "text": "Initialize Track Sizes",
      "url": "https://www.w3.org/TR/css-grid-2/#algo-init"
    }
  },
  "#algo-overview": {
    "snapshot": {
      "number": "12.1",
      "spec": "CSS Grid Layout 2",
      "text": "Grid Sizing Algorithm",
      "url": "https://www.w3.org/TR/css-grid-2/#algo-overview"
    }
  },
  "#algo-stretch": {
    "current": {
      "number": "12.8",
      "spec": "CSS Grid Layout 2",
      "text": "Stretch auto Tracks",
      "url": "https://drafts.csswg.org/css-grid-2/#algo-stretch"
    },
    "snapshot": {
      "number": "12.8",
      "spec": "CSS Grid Layout 2",
      "text": "Stretch auto Tracks",
      "url": "https://www.w3.org/TR/css-grid-2/#algo-stretch"
    }
  },
  "#algo-terms": {
    "current": {
      "number": "12.2",
      "spec": "CSS Grid Layout 2",
      "text": "Track Sizing Terminology",
      "url": "https://drafts.csswg.org/css-grid-2/#algo-terms"
    },
    "snapshot": {
      "number": "12.2",
      "spec": "CSS Grid Layout 2",
      "text": "Track Sizing Terminology",
      "url": "https://www.w3.org/TR/css-grid-2/#algo-terms"
    }
  },
  "#algo-track-sizing": {
    "current": {
      "number": "12.3",
      "spec": "CSS Grid Layout 2",
      "text": "Track Sizing Algorithm",
      "url": "https://drafts.csswg.org/css-grid-2/#algo-track-sizing"
    },
    "snapshot": {
      "number": "12.3",
      "spec": "CSS Grid Layout 2",
      "text": "Track Sizing Algorithm",
      "url": "https://www.w3.org/TR/css-grid-2/#algo-track-sizing"
    }
  },
  "#alignment": {
    "current": {
      "number": "",
      "spec": "CSS Grid Layout 2",
      "text": "11. Alignment and Spacing",
      "url": "https://drafts.csswg.org/css-grid-2/#alignment"
    },
    "snapshot": {
      "number": "",
      "spec": "CSS Grid Layout 2",
      "text": "11. Alignment and Spacing",
      "url": "https://www.w3.org/TR/css-grid-2/#alignment"
    }
  },
  "#auto-margins": {
    "current": {
      "number": "11.2",
      "spec": "CSS Grid Layout 2",
      "text": "Aligning with auto margins",
      "url": "https://drafts.csswg.org/css-grid-2/#auto-margins"
    },
    "snapshot": {
      "number": "11.2",
      "spec": "CSS Grid Layout 2",
      "text": "Aligning with auto margins",
      "url": "https://www.w3.org/TR/css-grid-2/#auto-margins"
    }
  },
  "#auto-placement-algo": {
    "current": {
      "number": "8.5",
      "spec": "CSS Grid Layout 2",
      "text": "Grid Item Placement Algorithm",
      "url": "https://drafts.csswg.org/css-grid-2/#auto-placement-algo"
    },
    "snapshot": {
      "number": "8.5",
      "spec": "CSS Grid Layout 2",
      "text": "Grid Item Placement Algorithm",
      "url": "https://www.w3.org/TR/css-grid-2/#auto-placement-algo"
    }
  },
  "#auto-repeat": {
    "current": {
      "number": "7.2.3.2",
      "spec": "CSS Grid Layout 2",
      "text": "Repeat-to-fill: auto-fill and auto-fit repetitions",
      "url": "https://drafts.csswg.org/css-grid-2/#auto-repeat"
    },
    "snapshot": {
      "number": "7.2.3.2",
      "spec": "CSS Grid Layout 2",
      "text": "Repeat-to-fill: auto-fill and auto-fit repetitions",
      "url": "https://www.w3.org/TR/css-grid-2/#auto-repeat"
    }
  },
  "#auto-tracks": {
    "current": {
      "number": "7.6",
      "spec": "CSS Grid Layout 2",
      "text": "Implicit Track Sizing: the grid-auto-rows and grid-auto-columns properties",
      "url": "https://drafts.csswg.org/css-grid-2/#auto-tracks"
    },
    "snapshot": {
      "number": "7.6",
      "spec": "CSS Grid Layout 2",
      "text": "Implicit Track Sizing: the grid-auto-rows and grid-auto-columns properties",
      "url": "https://www.w3.org/TR/css-grid-2/#auto-tracks"
    }
  },
  "#background": {
    "current": {
      "number": "1.1",
      "spec": "CSS Grid Layout 2",
      "text": "Background and Motivation",
      "url": "https://drafts.csswg.org/css-grid-2/#background"
    },
    "snapshot": {
      "number": "1.1",
      "spec": "CSS Grid Layout 2",
      "text": "Background and Motivation",
      "url": "https://www.w3.org/TR/css-grid-2/#background"
    }
  },
  "#changes": {
    "current": {
      "number": "",
      "spec": "CSS Grid Layout 2",
      "text": "16. Changes",
      "url": "https://drafts.csswg.org/css-grid-2/#changes"
    },
    "snapshot": {
      "number": "",
      "spec": "CSS Grid Layout 2",
      "text": "15. Changes",
      "url": "https://www.w3.org/TR/css-grid-2/#changes"
    }
  },
  "#changes-2": {
    "current": {
      "number": "16.3",
      "spec": "CSS Grid Layout 2",
      "text": "Additions Since Level 2",
      "url": "https://drafts.csswg.org/css-grid-2/#changes-2"
    },
    "snapshot": {
      "number": "15.2",
      "spec": "CSS Grid Layout 2",
      "text": "Additions Since Level 2",
      "url": "https://www.w3.org/TR/css-grid-2/#changes-2"
    }
  },
  "#changes-20180904": {
    "current": {
      "number": "",
      "spec": "CSS Grid Layout 2",
      "text": "Changes since the December 2019 CSS Grid Layout Level 2 Working Draft",
      "url": "https://drafts.csswg.org/css-grid-2/#changes-20180904"
    },
    "snapshot": {
      "number": "",
      "spec": "CSS Grid Layout 2",
      "text": "Changes since the December 2019 CSS Grid Layout Level 2 Working Draft",
      "url": "https://www.w3.org/TR/css-grid-2/#changes-20180904"
    }
  },
  "#changes-202008": {
    "current": {
      "number": "16.2",
      "spec": "CSS Grid Layout 2",
      "text": "Changes since the August 2020 CR",
      "url": "https://drafts.csswg.org/css-grid-2/#changes-202008"
    },
    "snapshot": {
      "number": "15.1",
      "spec": "CSS Grid Layout 2",
      "text": "Changes since the August 2020 CR",
      "url": "https://www.w3.org/TR/css-grid-2/#changes-202008"
    }
  },
  "#changes-202012": {
    "current": {
      "number": "16.1",
      "spec": "CSS Grid Layout 2",
      "text": "Changes since the 18 December 2020 CR",
      "url": "https://drafts.csswg.org/css-grid-2/#changes-202012"
    }
  },
  "#column-align": {
    "current": {
      "number": "11.4",
      "spec": "CSS Grid Layout 2",
      "text": "Block-axis Alignment: the align-self and align-items properties",
      "url": "https://drafts.csswg.org/css-grid-2/#column-align"
    },
    "snapshot": {
      "number": "11.4",
      "spec": "CSS Grid Layout 2",
      "text": "Block-axis Alignment: the align-self and align-items properties",
      "url": "https://www.w3.org/TR/css-grid-2/#column-align"
    }
  },
  "#common-uses": {
    "current": {
      "number": "8.1",
      "spec": "CSS Grid Layout 2",
      "text": "Common Patterns for Grid Placement",
      "url": "https://drafts.csswg.org/css-grid-2/#common-uses"
    },
    "snapshot": {
      "number": "8.1",
      "spec": "CSS Grid Layout 2",
      "text": "Common Patterns for Grid Placement",
      "url": "https://www.w3.org/TR/css-grid-2/#common-uses"
    }
  },
  "#common-uses-auto-placement": {
    "current": {
      "number": "8.1.4",
      "spec": "CSS Grid Layout 2",
      "text": "Auto Placement",
      "url": "https://drafts.csswg.org/css-grid-2/#common-uses-auto-placement"
    },
    "snapshot": {
      "number": "8.1.4",
      "spec": "CSS Grid Layout 2",
      "text": "Auto Placement",
      "url": "https://www.w3.org/TR/css-grid-2/#common-uses-auto-placement"
    }
  },
  "#common-uses-named-areas": {
    "current": {
      "number": "8.1.1",
      "spec": "CSS Grid Layout 2",
      "text": "Named Areas",
      "url": "https://drafts.csswg.org/css-grid-2/#common-uses-named-areas"
    },
    "snapshot": {
      "number": "8.1.1",
      "spec": "CSS Grid Layout 2",
      "text": "Named Areas",
      "url": "https://www.w3.org/TR/css-grid-2/#common-uses-named-areas"
    }
  },
  "#common-uses-named-lines": {
    "current": {
      "number": "8.1.3",
      "spec": "CSS Grid Layout 2",
      "text": "Named Lines and Spans",
      "url": "https://drafts.csswg.org/css-grid-2/#common-uses-named-lines"
    },
    "snapshot": {
      "number": "8.1.3",
      "spec": "CSS Grid Layout 2",
      "text": "Named Lines and Spans",
      "url": "https://www.w3.org/TR/css-grid-2/#common-uses-named-lines"
    }
  },
  "#common-uses-numeric": {
    "current": {
      "number": "8.1.2",
      "spec": "CSS Grid Layout 2",
      "text": "Numeric Indexes and Spans",
      "url": "https://drafts.csswg.org/css-grid-2/#common-uses-numeric"
    },
    "snapshot": {
      "number": "8.1.2",
      "spec": "CSS Grid Layout 2",
      "text": "Numeric Indexes and Spans",
      "url": "https://www.w3.org/TR/css-grid-2/#common-uses-numeric"
    }
  },
  "#computed-tracks": {
    "current": {
      "number": "7.2.5",
      "spec": "CSS Grid Layout 2",
      "text": "Computed Value of a Track Listing",
      "url": "https://drafts.csswg.org/css-grid-2/#computed-tracks"
    },
    "snapshot": {
      "number": "7.2.5",
      "spec": "CSS Grid Layout 2",
      "text": "Computed Value of a Track Listing",
      "url": "https://www.w3.org/TR/css-grid-2/#computed-tracks"
    }
  },
  "#explicit-grid-shorthand": {
    "current": {
      "number": "7.4",
      "spec": "CSS Grid Layout 2",
      "text": "Explicit Grid Shorthand: the grid-template property",
      "url": "https://drafts.csswg.org/css-grid-2/#explicit-grid-shorthand"
    },
    "snapshot": {
      "number": "7.4",
      "spec": "CSS Grid Layout 2",
      "text": "Explicit Grid Shorthand: the grid-template property",
      "url": "https://www.w3.org/TR/css-grid-2/#explicit-grid-shorthand"
    }
  },
  "#explicit-grids": {
    "current": {
      "number": "7.1",
      "spec": "CSS Grid Layout 2",
      "text": "The Explicit Grid",
      "url": "https://drafts.csswg.org/css-grid-2/#explicit-grids"
    },
    "snapshot": {
      "number": "7.1",
      "spec": "CSS Grid Layout 2",
      "text": "The Explicit Grid",
      "url": "https://www.w3.org/TR/css-grid-2/#explicit-grids"
    }
  },
  "#extra-space": {
    "current": {
      "number": "12.5.1",
      "spec": "CSS Grid Layout 2",
      "text": "Distributing Extra Space Across Spanned Tracks",
      "url": "https://drafts.csswg.org/css-grid-2/#extra-space"
    },
    "snapshot": {
      "number": "12.5.1",
      "spec": "CSS Grid Layout 2",
      "text": "Distributing Extra Space Across Spanned Tracks",
      "url": "https://www.w3.org/TR/css-grid-2/#extra-space"
    }
  },
  "#fr-unit": {
    "current": {
      "number": "7.2.4",
      "spec": "CSS Grid Layout 2",
      "text": "Flexible Lengths: the fr unit",
      "url": "https://drafts.csswg.org/css-grid-2/#fr-unit"
    },
    "snapshot": {
      "number": "7.2.4",
      "spec": "CSS Grid Layout 2",
      "text": "Flexible Lengths: the fr unit",
      "url": "https://www.w3.org/TR/css-grid-2/#fr-unit"
    }
  },
  "#fragmentation-alg": {
    "current": {
      "number": "13.1",
      "spec": "CSS Grid Layout 2",
      "text": "Sample Fragmentation Algorithm",
      "url": "https://drafts.csswg.org/css-grid-2/#fragmentation-alg"
    },
    "snapshot": {
      "number": "13.1",
      "spec": "CSS Grid Layout 2",
      "text": "Sample Fragmentation Algorithm",
      "url": "https://www.w3.org/TR/css-grid-2/#fragmentation-alg"
    }
  },
  "#grid-align": {
    "current": {
      "number": "11.5",
      "spec": "CSS Grid Layout 2",
      "text": "Aligning the Grid: the justify-content and align-content properties",
      "url": "https://drafts.csswg.org/css-grid-2/#grid-align"
    },
    "snapshot": {
      "number": "11.5",
      "spec": "CSS Grid Layout 2",
      "text": "Aligning the Grid: the justify-content and align-content properties",
      "url": "https://www.w3.org/TR/css-grid-2/#grid-align"
    }
  },
  "#grid-area-concept": {
    "current": {
      "number": "3.3",
      "spec": "CSS Grid Layout 2",
      "text": "Grid Areas",
      "url": "https://drafts.csswg.org/css-grid-2/#grid-area-concept"
    },
    "snapshot": {
      "number": "3.3",
      "spec": "CSS Grid Layout 2",
      "text": "Grid Areas",
      "url": "https://www.w3.org/TR/css-grid-2/#grid-area-concept"
    }
  },
  "#grid-auto-flow-property": {
    "current": {
      "number": "7.7",
      "spec": "CSS Grid Layout 2",
      "text": "Automatic Placement: the grid-auto-flow property",
      "url": "https://drafts.csswg.org/css-grid-2/#grid-auto-flow-property"
    },
    "snapshot": {
      "number": "7.7",
      "spec": "CSS Grid Layout 2",
      "text": "Automatic Placement: the grid-auto-flow property",
      "url": "https://www.w3.org/TR/css-grid-2/#grid-auto-flow-property"
    }
  },
  "#grid-baselines": {
    "current": {
      "number": "11.6",
      "spec": "CSS Grid Layout 2",
      "text": "Grid Container Baselines",
      "url": "https://drafts.csswg.org/css-grid-2/#grid-baselines"
    },
    "snapshot": {
      "number": "11.6",
      "spec": "CSS Grid Layout 2",
      "text": "Grid Container Baselines",
      "url": "https://www.w3.org/TR/css-grid-2/#grid-baselines"
    }
  },
  "#grid-concepts": {
    "current": {
      "number": "3",
      "spec": "CSS Grid Layout 2",
      "text": "Grid Layout Concepts and Terminology",
      "url": "https://drafts.csswg.org/css-grid-2/#grid-concepts"
    },
    "snapshot": {
      "number": "3",
      "spec": "CSS Grid Layout 2",
      "text": "Grid Layout Concepts and Terminology",
      "url": "https://www.w3.org/TR/css-grid-2/#grid-concepts"
    }
  },
  "#grid-containers": {
    "current": {
      "number": "5.1",
      "spec": "CSS Grid Layout 2",
      "text": "Establishing Grid Containers: the grid and inline-grid display values",
      "url": "https://drafts.csswg.org/css-grid-2/#grid-containers"
    },
    "snapshot": {
      "number": "5.1",
      "spec": "CSS Grid Layout 2",
      "text": "Establishing Grid Containers: the grid and inline-grid display values",
      "url": "https://www.w3.org/TR/css-grid-2/#grid-containers"
    }
  },
  "#grid-definition": {
    "current": {
      "number": "7",
      "spec": "CSS Grid Layout 2",
      "text": "Defining the Grid",
      "url": "https://drafts.csswg.org/css-grid-2/#grid-definition"
    },
    "snapshot": {
      "number": "7",
      "spec": "CSS Grid Layout 2",
      "text": "Defining the Grid",
      "url": "https://www.w3.org/TR/css-grid-2/#grid-definition"
    }
  },
  "#grid-item-display": {
    "current": {
      "number": "6.1",
      "spec": "CSS Grid Layout 2",
      "text": "Grid Item Display",
      "url": "https://drafts.csswg.org/css-grid-2/#grid-item-display"
    },
    "snapshot": {
      "number": "6.1",
      "spec": "CSS Grid Layout 2",
      "text": "Grid Item Display",
      "url": "https://www.w3.org/TR/css-grid-2/#grid-item-display"
    }
  },
  "#grid-item-sizing": {
    "current": {
      "number": "6.2",
      "spec": "CSS Grid Layout 2",
      "text": "Grid Item Sizing",
      "url": "https://drafts.csswg.org/css-grid-2/#grid-item-sizing"
    },
    "snapshot": {
      "number": "6.2",
      "spec": "CSS Grid Layout 2",
      "text": "Grid Item Sizing",
      "url": "https://www.w3.org/TR/css-grid-2/#grid-item-sizing"
    }
  },
  "#grid-items": {
    "current": {
      "number": "6",
      "spec": "CSS Grid Layout 2",
      "text": "Grid Items",
      "url": "https://drafts.csswg.org/css-grid-2/#grid-items"
    },
    "snapshot": {
      "number": "6",
      "spec": "CSS Grid Layout 2",
      "text": "Grid Items",
      "url": "https://www.w3.org/TR/css-grid-2/#grid-items"
    }
  },
  "#grid-line-concept": {
    "current": {
      "number": "3.1",
      "spec": "CSS Grid Layout 2",
      "text": "Grid Lines",
      "url": "https://drafts.csswg.org/css-grid-2/#grid-line-concept"
    },
    "snapshot": {
      "number": "3.1",
      "spec": "CSS Grid Layout 2",
      "text": "Grid Lines",
      "url": "https://www.w3.org/TR/css-grid-2/#grid-line-concept"
    }
  },
  "#grid-model": {
    "current": {
      "number": "5",
      "spec": "CSS Grid Layout 2",
      "text": "Grid Containers",
      "url": "https://drafts.csswg.org/css-grid-2/#grid-model"
    },
    "snapshot": {
      "number": "5",
      "spec": "CSS Grid Layout 2",
      "text": "Grid Containers",
      "url": "https://www.w3.org/TR/css-grid-2/#grid-model"
    }
  },
  "#grid-placement-errors": {
    "current": {
      "number": "8.3.1",
      "spec": "CSS Grid Layout 2",
      "text": "Grid Placement Conflict Handling",
      "url": "https://drafts.csswg.org/css-grid-2/#grid-placement-errors"
    },
    "snapshot": {
      "number": "8.3.1",
      "spec": "CSS Grid Layout 2",
      "text": "Grid Placement Conflict Handling",
      "url": "https://www.w3.org/TR/css-grid-2/#grid-placement-errors"
    }
  },
  "#grid-shorthand": {
    "current": {
      "number": "7.8",
      "spec": "CSS Grid Layout 2",
      "text": "Grid Definition Shorthand: the grid property",
      "url": "https://drafts.csswg.org/css-grid-2/#grid-shorthand"
    },
    "snapshot": {
      "number": "7.8",
      "spec": "CSS Grid Layout 2",
      "text": "Grid Definition Shorthand: the grid property",
      "url": "https://www.w3.org/TR/css-grid-2/#grid-shorthand"
    }
  },
  "#grid-template-areas-property": {
    "current": {
      "number": "7.3",
      "spec": "CSS Grid Layout 2",
      "text": "Named Areas: the grid-template-areas property",
      "url": "https://drafts.csswg.org/css-grid-2/#grid-template-areas-property"
    },
    "snapshot": {
      "number": "7.3",
      "spec": "CSS Grid Layout 2",
      "text": "Named Areas: the grid-template-areas property",
      "url": "https://www.w3.org/TR/css-grid-2/#grid-template-areas-property"
    }
  },
  "#grid-track-concept": {
    "current": {
      "number": "3.2",
      "spec": "CSS Grid Layout 2",
      "text": "Grid Tracks and Cells",
      "url": "https://drafts.csswg.org/css-grid-2/#grid-track-concept"
    },
    "snapshot": {
      "number": "3.2",
      "spec": "CSS Grid Layout 2",
      "text": "Grid Tracks and Cells",
      "url": "https://www.w3.org/TR/css-grid-2/#grid-track-concept"
    }
  },
  "#gutters": {
    "current": {
      "number": "11.1",
      "spec": "CSS Grid Layout 2",
      "text": "Gutters: the row-gap, column-gap, and gap properties",
      "url": "https://drafts.csswg.org/css-grid-2/#gutters"
    },
    "snapshot": {
      "number": "11.1",
      "spec": "CSS Grid Layout 2",
      "text": "Gutters: the row-gap, column-gap, and gap properties",
      "url": "https://www.w3.org/TR/css-grid-2/#gutters"
    }
  },
  "#implicit-grids": {
    "current": {
      "number": "7.5",
      "spec": "CSS Grid Layout 2",
      "text": "The Implicit Grid",
      "url": "https://drafts.csswg.org/css-grid-2/#implicit-grids"
    },
    "snapshot": {
      "number": "7.5",
      "spec": "CSS Grid Layout 2",
      "text": "The Implicit Grid",
      "url": "https://www.w3.org/TR/css-grid-2/#implicit-grids"
    }
  },
  "#implicit-named-areas": {
    "current": {
      "number": "7.3.3",
      "spec": "CSS Grid Layout 2",
      "text": "Implicitly-Named Areas",
      "url": "https://drafts.csswg.org/css-grid-2/#implicit-named-areas"
    },
    "snapshot": {
      "number": "7.3.3",
      "spec": "CSS Grid Layout 2",
      "text": "Implicitly-Named Areas",
      "url": "https://www.w3.org/TR/css-grid-2/#implicit-named-areas"
    }
  },
  "#implicit-named-lines": {
    "current": {
      "number": "7.3.2",
      "spec": "CSS Grid Layout 2",
      "text": "Implicitly-Assigned Line Names",
      "url": "https://drafts.csswg.org/css-grid-2/#implicit-named-lines"
    },
    "snapshot": {
      "number": "7.3.2",
      "spec": "CSS Grid Layout 2",
      "text": "Implicitly-Assigned Line Names",
      "url": "https://www.w3.org/TR/css-grid-2/#implicit-named-lines"
    }
  },
  "#index": {
    "current": {
      "number": "",
      "spec": "CSS Grid Layout 2",
      "text": "Index",
      "url": "https://drafts.csswg.org/css-grid-2/#index"
    },
    "snapshot": {
      "number": "",
      "spec": "CSS Grid Layout 2",
      "text": "Index",
      "url": "https://www.w3.org/TR/css-grid-2/#index"
    }
  },
  "#index-defined-elsewhere": {
    "current": {
      "number": "",
      "spec": "CSS Grid Layout 2",
      "text": "Terms defined by reference",
      "url": "https://drafts.csswg.org/css-grid-2/#index-defined-elsewhere"
    },
    "snapshot": {
      "number": "",
      "spec": "CSS Grid Layout 2",
      "text": "Terms defined by reference",
      "url": "https://www.w3.org/TR/css-grid-2/#index-defined-elsewhere"
    }
  },
  "#index-defined-here": {
    "current": {
      "number": "",
      "spec": "CSS Grid Layout 2",
      "text": "Terms defined by this specification",
      "url": "https://drafts.csswg.org/css-grid-2/#index-defined-here"
    },
    "snapshot": {
      "number": "",
      "spec": "CSS Grid Layout 2",
      "text": "Terms defined by this specification",
      "url": "https://www.w3.org/TR/css-grid-2/#index-defined-here"
    }
  },
  "#informative": {
    "current": {
      "number": "",
      "spec": "CSS Grid Layout 2",
      "text": "Informative References",
      "url": "https://drafts.csswg.org/css-grid-2/#informative"
    },
    "snapshot": {
      "number": "",
      "spec": "CSS Grid Layout 2",
      "text": "Informative References",
      "url": "https://www.w3.org/TR/css-grid-2/#informative"
    }
  },
  "#intrinsic-sizes": {
    "current": {
      "number": "5.2",
      "spec": "CSS Grid Layout 2",
      "text": "Sizing Grid Containers",
      "url": "https://drafts.csswg.org/css-grid-2/#intrinsic-sizes"
    },
    "snapshot": {
      "number": "5.2",
      "spec": "CSS Grid Layout 2",
      "text": "Sizing Grid Containers",
      "url": "https://www.w3.org/TR/css-grid-2/#intrinsic-sizes"
    }
  },
  "#intro": {
    "current": {
      "number": "1",
      "spec": "CSS Grid Layout 2",
      "text": "Introduction",
      "url": "https://drafts.csswg.org/css-grid-2/#intro"
    },
    "snapshot": {
      "number": "1",
      "spec": "CSS Grid Layout 2",
      "text": "Introduction",
      "url": "https://www.w3.org/TR/css-grid-2/#intro"
    }
  },
  "#issues-index": {
    "current": {
      "number": "",
      "spec": "CSS Grid Layout 2",
      "text": "Issues Index",
      "url": "https://drafts.csswg.org/css-grid-2/#issues-index"
    },
    "snapshot": {
      "number": "",
      "spec": "CSS Grid Layout 2",
      "text": "Issues Index",
      "url": "https://www.w3.org/TR/css-grid-2/#issues-index"
    }
  },
  "#item-margins": {
    "current": {
      "number": "6.4",
      "spec": "CSS Grid Layout 2",
      "text": "Grid Item Margins and Paddings",
      "url": "https://drafts.csswg.org/css-grid-2/#item-margins"
    },
    "snapshot": {
      "number": "6.4",
      "spec": "CSS Grid Layout 2",
      "text": "Grid Item Margins and Paddings",
      "url": "https://www.w3.org/TR/css-grid-2/#item-margins"
    }
  },
  "#layout-algorithm": {
    "current": {
      "number": "",
      "spec": "CSS Grid Layout 2",
      "text": "12. Grid Layout Algorithm",
      "url": "https://drafts.csswg.org/css-grid-2/#layout-algorithm"
    },
    "snapshot": {
      "number": "",
      "spec": "CSS Grid Layout 2",
      "text": "12. Grid Sizing",
      "url": "https://www.w3.org/TR/css-grid-2/#layout-algorithm"
    }
  },
  "#line-placement": {
    "current": {
      "number": "8.3",
      "spec": "CSS Grid Layout 2",
      "text": "Line-based Placement: the grid-row-start, grid-column-start, grid-row-end, and grid-column-end properties",
      "url": "https://drafts.csswg.org/css-grid-2/#line-placement"
    },
    "snapshot": {
      "number": "8.3",
      "spec": "CSS Grid Layout 2",
      "text": "Line-based Placement: the grid-row-start, grid-column-start, grid-row-end, and grid-column-end properties",
      "url": "https://www.w3.org/TR/css-grid-2/#line-placement"
    }
  },
  "#min-size-auto": {
    "current": {
      "number": "6.6",
      "spec": "CSS Grid Layout 2",
      "text": "Automatic Minimum Size of Grid Items",
      "url": "https://drafts.csswg.org/css-grid-2/#min-size-auto"
    },
    "snapshot": {
      "number": "6.6",
      "spec": "CSS Grid Layout 2",
      "text": "Automatic Minimum Size of Grid Items",
      "url": "https://www.w3.org/TR/css-grid-2/#min-size-auto"
    }
  },
  "#named-lines": {
    "current": {
      "number": "7.2.2",
      "spec": "CSS Grid Layout 2",
      "text": "Naming Grid Lines: the [<custom-ident>*] syntax",
      "url": "https://drafts.csswg.org/css-grid-2/#named-lines"
    },
    "snapshot": {
      "number": "7.2.2",
      "spec": "CSS Grid Layout 2",
      "text": "Naming Grid Lines: the [<custom-ident>*] syntax",
      "url": "https://www.w3.org/TR/css-grid-2/#named-lines"
    }
  },
  "#normative": {
    "current": {
      "number": "",
      "spec": "CSS Grid Layout 2",
      "text": "Normative References",
      "url": "https://drafts.csswg.org/css-grid-2/#normative"
    },
    "snapshot": {
      "number": "",
      "spec": "CSS Grid Layout 2",
      "text": "Normative References",
      "url": "https://www.w3.org/TR/css-grid-2/#normative"
    }
  },
  "#order-accessibility": {
    "current": {
      "number": "4",
      "spec": "CSS Grid Layout 2",
      "text": "Reordering and Accessibility",
      "url": "https://drafts.csswg.org/css-grid-2/#order-accessibility"
    },
    "snapshot": {
      "number": "4",
      "spec": "CSS Grid Layout 2",
      "text": "Reordering and Accessibility",
      "url": "https://www.w3.org/TR/css-grid-2/#order-accessibility"
    }
  },
  "#order-property": {
    "current": {
      "number": "6.3",
      "spec": "CSS Grid Layout 2",
      "text": "Reordered Grid Items: the order property",
      "url": "https://drafts.csswg.org/css-grid-2/#order-property"
    },
    "snapshot": {
      "number": "6.3",
      "spec": "CSS Grid Layout 2",
      "text": "Reordered Grid Items: the order property",
      "url": "https://www.w3.org/TR/css-grid-2/#order-property"
    }
  },
  "#overflow": {
    "current": {
      "number": "5.3",
      "spec": "CSS Grid Layout 2",
      "text": "Scrollable Grid Overflow",
      "url": "https://drafts.csswg.org/css-grid-2/#overflow"
    },
    "snapshot": {
      "number": "5.3",
      "spec": "CSS Grid Layout 2",
      "text": "Scrollable Grid Overflow",
      "url": "https://www.w3.org/TR/css-grid-2/#overflow"
    }
  },
  "#overlarge-grids": {
    "current": {
      "number": "5.4",
      "spec": "CSS Grid Layout 2",
      "text": "Limiting Large Grids",
      "url": "https://drafts.csswg.org/css-grid-2/#overlarge-grids"
    },
    "snapshot": {
      "number": "5.4",
      "spec": "CSS Grid Layout 2",
      "text": "Limiting Large Grids",
      "url": "https://www.w3.org/TR/css-grid-2/#overlarge-grids"
    }
  },
  "#overview": {
    "current": {
      "number": "2",
      "spec": "CSS Grid Layout 2",
      "text": "Overview",
      "url": "https://drafts.csswg.org/css-grid-2/#overview"
    },
    "snapshot": {
      "number": "2",
      "spec": "CSS Grid Layout 2",
      "text": "Overview",
      "url": "https://www.w3.org/TR/css-grid-2/#overview"
    }
  },
  "#overview-grid": {
    "current": {
      "number": "2.1",
      "spec": "CSS Grid Layout 2",
      "text": "Declaring the Grid",
      "url": "https://drafts.csswg.org/css-grid-2/#overview-grid"
    },
    "snapshot": {
      "number": "2.1",
      "spec": "CSS Grid Layout 2",
      "text": "Declaring the Grid",
      "url": "https://www.w3.org/TR/css-grid-2/#overview-grid"
    }
  },
  "#overview-placement": {
    "current": {
      "number": "2.2",
      "spec": "CSS Grid Layout 2",
      "text": "Placing Items",
      "url": "https://drafts.csswg.org/css-grid-2/#overview-placement"
    },
    "snapshot": {
      "number": "2.2",
      "spec": "CSS Grid Layout 2",
      "text": "Placing Items",
      "url": "https://www.w3.org/TR/css-grid-2/#overview-placement"
    }
  },
  "#overview-sizing": {
    "current": {
      "number": "2.3",
      "spec": "CSS Grid Layout 2",
      "text": "Sizing the Grid",
      "url": "https://drafts.csswg.org/css-grid-2/#overview-sizing"
    },
    "snapshot": {
      "number": "2.3",
      "spec": "CSS Grid Layout 2",
      "text": "Sizing the Grid",
      "url": "https://www.w3.org/TR/css-grid-2/#overview-sizing"
    }
  },
  "#pagination": {
    "current": {
      "number": "",
      "spec": "CSS Grid Layout 2",
      "text": "13. Fragmenting Grid Layout",
      "url": "https://drafts.csswg.org/css-grid-2/#pagination"
    },
    "snapshot": {
      "number": "",
      "spec": "CSS Grid Layout 2",
      "text": "13. Fragmenting Grid Layout",
      "url": "https://www.w3.org/TR/css-grid-2/#pagination"
    }
  },
  "#placement": {
    "current": {
      "number": "8",
      "spec": "CSS Grid Layout 2",
      "text": "Placing Grid Items",
      "url": "https://drafts.csswg.org/css-grid-2/#placement"
    },
    "snapshot": {
      "number": "8",
      "spec": "CSS Grid Layout 2",
      "text": "Placing Grid Items",
      "url": "https://www.w3.org/TR/css-grid-2/#placement"
    }
  },
  "#placement-a11y": {
    "current": {
      "number": "8.2",
      "spec": "CSS Grid Layout 2",
      "text": "Grid Item Placement vs. Source Order",
      "url": "https://drafts.csswg.org/css-grid-2/#placement-a11y"
    },
    "snapshot": {
      "number": "8.2",
      "spec": "CSS Grid Layout 2",
      "text": "Grid Item Placement vs. Source Order",
      "url": "https://www.w3.org/TR/css-grid-2/#placement-a11y"
    }
  },
  "#placement-shorthands": {
    "current": {
      "number": "8.4",
      "spec": "CSS Grid Layout 2",
      "text": "Placement Shorthands: the grid-column, grid-row, and grid-area properties",
      "url": "https://drafts.csswg.org/css-grid-2/#placement-shorthands"
    },
    "snapshot": {
      "number": "8.4",
      "spec": "CSS Grid Layout 2",
      "text": "Placement Shorthands: the grid-column, grid-row, and grid-area properties",
      "url": "https://www.w3.org/TR/css-grid-2/#placement-shorthands"
    }
  },
  "#priv": {
    "current": {
      "number": "",
      "spec": "CSS Grid Layout 2",
      "text": "14. Privacy Considerations",
      "url": "https://drafts.csswg.org/css-grid-2/#priv"
    }
  },
  "#priv-sec": {
    "snapshot": {
      "number": "",
      "spec": "CSS Grid Layout 2",
      "text": "14. Privacy and Security Considerations",
      "url": "https://www.w3.org/TR/css-grid-2/#priv-sec"
    }
  },
  "#property-index": {
    "current": {
      "number": "",
      "spec": "CSS Grid Layout 2",
      "text": "Property Index",
      "url": "https://drafts.csswg.org/css-grid-2/#property-index"
    },
    "snapshot": {
      "number": "",
      "spec": "CSS Grid Layout 2",
      "text": "Property Index",
      "url": "https://www.w3.org/TR/css-grid-2/#property-index"
    }
  },
  "#references": {
    "current": {
      "number": "",
      "spec": "CSS Grid Layout 2",
      "text": "References",
      "url": "https://drafts.csswg.org/css-grid-2/#references"
    },
    "snapshot": {
      "number": "",
      "spec": "CSS Grid Layout 2",
      "text": "References",
      "url": "https://www.w3.org/TR/css-grid-2/#references"
    }
  },
  "#repeat-interpolation": {
    "current": {
      "number": "7.2.3.3",
      "spec": "CSS Grid Layout 2",
      "text": "Interpolation/Combination of repeat()",
      "url": "https://drafts.csswg.org/css-grid-2/#repeat-interpolation"
    },
    "snapshot": {
      "number": "7.2.3.3",
      "spec": "CSS Grid Layout 2",
      "text": "Interpolation/Combination of repeat()",
      "url": "https://www.w3.org/TR/css-grid-2/#repeat-interpolation"
    }
  },
  "#repeat-notation": {
    "current": {
      "number": "7.2.3",
      "spec": "CSS Grid Layout 2",
      "text": "Repeating Rows and Columns: the repeat() notation",
      "url": "https://drafts.csswg.org/css-grid-2/#repeat-notation"
    },
    "snapshot": {
      "number": "7.2.3",
      "spec": "CSS Grid Layout 2",
      "text": "Repeating Rows and Columns: the repeat() notation",
      "url": "https://www.w3.org/TR/css-grid-2/#repeat-notation"
    }
  },
  "#repeat-syntax": {
    "current": {
      "number": "7.2.3.1",
      "spec": "CSS Grid Layout 2",
      "text": "Syntax of repeat()",
      "url": "https://drafts.csswg.org/css-grid-2/#repeat-syntax"
    },
    "snapshot": {
      "number": "7.2.3.1",
      "spec": "CSS Grid Layout 2",
      "text": "Syntax of repeat()",
      "url": "https://www.w3.org/TR/css-grid-2/#repeat-syntax"
    }
  },
  "#resolved-track-list": {
    "current": {
      "number": "7.2.6",
      "spec": "CSS Grid Layout 2",
      "text": "Resolved Value of a Track Listing",
      "url": "https://drafts.csswg.org/css-grid-2/#resolved-track-list"
    },
    "snapshot": {
      "number": "7.2.6",
      "spec": "CSS Grid Layout 2",
      "text": "Resolved Value of a Track Listing",
      "url": "https://www.w3.org/TR/css-grid-2/#resolved-track-list"
    }
  },
  "#resolved-track-list-standalone": {
    "current": {
      "number": "7.2.6.1",
      "spec": "CSS Grid Layout 2",
      "text": "Resolved Value of a Standalone Track Listing",
      "url": "https://drafts.csswg.org/css-grid-2/#resolved-track-list-standalone"
    },
    "snapshot": {
      "number": "7.2.6.1",
      "spec": "CSS Grid Layout 2",
      "text": "Resolved Value of a Standalone Track Listing",
      "url": "https://www.w3.org/TR/css-grid-2/#resolved-track-list-standalone"
    }
  },
  "#resolved-track-list-subgrid": {
    "current": {
      "number": "7.2.6.2",
      "spec": "CSS Grid Layout 2",
      "text": "Resolved Value of a Subgridded Track Listing",
      "url": "https://drafts.csswg.org/css-grid-2/#resolved-track-list-subgrid"
    },
    "snapshot": {
      "number": "7.2.6.2",
      "spec": "CSS Grid Layout 2",
      "text": "Resolved Value of a Subgridded Track Listing",
      "url": "https://www.w3.org/TR/css-grid-2/#resolved-track-list-subgrid"
    }
  },
  "#row-align": {
    "current": {
      "number": "11.3",
      "spec": "CSS Grid Layout 2",
      "text": "Inline-axis Alignment: the justify-self and justify-items properties",
      "url": "https://drafts.csswg.org/css-grid-2/#row-align"
    },
    "snapshot": {
      "number": "11.3",
      "spec": "CSS Grid Layout 2",
      "text": "Inline-axis Alignment: the justify-self and justify-items properties",
      "url": "https://www.w3.org/TR/css-grid-2/#row-align"
    }
  },
  "#sec": {
    "current": {
      "number": "",
      "spec": "CSS Grid Layout 2",
      "text": "15. Security Considerations",
      "url": "https://drafts.csswg.org/css-grid-2/#sec"
    }
  },
  "#serialize-template": {
    "current": {
      "number": "7.3.1",
      "spec": "CSS Grid Layout 2",
      "text": "Serialization Of Template Strings",
      "url": "https://drafts.csswg.org/css-grid-2/#serialize-template"
    },
    "snapshot": {
      "number": "7.3.1",
      "spec": "CSS Grid Layout 2",
      "text": "Serialization Of Template Strings",
      "url": "https://www.w3.org/TR/css-grid-2/#serialize-template"
    }
  },
  "#sotd": {
    "current": {
      "number": "",
      "spec": "CSS Grid Layout 2",
      "text": "Status of this document",
      "url": "https://drafts.csswg.org/css-grid-2/#sotd"
    }
  },
  "#source-independence": {
    "current": {
      "number": "1.1.2",
      "spec": "CSS Grid Layout 2",
      "text": "Source-Order Independence",
      "url": "https://drafts.csswg.org/css-grid-2/#source-independence"
    },
    "snapshot": {
      "number": "1.1.2",
      "spec": "CSS Grid Layout 2",
      "text": "Source-Order Independence",
      "url": "https://www.w3.org/TR/css-grid-2/#source-independence"
    }
  },
  "#static-position": {
    "current": {
      "number": "10.2",
      "spec": "CSS Grid Layout 2",
      "text": "With a Grid Container as Parent",
      "url": "https://drafts.csswg.org/css-grid-2/#static-position"
    },
    "snapshot": {
      "number": "10.2",
      "spec": "CSS Grid Layout 2",
      "text": "With a Grid Container as Parent",
      "url": "https://www.w3.org/TR/css-grid-2/#static-position"
    }
  },
  "#status": {
    "snapshot": {
      "number": "",
      "spec": "CSS Grid Layout 2",
      "text": "Status of this document",
      "url": "https://www.w3.org/TR/css-grid-2/#status"
    }
  },
  "#subgrid-items": {
    "current": {
      "number": "3.4",
      "spec": "CSS Grid Layout 2",
      "text": "Nested vs. Subgridded Items",
      "url": "https://drafts.csswg.org/css-grid-2/#subgrid-items"
    },
    "snapshot": {
      "number": "3.4",
      "spec": "CSS Grid Layout 2",
      "text": "Nested vs. Subgridded Items",
      "url": "https://www.w3.org/TR/css-grid-2/#subgrid-items"
    }
  },
  "#subgrids": {
    "current": {
      "number": "9",
      "spec": "CSS Grid Layout 2",
      "text": "Subgrids",
      "url": "https://drafts.csswg.org/css-grid-2/#subgrids"
    },
    "snapshot": {
      "number": "9",
      "spec": "CSS Grid Layout 2",
      "text": "Subgrids",
      "url": "https://www.w3.org/TR/css-grid-2/#subgrids"
    }
  },
  "#subtitle": {
    "snapshot": {
      "number": "",
      "spec": "CSS Grid Layout 2",
      "text": "W3C Candidate Recommendation Draft, 18 December 2020",
      "url": "https://www.w3.org/TR/css-grid-2/#subtitle"
    }
  },
  "#title": {
    "current": {
      "number": "",
      "spec": "CSS Grid Layout 2",
      "text": "CSS Grid Layout Module Level 2",
      "url": "https://drafts.csswg.org/css-grid-2/#title"
    },
    "snapshot": {
      "number": "",
      "spec": "CSS Grid Layout 2",
      "text": "CSS Grid Layout Module Level 2",
      "url": "https://www.w3.org/TR/css-grid-2/#title"
    }
  },
  "#toc": {
    "current": {
      "number": "",
      "spec": "CSS Grid Layout 2",
      "text": "Table of Contents",
      "url": "https://drafts.csswg.org/css-grid-2/#toc"
    },
    "snapshot": {
      "number": "",
      "spec": "CSS Grid Layout 2",
      "text": "Table of Contents",
      "url": "https://www.w3.org/TR/css-grid-2/#toc"
    }
  },
  "#track-sizes": {
    "current": {
      "number": "7.2.1",
      "spec": "CSS Grid Layout 2",
      "text": "Track Sizes",
      "url": "https://drafts.csswg.org/css-grid-2/#track-sizes"
    },
    "snapshot": {
      "number": "7.2.1",
      "spec": "CSS Grid Layout 2",
      "text": "Track Sizes",
      "url": "https://www.w3.org/TR/css-grid-2/#track-sizes"
    }
  },
  "#track-sizing": {
    "current": {
      "number": "7.2",
      "spec": "CSS Grid Layout 2",
      "text": "Explicit Track Sizing: the grid-template-rows and grid-template-columns properties",
      "url": "https://drafts.csswg.org/css-grid-2/#track-sizing"
    },
    "snapshot": {
      "number": "7.2",
      "spec": "CSS Grid Layout 2",
      "text": "Explicit Track Sizing: the grid-template-rows and grid-template-columns properties",
      "url": "https://www.w3.org/TR/css-grid-2/#track-sizing"
    }
  },
  "#values": {
    "current": {
      "number": "1.2",
      "spec": "CSS Grid Layout 2",
      "text": "Value Definitions",
      "url": "https://drafts.csswg.org/css-grid-2/#values"
    },
    "snapshot": {
      "number": "1.2",
      "spec": "CSS Grid Layout 2",
      "text": "Value Definitions",
      "url": "https://www.w3.org/TR/css-grid-2/#values"
    }
  },
  "#w3c-conform-future-proofing": {
    "current": {
      "number": "",
      "spec": "CSS Grid Layout 2",
      "text": "Implementations of Unstable and Proprietary Features",
      "url": "https://drafts.csswg.org/css-grid-2/#w3c-conform-future-proofing"
    },
    "snapshot": {
      "number": "",
      "spec": "CSS Grid Layout 2",
      "text": "Implementations of Unstable and Proprietary Features",
      "url": "https://www.w3.org/TR/css-grid-2/#w3c-conform-future-proofing"
    }
  },
  "#w3c-conformance": {
    "current": {
      "number": "",
      "spec": "CSS Grid Layout 2",
      "text": "Conformance",
      "url": "https://drafts.csswg.org/css-grid-2/#w3c-conformance"
    },
    "snapshot": {
      "number": "",
      "spec": "CSS Grid Layout 2",
      "text": "Conformance",
      "url": "https://www.w3.org/TR/css-grid-2/#w3c-conformance"
    }
  },
  "#w3c-conformance-classes": {
    "current": {
      "number": "",
      "spec": "CSS Grid Layout 2",
      "text": "Conformance classes",
      "url": "https://drafts.csswg.org/css-grid-2/#w3c-conformance-classes"
    },
    "snapshot": {
      "number": "",
      "spec": "CSS Grid Layout 2",
      "text": "Conformance classes",
      "url": "https://www.w3.org/TR/css-grid-2/#w3c-conformance-classes"
    }
  },
  "#w3c-conventions": {
    "current": {
      "number": "",
      "spec": "CSS Grid Layout 2",
      "text": "Document conventions",
      "url": "https://drafts.csswg.org/css-grid-2/#w3c-conventions"
    },
    "snapshot": {
      "number": "",
      "spec": "CSS Grid Layout 2",
      "text": "Document conventions",
      "url": "https://www.w3.org/TR/css-grid-2/#w3c-conventions"
    }
  },
  "#w3c-cr-exit-criteria": {
    "snapshot": {
      "number": "",
      "spec": "CSS Grid Layout 2",
      "text": "CR exit criteria",
      "url": "https://www.w3.org/TR/css-grid-2/#w3c-cr-exit-criteria"
    }
  },
  "#w3c-partial": {
    "current": {
      "number": "",
      "spec": "CSS Grid Layout 2",
      "text": "Partial implementations",
      "url": "https://drafts.csswg.org/css-grid-2/#w3c-partial"
    },
    "snapshot": {
      "number": "",
      "spec": "CSS Grid Layout 2",
      "text": "Partial implementations",
      "url": "https://www.w3.org/TR/css-grid-2/#w3c-partial"
    }
  },
  "#w3c-testing": {
    "current": {
      "number": "",
      "spec": "CSS Grid Layout 2",
      "text": "Non-experimental implementations",
      "url": "https://drafts.csswg.org/css-grid-2/#w3c-testing"
    },
    "snapshot": {
      "number": "",
      "spec": "CSS Grid Layout 2",
      "text": "Non-experimental implementations",
      "url": "https://www.w3.org/TR/css-grid-2/#w3c-testing"
    }
  },
  "#z-order": {
    "current": {
      "number": "6.5",
      "spec": "CSS Grid Layout 2",
      "text": "Z-axis Ordering: the z-index property",
      "url": "https://drafts.csswg.org/css-grid-2/#z-order"
    },
    "snapshot": {
      "number": "6.5",
      "spec": "CSS Grid Layout 2",
      "text": "Z-axis Ordering: the z-index property",
      "url": "https://www.w3.org/TR/css-grid-2/#z-order"
    }
  }
}