{
  "#abstract": {
    "current": {
      "number": "",
      "spec": "URL Fragment Text Directives",
      "text": "Abstract",
      "url": "https://wicg.github.io/scroll-to-text-fragment/#abstract"
    }
  },
  "#applying-directives-to-a-document": {
    "current": {
      "number": "3.3.2",
      "spec": "URL Fragment Text Directives",
      "text": "Applying directives to a document",
      "url": "https://wicg.github.io/scroll-to-text-fragment/#applying-directives-to-a-document"
    }
  },
  "#bidi-considerations": {
    "current": {
      "number": "3.2.2",
      "spec": "URL Fragment Text Directives",
      "text": "BiDi Considerations",
      "url": "https://wicg.github.io/scroll-to-text-fragment/#bidi-considerations"
    }
  },
  "#context-terms": {
    "current": {
      "number": "3.2.1",
      "spec": "URL Fragment Text Directives",
      "text": "Context Terms",
      "url": "https://wicg.github.io/scroll-to-text-fragment/#context-terms"
    }
  },
  "#description": {
    "current": {
      "number": "3",
      "spec": "URL Fragment Text Directives",
      "text": "Description",
      "url": "https://wicg.github.io/scroll-to-text-fragment/#description"
    }
  },
  "#determine-if-fragment-id-is-needed": {
    "current": {
      "number": "4.3",
      "spec": "URL Fragment Text Directives",
      "text": "Determine If Fragment Id Is Needed",
      "url": "https://wicg.github.io/scroll-to-text-fragment/#determine-if-fragment-id-is-needed"
    }
  },
  "#document-policy-integration": {
    "current": {
      "number": "3.8",
      "spec": "URL Fragment Text Directives",
      "text": "Document Policy Integration",
      "url": "https://wicg.github.io/scroll-to-text-fragment/#document-policy-integration"
    }
  },
  "#extracting-the-fragment-directive": {
    "current": {
      "number": "3.3.1",
      "spec": "URL Fragment Text Directives",
      "text": "Extracting the fragment directive",
      "url": "https://wicg.github.io/scroll-to-text-fragment/#extracting-the-fragment-directive"
    }
  },
  "#feature-detectability": {
    "current": {
      "number": "3.9",
      "spec": "URL Fragment Text Directives",
      "text": "Feature Detectability",
      "url": "https://wicg.github.io/scroll-to-text-fragment/#feature-detectability"
    }
  },
  "#finding-ranges-in-a-document": {
    "current": {
      "number": "3.6.1",
      "spec": "URL Fragment Text Directives",
      "text": "Finding Ranges in a Document",
      "url": "https://wicg.github.io/scroll-to-text-fragment/#finding-ranges-in-a-document"
    }
  },
  "#fragment-directive-grammar": {
    "current": {
      "number": "3.3.3",
      "spec": "URL Fragment Text Directives",
      "text": "Fragment directive grammar",
      "url": "https://wicg.github.io/scroll-to-text-fragment/#fragment-directive-grammar"
    }
  },
  "#generating-text-fragment-directives": {
    "current": {
      "number": "4",
      "spec": "URL Fragment Text Directives",
      "text": "Generating Text Fragment Directives",
      "url": "https://wicg.github.io/scroll-to-text-fragment/#generating-text-fragment-directives"
    }
  },
  "#idl-index": {
    "current": {
      "number": "",
      "spec": "URL Fragment Text Directives",
      "text": "IDL Index",
      "url": "https://wicg.github.io/scroll-to-text-fragment/#idl-index"
    }
  },
  "#index": {
    "current": {
      "number": "",
      "spec": "URL Fragment Text Directives",
      "text": "Index",
      "url": "https://wicg.github.io/scroll-to-text-fragment/#index"
    }
  },
  "#index-defined-elsewhere": {
    "current": {
      "number": "",
      "spec": "URL Fragment Text Directives",
      "text": "Terms defined by reference",
      "url": "https://wicg.github.io/scroll-to-text-fragment/#index-defined-elsewhere"
    }
  },
  "#index-defined-here": {
    "current": {
      "number": "",
      "spec": "URL Fragment Text Directives",
      "text": "Terms defined by this specification",
      "url": "https://wicg.github.io/scroll-to-text-fragment/#index-defined-here"
    }
  },
  "#indicating-the-text-match": {
    "current": {
      "number": "3.7",
      "spec": "URL Fragment Text Directives",
      "text": "Indicating The Text Match",
      "url": "https://wicg.github.io/scroll-to-text-fragment/#indicating-the-text-match"
    }
  },
  "#indication": {
    "current": {
      "number": "3.1",
      "spec": "URL Fragment Text Directives",
      "text": "Indication",
      "url": "https://wicg.github.io/scroll-to-text-fragment/#indication"
    }
  },
  "#informative": {
    "current": {
      "number": "",
      "spec": "URL Fragment Text Directives",
      "text": "Informative References",
      "url": "https://wicg.github.io/scroll-to-text-fragment/#informative"
    }
  },
  "#infrastructure": {
    "current": {
      "number": "1",
      "spec": "URL Fragment Text Directives",
      "text": "Infrastructure",
      "url": "https://wicg.github.io/scroll-to-text-fragment/#infrastructure"
    }
  },
  "#introduction": {
    "current": {
      "number": "2",
      "spec": "URL Fragment Text Directives",
      "text": "Introduction",
      "url": "https://wicg.github.io/scroll-to-text-fragment/#introduction"
    }
  },
  "#invoking-text-directives": {
    "current": {
      "number": "3.4.1",
      "spec": "URL Fragment Text Directives",
      "text": "Invoking Text Directives",
      "url": "https://wicg.github.io/scroll-to-text-fragment/#invoking-text-directives"
    }
  },
  "#issues-index": {
    "current": {
      "number": "",
      "spec": "URL Fragment Text Directives",
      "text": "Issues Index",
      "url": "https://wicg.github.io/scroll-to-text-fragment/#issues-index"
    }
  },
  "#link-lifetime": {
    "current": {
      "number": "2.2",
      "spec": "URL Fragment Text Directives",
      "text": "Link Lifetime",
      "url": "https://wicg.github.io/scroll-to-text-fragment/#link-lifetime"
    }
  },
  "#motivation": {
    "current": {
      "number": "3.5.1",
      "spec": "URL Fragment Text Directives",
      "text": "Motivation",
      "url": "https://wicg.github.io/scroll-to-text-fragment/#motivation"
    }
  },
  "#navigating-to-text-fragment": {
    "current": {
      "number": "3.6",
      "spec": "URL Fragment Text Directives",
      "text": "Navigating to a Text Fragment",
      "url": "https://wicg.github.io/scroll-to-text-fragment/#navigating-to-text-fragment"
    }
  },
  "#normative": {
    "current": {
      "number": "",
      "spec": "URL Fragment Text Directives",
      "text": "Normative References",
      "url": "https://wicg.github.io/scroll-to-text-fragment/#normative"
    }
  },
  "#prefer-exact-matching-to-range-based": {
    "current": {
      "number": "4.1",
      "spec": "URL Fragment Text Directives",
      "text": "Prefer Exact Matching To Range-based",
      "url": "https://wicg.github.io/scroll-to-text-fragment/#prefer-exact-matching-to-range-based"
    }
  },
  "#references": {
    "current": {
      "number": "",
      "spec": "URL Fragment Text Directives",
      "text": "References",
      "url": "https://wicg.github.io/scroll-to-text-fragment/#references"
    }
  },
  "#restricting-scroll-on-load": {
    "current": {
      "number": "3.5.5",
      "spec": "URL Fragment Text Directives",
      "text": "Restricting Scroll on Load",
      "url": "https://wicg.github.io/scroll-to-text-fragment/#restricting-scroll-on-load"
    }
  },
  "#restricting-the-text-fragment": {
    "current": {
      "number": "3.5.4",
      "spec": "URL Fragment Text Directives",
      "text": "Restricting the Text Fragment",
      "url": "https://wicg.github.io/scroll-to-text-fragment/#restricting-the-text-fragment"
    }
  },
  "#scroll-on-navigation": {
    "current": {
      "number": "3.5.2",
      "spec": "URL Fragment Text Directives",
      "text": "Scroll On Navigation",
      "url": "https://wicg.github.io/scroll-to-text-fragment/#scroll-on-navigation"
    }
  },
  "#search-timing": {
    "current": {
      "number": "3.5.3",
      "spec": "URL Fragment Text Directives",
      "text": "Search Timing",
      "url": "https://wicg.github.io/scroll-to-text-fragment/#search-timing"
    }
  },
  "#security-and-privacy": {
    "current": {
      "number": "3.5",
      "spec": "URL Fragment Text Directives",
      "text": "Security and Privacy",
      "url": "https://wicg.github.io/scroll-to-text-fragment/#security-and-privacy"
    }
  },
  "#status": {
    "current": {
      "number": "",
      "spec": "URL Fragment Text Directives",
      "text": "Status of this document",
      "url": "https://wicg.github.io/scroll-to-text-fragment/#status"
    }
  },
  "#syntax": {
    "current": {
      "number": "3.2",
      "spec": "URL Fragment Text Directives",
      "text": "Syntax",
      "url": "https://wicg.github.io/scroll-to-text-fragment/#syntax"
    }
  },
  "#text-directives": {
    "current": {
      "number": "3.4",
      "spec": "URL Fragment Text Directives",
      "text": "Text Directives",
      "url": "https://wicg.github.io/scroll-to-text-fragment/#text-directives"
    }
  },
  "#the-fragment-directive": {
    "current": {
      "number": "3.3",
      "spec": "URL Fragment Text Directives",
      "text": "The Fragment Directive",
      "url": "https://wicg.github.io/scroll-to-text-fragment/#the-fragment-directive"
    }
  },
  "#title": {
    "current": {
      "number": "",
      "spec": "URL Fragment Text Directives",
      "text": "URL Fragment Text Directives",
      "url": "https://wicg.github.io/scroll-to-text-fragment/#title"
    }
  },
  "#toc": {
    "current": {
      "number": "",
      "spec": "URL Fragment Text Directives",
      "text": "Table of Contents",
      "url": "https://wicg.github.io/scroll-to-text-fragment/#toc"
    }
  },
  "#urls-in-bookmarks": {
    "current": {
      "number": "3.7.1.2",
      "spec": "URL Fragment Text Directives",
      "text": "Bookmarks",
      "url": "https://wicg.github.io/scroll-to-text-fragment/#urls-in-bookmarks"
    }
  },
  "#urls-in-location-bar": {
    "current": {
      "number": "3.7.1.1",
      "spec": "URL Fragment Text Directives",
      "text": "Location Bar",
      "url": "https://wicg.github.io/scroll-to-text-fragment/#urls-in-location-bar"
    }
  },
  "#urls-in-sharing": {
    "current": {
      "number": "3.7.1.3",
      "spec": "URL Fragment Text Directives",
      "text": "Sharing",
      "url": "https://wicg.github.io/scroll-to-text-fragment/#urls-in-sharing"
    }
  },
  "#urls-in-ua-features": {
    "current": {
      "number": "3.7.1",
      "spec": "URL Fragment Text Directives",
      "text": "URLs in UA features",
      "url": "https://wicg.github.io/scroll-to-text-fragment/#urls-in-ua-features"
    }
  },
  "#use-cases": {
    "current": {
      "number": "2.1",
      "spec": "URL Fragment Text Directives",
      "text": "Use cases",
      "url": "https://wicg.github.io/scroll-to-text-fragment/#use-cases"
    }
  },
  "#use-context-only-when-necessary": {
    "current": {
      "number": "4.2",
      "spec": "URL Fragment Text Directives",
      "text": "Use Context Only When Necessary",
      "url": "https://wicg.github.io/scroll-to-text-fragment/#use-context-only-when-necessary"
    }
  },
  "#user-sharing": {
    "current": {
      "number": "2.1.2",
      "spec": "URL Fragment Text Directives",
      "text": "User sharing",
      "url": "https://wicg.github.io/scroll-to-text-fragment/#user-sharing"
    }
  },
  "#w3c-conformance": {
    "current": {
      "number": "",
      "spec": "URL Fragment Text Directives",
      "text": "Conformance",
      "url": "https://wicg.github.io/scroll-to-text-fragment/#w3c-conformance"
    }
  },
  "#w3c-conventions": {
    "current": {
      "number": "",
      "spec": "URL Fragment Text Directives",
      "text": "Document conventions",
      "url": "https://wicg.github.io/scroll-to-text-fragment/#w3c-conventions"
    }
  },
  "#web-text-references": {
    "current": {
      "number": "2.1.1",
      "spec": "URL Fragment Text Directives",
      "text": "Web text references",
      "url": "https://wicg.github.io/scroll-to-text-fragment/#web-text-references"
    }
  },
  "#word-boundaries": {
    "current": {
      "number": "3.6.2",
      "spec": "URL Fragment Text Directives",
      "text": "Word Boundaries",
      "url": "https://wicg.github.io/scroll-to-text-fragment/#word-boundaries"
    }
  }
}