{
  "#abstract": {
    "current": {
      "number": "",
      "spec": "CSS Nesting",
      "text": "Abstract",
      "url": "https://drafts.csswg.org/css-nesting-1/#abstract"
    },
    "snapshot": {
      "number": "",
      "spec": "CSS Nesting",
      "text": "Abstract",
      "url": "https://www.w3.org/TR/css-nesting-1/#abstract"
    }
  },
  "#conditionals": {
    "current": {
      "number": "3.3",
      "spec": "CSS Nesting",
      "text": "Nesting Other At-Rules",
      "url": "https://drafts.csswg.org/css-nesting-1/#conditionals"
    },
    "snapshot": {
      "number": "2.2",
      "spec": "CSS Nesting",
      "text": "Nesting Other At-Rules",
      "url": "https://www.w3.org/TR/css-nesting-1/#conditionals"
    }
  },
  "#cssom": {
    "current": {
      "number": "5",
      "spec": "CSS Nesting",
      "text": "CSSOM",
      "url": "https://drafts.csswg.org/css-nesting-1/#cssom"
    },
    "snapshot": {
      "number": "4",
      "spec": "CSS Nesting",
      "text": "CSSOM",
      "url": "https://www.w3.org/TR/css-nesting-1/#cssom"
    }
  },
  "#cssom-style": {
    "snapshot": {
      "number": "4.1",
      "spec": "CSS Nesting",
      "text": "Modifications to CSSStyleRule",
      "url": "https://www.w3.org/TR/css-nesting-1/#cssom-style"
    }
  },
  "#explainer": {
    "current": {
      "number": "2",
      "spec": "CSS Nesting",
      "text": "Explainer",
      "url": "https://drafts.csswg.org/css-nesting-1/#explainer"
    }
  },
  "#idl-index": {
    "snapshot": {
      "number": "",
      "spec": "CSS Nesting",
      "text": "IDL Index",
      "url": "https://www.w3.org/TR/css-nesting-1/#idl-index"
    }
  },
  "#index": {
    "current": {
      "number": "",
      "spec": "CSS Nesting",
      "text": "Index",
      "url": "https://drafts.csswg.org/css-nesting-1/#index"
    },
    "snapshot": {
      "number": "",
      "spec": "CSS Nesting",
      "text": "Index",
      "url": "https://www.w3.org/TR/css-nesting-1/#index"
    }
  },
  "#index-defined-elsewhere": {
    "current": {
      "number": "",
      "spec": "CSS Nesting",
      "text": "Terms defined by reference",
      "url": "https://drafts.csswg.org/css-nesting-1/#index-defined-elsewhere"
    },
    "snapshot": {
      "number": "",
      "spec": "CSS Nesting",
      "text": "Terms defined by reference",
      "url": "https://www.w3.org/TR/css-nesting-1/#index-defined-elsewhere"
    }
  },
  "#index-defined-here": {
    "current": {
      "number": "",
      "spec": "CSS Nesting",
      "text": "Terms defined by this specification",
      "url": "https://drafts.csswg.org/css-nesting-1/#index-defined-here"
    },
    "snapshot": {
      "number": "",
      "spec": "CSS Nesting",
      "text": "Terms defined by this specification",
      "url": "https://www.w3.org/TR/css-nesting-1/#index-defined-here"
    }
  },
  "#informative": {
    "current": {
      "number": "",
      "spec": "CSS Nesting",
      "text": "Informative References",
      "url": "https://drafts.csswg.org/css-nesting-1/#informative"
    },
    "snapshot": {
      "number": "",
      "spec": "CSS Nesting",
      "text": "Informative References",
      "url": "https://www.w3.org/TR/css-nesting-1/#informative"
    }
  },
  "#intro": {
    "current": {
      "number": "1",
      "spec": "CSS Nesting",
      "text": "Introduction",
      "url": "https://drafts.csswg.org/css-nesting-1/#intro"
    },
    "snapshot": {
      "number": "1",
      "spec": "CSS Nesting",
      "text": "Introduction",
      "url": "https://www.w3.org/TR/css-nesting-1/#intro"
    }
  },
  "#issues-index": {
    "current": {
      "number": "",
      "spec": "CSS Nesting",
      "text": "Issues Index",
      "url": "https://drafts.csswg.org/css-nesting-1/#issues-index"
    },
    "snapshot": {
      "number": "",
      "spec": "CSS Nesting",
      "text": "Issues Index",
      "url": "https://www.w3.org/TR/css-nesting-1/#issues-index"
    }
  },
  "#mixing": {
    "current": {
      "number": "3.4",
      "spec": "CSS Nesting",
      "text": "Mixing Nesting Rules and Declarations",
      "url": "https://drafts.csswg.org/css-nesting-1/#mixing"
    },
    "snapshot": {
      "number": "2.3",
      "spec": "CSS Nesting",
      "text": "Mixing Nesting Rules and Declarations",
      "url": "https://www.w3.org/TR/css-nesting-1/#mixing"
    }
  },
  "#motivation": {
    "snapshot": {
      "number": "1.3",
      "spec": "CSS Nesting",
      "text": "Motivation",
      "url": "https://www.w3.org/TR/css-nesting-1/#motivation"
    }
  },
  "#nest-selector": {
    "current": {
      "number": "4",
      "spec": "CSS Nesting",
      "text": "Nesting Selector: the & selector",
      "url": "https://drafts.csswg.org/css-nesting-1/#nest-selector"
    },
    "snapshot": {
      "number": "3",
      "spec": "CSS Nesting",
      "text": "Nesting Selector: the & selector",
      "url": "https://www.w3.org/TR/css-nesting-1/#nest-selector"
    }
  },
  "#nesting": {
    "current": {
      "number": "3",
      "spec": "CSS Nesting",
      "text": "Nesting Style Rules",
      "url": "https://drafts.csswg.org/css-nesting-1/#nesting"
    },
    "snapshot": {
      "number": "2",
      "spec": "CSS Nesting",
      "text": "Nesting Style Rules",
      "url": "https://www.w3.org/TR/css-nesting-1/#nesting"
    }
  },
  "#nesting-at-scope": {
    "current": {
      "number": "3.3.1",
      "spec": "CSS Nesting",
      "text": "Nested @scope Rules",
      "url": "https://drafts.csswg.org/css-nesting-1/#nesting-at-scope"
    },
    "snapshot": {
      "number": "2.2.1",
      "spec": "CSS Nesting",
      "text": "Nested @scope Rules",
      "url": "https://www.w3.org/TR/css-nesting-1/#nesting-at-scope"
    }
  },
  "#normative": {
    "current": {
      "number": "",
      "spec": "CSS Nesting",
      "text": "Normative References",
      "url": "https://drafts.csswg.org/css-nesting-1/#normative"
    },
    "snapshot": {
      "number": "",
      "spec": "CSS Nesting",
      "text": "Normative References",
      "url": "https://www.w3.org/TR/css-nesting-1/#normative"
    }
  },
  "#placement": {
    "current": {
      "number": "1.1",
      "spec": "CSS Nesting",
      "text": "Module Interactions",
      "url": "https://drafts.csswg.org/css-nesting-1/#placement"
    },
    "snapshot": {
      "number": "1.1",
      "spec": "CSS Nesting",
      "text": "Module Interactions",
      "url": "https://www.w3.org/TR/css-nesting-1/#placement"
    }
  },
  "#references": {
    "current": {
      "number": "",
      "spec": "CSS Nesting",
      "text": "References",
      "url": "https://drafts.csswg.org/css-nesting-1/#references"
    },
    "snapshot": {
      "number": "",
      "spec": "CSS Nesting",
      "text": "References",
      "url": "https://www.w3.org/TR/css-nesting-1/#references"
    }
  },
  "#sotd": {
    "current": {
      "number": "",
      "spec": "CSS Nesting",
      "text": "Status of this document",
      "url": "https://drafts.csswg.org/css-nesting-1/#sotd"
    },
    "snapshot": {
      "number": "",
      "spec": "CSS Nesting",
      "text": "Status of this document",
      "url": "https://www.w3.org/TR/css-nesting-1/#sotd"
    }
  },
  "#syntax": {
    "current": {
      "number": "3.1",
      "spec": "CSS Nesting",
      "text": "Syntax",
      "url": "https://drafts.csswg.org/css-nesting-1/#syntax"
    },
    "snapshot": {
      "number": "2.1",
      "spec": "CSS Nesting",
      "text": "Syntax",
      "url": "https://www.w3.org/TR/css-nesting-1/#syntax"
    }
  },
  "#syntax-examples": {
    "current": {
      "number": "3.2",
      "spec": "CSS Nesting",
      "text": "Examples",
      "url": "https://drafts.csswg.org/css-nesting-1/#syntax-examples"
    }
  },
  "#title": {
    "current": {
      "number": "",
      "spec": "CSS Nesting",
      "text": "CSS Nesting Module",
      "url": "https://drafts.csswg.org/css-nesting-1/#title"
    },
    "snapshot": {
      "number": "",
      "spec": "CSS Nesting",
      "text": "CSS Nesting Module",
      "url": "https://www.w3.org/TR/css-nesting-1/#title"
    }
  },
  "#toc": {
    "current": {
      "number": "",
      "spec": "CSS Nesting",
      "text": "Table of Contents",
      "url": "https://drafts.csswg.org/css-nesting-1/#toc"
    },
    "snapshot": {
      "number": "",
      "spec": "CSS Nesting",
      "text": "Table of Contents",
      "url": "https://www.w3.org/TR/css-nesting-1/#toc"
    }
  },
  "#values": {
    "current": {
      "number": "1.2",
      "spec": "CSS Nesting",
      "text": "Values",
      "url": "https://drafts.csswg.org/css-nesting-1/#values"
    },
    "snapshot": {
      "number": "1.2",
      "spec": "CSS Nesting",
      "text": "Values",
      "url": "https://www.w3.org/TR/css-nesting-1/#values"
    }
  },
  "#w3c-conform-future-proofing": {
    "current": {
      "number": "",
      "spec": "CSS Nesting",
      "text": "Implementations of Unstable and Proprietary Features",
      "url": "https://drafts.csswg.org/css-nesting-1/#w3c-conform-future-proofing"
    },
    "snapshot": {
      "number": "",
      "spec": "CSS Nesting",
      "text": "Implementations of Unstable and Proprietary Features",
      "url": "https://www.w3.org/TR/css-nesting-1/#w3c-conform-future-proofing"
    }
  },
  "#w3c-conformance": {
    "current": {
      "number": "",
      "spec": "CSS Nesting",
      "text": "Conformance",
      "url": "https://drafts.csswg.org/css-nesting-1/#w3c-conformance"
    },
    "snapshot": {
      "number": "",
      "spec": "CSS Nesting",
      "text": "Conformance",
      "url": "https://www.w3.org/TR/css-nesting-1/#w3c-conformance"
    }
  },
  "#w3c-conformance-classes": {
    "current": {
      "number": "",
      "spec": "CSS Nesting",
      "text": "Conformance classes",
      "url": "https://drafts.csswg.org/css-nesting-1/#w3c-conformance-classes"
    },
    "snapshot": {
      "number": "",
      "spec": "CSS Nesting",
      "text": "Conformance classes",
      "url": "https://www.w3.org/TR/css-nesting-1/#w3c-conformance-classes"
    }
  },
  "#w3c-conventions": {
    "current": {
      "number": "",
      "spec": "CSS Nesting",
      "text": "Document conventions",
      "url": "https://drafts.csswg.org/css-nesting-1/#w3c-conventions"
    },
    "snapshot": {
      "number": "",
      "spec": "CSS Nesting",
      "text": "Document conventions",
      "url": "https://www.w3.org/TR/css-nesting-1/#w3c-conventions"
    }
  },
  "#w3c-partial": {
    "current": {
      "number": "",
      "spec": "CSS Nesting",
      "text": "Partial implementations",
      "url": "https://drafts.csswg.org/css-nesting-1/#w3c-partial"
    },
    "snapshot": {
      "number": "",
      "spec": "CSS Nesting",
      "text": "Partial implementations",
      "url": "https://www.w3.org/TR/css-nesting-1/#w3c-partial"
    }
  },
  "#w3c-testing": {
    "current": {
      "number": "",
      "spec": "CSS Nesting",
      "text": "Non-experimental implementations",
      "url": "https://drafts.csswg.org/css-nesting-1/#w3c-testing"
    },
    "snapshot": {
      "number": "",
      "spec": "CSS Nesting",
      "text": "Non-experimental implementations",
      "url": "https://www.w3.org/TR/css-nesting-1/#w3c-testing"
    }
  }
}