{
  "#255UInt16": {
    "current": {
      "number": "",
      "spec": "WOFF 2.0",
      "text": "255UInt16 Data Type",
      "url": "https://w3c.github.io/woff/woff2/#255UInt16"
    },
    "snapshot": {
      "number": "",
      "spec": "WOFF 2.0",
      "text": "255UInt16 Data Type",
      "url": "https://www.w3.org/TR/WOFF2/#255UInt16"
    }
  },
  "#CompositeGlyph": {
    "current": {
      "number": "",
      "spec": "WOFF 2.0",
      "text": "Decoding of Composite Glyphs",
      "url": "https://w3c.github.io/woff/woff2/#CompositeGlyph"
    },
    "snapshot": {
      "number": "",
      "spec": "WOFF 2.0",
      "text": "Decoding of Composite Glyphs",
      "url": "https://www.w3.org/TR/WOFF2/#CompositeGlyph"
    }
  },
  "#DataTypes": {
    "current": {
      "number": "3.1",
      "spec": "WOFF 2.0",
      "text": "Data types",
      "url": "https://w3c.github.io/woff/woff2/#DataTypes"
    },
    "snapshot": {
      "number": "3.1",
      "spec": "WOFF 2.0",
      "text": "Data types",
      "url": "https://www.w3.org/TR/WOFF2/#DataTypes"
    }
  },
  "#EmptyGlyph": {
    "current": {
      "number": "",
      "spec": "WOFF 2.0",
      "text": "Decoding of Empty Glyphs",
      "url": "https://w3c.github.io/woff/woff2/#EmptyGlyph"
    },
    "snapshot": {
      "number": "",
      "spec": "WOFF 2.0",
      "text": "Decoding of Empty Glyphs",
      "url": "https://www.w3.org/TR/WOFF2/#EmptyGlyph"
    }
  },
  "#FileStructure": {
    "current": {
      "number": "3",
      "spec": "WOFF 2.0",
      "text": "Overall file structure and basic data types",
      "url": "https://w3c.github.io/woff/woff2/#FileStructure"
    },
    "snapshot": {
      "number": "3",
      "spec": "WOFF 2.0",
      "text": "Overall file structure and basic data types",
      "url": "https://www.w3.org/TR/WOFF2/#FileStructure"
    }
  },
  "#General": {
    "current": {
      "number": "2",
      "spec": "WOFF 2.0",
      "text": "General Requirements",
      "url": "https://w3c.github.io/woff/woff2/#General"
    },
    "snapshot": {
      "number": "2",
      "spec": "WOFF 2.0",
      "text": "General Requirements",
      "url": "https://www.w3.org/TR/WOFF2/#General"
    }
  },
  "#IMT": {
    "current": {
      "number": "A",
      "spec": "WOFF 2.0",
      "text": "Internet Media Type Registration",
      "url": "https://w3c.github.io/woff/woff2/#IMT"
    },
    "snapshot": {
      "number": "A",
      "spec": "WOFF 2.0",
      "text": "Internet Media Type Registration",
      "url": "https://www.w3.org/TR/WOFF2/#IMT"
    }
  },
  "#Introduction": {
    "current": {
      "number": "1",
      "spec": "WOFF 2.0",
      "text": "Introduction",
      "url": "https://w3c.github.io/woff/woff2/#Introduction"
    },
    "snapshot": {
      "number": "1",
      "spec": "WOFF 2.0",
      "text": "Introduction",
      "url": "https://www.w3.org/TR/WOFF2/#Introduction"
    }
  },
  "#Metadata": {
    "current": {
      "number": "6",
      "spec": "WOFF 2.0",
      "text": "Extended Metadata Block",
      "url": "https://w3c.github.io/woff/woff2/#Metadata"
    },
    "snapshot": {
      "number": "6",
      "spec": "WOFF 2.0",
      "text": "Extended Metadata Block",
      "url": "https://www.w3.org/TR/WOFF2/#Metadata"
    }
  },
  "#Notation": {
    "current": {
      "number": "1.1",
      "spec": "WOFF 2.0",
      "text": "Notational Conventions",
      "url": "https://w3c.github.io/woff/woff2/#Notation"
    },
    "snapshot": {
      "number": "1.1",
      "spec": "WOFF 2.0",
      "text": "Notational Conventions",
      "url": "https://www.w3.org/TR/WOFF2/#Notation"
    }
  },
  "#Private": {
    "current": {
      "number": "7",
      "spec": "WOFF 2.0",
      "text": "Private Data Block",
      "url": "https://w3c.github.io/woff/woff2/#Private"
    },
    "snapshot": {
      "number": "7",
      "spec": "WOFF 2.0",
      "text": "Private Data Block",
      "url": "https://www.w3.org/TR/WOFF2/#Private"
    }
  },
  "#ReconstructingGlyhs": {
    "current": {
      "number": "",
      "spec": "WOFF 2.0",
      "text": "Reconstruction of Glyph Records",
      "url": "https://w3c.github.io/woff/woff2/#ReconstructingGlyhs"
    },
    "snapshot": {
      "number": "",
      "spec": "WOFF 2.0",
      "text": "Reconstruction of Glyph Records",
      "url": "https://www.w3.org/TR/WOFF2/#ReconstructingGlyhs"
    }
  },
  "#References": {
    "current": {
      "number": "D",
      "spec": "WOFF 2.0",
      "text": "References",
      "url": "https://w3c.github.io/woff/woff2/#References"
    },
    "snapshot": {
      "number": "D",
      "spec": "WOFF 2.0",
      "text": "References",
      "url": "https://www.w3.org/TR/WOFF2/#References"
    }
  },
  "#SimpleGlyph-0": {
    "current": {
      "number": "",
      "spec": "WOFF 2.0",
      "text": "Decoding of Simple Glyphs",
      "url": "https://w3c.github.io/woff/woff2/#SimpleGlyph-0"
    },
    "snapshot": {
      "number": "",
      "spec": "WOFF 2.0",
      "text": "Decoding of Simple Glyphs",
      "url": "https://www.w3.org/TR/WOFF2/#SimpleGlyph-0"
    }
  },
  "#UIntBase128": {
    "current": {
      "number": "",
      "spec": "WOFF 2.0",
      "text": "UIntBase128 Data Type",
      "url": "https://w3c.github.io/woff/woff2/#UIntBase128"
    },
    "snapshot": {
      "number": "",
      "spec": "WOFF 2.0",
      "text": "UIntBase128 Data Type",
      "url": "https://www.w3.org/TR/WOFF2/#UIntBase128"
    }
  },
  "#abstract": {
    "current": {
      "number": "",
      "spec": "WOFF 2.0",
      "text": "Abstract",
      "url": "https://w3c.github.io/woff/woff2/#abstract"
    },
    "snapshot": {
      "number": "",
      "spec": "WOFF 2.0",
      "text": "Abstract",
      "url": "https://www.w3.org/TR/WOFF2/#abstract"
    }
  },
  "#collection_dir_format": {
    "current": {
      "number": "4.2",
      "spec": "WOFF 2.0",
      "text": "Collection directory format",
      "url": "https://w3c.github.io/woff/woff2/#collection_dir_format"
    },
    "snapshot": {
      "number": "4.2",
      "spec": "WOFF 2.0",
      "text": "Collection directory format",
      "url": "https://www.w3.org/TR/WOFF2/#collection_dir_format"
    }
  },
  "#font_directory": {
    "current": {
      "number": "4",
      "spec": "WOFF 2.0",
      "text": "Font directory",
      "url": "https://w3c.github.io/woff/woff2/#font_directory"
    },
    "snapshot": {
      "number": "4",
      "spec": "WOFF 2.0",
      "text": "Font directory",
      "url": "https://www.w3.org/TR/WOFF2/#font_directory"
    }
  },
  "#glyf_table_format": {
    "current": {
      "number": "5.1",
      "spec": "WOFF 2.0",
      "text": "Transformed glyf table format",
      "url": "https://w3c.github.io/woff/woff2/#glyf_table_format"
    },
    "snapshot": {
      "number": "5.1",
      "spec": "WOFF 2.0",
      "text": "Transformed glyf table format",
      "url": "https://www.w3.org/TR/WOFF2/#glyf_table_format"
    }
  },
  "#hmtx_table_format": {
    "current": {
      "number": "5.4",
      "spec": "WOFF 2.0",
      "text": "Transformed hmtx table format",
      "url": "https://w3c.github.io/woff/woff2/#hmtx_table_format"
    },
    "snapshot": {
      "number": "5.4",
      "spec": "WOFF 2.0",
      "text": "Transformed hmtx table format",
      "url": "https://www.w3.org/TR/WOFF2/#hmtx_table_format"
    }
  },
  "#informative": {
    "current": {
      "number": "D.2",
      "spec": "WOFF 2.0",
      "text": "Informative References",
      "url": "https://w3c.github.io/woff/woff2/#informative"
    },
    "snapshot": {
      "number": "D.2",
      "spec": "WOFF 2.0",
      "text": "Informative References",
      "url": "https://www.w3.org/TR/WOFF2/#informative"
    }
  },
  "#loca_table_format": {
    "current": {
      "number": "5.3",
      "spec": "WOFF 2.0",
      "text": "Transformed loca table format",
      "url": "https://w3c.github.io/woff/woff2/#loca_table_format"
    },
    "snapshot": {
      "number": "5.3",
      "spec": "WOFF 2.0",
      "text": "Transformed loca table format",
      "url": "https://www.w3.org/TR/WOFF2/#loca_table_format"
    }
  },
  "#normative": {
    "current": {
      "number": "D.1",
      "spec": "WOFF 2.0",
      "text": "Normative References",
      "url": "https://w3c.github.io/woff/woff2/#normative"
    },
    "snapshot": {
      "number": "D.1",
      "spec": "WOFF 2.0",
      "text": "Normative References",
      "url": "https://www.w3.org/TR/WOFF2/#normative"
    }
  },
  "#security-privacy-considerations": {
    "current": {
      "number": "C",
      "spec": "WOFF 2.0",
      "text": "Considerations for Security and Privacy",
      "url": "https://w3c.github.io/woff/woff2/#security-privacy-considerations"
    },
    "snapshot": {
      "number": "C",
      "spec": "WOFF 2.0",
      "text": "Considerations for Security and Privacy",
      "url": "https://www.w3.org/TR/WOFF2/#security-privacy-considerations"
    }
  },
  "#sotd": {
    "current": {
      "number": "",
      "spec": "WOFF 2.0",
      "text": "Status of This Document",
      "url": "https://w3c.github.io/woff/woff2/#sotd"
    },
    "snapshot": {
      "number": "",
      "spec": "WOFF 2.0",
      "text": "Status of This Document",
      "url": "https://www.w3.org/TR/WOFF2/#sotd"
    }
  },
  "#table_dir_format": {
    "current": {
      "number": "4.1",
      "spec": "WOFF 2.0",
      "text": "Table directory format",
      "url": "https://w3c.github.io/woff/woff2/#table_dir_format"
    },
    "snapshot": {
      "number": "4.1",
      "spec": "WOFF 2.0",
      "text": "Table directory format",
      "url": "https://www.w3.org/TR/WOFF2/#table_dir_format"
    }
  },
  "#table_format": {
    "current": {
      "number": "5",
      "spec": "WOFF 2.0",
      "text": "Compressed data format",
      "url": "https://w3c.github.io/woff/woff2/#table_format"
    },
    "snapshot": {
      "number": "5",
      "spec": "WOFF 2.0",
      "text": "Compressed data format",
      "url": "https://www.w3.org/TR/WOFF2/#table_format"
    }
  },
  "#table_order": {
    "current": {
      "number": "5.5",
      "spec": "WOFF 2.0",
      "text": "Table order constraints",
      "url": "https://w3c.github.io/woff/woff2/#table_order"
    },
    "snapshot": {
      "number": "5.5",
      "spec": "WOFF 2.0",
      "text": "Table order constraints",
      "url": "https://www.w3.org/TR/WOFF2/#table_order"
    }
  },
  "#title": {
    "current": {
      "number": "",
      "spec": "WOFF 2.0",
      "text": "WOFF File Format 2.0",
      "url": "https://w3c.github.io/woff/woff2/#title"
    },
    "snapshot": {
      "number": "",
      "spec": "WOFF 2.0",
      "text": "WOFF File Format 2.0",
      "url": "https://www.w3.org/TR/WOFF2/#title"
    }
  },
  "#toc": {
    "current": {
      "number": "",
      "spec": "WOFF 2.0",
      "text": "Table of Contents",
      "url": "https://w3c.github.io/woff/woff2/#toc"
    },
    "snapshot": {
      "number": "",
      "spec": "WOFF 2.0",
      "text": "Table of Contents",
      "url": "https://www.w3.org/TR/WOFF2/#toc"
    }
  },
  "#triplet_decoding": {
    "current": {
      "number": "5.2",
      "spec": "WOFF 2.0",
      "text": "Decoding of variable-length X and Y coordinates",
      "url": "https://w3c.github.io/woff/woff2/#triplet_decoding"
    },
    "snapshot": {
      "number": "5.2",
      "spec": "WOFF 2.0",
      "text": "Decoding of variable-length X and Y coordinates",
      "url": "https://www.w3.org/TR/WOFF2/#triplet_decoding"
    }
  },
  "#woff20Header": {
    "current": {
      "number": "3.2",
      "spec": "WOFF 2.0",
      "text": "WOFF2 Header",
      "url": "https://w3c.github.io/woff/woff2/#woff20Header"
    },
    "snapshot": {
      "number": "3.2",
      "spec": "WOFF 2.0",
      "text": "WOFF2 Header",
      "url": "https://www.w3.org/TR/WOFF2/#woff20Header"
    }
  }
}