{
  "#TODO": {
    "current": {
      "number": "",
      "spec": "CSS Table 3",
      "text": "11. (link here for missing sections)",
      "url": "https://drafts.csswg.org/css-tables-3/#TODO"
    },
    "snapshot": {
      "number": "",
      "spec": "CSS Table 3",
      "text": "11. (link here for missing sections)",
      "url": "https://www.w3.org/TR/css-tables-3/#TODO"
    }
  },
  "#abspos": {
    "current": {
      "number": "4",
      "spec": "CSS Table 3",
      "text": "Absolute Positioning",
      "url": "https://drafts.csswg.org/css-tables-3/#abspos"
    },
    "snapshot": {
      "number": "4",
      "spec": "CSS Table 3",
      "text": "Absolute Positioning",
      "url": "https://www.w3.org/TR/css-tables-3/#abspos"
    }
  },
  "#abspos-boxes-in-table-internal": {
    "current": {
      "number": "4.2",
      "spec": "CSS Table 3",
      "text": "With a table-internal as containing block",
      "url": "https://drafts.csswg.org/css-tables-3/#abspos-boxes-in-table-internal"
    },
    "snapshot": {
      "number": "4.2",
      "spec": "CSS Table 3",
      "text": "With a table-internal as containing block",
      "url": "https://www.w3.org/TR/css-tables-3/#abspos-boxes-in-table-internal"
    }
  },
  "#abspos-boxes-in-table-root": {
    "current": {
      "number": "4.1",
      "spec": "CSS Table 3",
      "text": "With a table-root as containing block",
      "url": "https://drafts.csswg.org/css-tables-3/#abspos-boxes-in-table-root"
    },
    "snapshot": {
      "number": "4.1",
      "spec": "CSS Table 3",
      "text": "With a table-root as containing block",
      "url": "https://www.w3.org/TR/css-tables-3/#abspos-boxes-in-table-root"
    }
  },
  "#abstract": {
    "current": {
      "number": "",
      "spec": "CSS Table 3",
      "text": "Abstract",
      "url": "https://drafts.csswg.org/css-tables-3/#abstract"
    },
    "snapshot": {
      "number": "",
      "spec": "CSS Table 3",
      "text": "Abstract",
      "url": "https://www.w3.org/TR/css-tables-3/#abstract"
    }
  },
  "#appendices": {
    "current": {
      "number": "",
      "spec": "CSS Table 3",
      "text": "10. Appendices",
      "url": "https://drafts.csswg.org/css-tables-3/#appendices"
    },
    "snapshot": {
      "number": "",
      "spec": "CSS Table 3",
      "text": "10. Appendices",
      "url": "https://www.w3.org/TR/css-tables-3/#appendices"
    }
  },
  "#border-collapse-property": {
    "current": {
      "number": "3.5.2",
      "spec": "CSS Table 3",
      "text": "The Border-Collapse property",
      "url": "https://drafts.csswg.org/css-tables-3/#border-collapse-property"
    },
    "snapshot": {
      "number": "3.5.2",
      "spec": "CSS Table 3",
      "text": "The Border-Collapse property",
      "url": "https://www.w3.org/TR/css-tables-3/#border-collapse-property"
    }
  },
  "#border-collapsing": {
    "current": {
      "number": "3.7",
      "spec": "CSS Table 3",
      "text": "Border-collapsing",
      "url": "https://drafts.csswg.org/css-tables-3/#border-collapsing"
    },
    "snapshot": {
      "number": "3.7",
      "spec": "CSS Table 3",
      "text": "Border-collapsing",
      "url": "https://www.w3.org/TR/css-tables-3/#border-collapsing"
    }
  },
  "#border-conflict-resolution-algorithm": {
    "current": {
      "number": "3.7.1.1",
      "spec": "CSS Table 3",
      "text": "Conflict Resolution Algorithm for Collapsed Borders",
      "url": "https://drafts.csswg.org/css-tables-3/#border-conflict-resolution-algorithm"
    },
    "snapshot": {
      "number": "3.7.1.1",
      "spec": "CSS Table 3",
      "text": "Conflict Resolution Algorithm for Collapsed Borders",
      "url": "https://www.w3.org/TR/css-tables-3/#border-conflict-resolution-algorithm"
    }
  },
  "#border-spacing-property": {
    "current": {
      "number": "3.5.2.1",
      "spec": "CSS Table 3",
      "text": "The Border-Spacing property",
      "url": "https://drafts.csswg.org/css-tables-3/#border-spacing-property"
    },
    "snapshot": {
      "number": "3.5.2.1",
      "spec": "CSS Table 3",
      "text": "The Border-Spacing property",
      "url": "https://www.w3.org/TR/css-tables-3/#border-spacing-property"
    }
  },
  "#border-specificity": {
    "current": {
      "number": "3.7.1.3",
      "spec": "CSS Table 3",
      "text": "Specificity of a border style",
      "url": "https://drafts.csswg.org/css-tables-3/#border-specificity"
    },
    "snapshot": {
      "number": "3.7.1.3",
      "spec": "CSS Table 3",
      "text": "Specificity of a border style",
      "url": "https://www.w3.org/TR/css-tables-3/#border-specificity"
    }
  },
  "#border-style-harmonization-algorithm": {
    "current": {
      "number": "3.7.1.2",
      "spec": "CSS Table 3",
      "text": "Harmonization Algorithm for Collapsed Borders",
      "url": "https://drafts.csswg.org/css-tables-3/#border-style-harmonization-algorithm"
    },
    "snapshot": {
      "number": "3.7.1.2",
      "spec": "CSS Table 3",
      "text": "Harmonization Algorithm for Collapsed Borders",
      "url": "https://www.w3.org/TR/css-tables-3/#border-style-harmonization-algorithm"
    }
  },
  "#border-style-overrides": {
    "current": {
      "number": "5.3.4",
      "spec": "CSS Table 3",
      "text": "Border styles (collapsed-borders mode)",
      "url": "https://drafts.csswg.org/css-tables-3/#border-style-overrides"
    },
    "snapshot": {
      "number": "5.3.4",
      "spec": "CSS Table 3",
      "text": "Border styles (collapsed-borders mode)",
      "url": "https://www.w3.org/TR/css-tables-3/#border-style-overrides"
    }
  },
  "#bounding-box-assignment": {
    "current": {
      "number": "3.11",
      "spec": "CSS Table 3",
      "text": "Positioning of cells, captions and other internal table boxes",
      "url": "https://drafts.csswg.org/css-tables-3/#bounding-box-assignment"
    },
    "snapshot": {
      "number": "3.11",
      "spec": "CSS Table 3",
      "text": "Positioning of cells, captions and other internal table boxes",
      "url": "https://www.w3.org/TR/css-tables-3/#bounding-box-assignment"
    }
  },
  "#breaking-rules": {
    "current": {
      "number": "6.1",
      "spec": "CSS Table 3",
      "text": "Breaking across fragmentainers",
      "url": "https://drafts.csswg.org/css-tables-3/#breaking-rules"
    },
    "snapshot": {
      "number": "6.1",
      "spec": "CSS Table 3",
      "text": "Breaking across fragmentainers",
      "url": "https://www.w3.org/TR/css-tables-3/#breaking-rules"
    }
  },
  "#bug-list": {
    "current": {
      "number": "9",
      "spec": "CSS Table 3",
      "text": "List of bugs being tracked",
      "url": "https://drafts.csswg.org/css-tables-3/#bug-list"
    },
    "snapshot": {
      "number": "9",
      "spec": "CSS Table 3",
      "text": "List of bugs being tracked",
      "url": "https://www.w3.org/TR/css-tables-3/#bug-list"
    }
  },
  "#caption-side-property": {
    "current": {
      "number": "3.5.3",
      "spec": "CSS Table 3",
      "text": "The Caption-Side property",
      "url": "https://drafts.csswg.org/css-tables-3/#caption-side-property"
    },
    "snapshot": {
      "number": "3.5.3",
      "spec": "CSS Table 3",
      "text": "The Caption-Side property",
      "url": "https://www.w3.org/TR/css-tables-3/#caption-side-property"
    }
  },
  "#collapsed-style-overrides": {
    "current": {
      "number": "3.6.2",
      "spec": "CSS Table 3",
      "text": "Overrides applying in collapsed-borders mode",
      "url": "https://drafts.csswg.org/css-tables-3/#collapsed-style-overrides"
    },
    "snapshot": {
      "number": "3.6.2",
      "spec": "CSS Table 3",
      "text": "Overrides applying in collapsed-borders mode",
      "url": "https://www.w3.org/TR/css-tables-3/#collapsed-style-overrides"
    }
  },
  "#computing-cell-measures": {
    "current": {
      "number": "3.8.2",
      "spec": "CSS Table 3",
      "text": "Computing Cell Measures",
      "url": "https://drafts.csswg.org/css-tables-3/#computing-cell-measures"
    },
    "snapshot": {
      "number": "3.8.2",
      "spec": "CSS Table 3",
      "text": "Computing Cell Measures",
      "url": "https://www.w3.org/TR/css-tables-3/#computing-cell-measures"
    }
  },
  "#computing-column-measures": {
    "current": {
      "number": "3.8.3",
      "spec": "CSS Table 3",
      "text": "Computing Column Measures",
      "url": "https://drafts.csswg.org/css-tables-3/#computing-column-measures"
    },
    "snapshot": {
      "number": "3.8.3",
      "spec": "CSS Table 3",
      "text": "Computing Column Measures",
      "url": "https://www.w3.org/TR/css-tables-3/#computing-column-measures"
    }
  },
  "#computing-the-table-height": {
    "current": {
      "number": "3.10.1",
      "spec": "CSS Table 3",
      "text": "Computing the table height",
      "url": "https://drafts.csswg.org/css-tables-3/#computing-the-table-height"
    },
    "snapshot": {
      "number": "3.10.1",
      "spec": "CSS Table 3",
      "text": "Computing the table height",
      "url": "https://www.w3.org/TR/css-tables-3/#computing-the-table-height"
    }
  },
  "#computing-the-table-width": {
    "current": {
      "number": "3.9.1",
      "spec": "CSS Table 3",
      "text": "Computing the table width",
      "url": "https://drafts.csswg.org/css-tables-3/#computing-the-table-width"
    },
    "snapshot": {
      "number": "3.9.1",
      "spec": "CSS Table 3",
      "text": "Computing the table width",
      "url": "https://www.w3.org/TR/css-tables-3/#computing-the-table-width"
    }
  },
  "#computing-undistributable-space": {
    "current": {
      "number": "3.8.1",
      "spec": "CSS Table 3",
      "text": "Computing Undistributable Space",
      "url": "https://drafts.csswg.org/css-tables-3/#computing-undistributable-space"
    },
    "snapshot": {
      "number": "3.8.1",
      "spec": "CSS Table 3",
      "text": "Computing Undistributable Space",
      "url": "https://www.w3.org/TR/css-tables-3/#computing-undistributable-space"
    }
  },
  "#conflict-resolution-for-collapsed-borders": {
    "current": {
      "number": "3.7.1",
      "spec": "CSS Table 3",
      "text": "Conflict Resolution for Collapsed Borders",
      "url": "https://drafts.csswg.org/css-tables-3/#conflict-resolution-for-collapsed-borders"
    },
    "snapshot": {
      "number": "3.7.1",
      "spec": "CSS Table 3",
      "text": "Conflict Resolution for Collapsed Borders",
      "url": "https://www.w3.org/TR/css-tables-3/#conflict-resolution-for-collapsed-borders"
    }
  },
  "#conform-classes": {
    "snapshot": {
      "number": "",
      "spec": "CSS Table 3",
      "text": "Conformance classes",
      "url": "https://www.w3.org/TR/css-tables-3/#conform-classes"
    }
  },
  "#conform-future-proofing": {
    "snapshot": {
      "number": "",
      "spec": "CSS Table 3",
      "text": "Implementations of Unstable and Proprietary Features",
      "url": "https://www.w3.org/TR/css-tables-3/#conform-future-proofing"
    }
  },
  "#conform-partial": {
    "snapshot": {
      "number": "",
      "spec": "CSS Table 3",
      "text": "Partial Implementations",
      "url": "https://www.w3.org/TR/css-tables-3/#conform-partial"
    }
  },
  "#conform-responsible": {
    "snapshot": {
      "number": "",
      "spec": "CSS Table 3",
      "text": "Requirements for Responsible Implementation of CSS",
      "url": "https://www.w3.org/TR/css-tables-3/#conform-responsible"
    }
  },
  "#conform-testing": {
    "snapshot": {
      "number": "",
      "spec": "CSS Table 3",
      "text": "Implementations of CR-level Features",
      "url": "https://www.w3.org/TR/css-tables-3/#conform-testing"
    }
  },
  "#conformance": {
    "snapshot": {
      "number": "",
      "spec": "CSS Table 3",
      "text": "Conformance",
      "url": "https://www.w3.org/TR/css-tables-3/#conformance"
    }
  },
  "#content-measure": {
    "current": {
      "number": "3.8",
      "spec": "CSS Table 3",
      "text": "Computing table measures",
      "url": "https://drafts.csswg.org/css-tables-3/#content-measure"
    },
    "snapshot": {
      "number": "3.8",
      "spec": "CSS Table 3",
      "text": "Computing table measures",
      "url": "https://www.w3.org/TR/css-tables-3/#content-measure"
    }
  },
  "#content-model": {
    "current": {
      "number": "2",
      "spec": "CSS Table 3",
      "text": "Content Model",
      "url": "https://drafts.csswg.org/css-tables-3/#content-model"
    },
    "snapshot": {
      "number": "2",
      "spec": "CSS Table 3",
      "text": "Content Model",
      "url": "https://www.w3.org/TR/css-tables-3/#content-model"
    }
  },
  "#dimensioning-the-row-column-grid": {
    "current": {
      "number": "3.3",
      "spec": "CSS Table 3",
      "text": "Dimensioning the row/column grid",
      "url": "https://drafts.csswg.org/css-tables-3/#dimensioning-the-row-column-grid"
    },
    "snapshot": {
      "number": "3.3",
      "spec": "CSS Table 3",
      "text": "Dimensioning the row/column grid",
      "url": "https://www.w3.org/TR/css-tables-3/#dimensioning-the-row-column-grid"
    }
  },
  "#dimensioning-the-row-column-grid--step1": {
    "current": {
      "number": "3.3.1",
      "spec": "CSS Table 3",
      "text": "HTML Algorithm",
      "url": "https://drafts.csswg.org/css-tables-3/#dimensioning-the-row-column-grid--step1"
    },
    "snapshot": {
      "number": "3.3.1",
      "spec": "CSS Table 3",
      "text": "HTML Algorithm",
      "url": "https://www.w3.org/TR/css-tables-3/#dimensioning-the-row-column-grid--step1"
    }
  },
  "#dimensioning-the-row-column-grid--step2": {
    "current": {
      "number": "3.3.2",
      "spec": "CSS Table 3",
      "text": "Track merging",
      "url": "https://drafts.csswg.org/css-tables-3/#dimensioning-the-row-column-grid--step2"
    },
    "snapshot": {
      "number": "3.3.2",
      "spec": "CSS Table 3",
      "text": "Track merging",
      "url": "https://www.w3.org/TR/css-tables-3/#dimensioning-the-row-column-grid--step2"
    }
  },
  "#distributing-width-to-columns": {
    "current": {
      "number": "3.9.3.2",
      "spec": "CSS Table 3",
      "text": "Distributing excess width to columns",
      "url": "https://drafts.csswg.org/css-tables-3/#distributing-width-to-columns"
    },
    "snapshot": {
      "number": "3.9.3.2",
      "spec": "CSS Table 3",
      "text": "Distributing excess width to columns",
      "url": "https://www.w3.org/TR/css-tables-3/#distributing-width-to-columns"
    }
  },
  "#document-conventions": {
    "snapshot": {
      "number": "",
      "spec": "CSS Table 3",
      "text": "Document conventions",
      "url": "https://www.w3.org/TR/css-tables-3/#document-conventions"
    }
  },
  "#drawing-backgrounds-and-borders": {
    "current": {
      "number": "5.3",
      "spec": "CSS Table 3",
      "text": "Drawing backgrounds and borders",
      "url": "https://drafts.csswg.org/css-tables-3/#drawing-backgrounds-and-borders"
    },
    "snapshot": {
      "number": "5.3",
      "spec": "CSS Table 3",
      "text": "Drawing backgrounds and borders",
      "url": "https://www.w3.org/TR/css-tables-3/#drawing-backgrounds-and-borders"
    }
  },
  "#drawing-cell-backgrounds": {
    "current": {
      "number": "5.3.2",
      "spec": "CSS Table 3",
      "text": "Drawing cell backgrounds",
      "url": "https://drafts.csswg.org/css-tables-3/#drawing-cell-backgrounds"
    },
    "snapshot": {
      "number": "5.3.2",
      "spec": "CSS Table 3",
      "text": "Drawing cell backgrounds",
      "url": "https://www.w3.org/TR/css-tables-3/#drawing-cell-backgrounds"
    }
  },
  "#drawing-cell-borders": {
    "current": {
      "number": "5.3.3",
      "spec": "CSS Table 3",
      "text": "Drawing cell borders",
      "url": "https://drafts.csswg.org/css-tables-3/#drawing-cell-borders"
    },
    "snapshot": {
      "number": "5.3.3",
      "spec": "CSS Table 3",
      "text": "Drawing cell borders",
      "url": "https://www.w3.org/TR/css-tables-3/#drawing-cell-borders"
    }
  },
  "#drawing-collapsed-borders-1": {
    "current": {
      "number": "5.3.1.1",
      "spec": "CSS Table 3",
      "text": "Changes in collapsed-borders mode",
      "url": "https://drafts.csswg.org/css-tables-3/#drawing-collapsed-borders-1"
    },
    "snapshot": {
      "number": "5.3.1.1",
      "spec": "CSS Table 3",
      "text": "Changes in collapsed-borders mode",
      "url": "https://www.w3.org/TR/css-tables-3/#drawing-collapsed-borders-1"
    }
  },
  "#drawing-collapsed-borders-2": {
    "current": {
      "number": "5.3.3.1",
      "spec": "CSS Table 3",
      "text": "Changes in collapsed-borders mode",
      "url": "https://drafts.csswg.org/css-tables-3/#drawing-collapsed-borders-2"
    },
    "snapshot": {
      "number": "5.3.3.1",
      "spec": "CSS Table 3",
      "text": "Changes in collapsed-borders mode",
      "url": "https://www.w3.org/TR/css-tables-3/#drawing-collapsed-borders-2"
    }
  },
  "#drawing-table-backgrounds-and-borders": {
    "current": {
      "number": "5.3.1",
      "spec": "CSS Table 3",
      "text": "Drawing table backgrounds and borders",
      "url": "https://drafts.csswg.org/css-tables-3/#drawing-table-backgrounds-and-borders"
    },
    "snapshot": {
      "number": "5.3.1",
      "spec": "CSS Table 3",
      "text": "Drawing table backgrounds and borders",
      "url": "https://www.w3.org/TR/css-tables-3/#drawing-table-backgrounds-and-borders"
    }
  },
  "#empty-cell-rendering": {
    "current": {
      "number": "5.2",
      "spec": "CSS Table 3",
      "text": "Empty cell rendering (separated-borders mode)",
      "url": "https://drafts.csswg.org/css-tables-3/#empty-cell-rendering"
    },
    "snapshot": {
      "number": "5.2",
      "spec": "CSS Table 3",
      "text": "Empty cell rendering (separated-borders mode)",
      "url": "https://www.w3.org/TR/css-tables-3/#empty-cell-rendering"
    }
  },
  "#fixup": {
    "current": {
      "number": "2.2",
      "spec": "CSS Table 3",
      "text": "Fixup",
      "url": "https://drafts.csswg.org/css-tables-3/#fixup"
    },
    "snapshot": {
      "number": "2.2",
      "spec": "CSS Table 3",
      "text": "Fixup",
      "url": "https://www.w3.org/TR/css-tables-3/#fixup"
    }
  },
  "#fixup-algorithm": {
    "current": {
      "number": "2.2.1",
      "spec": "CSS Table 3",
      "text": "Fixup Algorithm",
      "url": "https://drafts.csswg.org/css-tables-3/#fixup-algorithm"
    },
    "snapshot": {
      "number": "2.2.1",
      "spec": "CSS Table 3",
      "text": "Fixup Algorithm",
      "url": "https://www.w3.org/TR/css-tables-3/#fixup-algorithm"
    }
  },
  "#fixup-boxes": {
    "current": {
      "number": "2.2.2",
      "spec": "CSS Table 3",
      "text": "Characteristics of fixup boxes",
      "url": "https://drafts.csswg.org/css-tables-3/#fixup-boxes"
    },
    "snapshot": {
      "number": "2.2.2",
      "spec": "CSS Table 3",
      "text": "Characteristics of fixup boxes",
      "url": "https://www.w3.org/TR/css-tables-3/#fixup-boxes"
    }
  },
  "#fixup-examples": {
    "current": {
      "number": "2.2.3",
      "spec": "CSS Table 3",
      "text": "Examples",
      "url": "https://drafts.csswg.org/css-tables-3/#fixup-examples"
    },
    "snapshot": {
      "number": "2.2.3",
      "spec": "CSS Table 3",
      "text": "Examples",
      "url": "https://www.w3.org/TR/css-tables-3/#fixup-examples"
    }
  },
  "#fragmentation": {
    "current": {
      "number": "6",
      "spec": "CSS Table 3",
      "text": "Fragmentation",
      "url": "https://drafts.csswg.org/css-tables-3/#fragmentation"
    },
    "snapshot": {
      "number": "6",
      "spec": "CSS Table 3",
      "text": "Fragmentation",
      "url": "https://www.w3.org/TR/css-tables-3/#fragmentation"
    }
  },
  "#global-style-overrides": {
    "current": {
      "number": "3.6.1",
      "spec": "CSS Table 3",
      "text": "Overrides applying in all modes",
      "url": "https://drafts.csswg.org/css-tables-3/#global-style-overrides"
    },
    "snapshot": {
      "number": "3.6.1",
      "spec": "CSS Table 3",
      "text": "Overrides applying in all modes",
      "url": "https://www.w3.org/TR/css-tables-3/#global-style-overrides"
    }
  },
  "#height-distribution": {
    "current": {
      "number": "3.10",
      "spec": "CSS Table 3",
      "text": "Available Height Distribution",
      "url": "https://drafts.csswg.org/css-tables-3/#height-distribution"
    },
    "snapshot": {
      "number": "3.10",
      "spec": "CSS Table 3",
      "text": "Available Height Distribution",
      "url": "https://www.w3.org/TR/css-tables-3/#height-distribution"
    }
  },
  "#height-distribution-algorithm": {
    "current": {
      "number": "3.10.5",
      "spec": "CSS Table 3",
      "text": "Distribution algorithm",
      "url": "https://drafts.csswg.org/css-tables-3/#height-distribution-algorithm"
    },
    "snapshot": {
      "number": "3.10.5",
      "spec": "CSS Table 3",
      "text": "Distribution algorithm",
      "url": "https://www.w3.org/TR/css-tables-3/#height-distribution-algorithm"
    }
  },
  "#height-distribution-principles": {
    "current": {
      "number": "3.10.4",
      "spec": "CSS Table 3",
      "text": "Core distribution principles",
      "url": "https://drafts.csswg.org/css-tables-3/#height-distribution-principles"
    },
    "snapshot": {
      "number": "3.10.4",
      "spec": "CSS Table 3",
      "text": "Core distribution principles",
      "url": "https://www.w3.org/TR/css-tables-3/#height-distribution-principles"
    }
  },
  "#index": {
    "current": {
      "number": "",
      "spec": "CSS Table 3",
      "text": "Index",
      "url": "https://drafts.csswg.org/css-tables-3/#index"
    },
    "snapshot": {
      "number": "",
      "spec": "CSS Table 3",
      "text": "Index",
      "url": "https://www.w3.org/TR/css-tables-3/#index"
    }
  },
  "#index-defined-elsewhere": {
    "current": {
      "number": "",
      "spec": "CSS Table 3",
      "text": "Terms defined by reference",
      "url": "https://drafts.csswg.org/css-tables-3/#index-defined-elsewhere"
    },
    "snapshot": {
      "number": "",
      "spec": "CSS Table 3",
      "text": "Terms defined by reference",
      "url": "https://www.w3.org/TR/css-tables-3/#index-defined-elsewhere"
    }
  },
  "#index-defined-here": {
    "current": {
      "number": "",
      "spec": "CSS Table 3",
      "text": "Terms defined by this specification",
      "url": "https://drafts.csswg.org/css-tables-3/#index-defined-here"
    },
    "snapshot": {
      "number": "",
      "spec": "CSS Table 3",
      "text": "Terms defined by this specification",
      "url": "https://www.w3.org/TR/css-tables-3/#index-defined-here"
    }
  },
  "#informative": {
    "current": {
      "number": "",
      "spec": "CSS Table 3",
      "text": "Informative References",
      "url": "https://drafts.csswg.org/css-tables-3/#informative"
    },
    "snapshot": {
      "number": "",
      "spec": "CSS Table 3",
      "text": "Informative References",
      "url": "https://www.w3.org/TR/css-tables-3/#informative"
    }
  },
  "#intro": {
    "current": {
      "number": "1",
      "spec": "CSS Table 3",
      "text": "Introduction",
      "url": "https://drafts.csswg.org/css-tables-3/#intro"
    },
    "snapshot": {
      "number": "1",
      "spec": "CSS Table 3",
      "text": "Introduction",
      "url": "https://www.w3.org/TR/css-tables-3/#intro"
    }
  },
  "#issues-index": {
    "current": {
      "number": "",
      "spec": "CSS Table 3",
      "text": "Issues Index",
      "url": "https://drafts.csswg.org/css-tables-3/#issues-index"
    },
    "snapshot": {
      "number": "",
      "spec": "CSS Table 3",
      "text": "Issues Index",
      "url": "https://www.w3.org/TR/css-tables-3/#issues-index"
    }
  },
  "#layout": {
    "current": {
      "number": "3",
      "spec": "CSS Table 3",
      "text": "Layout",
      "url": "https://drafts.csswg.org/css-tables-3/#layout"
    },
    "snapshot": {
      "number": "3",
      "spec": "CSS Table 3",
      "text": "Layout",
      "url": "https://www.w3.org/TR/css-tables-3/#layout"
    }
  },
  "#layout-modes": {
    "current": {
      "number": "3.5",
      "spec": "CSS Table 3",
      "text": "Table layout modes",
      "url": "https://drafts.csswg.org/css-tables-3/#layout-modes"
    },
    "snapshot": {
      "number": "3.5",
      "spec": "CSS Table 3",
      "text": "Table layout modes",
      "url": "https://www.w3.org/TR/css-tables-3/#layout-modes"
    }
  },
  "#layout-principles": {
    "current": {
      "number": "3.1",
      "spec": "CSS Table 3",
      "text": "Core layout principles",
      "url": "https://drafts.csswg.org/css-tables-3/#layout-principles"
    },
    "snapshot": {
      "number": "3.1",
      "spec": "CSS Table 3",
      "text": "Core layout principles",
      "url": "https://www.w3.org/TR/css-tables-3/#layout-principles"
    }
  },
  "#mapping": {
    "current": {
      "number": "10.1",
      "spec": "CSS Table 3",
      "text": "Mapping between CSS & HTML attributes",
      "url": "https://drafts.csswg.org/css-tables-3/#mapping"
    },
    "snapshot": {
      "number": "10.1",
      "spec": "CSS Table 3",
      "text": "Mapping between CSS & HTML attributes",
      "url": "https://www.w3.org/TR/css-tables-3/#mapping"
    }
  },
  "#missing-cells-fixup": {
    "current": {
      "number": "3.4",
      "spec": "CSS Table 3",
      "text": "Missing cells fixup",
      "url": "https://drafts.csswg.org/css-tables-3/#missing-cells-fixup"
    },
    "snapshot": {
      "number": "3.4",
      "spec": "CSS Table 3",
      "text": "Missing cells fixup",
      "url": "https://www.w3.org/TR/css-tables-3/#missing-cells-fixup"
    }
  },
  "#normative": {
    "current": {
      "number": "",
      "spec": "CSS Table 3",
      "text": "Normative References",
      "url": "https://drafts.csswg.org/css-tables-3/#normative"
    },
    "snapshot": {
      "number": "",
      "spec": "CSS Table 3",
      "text": "Normative References",
      "url": "https://www.w3.org/TR/css-tables-3/#normative"
    }
  },
  "#paint-order": {
    "current": {
      "number": "5.1",
      "spec": "CSS Table 3",
      "text": "Paint order of cells",
      "url": "https://drafts.csswg.org/css-tables-3/#paint-order"
    },
    "snapshot": {
      "number": "5.1",
      "spec": "CSS Table 3",
      "text": "Paint order of cells",
      "url": "https://www.w3.org/TR/css-tables-3/#paint-order"
    }
  },
  "#privacy": {
    "current": {
      "number": "8",
      "spec": "CSS Table 3",
      "text": "Privacy Considerations",
      "url": "https://drafts.csswg.org/css-tables-3/#privacy"
    },
    "snapshot": {
      "number": "8",
      "spec": "CSS Table 3",
      "text": "Privacy Considerations",
      "url": "https://www.w3.org/TR/css-tables-3/#privacy"
    }
  },
  "#property-index": {
    "current": {
      "number": "",
      "spec": "CSS Table 3",
      "text": "Property Index",
      "url": "https://drafts.csswg.org/css-tables-3/#property-index"
    },
    "snapshot": {
      "number": "",
      "spec": "CSS Table 3",
      "text": "Property Index",
      "url": "https://www.w3.org/TR/css-tables-3/#property-index"
    }
  },
  "#references": {
    "current": {
      "number": "",
      "spec": "CSS Table 3",
      "text": "References",
      "url": "https://drafts.csswg.org/css-tables-3/#references"
    },
    "snapshot": {
      "number": "",
      "spec": "CSS Table 3",
      "text": "References",
      "url": "https://www.w3.org/TR/css-tables-3/#references"
    }
  },
  "#rendering": {
    "current": {
      "number": "5",
      "spec": "CSS Table 3",
      "text": "Rendering",
      "url": "https://drafts.csswg.org/css-tables-3/#rendering"
    },
    "snapshot": {
      "number": "5",
      "spec": "CSS Table 3",
      "text": "Rendering",
      "url": "https://www.w3.org/TR/css-tables-3/#rendering"
    }
  },
  "#repeated-headers": {
    "current": {
      "number": "6.2",
      "spec": "CSS Table 3",
      "text": "Repeating headers across pages",
      "url": "https://drafts.csswg.org/css-tables-3/#repeated-headers"
    },
    "snapshot": {
      "number": "6.2",
      "spec": "CSS Table 3",
      "text": "Repeating headers across pages",
      "url": "https://www.w3.org/TR/css-tables-3/#repeated-headers"
    }
  },
  "#row-layout": {
    "current": {
      "number": "3.10.2",
      "spec": "CSS Table 3",
      "text": "Row layout (first pass)",
      "url": "https://drafts.csswg.org/css-tables-3/#row-layout"
    },
    "snapshot": {
      "number": "3.10.2",
      "spec": "CSS Table 3",
      "text": "Row layout (first pass)",
      "url": "https://www.w3.org/TR/css-tables-3/#row-layout"
    }
  },
  "#row-relayout": {
    "current": {
      "number": "3.10.3",
      "spec": "CSS Table 3",
      "text": "Row layout (second pass)",
      "url": "https://drafts.csswg.org/css-tables-3/#row-relayout"
    },
    "snapshot": {
      "number": "3.10.3",
      "spec": "CSS Table 3",
      "text": "Row layout (second pass)",
      "url": "https://www.w3.org/TR/css-tables-3/#row-relayout"
    }
  },
  "#security": {
    "current": {
      "number": "7",
      "spec": "CSS Table 3",
      "text": "Security Considerations",
      "url": "https://drafts.csswg.org/css-tables-3/#security"
    },
    "snapshot": {
      "number": "7",
      "spec": "CSS Table 3",
      "text": "Security Considerations",
      "url": "https://www.w3.org/TR/css-tables-3/#security"
    }
  },
  "#sotd": {
    "current": {
      "number": "",
      "spec": "CSS Table 3",
      "text": "Status of this document",
      "url": "https://drafts.csswg.org/css-tables-3/#sotd"
    }
  },
  "#static-position": {
    "current": {
      "number": "4.3",
      "spec": "CSS Table 3",
      "text": "With a table-internal box as non-containing block parent",
      "url": "https://drafts.csswg.org/css-tables-3/#static-position"
    },
    "snapshot": {
      "number": "4.3",
      "spec": "CSS Table 3",
      "text": "With a table-internal box as non-containing block parent",
      "url": "https://www.w3.org/TR/css-tables-3/#static-position"
    }
  },
  "#status": {
    "snapshot": {
      "number": "",
      "spec": "CSS Table 3",
      "text": "Status of this document",
      "url": "https://www.w3.org/TR/css-tables-3/#status"
    }
  },
  "#style-overrides": {
    "current": {
      "number": "3.6",
      "spec": "CSS Table 3",
      "text": "Style overrides",
      "url": "https://drafts.csswg.org/css-tables-3/#style-overrides"
    },
    "snapshot": {
      "number": "3.6",
      "spec": "CSS Table 3",
      "text": "Style overrides",
      "url": "https://www.w3.org/TR/css-tables-3/#style-overrides"
    }
  },
  "#subtitle": {
    "snapshot": {
      "number": "",
      "spec": "CSS Table 3",
      "text": "W3C Working Draft, 27 July 2019",
      "url": "https://www.w3.org/TR/css-tables-3/#subtitle"
    }
  },
  "#table-cell-content-relayout": {
    "current": {
      "number": "3.10.6",
      "spec": "CSS Table 3",
      "text": "Table-cell content layout (second pass)",
      "url": "https://drafts.csswg.org/css-tables-3/#table-cell-content-relayout"
    },
    "snapshot": {
      "number": "3.10.6",
      "spec": "CSS Table 3",
      "text": "Table-cell content layout (second pass)",
      "url": "https://www.w3.org/TR/css-tables-3/#table-cell-content-relayout"
    }
  },
  "#table-layout-algorithm": {
    "current": {
      "number": "3.2",
      "spec": "CSS Table 3",
      "text": "Table layout algorithm",
      "url": "https://drafts.csswg.org/css-tables-3/#table-layout-algorithm"
    },
    "snapshot": {
      "number": "3.2",
      "spec": "CSS Table 3",
      "text": "Table layout algorithm",
      "url": "https://www.w3.org/TR/css-tables-3/#table-layout-algorithm"
    }
  },
  "#table-layout-property": {
    "current": {
      "number": "3.5.1",
      "spec": "CSS Table 3",
      "text": "The Table-Layout property",
      "url": "https://drafts.csswg.org/css-tables-3/#table-layout-property"
    },
    "snapshot": {
      "number": "3.5.1",
      "spec": "CSS Table 3",
      "text": "The Table-Layout property",
      "url": "https://www.w3.org/TR/css-tables-3/#table-layout-property"
    }
  },
  "#table-structure": {
    "current": {
      "number": "2.1",
      "spec": "CSS Table 3",
      "text": "Table Structure",
      "url": "https://drafts.csswg.org/css-tables-3/#table-structure"
    },
    "snapshot": {
      "number": "2.1",
      "spec": "CSS Table 3",
      "text": "Table Structure",
      "url": "https://www.w3.org/TR/css-tables-3/#table-structure"
    }
  },
  "#terminology": {
    "current": {
      "number": "2.1.1",
      "spec": "CSS Table 3",
      "text": "Terminology",
      "url": "https://drafts.csswg.org/css-tables-3/#terminology"
    },
    "snapshot": {
      "number": "2.1.1",
      "spec": "CSS Table 3",
      "text": "Terminology",
      "url": "https://www.w3.org/TR/css-tables-3/#terminology"
    }
  },
  "#title": {
    "current": {
      "number": "",
      "spec": "CSS Table 3",
      "text": "CSS Table Module Level 3",
      "url": "https://drafts.csswg.org/css-tables-3/#title"
    },
    "snapshot": {
      "number": "",
      "spec": "CSS Table 3",
      "text": "CSS Table Module Level 3",
      "url": "https://www.w3.org/TR/css-tables-3/#title"
    }
  },
  "#toc": {
    "current": {
      "number": "",
      "spec": "CSS Table 3",
      "text": "Table of Contents",
      "url": "https://drafts.csswg.org/css-tables-3/#toc"
    },
    "snapshot": {
      "number": "",
      "spec": "CSS Table 3",
      "text": "Table of Contents",
      "url": "https://www.w3.org/TR/css-tables-3/#toc"
    }
  },
  "#values": {
    "current": {
      "number": "1.1",
      "spec": "CSS Table 3",
      "text": "Value Definitions",
      "url": "https://drafts.csswg.org/css-tables-3/#values"
    }
  },
  "#visibility-collapse-cell-rendering": {
    "current": {
      "number": "5.4.1",
      "spec": "CSS Table 3",
      "text": "Rendering a visibility: collapse table cell",
      "url": "https://drafts.csswg.org/css-tables-3/#visibility-collapse-cell-rendering"
    },
    "snapshot": {
      "number": "5.4.1",
      "spec": "CSS Table 3",
      "text": "Rendering a visibility: collapse table cell",
      "url": "https://www.w3.org/TR/css-tables-3/#visibility-collapse-cell-rendering"
    }
  },
  "#visibility-collapse-rendering": {
    "current": {
      "number": "5.4",
      "spec": "CSS Table 3",
      "text": "Rendering for visibility: collapse",
      "url": "https://drafts.csswg.org/css-tables-3/#visibility-collapse-rendering"
    },
    "snapshot": {
      "number": "5.4",
      "spec": "CSS Table 3",
      "text": "Rendering for visibility: collapse",
      "url": "https://www.w3.org/TR/css-tables-3/#visibility-collapse-rendering"
    }
  },
  "#visibility-collapse-track-rendering": {
    "current": {
      "number": "5.4.2",
      "spec": "CSS Table 3",
      "text": "Rendering a visibility: collapse table-track or table-track-group",
      "url": "https://drafts.csswg.org/css-tables-3/#visibility-collapse-track-rendering"
    },
    "snapshot": {
      "number": "5.4.2",
      "spec": "CSS Table 3",
      "text": "Rendering a visibility: collapse table-track or table-track-group",
      "url": "https://www.w3.org/TR/css-tables-3/#visibility-collapse-track-rendering"
    }
  },
  "#w3c-conform-future-proofing": {
    "current": {
      "number": "",
      "spec": "CSS Table 3",
      "text": "Implementations of Unstable and Proprietary Features",
      "url": "https://drafts.csswg.org/css-tables-3/#w3c-conform-future-proofing"
    }
  },
  "#w3c-conformance": {
    "current": {
      "number": "",
      "spec": "CSS Table 3",
      "text": "Conformance",
      "url": "https://drafts.csswg.org/css-tables-3/#w3c-conformance"
    }
  },
  "#w3c-conformance-classes": {
    "current": {
      "number": "",
      "spec": "CSS Table 3",
      "text": "Conformance classes",
      "url": "https://drafts.csswg.org/css-tables-3/#w3c-conformance-classes"
    }
  },
  "#w3c-conventions": {
    "current": {
      "number": "",
      "spec": "CSS Table 3",
      "text": "Document conventions",
      "url": "https://drafts.csswg.org/css-tables-3/#w3c-conventions"
    }
  },
  "#w3c-partial": {
    "current": {
      "number": "",
      "spec": "CSS Table 3",
      "text": "Partial implementations",
      "url": "https://drafts.csswg.org/css-tables-3/#w3c-partial"
    }
  },
  "#w3c-testing": {
    "current": {
      "number": "",
      "spec": "CSS Table 3",
      "text": "Non-experimental implementations",
      "url": "https://drafts.csswg.org/css-tables-3/#w3c-testing"
    }
  },
  "#width-distribution": {
    "current": {
      "number": "3.9",
      "spec": "CSS Table 3",
      "text": "Available Width Distribution",
      "url": "https://drafts.csswg.org/css-tables-3/#width-distribution"
    },
    "snapshot": {
      "number": "3.9",
      "spec": "CSS Table 3",
      "text": "Available Width Distribution",
      "url": "https://www.w3.org/TR/css-tables-3/#width-distribution"
    }
  },
  "#width-distribution-algorithm": {
    "current": {
      "number": "3.9.3",
      "spec": "CSS Table 3",
      "text": "Distribution algorithm",
      "url": "https://drafts.csswg.org/css-tables-3/#width-distribution-algorithm"
    },
    "snapshot": {
      "number": "3.9.3",
      "spec": "CSS Table 3",
      "text": "Distribution algorithm",
      "url": "https://www.w3.org/TR/css-tables-3/#width-distribution-algorithm"
    }
  },
  "#width-distribution-in-fixed-mode": {
    "current": {
      "number": "3.9.3.1",
      "spec": "CSS Table 3",
      "text": "Changes to width distribution in fixed mode",
      "url": "https://drafts.csswg.org/css-tables-3/#width-distribution-in-fixed-mode"
    },
    "snapshot": {
      "number": "3.9.3.1",
      "spec": "CSS Table 3",
      "text": "Changes to width distribution in fixed mode",
      "url": "https://www.w3.org/TR/css-tables-3/#width-distribution-in-fixed-mode"
    }
  },
  "#width-distribution-principles": {
    "current": {
      "number": "3.9.2",
      "spec": "CSS Table 3",
      "text": "Core distribution principles",
      "url": "https://drafts.csswg.org/css-tables-3/#width-distribution-principles"
    },
    "snapshot": {
      "number": "3.9.2",
      "spec": "CSS Table 3",
      "text": "Core distribution principles",
      "url": "https://www.w3.org/TR/css-tables-3/#width-distribution-principles"
    }
  },
  "#width-distribution-principles-rN": {
    "current": {
      "number": "3.9.2.1",
      "spec": "CSS Table 3",
      "text": "Rules",
      "url": "https://drafts.csswg.org/css-tables-3/#width-distribution-principles-rN"
    },
    "snapshot": {
      "number": "3.9.2.1",
      "spec": "CSS Table 3",
      "text": "Rules",
      "url": "https://www.w3.org/TR/css-tables-3/#width-distribution-principles-rN"
    }
  },
  "#width-distribution-principles-rR": {
    "current": {
      "number": "3.9.2.2",
      "spec": "CSS Table 3",
      "text": "Available sizings",
      "url": "https://drafts.csswg.org/css-tables-3/#width-distribution-principles-rR"
    },
    "snapshot": {
      "number": "3.9.2.2",
      "spec": "CSS Table 3",
      "text": "Available sizings",
      "url": "https://www.w3.org/TR/css-tables-3/#width-distribution-principles-rR"
    }
  }
}