{
  "#abstract": {
    "current": {
      "number": "",
      "spec": "Navigational-Tracking Mitigations",
      "text": "Abstract",
      "url": "https://privacycg.github.io/nav-tracking-mitigations/#abstract"
    }
  },
  "#acknowledgements": {
    "current": {
      "number": "",
      "spec": "Navigational-Tracking Mitigations",
      "text": "Acknowledgements",
      "url": "https://privacycg.github.io/nav-tracking-mitigations/#acknowledgements"
    }
  },
  "#alternatives": {
    "current": {
      "number": "5",
      "spec": "Navigational-Tracking Mitigations",
      "text": "Considered Alternatives",
      "url": "https://privacycg.github.io/nav-tracking-mitigations/#alternatives"
    }
  },
  "#bounce-tracking-mitigation-stateful-bounce-detection": {
    "current": {
      "number": "6.2.3",
      "spec": "Navigational-Tracking Mitigations",
      "text": "Stateful Bounce Detection",
      "url": "https://privacycg.github.io/nav-tracking-mitigations/#bounce-tracking-mitigation-stateful-bounce-detection"
    }
  },
  "#bounce-tracking-mitigations": {
    "current": {
      "number": "6",
      "spec": "Navigational-Tracking Mitigations",
      "text": "Bounce Tracking Mitigations",
      "url": "https://privacycg.github.io/nav-tracking-mitigations/#bounce-tracking-mitigations"
    }
  },
  "#bounce-tracking-mitigations-activation-monkey-patch": {
    "current": {
      "number": "6.2.1",
      "spec": "Navigational-Tracking Mitigations",
      "text": "User Activation Monkey Patch",
      "url": "https://privacycg.github.io/nav-tracking-mitigations/#bounce-tracking-mitigations-activation-monkey-patch"
    }
  },
  "#bounce-tracking-mitigations-algorithms": {
    "current": {
      "number": "6.2",
      "spec": "Navigational-Tracking Mitigations",
      "text": "Algorithms",
      "url": "https://privacycg.github.io/nav-tracking-mitigations/#bounce-tracking-mitigations-algorithms"
    }
  },
  "#bounce-tracking-mitigations-automation": {
    "current": {
      "number": "6.3",
      "spec": "Navigational-Tracking Mitigations",
      "text": "User Agent Automation",
      "url": "https://privacycg.github.io/nav-tracking-mitigations/#bounce-tracking-mitigations-automation"
    }
  },
  "#bounce-tracking-mitigations-data-model": {
    "current": {
      "number": "6.1",
      "spec": "Navigational-Tracking Mitigations",
      "text": "Data Model",
      "url": "https://privacycg.github.io/nav-tracking-mitigations/#bounce-tracking-mitigations-data-model"
    }
  },
  "#bounce-tracking-mitigations-data-model-constants": {
    "current": {
      "number": "6.1.3",
      "spec": "Navigational-Tracking Mitigations",
      "text": "Constants",
      "url": "https://privacycg.github.io/nav-tracking-mitigations/#bounce-tracking-mitigations-data-model-constants"
    }
  },
  "#bounce-tracking-mitigations-data-model-global": {
    "current": {
      "number": "6.1.1",
      "spec": "Navigational-Tracking Mitigations",
      "text": "Global Data",
      "url": "https://privacycg.github.io/nav-tracking-mitigations/#bounce-tracking-mitigations-data-model-global"
    }
  },
  "#bounce-tracking-mitigations-data-model-per-tab": {
    "current": {
      "number": "6.1.2",
      "spec": "Navigational-Tracking Mitigations",
      "text": "Per-Tab Data",
      "url": "https://privacycg.github.io/nav-tracking-mitigations/#bounce-tracking-mitigations-data-model-per-tab"
    }
  },
  "#bounce-tracking-mitigations-deletion": {
    "current": {
      "number": "6.2.5",
      "spec": "Navigational-Tracking Mitigations",
      "text": "Deletion",
      "url": "https://privacycg.github.io/nav-tracking-mitigations/#bounce-tracking-mitigations-deletion"
    }
  },
  "#bounce-tracking-mitigations-document-load-monkey-patch": {
    "current": {
      "number": "6.2.3.6",
      "spec": "Navigational-Tracking Mitigations",
      "text": "Document Loaded Monkey Patch",
      "url": "https://privacycg.github.io/nav-tracking-mitigations/#bounce-tracking-mitigations-document-load-monkey-patch"
    }
  },
  "#bounce-tracking-mitigations-nav-start-monkey-patch": {
    "current": {
      "number": "6.2.3.1",
      "spec": "Navigational-Tracking Mitigations",
      "text": "Start Navigation Monkey Patch",
      "url": "https://privacycg.github.io/nav-tracking-mitigations/#bounce-tracking-mitigations-nav-start-monkey-patch"
    }
  },
  "#bounce-tracking-mitigations-navigation-state-diagram": {
    "current": {
      "number": "6.2.3.7",
      "spec": "Navigational-Tracking Mitigations",
      "text": "Navigation State Diagram",
      "url": "https://privacycg.github.io/nav-tracking-mitigations/#bounce-tracking-mitigations-navigation-state-diagram"
    }
  },
  "#bounce-tracking-mitigations-network-cookie-write-monkey-patch": {
    "current": {
      "number": "6.2.3.2",
      "spec": "Navigational-Tracking Mitigations",
      "text": "Network Cookie Write Monkey Patch",
      "url": "https://privacycg.github.io/nav-tracking-mitigations/#bounce-tracking-mitigations-network-cookie-write-monkey-patch"
    }
  },
  "#bounce-tracking-mitigations-response-received-monkey-patch": {
    "current": {
      "number": "6.2.3.5",
      "spec": "Navigational-Tracking Mitigations",
      "text": "Response Received Monkey Patch",
      "url": "https://privacycg.github.io/nav-tracking-mitigations/#bounce-tracking-mitigations-response-received-monkey-patch"
    }
  },
  "#bounce-tracking-mitigations-service-worker-activation-monkey-patch": {
    "current": {
      "number": "6.2.3.3",
      "spec": "Navigational-Tracking Mitigations",
      "text": "Service Worker Activation Monkey Patch",
      "url": "https://privacycg.github.io/nav-tracking-mitigations/#bounce-tracking-mitigations-service-worker-activation-monkey-patch"
    }
  },
  "#bounce-tracking-mitigations-storage-access-monkey-patch": {
    "current": {
      "number": "6.2.3.4",
      "spec": "Navigational-Tracking Mitigations",
      "text": "Storage Access Monkey Patch",
      "url": "https://privacycg.github.io/nav-tracking-mitigations/#bounce-tracking-mitigations-storage-access-monkey-patch"
    }
  },
  "#bounce-tracking-mitigations-timers": {
    "current": {
      "number": "6.2.4",
      "spec": "Navigational-Tracking Mitigations",
      "text": "Timers",
      "url": "https://privacycg.github.io/nav-tracking-mitigations/#bounce-tracking-mitigations-timers"
    }
  },
  "#bounce-tracking-mitigations-web-authentication-monkey-patch": {
    "current": {
      "number": "6.2.2",
      "spec": "Navigational-Tracking Mitigations",
      "text": "Web Authentication Monkey Patch",
      "url": "https://privacycg.github.io/nav-tracking-mitigations/#bounce-tracking-mitigations-web-authentication-monkey-patch"
    }
  },
  "#deployed-mitigations": {
    "current": {
      "number": "5.1",
      "spec": "Navigational-Tracking Mitigations",
      "text": "Deployed Mitigations",
      "url": "https://privacycg.github.io/nav-tracking-mitigations/#deployed-mitigations"
    }
  },
  "#index": {
    "current": {
      "number": "",
      "spec": "Navigational-Tracking Mitigations",
      "text": "Index",
      "url": "https://privacycg.github.io/nav-tracking-mitigations/#index"
    }
  },
  "#index-defined-elsewhere": {
    "current": {
      "number": "",
      "spec": "Navigational-Tracking Mitigations",
      "text": "Terms defined by reference",
      "url": "https://privacycg.github.io/nav-tracking-mitigations/#index-defined-elsewhere"
    }
  },
  "#index-defined-here": {
    "current": {
      "number": "",
      "spec": "Navigational-Tracking Mitigations",
      "text": "Terms defined by this specification",
      "url": "https://privacycg.github.io/nav-tracking-mitigations/#index-defined-here"
    }
  },
  "#informative": {
    "current": {
      "number": "",
      "spec": "Navigational-Tracking Mitigations",
      "text": "Informative References",
      "url": "https://privacycg.github.io/nav-tracking-mitigations/#informative"
    }
  },
  "#infra": {
    "current": {
      "number": "2",
      "spec": "Navigational-Tracking Mitigations",
      "text": "Infrastructure",
      "url": "https://privacycg.github.io/nav-tracking-mitigations/#infra"
    }
  },
  "#intro": {
    "current": {
      "number": "1",
      "spec": "Navigational-Tracking Mitigations",
      "text": "Introduction",
      "url": "https://privacycg.github.io/nav-tracking-mitigations/#intro"
    }
  },
  "#issues-index": {
    "current": {
      "number": "",
      "spec": "Navigational-Tracking Mitigations",
      "text": "Issues Index",
      "url": "https://privacycg.github.io/nav-tracking-mitigations/#issues-index"
    }
  },
  "#mitigations-brave": {
    "current": {
      "number": "5.1.3",
      "spec": "Navigational-Tracking Mitigations",
      "text": "Brave",
      "url": "https://privacycg.github.io/nav-tracking-mitigations/#mitigations-brave"
    }
  },
  "#mitigations-firefox": {
    "current": {
      "number": "5.1.2",
      "spec": "Navigational-Tracking Mitigations",
      "text": "Firefox",
      "url": "https://privacycg.github.io/nav-tracking-mitigations/#mitigations-firefox"
    }
  },
  "#mitigations-safari": {
    "current": {
      "number": "5.1.1",
      "spec": "Navigational-Tracking Mitigations",
      "text": "Safari",
      "url": "https://privacycg.github.io/nav-tracking-mitigations/#mitigations-safari"
    }
  },
  "#normative": {
    "current": {
      "number": "",
      "spec": "Navigational-Tracking Mitigations",
      "text": "Normative References",
      "url": "https://privacycg.github.io/nav-tracking-mitigations/#normative"
    }
  },
  "#privacy-and-security-considerations": {
    "current": {
      "number": "7",
      "spec": "Navigational-Tracking Mitigations",
      "text": "Privacy and Security Considerations",
      "url": "https://privacycg.github.io/nav-tracking-mitigations/#privacy-and-security-considerations"
    }
  },
  "#references": {
    "current": {
      "number": "",
      "spec": "Navigational-Tracking Mitigations",
      "text": "References",
      "url": "https://privacycg.github.io/nav-tracking-mitigations/#references"
    }
  },
  "#run-bounce-tracking-mitigations-command": {
    "current": {
      "number": "6.3.1",
      "spec": "Navigational-Tracking Mitigations",
      "text": "Run Bounce Tracking Mitigations",
      "url": "https://privacycg.github.io/nav-tracking-mitigations/#run-bounce-tracking-mitigations-command"
    }
  },
  "#status": {
    "current": {
      "number": "",
      "spec": "Navigational-Tracking Mitigations",
      "text": "Status of this document",
      "url": "https://privacycg.github.io/nav-tracking-mitigations/#status"
    }
  },
  "#subtitle": {
    "current": {
      "number": "",
      "spec": "Navigational-Tracking Mitigations",
      "text": "Draft Community Group Report, 28 September 2023",
      "url": "https://privacycg.github.io/nav-tracking-mitigations/#subtitle"
    }
  },
  "#terminology": {
    "current": {
      "number": "3",
      "spec": "Navigational-Tracking Mitigations",
      "text": "Terminology",
      "url": "https://privacycg.github.io/nav-tracking-mitigations/#terminology"
    }
  },
  "#threat-actors": {
    "current": {
      "number": "4.1",
      "spec": "Navigational-Tracking Mitigations",
      "text": "Threat actors",
      "url": "https://privacycg.github.io/nav-tracking-mitigations/#threat-actors"
    }
  },
  "#threat-model": {
    "current": {
      "number": "4",
      "spec": "Navigational-Tracking Mitigations",
      "text": "Threat model",
      "url": "https://privacycg.github.io/nav-tracking-mitigations/#threat-model"
    }
  },
  "#title": {
    "current": {
      "number": "",
      "spec": "Navigational-Tracking Mitigations",
      "text": "Navigational-Tracking Mitigations",
      "url": "https://privacycg.github.io/nav-tracking-mitigations/#title"
    }
  },
  "#toc": {
    "current": {
      "number": "",
      "spec": "Navigational-Tracking Mitigations",
      "text": "Table of Contents",
      "url": "https://privacycg.github.io/nav-tracking-mitigations/#toc"
    }
  },
  "#w3c-conformance": {
    "current": {
      "number": "",
      "spec": "Navigational-Tracking Mitigations",
      "text": "Conformance",
      "url": "https://privacycg.github.io/nav-tracking-mitigations/#w3c-conformance"
    }
  },
  "#w3c-conventions": {
    "current": {
      "number": "",
      "spec": "Navigational-Tracking Mitigations",
      "text": "Document conventions",
      "url": "https://privacycg.github.io/nav-tracking-mitigations/#w3c-conventions"
    }
  }
}