{
  "#abstract": {
    "snapshot": {
      "number": "",
      "spec": "Touch Events",
      "text": "Abstract",
      "url": "https://www.w3.org/TR/touch-events/#abstract"
    }
  },
  "#acknowledgements": {
    "current": {
      "number": "A",
      "spec": "Touch Events",
      "text": "Acknowledgements",
      "url": "https://w3c.github.io/touch-events/#acknowledgements"
    },
    "snapshot": {
      "number": "A",
      "spec": "Touch Events",
      "text": "Acknowledgements",
      "url": "https://www.w3.org/TR/touch-events/#acknowledgements"
    }
  },
  "#attributes": {
    "snapshot": {
      "number": "3.1",
      "spec": "Touch Events",
      "text": "Attributes",
      "url": "https://www.w3.org/TR/touch-events/#attributes"
    }
  },
  "#attributes-1": {
    "snapshot": {
      "number": "4.1",
      "spec": "Touch Events",
      "text": "Attributes",
      "url": "https://www.w3.org/TR/touch-events/#attributes-1"
    }
  },
  "#attributes-2": {
    "snapshot": {
      "number": "5.1",
      "spec": "Touch Events",
      "text": "Attributes",
      "url": "https://www.w3.org/TR/touch-events/#attributes-2"
    }
  },
  "#cancelability-of-touch-events": {
    "current": {
      "number": "5.4",
      "spec": "Touch Events",
      "text": "Cancelability of touch events",
      "url": "https://w3c.github.io/touch-events/#cancelability-of-touch-events"
    }
  },
  "#changedtouches-of-a-touchevent": {
    "current": {
      "number": "5.2.2",
      "spec": "Touch Events",
      "text": "changedTouches of a TouchEvent",
      "url": "https://w3c.github.io/touch-events/#changedtouches-of-a-touchevent"
    },
    "snapshot": {
      "number": "5.3.2",
      "spec": "Touch Events",
      "text": "changedTouches of a TouchEvent",
      "url": "https://www.w3.org/TR/touch-events/#changedtouches-of-a-touchevent"
    }
  },
  "#changes-since-last-publication": {
    "current": {
      "number": "B",
      "spec": "Touch Events",
      "text": "Changes Since Last Publication",
      "url": "https://w3c.github.io/touch-events/#changes-since-last-publication"
    },
    "snapshot": {
      "number": "B",
      "spec": "Touch Events",
      "text": "Changes Since Last Publication",
      "url": "https://www.w3.org/TR/touch-events/#changes-since-last-publication"
    }
  },
  "#conditionally-exposing-legacy-touch-event-apis": {
    "current": {
      "number": "7",
      "spec": "Touch Events",
      "text": "Conditionally exposing legacy touch event APIs",
      "url": "https://w3c.github.io/touch-events/#conditionally-exposing-legacy-touch-event-apis"
    }
  },
  "#conformance": {
    "current": {
      "number": "2",
      "spec": "Touch Events",
      "text": "Conformance",
      "url": "https://w3c.github.io/touch-events/#conformance"
    },
    "snapshot": {
      "number": "2",
      "spec": "Touch Events",
      "text": "Conformance",
      "url": "https://www.w3.org/TR/touch-events/#conformance"
    }
  },
  "#extensions-to-the-document-interface": {
    "snapshot": {
      "number": "6",
      "spec": "Touch Events",
      "text": "Extensions to the Document Interface",
      "url": "https://www.w3.org/TR/touch-events/#extensions-to-the-document-interface"
    }
  },
  "#extensions-to-the-globaleventhandlers-mixin": {
    "current": {
      "number": "8",
      "spec": "Touch Events",
      "text": "Extensions to the GlobalEventHandlers mixin",
      "url": "https://w3c.github.io/touch-events/#extensions-to-the-globaleventhandlers-mixin"
    }
  },
  "#firing-a-synthetic-touchevent-from-script": {
    "current": {
      "number": "5.2.3",
      "spec": "Touch Events",
      "text": "Firing a synthetic TouchEvent from script",
      "url": "https://w3c.github.io/touch-events/#firing-a-synthetic-touchevent-from-script"
    }
  },
  "#glossary": {
    "current": {
      "number": "",
      "spec": "Touch Events",
      "text": "10. Glossary",
      "url": "https://w3c.github.io/touch-events/#glossary"
    },
    "snapshot": {
      "number": "8",
      "spec": "Touch Events",
      "text": "Glossary",
      "url": "https://www.w3.org/TR/touch-events/#glossary"
    }
  },
  "#informative-references": {
    "current": {
      "number": "C.2",
      "spec": "Touch Events",
      "text": "Informative references",
      "url": "https://w3c.github.io/touch-events/#informative-references"
    }
  },
  "#introduction": {
    "current": {
      "number": "1",
      "spec": "Touch Events",
      "text": "Introduction",
      "url": "https://w3c.github.io/touch-events/#introduction"
    },
    "snapshot": {
      "number": "1",
      "spec": "Touch Events",
      "text": "Introduction",
      "url": "https://www.w3.org/TR/touch-events/#introduction"
    }
  },
  "#issues": {
    "snapshot": {
      "number": "9",
      "spec": "Touch Events",
      "text": "Issues",
      "url": "https://www.w3.org/TR/touch-events/#issues"
    }
  },
  "#list-of-touchevent-types": {
    "current": {
      "number": "5.3",
      "spec": "Touch Events",
      "text": "List of TouchEvent types",
      "url": "https://w3c.github.io/touch-events/#list-of-touchevent-types"
    },
    "snapshot": {
      "number": "5.4",
      "spec": "Touch Events",
      "text": "List of TouchEvent types",
      "url": "https://www.w3.org/TR/touch-events/#list-of-touchevent-types"
    }
  },
  "#methods": {
    "snapshot": {
      "number": "4.2",
      "spec": "Touch Events",
      "text": "Methods",
      "url": "https://www.w3.org/TR/touch-events/#methods"
    }
  },
  "#methods-1": {
    "snapshot": {
      "number": "6.1",
      "spec": "Touch Events",
      "text": "Methods",
      "url": "https://www.w3.org/TR/touch-events/#methods-1"
    }
  },
  "#mouse-events": {
    "current": {
      "number": "9",
      "spec": "Touch Events",
      "text": "Interaction with Mouse Events and click",
      "url": "https://w3c.github.io/touch-events/#mouse-events"
    },
    "snapshot": {
      "number": "7",
      "spec": "Touch Events",
      "text": "Interaction with Mouse Events",
      "url": "https://www.w3.org/TR/touch-events/#mouse-events"
    }
  },
  "#normative-references": {
    "current": {
      "number": "C.1",
      "spec": "Touch Events",
      "text": "Normative references",
      "url": "https://w3c.github.io/touch-events/#normative-references"
    },
    "snapshot": {
      "number": "C.1",
      "spec": "Touch Events",
      "text": "Normative references",
      "url": "https://www.w3.org/TR/touch-events/#normative-references"
    }
  },
  "#references": {
    "current": {
      "number": "C",
      "spec": "Touch Events",
      "text": "References",
      "url": "https://w3c.github.io/touch-events/#references"
    },
    "snapshot": {
      "number": "C",
      "spec": "Touch Events",
      "text": "References",
      "url": "https://www.w3.org/TR/touch-events/#references"
    }
  },
  "#respecDocument": {
    "snapshot": {
      "number": "",
      "spec": "Touch Events",
      "text": "Touch Events",
      "url": "https://www.w3.org/TR/touch-events/#respecDocument"
    }
  },
  "#retargeting": {
    "current": {
      "number": "6",
      "spec": "Touch Events",
      "text": "Retargeting",
      "url": "https://w3c.github.io/touch-events/#retargeting"
    }
  },
  "#sotd": {
    "snapshot": {
      "number": "",
      "spec": "Touch Events",
      "text": "Status of This Document",
      "url": "https://www.w3.org/TR/touch-events/#sotd"
    }
  },
  "#the-touchcancel-event": {
    "current": {
      "number": "5.8",
      "spec": "Touch Events",
      "text": "The touchcancel event",
      "url": "https://w3c.github.io/touch-events/#the-touchcancel-event"
    },
    "snapshot": {
      "number": "5.8",
      "spec": "Touch Events",
      "text": "The touchcancel event",
      "url": "https://www.w3.org/TR/touch-events/#the-touchcancel-event"
    }
  },
  "#the-touchend-event": {
    "current": {
      "number": "5.6",
      "spec": "Touch Events",
      "text": "The touchend event",
      "url": "https://w3c.github.io/touch-events/#the-touchend-event"
    },
    "snapshot": {
      "number": "5.6",
      "spec": "Touch Events",
      "text": "The touchend event",
      "url": "https://www.w3.org/TR/touch-events/#the-touchend-event"
    }
  },
  "#the-touchmove-event": {
    "current": {
      "number": "5.7",
      "spec": "Touch Events",
      "text": "The touchmove event",
      "url": "https://w3c.github.io/touch-events/#the-touchmove-event"
    },
    "snapshot": {
      "number": "5.7",
      "spec": "Touch Events",
      "text": "The touchmove event",
      "url": "https://www.w3.org/TR/touch-events/#the-touchmove-event"
    }
  },
  "#the-touchstart-event": {
    "current": {
      "number": "5.5",
      "spec": "Touch Events",
      "text": "The touchstart event",
      "url": "https://w3c.github.io/touch-events/#the-touchstart-event"
    },
    "snapshot": {
      "number": "5.5",
      "spec": "Touch Events",
      "text": "The touchstart event",
      "url": "https://www.w3.org/TR/touch-events/#the-touchstart-event"
    }
  },
  "#title": {
    "current": {
      "number": "",
      "spec": "Touch Events",
      "text": "Touch Events - Level 2",
      "url": "https://w3c.github.io/touch-events/#title"
    }
  },
  "#toc": {
    "current": {
      "number": "",
      "spec": "Touch Events",
      "text": "Table of Contents",
      "url": "https://w3c.github.io/touch-events/#toc"
    },
    "snapshot": {
      "number": "",
      "spec": "Touch Events",
      "text": "Table of Contents",
      "url": "https://www.w3.org/TR/touch-events/#toc"
    }
  },
  "#touch-interface": {
    "current": {
      "number": "3",
      "spec": "Touch Events",
      "text": "Touch Interface",
      "url": "https://w3c.github.io/touch-events/#touch-interface"
    },
    "snapshot": {
      "number": "3",
      "spec": "Touch Events",
      "text": "Touch Interface",
      "url": "https://www.w3.org/TR/touch-events/#touch-interface"
    }
  },
  "#touches-and-targettouches-of-a-touchevent": {
    "current": {
      "number": "5.2.1",
      "spec": "Touch Events",
      "text": "touches and targetTouches of a TouchEvent",
      "url": "https://w3c.github.io/touch-events/#touches-and-targettouches-of-a-touchevent"
    },
    "snapshot": {
      "number": "5.3.1",
      "spec": "Touch Events",
      "text": "touches and targetTouches of a TouchEvent",
      "url": "https://www.w3.org/TR/touch-events/#touches-and-targettouches-of-a-touchevent"
    }
  },
  "#touchevent-implementer-s-note": {
    "current": {
      "number": "5.1",
      "spec": "Touch Events",
      "text": "TouchEvent Implementer's Note",
      "url": "https://w3c.github.io/touch-events/#touchevent-implementer-s-note"
    },
    "snapshot": {
      "number": "5.2",
      "spec": "Touch Events",
      "text": "TouchEvent Implementer's Note",
      "url": "https://www.w3.org/TR/touch-events/#touchevent-implementer-s-note"
    }
  },
  "#touchevent-interface": {
    "current": {
      "number": "5",
      "spec": "Touch Events",
      "text": "TouchEvent Interface",
      "url": "https://w3c.github.io/touch-events/#touchevent-interface"
    },
    "snapshot": {
      "number": "5",
      "spec": "Touch Events",
      "text": "TouchEvent Interface",
      "url": "https://www.w3.org/TR/touch-events/#touchevent-interface"
    }
  },
  "#touchlist-interface": {
    "current": {
      "number": "4",
      "spec": "Touch Events",
      "text": "TouchList Interface",
      "url": "https://w3c.github.io/touch-events/#touchlist-interface"
    },
    "snapshot": {
      "number": "4",
      "spec": "Touch Events",
      "text": "TouchList Interface",
      "url": "https://www.w3.org/TR/touch-events/#touchlist-interface"
    }
  },
  "#usage-examples": {
    "current": {
      "number": "5.2",
      "spec": "Touch Events",
      "text": "Usage Examples",
      "url": "https://w3c.github.io/touch-events/#usage-examples"
    },
    "snapshot": {
      "number": "5.3",
      "spec": "Touch Events",
      "text": "Usage Examples",
      "url": "https://www.w3.org/TR/touch-events/#usage-examples"
    }
  },
  "#w3c-recommendation-10-october-2013": {
    "snapshot": {
      "number": "",
      "spec": "Touch Events",
      "text": "W3C Recommendation 10 October 2013",
      "url": "https://www.w3.org/TR/touch-events/#w3c-recommendation-10-october-2013"
    }
  },
  "#webidl-conform": {
    "snapshot": {
      "number": "",
      "spec": "Touch Events",
      "text": "WebIDL Conformance",
      "url": "https://www.w3.org/TR/touch-events/#webidl-conform"
    }
  },
  "#webidl-conformance": {
    "current": {
      "number": "2.1",
      "spec": "Touch Events",
      "text": "WebIDL Conformance",
      "url": "https://w3c.github.io/touch-events/#webidl-conformance"
    }
  }
}