{
  "#abstract": {
    "current": {
      "number": "",
      "spec": "Notifications API",
      "text": "Abstract",
      "url": "https://notifications.spec.whatwg.org/#abstract"
    }
  },
  "#acknowledgments": {
    "current": {
      "number": "",
      "spec": "Notifications API",
      "text": "Acknowledgments",
      "url": "https://notifications.spec.whatwg.org/#acknowledgments"
    }
  },
  "#activating-a-notification": {
    "current": {
      "number": "2.7",
      "spec": "Notifications API",
      "text": "Activating a notification",
      "url": "https://notifications.spec.whatwg.org/#activating-a-notification"
    }
  },
  "#alerting-the-user": {
    "current": {
      "number": "2.9",
      "spec": "Notifications API",
      "text": "Alerting the user",
      "url": "https://notifications.spec.whatwg.org/#alerting-the-user"
    }
  },
  "#api": {
    "current": {
      "number": "3",
      "spec": "Notifications API",
      "text": "API",
      "url": "https://notifications.spec.whatwg.org/#api"
    }
  },
  "#closing-a-notification": {
    "current": {
      "number": "2.8",
      "spec": "Notifications API",
      "text": "Closing a notification",
      "url": "https://notifications.spec.whatwg.org/#closing-a-notification"
    }
  },
  "#constructors": {
    "current": {
      "number": "3.2",
      "spec": "Notifications API",
      "text": "Constructors",
      "url": "https://notifications.spec.whatwg.org/#constructors"
    }
  },
  "#direction": {
    "current": {
      "number": "2.3",
      "spec": "Notifications API",
      "text": "Direction",
      "url": "https://notifications.spec.whatwg.org/#direction"
    }
  },
  "#examples": {
    "current": {
      "number": "3.5",
      "spec": "Notifications API",
      "text": "Examples",
      "url": "https://notifications.spec.whatwg.org/#examples"
    }
  },
  "#garbage-collection": {
    "current": {
      "number": "3.1",
      "spec": "Notifications API",
      "text": "Garbage collection",
      "url": "https://notifications.spec.whatwg.org/#garbage-collection"
    }
  },
  "#idl-index": {
    "current": {
      "number": "",
      "spec": "Notifications API",
      "text": "IDL Index",
      "url": "https://notifications.spec.whatwg.org/#idl-index"
    }
  },
  "#index": {
    "current": {
      "number": "",
      "spec": "Notifications API",
      "text": "Index",
      "url": "https://notifications.spec.whatwg.org/#index"
    }
  },
  "#index-defined-elsewhere": {
    "current": {
      "number": "",
      "spec": "Notifications API",
      "text": "Terms defined by reference",
      "url": "https://notifications.spec.whatwg.org/#index-defined-elsewhere"
    }
  },
  "#index-defined-here": {
    "current": {
      "number": "",
      "spec": "Notifications API",
      "text": "Terms defined by this specification",
      "url": "https://notifications.spec.whatwg.org/#index-defined-here"
    }
  },
  "#ipr": {
    "current": {
      "number": "",
      "spec": "Notifications API",
      "text": "Intellectual property rights",
      "url": "https://notifications.spec.whatwg.org/#ipr"
    }
  },
  "#language": {
    "current": {
      "number": "2.4",
      "spec": "Notifications API",
      "text": "Language",
      "url": "https://notifications.spec.whatwg.org/#language"
    }
  },
  "#lifetime-and-ui-integrations": {
    "current": {
      "number": "2.1",
      "spec": "Notifications API",
      "text": "Lifetime and UI integration",
      "url": "https://notifications.spec.whatwg.org/#lifetime-and-ui-integrations"
    }
  },
  "#normative": {
    "current": {
      "number": "",
      "spec": "Notifications API",
      "text": "Normative References",
      "url": "https://notifications.spec.whatwg.org/#normative"
    }
  },
  "#notifications": {
    "current": {
      "number": "2",
      "spec": "Notifications API",
      "text": "Notifications",
      "url": "https://notifications.spec.whatwg.org/#notifications"
    }
  },
  "#object-members": {
    "current": {
      "number": "3.4",
      "spec": "Notifications API",
      "text": "Object members",
      "url": "https://notifications.spec.whatwg.org/#object-members"
    }
  },
  "#permissions-integration": {
    "current": {
      "number": "2.2",
      "spec": "Notifications API",
      "text": "Permissions integration",
      "url": "https://notifications.spec.whatwg.org/#permissions-integration"
    }
  },
  "#references": {
    "current": {
      "number": "",
      "spec": "Notifications API",
      "text": "References",
      "url": "https://notifications.spec.whatwg.org/#references"
    }
  },
  "#resources": {
    "current": {
      "number": "2.5",
      "spec": "Notifications API",
      "text": "Resources",
      "url": "https://notifications.spec.whatwg.org/#resources"
    }
  },
  "#service-worker-api": {
    "current": {
      "number": "4",
      "spec": "Notifications API",
      "text": "Service worker API",
      "url": "https://notifications.spec.whatwg.org/#service-worker-api"
    }
  },
  "#showing-a-notification": {
    "current": {
      "number": "2.6",
      "spec": "Notifications API",
      "text": "Showing a notification",
      "url": "https://notifications.spec.whatwg.org/#showing-a-notification"
    }
  },
  "#static-members": {
    "current": {
      "number": "3.3",
      "spec": "Notifications API",
      "text": "Static members",
      "url": "https://notifications.spec.whatwg.org/#static-members"
    }
  },
  "#tags-example": {
    "current": {
      "number": "3.5.3",
      "spec": "Notifications API",
      "text": "Using the tag member for multiple instances",
      "url": "https://notifications.spec.whatwg.org/#tags-example"
    }
  },
  "#terminology": {
    "current": {
      "number": "1",
      "spec": "Notifications API",
      "text": "Terminology",
      "url": "https://notifications.spec.whatwg.org/#terminology"
    }
  },
  "#title": {
    "current": {
      "number": "",
      "spec": "Notifications API",
      "text": "Notifications API",
      "url": "https://notifications.spec.whatwg.org/#title"
    }
  },
  "#toc": {
    "current": {
      "number": "",
      "spec": "Notifications API",
      "text": "Table of Contents",
      "url": "https://notifications.spec.whatwg.org/#toc"
    }
  },
  "#using-actions": {
    "current": {
      "number": "3.5.2",
      "spec": "Notifications API",
      "text": "Using actions from a service worker",
      "url": "https://notifications.spec.whatwg.org/#using-actions"
    }
  },
  "#using-events": {
    "current": {
      "number": "3.5.1",
      "spec": "Notifications API",
      "text": "Using events from a page",
      "url": "https://notifications.spec.whatwg.org/#using-events"
    }
  },
  "#using-the-tag-member-for-a-single-instance": {
    "current": {
      "number": "3.5.4",
      "spec": "Notifications API",
      "text": "Using the tag member for a single instance",
      "url": "https://notifications.spec.whatwg.org/#using-the-tag-member-for-a-single-instance"
    }
  }
}