{
  "#abstract": {
    "current": {
      "number": "",
      "spec": "File System Access",
      "text": "Abstract",
      "url": "https://wicg.github.io/file-system-access/#abstract"
    }
  },
  "#accessibility-considerations": {
    "current": {
      "number": "4",
      "spec": "File System Access",
      "text": "Accessibility Considerations",
      "url": "https://wicg.github.io/file-system-access/#accessibility-considerations"
    }
  },
  "#api-filepickeroptions": {
    "current": {
      "number": "3.2",
      "spec": "File System Access",
      "text": "File picker options",
      "url": "https://wicg.github.io/file-system-access/#api-filepickeroptions"
    }
  },
  "#api-filepickeroptions-starting-directory": {
    "current": {
      "number": "3.2.2",
      "spec": "File System Access",
      "text": "Starting Directory",
      "url": "https://wicg.github.io/file-system-access/#api-filepickeroptions-starting-directory"
    }
  },
  "#api-filepickeroptions-types": {
    "current": {
      "number": "3.2.1",
      "spec": "File System Access",
      "text": "Accepted file types",
      "url": "https://wicg.github.io/file-system-access/#api-filepickeroptions-types"
    }
  },
  "#api-filesystemhandle": {
    "current": {
      "number": "2.3",
      "spec": "File System Access",
      "text": "The FileSystemHandle interface",
      "url": "https://wicg.github.io/file-system-access/#api-filesystemhandle"
    }
  },
  "#api-filesystemhandle-querypermission": {
    "current": {
      "number": "2.3.1",
      "spec": "File System Access",
      "text": "The queryPermission() method",
      "url": "https://wicg.github.io/file-system-access/#api-filesystemhandle-querypermission"
    }
  },
  "#api-filesystemhandle-requestpermission": {
    "current": {
      "number": "2.3.2",
      "spec": "File System Access",
      "text": "The requestPermission() method",
      "url": "https://wicg.github.io/file-system-access/#api-filesystemhandle-requestpermission"
    }
  },
  "#api-showdirectorypicker": {
    "current": {
      "number": "3.5",
      "spec": "File System Access",
      "text": "The showDirectoryPicker() method",
      "url": "https://wicg.github.io/file-system-access/#api-showdirectorypicker"
    }
  },
  "#api-showopenfilepicker": {
    "current": {
      "number": "3.3",
      "spec": "File System Access",
      "text": "The showOpenFilePicker() method",
      "url": "https://wicg.github.io/file-system-access/#api-showopenfilepicker"
    }
  },
  "#api-showsavefilepicker": {
    "current": {
      "number": "3.4",
      "spec": "File System Access",
      "text": "The showSaveFilePicker() method",
      "url": "https://wicg.github.io/file-system-access/#api-showsavefilepicker"
    }
  },
  "#concepts": {
    "current": {
      "number": "2.1",
      "spec": "File System Access",
      "text": "Concepts",
      "url": "https://wicg.github.io/file-system-access/#concepts"
    }
  },
  "#drag-and-drop": {
    "current": {
      "number": "3.6",
      "spec": "File System Access",
      "text": "Drag and Drop",
      "url": "https://wicg.github.io/file-system-access/#drag-and-drop"
    }
  },
  "#files-and-directories": {
    "current": {
      "number": "2",
      "spec": "File System Access",
      "text": "Files and Directories",
      "url": "https://wicg.github.io/file-system-access/#files-and-directories"
    }
  },
  "#filling-up-disk": {
    "current": {
      "number": "6.3",
      "spec": "File System Access",
      "text": "Filling up a users disk",
      "url": "https://wicg.github.io/file-system-access/#filling-up-disk"
    }
  },
  "#idl-index": {
    "current": {
      "number": "",
      "spec": "File System Access",
      "text": "IDL Index",
      "url": "https://wicg.github.io/file-system-access/#idl-index"
    }
  },
  "#index": {
    "current": {
      "number": "",
      "spec": "File System Access",
      "text": "Index",
      "url": "https://wicg.github.io/file-system-access/#index"
    }
  },
  "#index-defined-elsewhere": {
    "current": {
      "number": "",
      "spec": "File System Access",
      "text": "Terms defined by reference",
      "url": "https://wicg.github.io/file-system-access/#index-defined-elsewhere"
    }
  },
  "#index-defined-here": {
    "current": {
      "number": "",
      "spec": "File System Access",
      "text": "Terms defined by this specification",
      "url": "https://wicg.github.io/file-system-access/#index-defined-here"
    }
  },
  "#informative": {
    "current": {
      "number": "",
      "spec": "File System Access",
      "text": "Informative References",
      "url": "https://wicg.github.io/file-system-access/#informative"
    }
  },
  "#introduction": {
    "current": {
      "number": "1",
      "spec": "File System Access",
      "text": "Introduction",
      "url": "https://wicg.github.io/file-system-access/#introduction"
    }
  },
  "#issues-index": {
    "current": {
      "number": "",
      "spec": "File System Access",
      "text": "Issues Index",
      "url": "https://wicg.github.io/file-system-access/#issues-index"
    }
  },
  "#local-file-system-permissions": {
    "current": {
      "number": "3.1",
      "spec": "File System Access",
      "text": "Local File System Permissions",
      "url": "https://wicg.github.io/file-system-access/#local-file-system-permissions"
    }
  },
  "#local-filesystem": {
    "current": {
      "number": "3",
      "spec": "File System Access",
      "text": "Accessing Local File System",
      "url": "https://wicg.github.io/file-system-access/#local-filesystem"
    }
  },
  "#normative": {
    "current": {
      "number": "",
      "spec": "File System Access",
      "text": "Normative References",
      "url": "https://wicg.github.io/file-system-access/#normative"
    }
  },
  "#permissions": {
    "current": {
      "number": "2.2",
      "spec": "File System Access",
      "text": "Permissions",
      "url": "https://wicg.github.io/file-system-access/#permissions"
    }
  },
  "#privacy-considerations": {
    "current": {
      "number": "5",
      "spec": "File System Access",
      "text": "Privacy Considerations",
      "url": "https://wicg.github.io/file-system-access/#privacy-considerations"
    }
  },
  "#privacy-third-party": {
    "current": {
      "number": "5.3",
      "spec": "File System Access",
      "text": "First-party vs third-party contexts.",
      "url": "https://wicg.github.io/file-system-access/#privacy-third-party"
    }
  },
  "#privacy-tracking": {
    "current": {
      "number": "5.2",
      "spec": "File System Access",
      "text": "Websites trying to use this API for tracking.",
      "url": "https://wicg.github.io/file-system-access/#privacy-tracking"
    }
  },
  "#privacy-wide-access": {
    "current": {
      "number": "5.1",
      "spec": "File System Access",
      "text": "Users giving access to more, or more sensitive files than they intended.",
      "url": "https://wicg.github.io/file-system-access/#privacy-wide-access"
    }
  },
  "#references": {
    "current": {
      "number": "",
      "spec": "File System Access",
      "text": "References",
      "url": "https://wicg.github.io/file-system-access/#references"
    }
  },
  "#security-considerations": {
    "current": {
      "number": "6",
      "spec": "File System Access",
      "text": "Security Considerations",
      "url": "https://wicg.github.io/file-system-access/#security-considerations"
    }
  },
  "#security-malware": {
    "current": {
      "number": "6.1",
      "spec": "File System Access",
      "text": "Malware",
      "url": "https://wicg.github.io/file-system-access/#security-malware"
    }
  },
  "#security-ransomware": {
    "current": {
      "number": "6.2",
      "spec": "File System Access",
      "text": "Ransomware attacks",
      "url": "https://wicg.github.io/file-system-access/#security-ransomware"
    }
  },
  "#status": {
    "current": {
      "number": "",
      "spec": "File System Access",
      "text": "Status of this document",
      "url": "https://wicg.github.io/file-system-access/#status"
    }
  },
  "#title": {
    "current": {
      "number": "",
      "spec": "File System Access",
      "text": "File System Access",
      "url": "https://wicg.github.io/file-system-access/#title"
    }
  },
  "#toc": {
    "current": {
      "number": "",
      "spec": "File System Access",
      "text": "Table of Contents",
      "url": "https://wicg.github.io/file-system-access/#toc"
    }
  },
  "#w3c-conformance": {
    "current": {
      "number": "",
      "spec": "File System Access",
      "text": "Conformance",
      "url": "https://wicg.github.io/file-system-access/#w3c-conformance"
    }
  },
  "#w3c-conventions": {
    "current": {
      "number": "",
      "spec": "File System Access",
      "text": "Document conventions",
      "url": "https://wicg.github.io/file-system-access/#w3c-conventions"
    }
  }
}