{
  "#IANA.considerations": {
    "current": {
      "number": "5",
      "spec": "HTTP/1.1 Range Requests",
      "text": "IANA Considerations",
      "url": "https://httpwg.org/specs/rfc7233.html#IANA.considerations"
    }
  },
  "#acks": {
    "current": {
      "number": "7",
      "spec": "HTTP/1.1 Range Requests",
      "text": "Acknowledgments",
      "url": "https://httpwg.org/specs/rfc7233.html#acks"
    }
  },
  "#byte.ranges": {
    "current": {
      "number": "2.1",
      "spec": "HTTP/1.1 Range Requests",
      "text": "Byte Ranges",
      "url": "https://httpwg.org/specs/rfc7233.html#byte.ranges"
    }
  },
  "#changes.from.rfc.2616": {
    "current": {
      "number": "B",
      "spec": "HTTP/1.1 Range Requests",
      "text": "Changes from RFC 2616",
      "url": "https://httpwg.org/specs/rfc7233.html#changes.from.rfc.2616"
    }
  },
  "#collected.abnf": {
    "current": {
      "number": "D",
      "spec": "HTTP/1.1 Range Requests",
      "text": "Collected ABNF",
      "url": "https://httpwg.org/specs/rfc7233.html#collected.abnf"
    }
  },
  "#combining.byte.ranges": {
    "current": {
      "number": "4.3",
      "spec": "HTTP/1.1 Range Requests",
      "text": "Combining Ranges",
      "url": "https://httpwg.org/specs/rfc7233.html#combining.byte.ranges"
    }
  },
  "#conformance": {
    "current": {
      "number": "1.1",
      "spec": "HTTP/1.1 Range Requests",
      "text": "Conformance and Error Handling",
      "url": "https://httpwg.org/specs/rfc7233.html#conformance"
    }
  },
  "#header.accept-ranges": {
    "current": {
      "number": "2.3",
      "spec": "HTTP/1.1 Range Requests",
      "text": "Accept-Ranges",
      "url": "https://httpwg.org/specs/rfc7233.html#header.accept-ranges"
    }
  },
  "#header.content-range": {
    "current": {
      "number": "4.2",
      "spec": "HTTP/1.1 Range Requests",
      "text": "Content-Range",
      "url": "https://httpwg.org/specs/rfc7233.html#header.content-range"
    }
  },
  "#header.field.registration": {
    "current": {
      "number": "5.3",
      "spec": "HTTP/1.1 Range Requests",
      "text": "Header Field Registration",
      "url": "https://httpwg.org/specs/rfc7233.html#header.field.registration"
    }
  },
  "#header.if-range": {
    "current": {
      "number": "3.2",
      "spec": "HTTP/1.1 Range Requests",
      "text": "If-Range",
      "url": "https://httpwg.org/specs/rfc7233.html#header.if-range"
    }
  },
  "#header.range": {
    "current": {
      "number": "3.1",
      "spec": "HTTP/1.1 Range Requests",
      "text": "Range",
      "url": "https://httpwg.org/specs/rfc7233.html#header.range"
    }
  },
  "#imported.abnf": {
    "current": {
      "number": "C",
      "spec": "HTTP/1.1 Range Requests",
      "text": "Imported ABNF",
      "url": "https://httpwg.org/specs/rfc7233.html#imported.abnf"
    }
  },
  "#internet.media.type.http": {
    "current": {
      "number": "5.4",
      "spec": "HTTP/1.1 Range Requests",
      "text": "Internet Media Type Registration",
      "url": "https://httpwg.org/specs/rfc7233.html#internet.media.type.http"
    }
  },
  "#internet.media.type.multipart.byteranges": {
    "current": {
      "number": "A",
      "spec": "HTTP/1.1 Range Requests",
      "text": "Internet Media Type multipart/byteranges",
      "url": "https://httpwg.org/specs/rfc7233.html#internet.media.type.multipart.byteranges"
    }
  },
  "#internet.media.type.multipart.byteranges.reg": {
    "current": {
      "number": "5.4.1",
      "spec": "HTTP/1.1 Range Requests",
      "text": "Internet Media Type multipart/byteranges",
      "url": "https://httpwg.org/specs/rfc7233.html#internet.media.type.multipart.byteranges.reg"
    }
  },
  "#introduction": {
    "current": {
      "number": "1",
      "spec": "HTTP/1.1 Range Requests",
      "text": "Introduction",
      "url": "https://httpwg.org/specs/rfc7233.html#introduction"
    }
  },
  "#notation": {
    "current": {
      "number": "1.2",
      "spec": "HTTP/1.1 Range Requests",
      "text": "Syntax Notation",
      "url": "https://httpwg.org/specs/rfc7233.html#notation"
    }
  },
  "#overlapping.ranges": {
    "current": {
      "number": "6.1",
      "spec": "HTTP/1.1 Range Requests",
      "text": "Denial-of-Service Attacks Using Range",
      "url": "https://httpwg.org/specs/rfc7233.html#overlapping.ranges"
    }
  },
  "#range.requests": {
    "current": {
      "number": "3",
      "spec": "HTTP/1.1 Range Requests",
      "text": "Range Requests",
      "url": "https://httpwg.org/specs/rfc7233.html#range.requests"
    }
  },
  "#range.response": {
    "current": {
      "number": "4",
      "spec": "HTTP/1.1 Range Requests",
      "text": "Responses to a Range Request",
      "url": "https://httpwg.org/specs/rfc7233.html#range.response"
    }
  },
  "#range.unit.registration": {
    "current": {
      "number": "5.1.2",
      "spec": "HTTP/1.1 Range Requests",
      "text": "Registrations",
      "url": "https://httpwg.org/specs/rfc7233.html#range.unit.registration"
    }
  },
  "#range.unit.registry": {
    "current": {
      "number": "5.1",
      "spec": "HTTP/1.1 Range Requests",
      "text": "Range Unit Registry",
      "url": "https://httpwg.org/specs/rfc7233.html#range.unit.registry"
    }
  },
  "#range.unit.registry.procedure": {
    "current": {
      "number": "5.1.1",
      "spec": "HTTP/1.1 Range Requests",
      "text": "Procedure",
      "url": "https://httpwg.org/specs/rfc7233.html#range.unit.registry.procedure"
    }
  },
  "#range.units": {
    "current": {
      "number": "2",
      "spec": "HTTP/1.1 Range Requests",
      "text": "Range Units",
      "url": "https://httpwg.org/specs/rfc7233.html#range.units"
    }
  },
  "#range.units.other": {
    "current": {
      "number": "2.2",
      "spec": "HTTP/1.1 Range Requests",
      "text": "Other Range Units",
      "url": "https://httpwg.org/specs/rfc7233.html#range.units.other"
    }
  },
  "#rfc.abstract": {
    "current": {
      "number": "",
      "spec": "HTTP/1.1 Range Requests",
      "text": "Abstract",
      "url": "https://httpwg.org/specs/rfc7233.html#rfc.abstract"
    }
  },
  "#rfc.references": {
    "current": {
      "number": "8",
      "spec": "HTTP/1.1 Range Requests",
      "text": "References",
      "url": "https://httpwg.org/specs/rfc7233.html#rfc.references"
    }
  },
  "#rfc.section.8.1": {
    "current": {
      "number": "8.1",
      "spec": "HTTP/1.1 Range Requests",
      "text": "Normative References",
      "url": "https://httpwg.org/specs/rfc7233.html#rfc.section.8.1"
    }
  },
  "#rfc.section.8.2": {
    "current": {
      "number": "8.2",
      "spec": "HTTP/1.1 Range Requests",
      "text": "Informative References",
      "url": "https://httpwg.org/specs/rfc7233.html#rfc.section.8.2"
    }
  },
  "#security.considerations": {
    "current": {
      "number": "6",
      "spec": "HTTP/1.1 Range Requests",
      "text": "Security Considerations",
      "url": "https://httpwg.org/specs/rfc7233.html#security.considerations"
    }
  },
  "#status.206": {
    "current": {
      "number": "4.1",
      "spec": "HTTP/1.1 Range Requests",
      "text": "206 Partial Content",
      "url": "https://httpwg.org/specs/rfc7233.html#status.206"
    }
  },
  "#status.416": {
    "current": {
      "number": "4.4",
      "spec": "HTTP/1.1 Range Requests",
      "text": "416 Range Not Satisfiable",
      "url": "https://httpwg.org/specs/rfc7233.html#status.416"
    }
  },
  "#status.code.registration": {
    "current": {
      "number": "5.2",
      "spec": "HTTP/1.1 Range Requests",
      "text": "Status Code Registration",
      "url": "https://httpwg.org/specs/rfc7233.html#status.code.registration"
    }
  }
}