{
  "#abstract": {
    "current": {
      "number": "",
      "spec": "UI Events",
      "text": "Abstract",
      "url": "https://w3c.github.io/uievents/#abstract"
    },
    "snapshot": {
      "number": "",
      "spec": "UI Events",
      "text": "Abstract",
      "url": "https://www.w3.org/TR/uievents/#abstract"
    }
  },
  "#acknowledgements-contributors": {
    "current": {
      "number": "",
      "spec": "UI Events",
      "text": "13. Acknowledgements",
      "url": "https://w3c.github.io/uievents/#acknowledgements-contributors"
    },
    "snapshot": {
      "number": "",
      "spec": "UI Events",
      "text": "13. Acknowledgements",
      "url": "https://www.w3.org/TR/uievents/#acknowledgements-contributors"
    }
  },
  "#cancelability-of-wheel-events": {
    "current": {
      "number": "5.4.2.2",
      "spec": "UI Events",
      "text": "cancelability of wheel events",
      "url": "https://w3c.github.io/uievents/#cancelability-of-wheel-events"
    },
    "snapshot": {
      "number": "5.4.2.2",
      "spec": "UI Events",
      "text": "cancelability of wheel events",
      "url": "https://www.w3.org/TR/uievents/#cancelability-of-wheel-events"
    }
  },
  "#changes-DOMEvents2to3Changes": {
    "current": {
      "number": "12.1",
      "spec": "UI Events",
      "text": "Changes between DOM Level 2 Events and UI Events",
      "url": "https://w3c.github.io/uievents/#changes-DOMEvents2to3Changes"
    },
    "snapshot": {
      "number": "12.1",
      "spec": "UI Events",
      "text": "Changes between DOM Level 2 Events and UI Events",
      "url": "https://www.w3.org/TR/uievents/#changes-DOMEvents2to3Changes"
    }
  },
  "#changes-DOMEvents2to3Changes-event-types": {
    "current": {
      "number": "12.1.2",
      "spec": "UI Events",
      "text": "Changes to DOM Level 2 event types",
      "url": "https://w3c.github.io/uievents/#changes-DOMEvents2to3Changes-event-types"
    },
    "snapshot": {
      "number": "12.1.2",
      "spec": "UI Events",
      "text": "Changes to DOM Level 2 event types",
      "url": "https://www.w3.org/TR/uievents/#changes-DOMEvents2to3Changes-event-types"
    }
  },
  "#changes-DOMEvents2to3Changes-flow": {
    "current": {
      "number": "12.1.1",
      "spec": "UI Events",
      "text": "Changes to DOM Level 2 event flow",
      "url": "https://w3c.github.io/uievents/#changes-DOMEvents2to3Changes-flow"
    },
    "snapshot": {
      "number": "12.1.1",
      "spec": "UI Events",
      "text": "Changes to DOM Level 2 event flow",
      "url": "https://www.w3.org/TR/uievents/#changes-DOMEvents2to3Changes-flow"
    }
  },
  "#changes-DOMLevel2to3Changes": {
    "current": {
      "number": "12.1.3",
      "spec": "UI Events",
      "text": "Changes to DOM Level 2 Events interfaces",
      "url": "https://w3c.github.io/uievents/#changes-DOMLevel2to3Changes"
    },
    "snapshot": {
      "number": "12.1.3",
      "spec": "UI Events",
      "text": "Changes to DOM Level 2 Events interfaces",
      "url": "https://www.w3.org/TR/uievents/#changes-DOMLevel2to3Changes"
    }
  },
  "#changes-DOMLevel3Addons": {
    "current": {
      "number": "12.1.4",
      "spec": "UI Events",
      "text": "New Interfaces",
      "url": "https://w3c.github.io/uievents/#changes-DOMLevel3Addons"
    },
    "snapshot": {
      "number": "12.1.4",
      "spec": "UI Events",
      "text": "New Interfaces",
      "url": "https://www.w3.org/TR/uievents/#changes-DOMLevel3Addons"
    }
  },
  "#changes-drafts": {
    "current": {
      "number": "12.2",
      "spec": "UI Events",
      "text": "Changes between different drafts of UI Events",
      "url": "https://w3c.github.io/uievents/#changes-drafts"
    },
    "snapshot": {
      "number": "12.2",
      "spec": "UI Events",
      "text": "Changes between different drafts of UI Events",
      "url": "https://www.w3.org/TR/uievents/#changes-drafts"
    }
  },
  "#changes-from-earlier-versions": {
    "current": {
      "number": "",
      "spec": "UI Events",
      "text": "12. Changes",
      "url": "https://w3c.github.io/uievents/#changes-from-earlier-versions"
    },
    "snapshot": {
      "number": "",
      "spec": "UI Events",
      "text": "12. Changes",
      "url": "https://www.w3.org/TR/uievents/#changes-from-earlier-versions"
    }
  },
  "#code-examples": {
    "current": {
      "number": "6.2.3",
      "spec": "UI Events",
      "text": "code Examples",
      "url": "https://w3c.github.io/uievents/#code-examples"
    },
    "snapshot": {
      "number": "6.2.3",
      "spec": "UI Events",
      "text": "code Examples",
      "url": "https://www.w3.org/TR/uievents/#code-examples"
    }
  },
  "#code-motivation": {
    "current": {
      "number": "6.2.1",
      "spec": "UI Events",
      "text": "Motivation for the code Attribute",
      "url": "https://w3c.github.io/uievents/#code-motivation"
    },
    "snapshot": {
      "number": "6.2.1",
      "spec": "UI Events",
      "text": "Motivation for the code Attribute",
      "url": "https://www.w3.org/TR/uievents/#code-motivation"
    }
  },
  "#code-virtual-keyboards": {
    "current": {
      "number": "6.2.4",
      "spec": "UI Events",
      "text": "code and Virtual Keyboards",
      "url": "https://w3c.github.io/uievents/#code-virtual-keyboards"
    },
    "snapshot": {
      "number": "6.2.4",
      "spec": "UI Events",
      "text": "code and Virtual Keyboards",
      "url": "https://www.w3.org/TR/uievents/#code-virtual-keyboards"
    }
  },
  "#conf-author-tools": {
    "current": {
      "number": "1.2.2",
      "spec": "UI Events",
      "text": "Authoring tools",
      "url": "https://w3c.github.io/uievents/#conf-author-tools"
    },
    "snapshot": {
      "number": "1.2.2",
      "spec": "UI Events",
      "text": "Authoring tools",
      "url": "https://www.w3.org/TR/uievents/#conf-author-tools"
    }
  },
  "#conf-authors": {
    "current": {
      "number": "1.2.3",
      "spec": "UI Events",
      "text": "Content authors and content",
      "url": "https://w3c.github.io/uievents/#conf-authors"
    },
    "snapshot": {
      "number": "1.2.3",
      "spec": "UI Events",
      "text": "Content authors and content",
      "url": "https://www.w3.org/TR/uievents/#conf-authors"
    }
  },
  "#conf-interactive-ua": {
    "current": {
      "number": "1.2.1",
      "spec": "UI Events",
      "text": "Web browsers and other dynamic or interactive user agents",
      "url": "https://w3c.github.io/uievents/#conf-interactive-ua"
    },
    "snapshot": {
      "number": "1.2.1",
      "spec": "UI Events",
      "text": "Web browsers and other dynamic or interactive user agents",
      "url": "https://www.w3.org/TR/uievents/#conf-interactive-ua"
    }
  },
  "#conf-specs": {
    "current": {
      "number": "1.2.4",
      "spec": "UI Events",
      "text": "Specifications and host languages",
      "url": "https://w3c.github.io/uievents/#conf-specs"
    },
    "snapshot": {
      "number": "1.2.4",
      "spec": "UI Events",
      "text": "Specifications and host languages",
      "url": "https://www.w3.org/TR/uievents/#conf-specs"
    }
  },
  "#determine-keydown-keyup-keyCode": {
    "current": {
      "number": "8.3.1",
      "spec": "UI Events",
      "text": "How to determine keyCode for keydown and keyup events",
      "url": "https://w3c.github.io/uievents/#determine-keydown-keyup-keyCode"
    },
    "snapshot": {
      "number": "8.3.1",
      "spec": "UI Events",
      "text": "How to determine keyCode for keydown and keyup events",
      "url": "https://www.w3.org/TR/uievents/#determine-keydown-keyup-keyCode"
    }
  },
  "#determine-keypress-keyCode": {
    "current": {
      "number": "8.3.2",
      "spec": "UI Events",
      "text": "How to determine keyCode for keypress events",
      "url": "https://w3c.github.io/uievents/#determine-keypress-keyCode"
    },
    "snapshot": {
      "number": "8.3.2",
      "spec": "UI Events",
      "text": "How to determine keyCode for keypress events",
      "url": "https://www.w3.org/TR/uievents/#determine-keypress-keyCode"
    }
  },
  "#dom-event-architecture": {
    "current": {
      "number": "3",
      "spec": "UI Events",
      "text": "DOM Event Architecture",
      "url": "https://w3c.github.io/uievents/#dom-event-architecture"
    },
    "snapshot": {
      "number": "3",
      "spec": "UI Events",
      "text": "DOM Event Architecture",
      "url": "https://www.w3.org/TR/uievents/#dom-event-architecture"
    }
  },
  "#event-constructors": {
    "current": {
      "number": "3.6",
      "spec": "UI Events",
      "text": "Constructing Mouse and Keyboard Events",
      "url": "https://w3c.github.io/uievents/#event-constructors"
    },
    "snapshot": {
      "number": "3.6",
      "spec": "UI Events",
      "text": "Constructing Mouse and Keyboard Events",
      "url": "https://www.w3.org/TR/uievents/#event-constructors"
    }
  },
  "#event-flow": {
    "current": {
      "number": "3.1",
      "spec": "UI Events",
      "text": "Event dispatch and DOM event flow",
      "url": "https://w3c.github.io/uievents/#event-flow"
    },
    "snapshot": {
      "number": "3.1",
      "spec": "UI Events",
      "text": "Event dispatch and DOM event flow",
      "url": "https://www.w3.org/TR/uievents/#event-flow"
    }
  },
  "#event-flow-activation": {
    "current": {
      "number": "3.5",
      "spec": "UI Events",
      "text": "Activation triggers and behavior",
      "url": "https://w3c.github.io/uievents/#event-flow-activation"
    },
    "snapshot": {
      "number": "3.5",
      "spec": "UI Events",
      "text": "Activation triggers and behavior",
      "url": "https://www.w3.org/TR/uievents/#event-flow-activation"
    }
  },
  "#event-flow-default-cancel": {
    "current": {
      "number": "3.2",
      "spec": "UI Events",
      "text": "Default actions and cancelable events",
      "url": "https://w3c.github.io/uievents/#event-flow-default-cancel"
    },
    "snapshot": {
      "number": "3.2",
      "spec": "UI Events",
      "text": "Default actions and cancelable events",
      "url": "https://www.w3.org/TR/uievents/#event-flow-default-cancel"
    }
  },
  "#event-interfaces": {
    "current": {
      "number": "4",
      "spec": "UI Events",
      "text": "Basic Event Interfaces",
      "url": "https://w3c.github.io/uievents/#event-interfaces"
    },
    "snapshot": {
      "number": "4",
      "spec": "UI Events",
      "text": "Basic Event Interfaces",
      "url": "https://www.w3.org/TR/uievents/#event-interfaces"
    }
  },
  "#event-modifier-initializers": {
    "current": {
      "number": "5.3.2",
      "spec": "UI Events",
      "text": "Event Modifier Initializers",
      "url": "https://w3c.github.io/uievents/#event-modifier-initializers"
    },
    "snapshot": {
      "number": "5.3.2",
      "spec": "UI Events",
      "text": "Event Modifier Initializers",
      "url": "https://www.w3.org/TR/uievents/#event-modifier-initializers"
    }
  },
  "#event-type-DOMActivate": {
    "current": {
      "number": "9.1.1.1",
      "spec": "UI Events",
      "text": "DOMActivate",
      "url": "https://w3c.github.io/uievents/#event-type-DOMActivate"
    },
    "snapshot": {
      "number": "9.1.1.1",
      "spec": "UI Events",
      "text": "DOMActivate",
      "url": "https://www.w3.org/TR/uievents/#event-type-DOMActivate"
    }
  },
  "#event-type-DOMAttrModified": {
    "current": {
      "number": "9.5.2.1",
      "spec": "UI Events",
      "text": "DOMAttrModified",
      "url": "https://w3c.github.io/uievents/#event-type-DOMAttrModified"
    },
    "snapshot": {
      "number": "9.5.2.1",
      "spec": "UI Events",
      "text": "DOMAttrModified",
      "url": "https://www.w3.org/TR/uievents/#event-type-DOMAttrModified"
    }
  },
  "#event-type-DOMCharacterDataModified": {
    "current": {
      "number": "9.5.2.2",
      "spec": "UI Events",
      "text": "DOMCharacterDataModified",
      "url": "https://w3c.github.io/uievents/#event-type-DOMCharacterDataModified"
    },
    "snapshot": {
      "number": "9.5.2.2",
      "spec": "UI Events",
      "text": "DOMCharacterDataModified",
      "url": "https://www.w3.org/TR/uievents/#event-type-DOMCharacterDataModified"
    }
  },
  "#event-type-DOMFocusIn": {
    "current": {
      "number": "9.2.1.1",
      "spec": "UI Events",
      "text": "DOMFocusIn",
      "url": "https://w3c.github.io/uievents/#event-type-DOMFocusIn"
    },
    "snapshot": {
      "number": "9.2.1.1",
      "spec": "UI Events",
      "text": "DOMFocusIn",
      "url": "https://www.w3.org/TR/uievents/#event-type-DOMFocusIn"
    }
  },
  "#event-type-DOMFocusOut": {
    "current": {
      "number": "9.2.1.2",
      "spec": "UI Events",
      "text": "DOMFocusOut",
      "url": "https://w3c.github.io/uievents/#event-type-DOMFocusOut"
    },
    "snapshot": {
      "number": "9.2.1.2",
      "spec": "UI Events",
      "text": "DOMFocusOut",
      "url": "https://www.w3.org/TR/uievents/#event-type-DOMFocusOut"
    }
  },
  "#event-type-DOMNodeInserted": {
    "current": {
      "number": "9.5.2.3",
      "spec": "UI Events",
      "text": "DOMNodeInserted",
      "url": "https://w3c.github.io/uievents/#event-type-DOMNodeInserted"
    },
    "snapshot": {
      "number": "9.5.2.3",
      "spec": "UI Events",
      "text": "DOMNodeInserted",
      "url": "https://www.w3.org/TR/uievents/#event-type-DOMNodeInserted"
    }
  },
  "#event-type-DOMNodeInsertedIntoDocument": {
    "current": {
      "number": "9.5.2.4",
      "spec": "UI Events",
      "text": "DOMNodeInsertedIntoDocument",
      "url": "https://w3c.github.io/uievents/#event-type-DOMNodeInsertedIntoDocument"
    },
    "snapshot": {
      "number": "9.5.2.4",
      "spec": "UI Events",
      "text": "DOMNodeInsertedIntoDocument",
      "url": "https://www.w3.org/TR/uievents/#event-type-DOMNodeInsertedIntoDocument"
    }
  },
  "#event-type-DOMNodeRemoved": {
    "current": {
      "number": "9.5.2.5",
      "spec": "UI Events",
      "text": "DOMNodeRemoved",
      "url": "https://w3c.github.io/uievents/#event-type-DOMNodeRemoved"
    },
    "snapshot": {
      "number": "9.5.2.5",
      "spec": "UI Events",
      "text": "DOMNodeRemoved",
      "url": "https://www.w3.org/TR/uievents/#event-type-DOMNodeRemoved"
    }
  },
  "#event-type-DOMNodeRemovedFromDocument": {
    "current": {
      "number": "9.5.2.6",
      "spec": "UI Events",
      "text": "DOMNodeRemovedFromDocument",
      "url": "https://w3c.github.io/uievents/#event-type-DOMNodeRemovedFromDocument"
    },
    "snapshot": {
      "number": "9.5.2.6",
      "spec": "UI Events",
      "text": "DOMNodeRemovedFromDocument",
      "url": "https://www.w3.org/TR/uievents/#event-type-DOMNodeRemovedFromDocument"
    }
  },
  "#event-type-DOMSubtreeModified": {
    "current": {
      "number": "9.5.2.7",
      "spec": "UI Events",
      "text": "DOMSubtreeModified",
      "url": "https://w3c.github.io/uievents/#event-type-DOMSubtreeModified"
    },
    "snapshot": {
      "number": "9.5.2.7",
      "spec": "UI Events",
      "text": "DOMSubtreeModified",
      "url": "https://www.w3.org/TR/uievents/#event-type-DOMSubtreeModified"
    }
  },
  "#event-type-abort": {
    "current": {
      "number": "5.1.2.3",
      "spec": "UI Events",
      "text": "abort",
      "url": "https://w3c.github.io/uievents/#event-type-abort"
    },
    "snapshot": {
      "number": "5.1.2.3",
      "spec": "UI Events",
      "text": "abort",
      "url": "https://www.w3.org/TR/uievents/#event-type-abort"
    }
  },
  "#event-type-auxclick": {
    "current": {
      "number": "5.3.4.1",
      "spec": "UI Events",
      "text": "auxclick",
      "url": "https://w3c.github.io/uievents/#event-type-auxclick"
    },
    "snapshot": {
      "number": "5.3.4.1",
      "spec": "UI Events",
      "text": "auxclick",
      "url": "https://www.w3.org/TR/uievents/#event-type-auxclick"
    }
  },
  "#event-type-beforeinput": {
    "current": {
      "number": "5.5.3.1",
      "spec": "UI Events",
      "text": "beforeinput",
      "url": "https://w3c.github.io/uievents/#event-type-beforeinput"
    },
    "snapshot": {
      "number": "5.5.3.1",
      "spec": "UI Events",
      "text": "beforeinput",
      "url": "https://www.w3.org/TR/uievents/#event-type-beforeinput"
    }
  },
  "#event-type-blur": {
    "current": {
      "number": "5.2.4.1",
      "spec": "UI Events",
      "text": "blur",
      "url": "https://w3c.github.io/uievents/#event-type-blur"
    },
    "snapshot": {
      "number": "5.2.4.1",
      "spec": "UI Events",
      "text": "blur",
      "url": "https://www.w3.org/TR/uievents/#event-type-blur"
    }
  },
  "#event-type-click": {
    "current": {
      "number": "5.3.4.2",
      "spec": "UI Events",
      "text": "click",
      "url": "https://w3c.github.io/uievents/#event-type-click"
    },
    "snapshot": {
      "number": "5.3.4.2",
      "spec": "UI Events",
      "text": "click",
      "url": "https://www.w3.org/TR/uievents/#event-type-click"
    }
  },
  "#event-type-compositionend": {
    "current": {
      "number": "5.7.7.3",
      "spec": "UI Events",
      "text": "compositionend",
      "url": "https://w3c.github.io/uievents/#event-type-compositionend"
    },
    "snapshot": {
      "number": "5.7.7.3",
      "spec": "UI Events",
      "text": "compositionend",
      "url": "https://www.w3.org/TR/uievents/#event-type-compositionend"
    }
  },
  "#event-type-compositionstart": {
    "current": {
      "number": "5.7.7.1",
      "spec": "UI Events",
      "text": "compositionstart",
      "url": "https://w3c.github.io/uievents/#event-type-compositionstart"
    },
    "snapshot": {
      "number": "5.7.7.1",
      "spec": "UI Events",
      "text": "compositionstart",
      "url": "https://www.w3.org/TR/uievents/#event-type-compositionstart"
    }
  },
  "#event-type-compositionupdate": {
    "current": {
      "number": "5.7.7.2",
      "spec": "UI Events",
      "text": "compositionupdate",
      "url": "https://w3c.github.io/uievents/#event-type-compositionupdate"
    },
    "snapshot": {
      "number": "5.7.7.2",
      "spec": "UI Events",
      "text": "compositionupdate",
      "url": "https://www.w3.org/TR/uievents/#event-type-compositionupdate"
    }
  },
  "#event-type-contextmenu": {
    "current": {
      "number": "5.3.4.3",
      "spec": "UI Events",
      "text": "contextmenu",
      "url": "https://w3c.github.io/uievents/#event-type-contextmenu"
    },
    "snapshot": {
      "number": "5.3.4.3",
      "spec": "UI Events",
      "text": "contextmenu",
      "url": "https://www.w3.org/TR/uievents/#event-type-contextmenu"
    }
  },
  "#event-type-dblclick": {
    "current": {
      "number": "5.3.4.4",
      "spec": "UI Events",
      "text": "dblclick",
      "url": "https://w3c.github.io/uievents/#event-type-dblclick"
    },
    "snapshot": {
      "number": "5.3.4.4",
      "spec": "UI Events",
      "text": "dblclick",
      "url": "https://www.w3.org/TR/uievents/#event-type-dblclick"
    }
  },
  "#event-type-error": {
    "current": {
      "number": "5.1.2.4",
      "spec": "UI Events",
      "text": "error",
      "url": "https://w3c.github.io/uievents/#event-type-error"
    },
    "snapshot": {
      "number": "5.1.2.4",
      "spec": "UI Events",
      "text": "error",
      "url": "https://www.w3.org/TR/uievents/#event-type-error"
    }
  },
  "#event-type-focus": {
    "current": {
      "number": "5.2.4.2",
      "spec": "UI Events",
      "text": "focus",
      "url": "https://w3c.github.io/uievents/#event-type-focus"
    },
    "snapshot": {
      "number": "5.2.4.2",
      "spec": "UI Events",
      "text": "focus",
      "url": "https://www.w3.org/TR/uievents/#event-type-focus"
    }
  },
  "#event-type-focusin": {
    "current": {
      "number": "5.2.4.3",
      "spec": "UI Events",
      "text": "focusin",
      "url": "https://w3c.github.io/uievents/#event-type-focusin"
    },
    "snapshot": {
      "number": "5.2.4.3",
      "spec": "UI Events",
      "text": "focusin",
      "url": "https://www.w3.org/TR/uievents/#event-type-focusin"
    }
  },
  "#event-type-focusout": {
    "current": {
      "number": "5.2.4.4",
      "spec": "UI Events",
      "text": "focusout",
      "url": "https://w3c.github.io/uievents/#event-type-focusout"
    },
    "snapshot": {
      "number": "5.2.4.4",
      "spec": "UI Events",
      "text": "focusout",
      "url": "https://www.w3.org/TR/uievents/#event-type-focusout"
    }
  },
  "#event-type-input": {
    "current": {
      "number": "5.5.3.2",
      "spec": "UI Events",
      "text": "input",
      "url": "https://w3c.github.io/uievents/#event-type-input"
    },
    "snapshot": {
      "number": "5.5.3.2",
      "spec": "UI Events",
      "text": "input",
      "url": "https://www.w3.org/TR/uievents/#event-type-input"
    }
  },
  "#event-type-keydown": {
    "current": {
      "number": "5.6.4.1",
      "spec": "UI Events",
      "text": "keydown",
      "url": "https://w3c.github.io/uievents/#event-type-keydown"
    },
    "snapshot": {
      "number": "5.6.4.1",
      "spec": "UI Events",
      "text": "keydown",
      "url": "https://www.w3.org/TR/uievents/#event-type-keydown"
    }
  },
  "#event-type-keypress": {
    "current": {
      "number": "9.3.1.1",
      "spec": "UI Events",
      "text": "keypress",
      "url": "https://w3c.github.io/uievents/#event-type-keypress"
    },
    "snapshot": {
      "number": "9.3.1.1",
      "spec": "UI Events",
      "text": "keypress",
      "url": "https://www.w3.org/TR/uievents/#event-type-keypress"
    }
  },
  "#event-type-keyup": {
    "current": {
      "number": "5.6.4.2",
      "spec": "UI Events",
      "text": "keyup",
      "url": "https://w3c.github.io/uievents/#event-type-keyup"
    },
    "snapshot": {
      "number": "5.6.4.2",
      "spec": "UI Events",
      "text": "keyup",
      "url": "https://www.w3.org/TR/uievents/#event-type-keyup"
    }
  },
  "#event-type-load": {
    "current": {
      "number": "5.1.2.1",
      "spec": "UI Events",
      "text": "load",
      "url": "https://w3c.github.io/uievents/#event-type-load"
    },
    "snapshot": {
      "number": "5.1.2.1",
      "spec": "UI Events",
      "text": "load",
      "url": "https://www.w3.org/TR/uievents/#event-type-load"
    }
  },
  "#event-type-mousedown": {
    "current": {
      "number": "5.3.4.5",
      "spec": "UI Events",
      "text": "mousedown",
      "url": "https://w3c.github.io/uievents/#event-type-mousedown"
    },
    "snapshot": {
      "number": "5.3.4.5",
      "spec": "UI Events",
      "text": "mousedown",
      "url": "https://www.w3.org/TR/uievents/#event-type-mousedown"
    }
  },
  "#event-type-mouseenter": {
    "current": {
      "number": "5.3.4.6",
      "spec": "UI Events",
      "text": "mouseenter",
      "url": "https://w3c.github.io/uievents/#event-type-mouseenter"
    },
    "snapshot": {
      "number": "5.3.4.6",
      "spec": "UI Events",
      "text": "mouseenter",
      "url": "https://www.w3.org/TR/uievents/#event-type-mouseenter"
    }
  },
  "#event-type-mouseleave": {
    "current": {
      "number": "5.3.4.7",
      "spec": "UI Events",
      "text": "mouseleave",
      "url": "https://w3c.github.io/uievents/#event-type-mouseleave"
    },
    "snapshot": {
      "number": "5.3.4.7",
      "spec": "UI Events",
      "text": "mouseleave",
      "url": "https://www.w3.org/TR/uievents/#event-type-mouseleave"
    }
  },
  "#event-type-mousemove": {
    "current": {
      "number": "5.3.4.8",
      "spec": "UI Events",
      "text": "mousemove",
      "url": "https://w3c.github.io/uievents/#event-type-mousemove"
    },
    "snapshot": {
      "number": "5.3.4.8",
      "spec": "UI Events",
      "text": "mousemove",
      "url": "https://www.w3.org/TR/uievents/#event-type-mousemove"
    }
  },
  "#event-type-mouseout": {
    "current": {
      "number": "5.3.4.9",
      "spec": "UI Events",
      "text": "mouseout",
      "url": "https://w3c.github.io/uievents/#event-type-mouseout"
    },
    "snapshot": {
      "number": "5.3.4.9",
      "spec": "UI Events",
      "text": "mouseout",
      "url": "https://www.w3.org/TR/uievents/#event-type-mouseout"
    }
  },
  "#event-type-mouseover": {
    "current": {
      "number": "5.3.4.10",
      "spec": "UI Events",
      "text": "mouseover",
      "url": "https://w3c.github.io/uievents/#event-type-mouseover"
    },
    "snapshot": {
      "number": "5.3.4.10",
      "spec": "UI Events",
      "text": "mouseover",
      "url": "https://www.w3.org/TR/uievents/#event-type-mouseover"
    }
  },
  "#event-type-mouseup": {
    "current": {
      "number": "5.3.4.11",
      "spec": "UI Events",
      "text": "mouseup",
      "url": "https://w3c.github.io/uievents/#event-type-mouseup"
    },
    "snapshot": {
      "number": "5.3.4.11",
      "spec": "UI Events",
      "text": "mouseup",
      "url": "https://www.w3.org/TR/uievents/#event-type-mouseup"
    }
  },
  "#event-type-select": {
    "current": {
      "number": "5.1.2.5",
      "spec": "UI Events",
      "text": "select",
      "url": "https://w3c.github.io/uievents/#event-type-select"
    },
    "snapshot": {
      "number": "5.1.2.5",
      "spec": "UI Events",
      "text": "select",
      "url": "https://www.w3.org/TR/uievents/#event-type-select"
    }
  },
  "#event-type-unload": {
    "current": {
      "number": "5.1.2.2",
      "spec": "UI Events",
      "text": "unload",
      "url": "https://w3c.github.io/uievents/#event-type-unload"
    },
    "snapshot": {
      "number": "5.1.2.2",
      "spec": "UI Events",
      "text": "unload",
      "url": "https://www.w3.org/TR/uievents/#event-type-unload"
    }
  },
  "#event-type-wheel": {
    "current": {
      "number": "5.4.2.1",
      "spec": "UI Events",
      "text": "wheel",
      "url": "https://w3c.github.io/uievents/#event-type-wheel"
    },
    "snapshot": {
      "number": "5.4.2.1",
      "spec": "UI Events",
      "text": "wheel",
      "url": "https://www.w3.org/TR/uievents/#event-type-wheel"
    }
  },
  "#event-types": {
    "current": {
      "number": "5",
      "spec": "UI Events",
      "text": "Event Types",
      "url": "https://w3c.github.io/uievents/#event-types"
    },
    "snapshot": {
      "number": "5",
      "spec": "UI Events",
      "text": "Event Types",
      "url": "https://www.w3.org/TR/uievents/#event-types"
    }
  },
  "#event-types-list": {
    "current": {
      "number": "4.1",
      "spec": "UI Events",
      "text": "List of Event Types",
      "url": "https://w3c.github.io/uievents/#event-types-list"
    },
    "snapshot": {
      "number": "4.1",
      "spec": "UI Events",
      "text": "List of Event Types",
      "url": "https://www.w3.org/TR/uievents/#event-types-list"
    }
  },
  "#events-composition-canceling": {
    "current": {
      "number": "5.7.4",
      "spec": "UI Events",
      "text": "Canceling Composition Events",
      "url": "https://w3c.github.io/uievents/#events-composition-canceling"
    },
    "snapshot": {
      "number": "5.7.4",
      "spec": "UI Events",
      "text": "Canceling Composition Events",
      "url": "https://www.w3.org/TR/uievents/#events-composition-canceling"
    }
  },
  "#events-composition-handwriting": {
    "current": {
      "number": "5.7.3",
      "spec": "UI Events",
      "text": "Handwriting Recognition Systems",
      "url": "https://w3c.github.io/uievents/#events-composition-handwriting"
    },
    "snapshot": {
      "number": "5.7.3",
      "spec": "UI Events",
      "text": "Handwriting Recognition Systems",
      "url": "https://www.w3.org/TR/uievents/#events-composition-handwriting"
    }
  },
  "#events-composition-input-events": {
    "current": {
      "number": "5.7.6",
      "spec": "UI Events",
      "text": "Input Events During Composition",
      "url": "https://w3c.github.io/uievents/#events-composition-input-events"
    },
    "snapshot": {
      "number": "5.7.6",
      "spec": "UI Events",
      "text": "Input Events During Composition",
      "url": "https://www.w3.org/TR/uievents/#events-composition-input-events"
    }
  },
  "#events-composition-key-events": {
    "current": {
      "number": "5.7.5",
      "spec": "UI Events",
      "text": "Key Events During Composition",
      "url": "https://w3c.github.io/uievents/#events-composition-key-events"
    },
    "snapshot": {
      "number": "5.7.5",
      "spec": "UI Events",
      "text": "Key Events During Composition",
      "url": "https://www.w3.org/TR/uievents/#events-composition-key-events"
    }
  },
  "#events-composition-order": {
    "current": {
      "number": "5.7.2",
      "spec": "UI Events",
      "text": "Composition Event Order",
      "url": "https://w3c.github.io/uievents/#events-composition-order"
    },
    "snapshot": {
      "number": "5.7.2",
      "spec": "UI Events",
      "text": "Composition Event Order",
      "url": "https://www.w3.org/TR/uievents/#events-composition-order"
    }
  },
  "#events-composition-types": {
    "current": {
      "number": "5.7.7",
      "spec": "UI Events",
      "text": "Composition Event Types",
      "url": "https://w3c.github.io/uievents/#events-composition-types"
    },
    "snapshot": {
      "number": "5.7.7",
      "spec": "UI Events",
      "text": "Composition Event Types",
      "url": "https://www.w3.org/TR/uievents/#events-composition-types"
    }
  },
  "#events-compositionevents": {
    "current": {
      "number": "5.7",
      "spec": "UI Events",
      "text": "Composition Events",
      "url": "https://w3c.github.io/uievents/#events-compositionevents"
    },
    "snapshot": {
      "number": "5.7",
      "spec": "UI Events",
      "text": "Composition Events",
      "url": "https://www.w3.org/TR/uievents/#events-compositionevents"
    }
  },
  "#events-focus-types": {
    "current": {
      "number": "5.2.4",
      "spec": "UI Events",
      "text": "Focus Event Types",
      "url": "https://w3c.github.io/uievents/#events-focus-types"
    },
    "snapshot": {
      "number": "5.2.4",
      "spec": "UI Events",
      "text": "Focus Event Types",
      "url": "https://www.w3.org/TR/uievents/#events-focus-types"
    }
  },
  "#events-focusevent": {
    "current": {
      "number": "5.2",
      "spec": "UI Events",
      "text": "Focus Events",
      "url": "https://w3c.github.io/uievents/#events-focusevent"
    },
    "snapshot": {
      "number": "5.2",
      "spec": "UI Events",
      "text": "Focus Events",
      "url": "https://www.w3.org/TR/uievents/#events-focusevent"
    }
  },
  "#events-focusevent-doc-focus": {
    "current": {
      "number": "5.2.3",
      "spec": "UI Events",
      "text": "Document Focus and Focus Context",
      "url": "https://w3c.github.io/uievents/#events-focusevent-doc-focus"
    },
    "snapshot": {
      "number": "5.2.3",
      "spec": "UI Events",
      "text": "Document Focus and Focus Context",
      "url": "https://www.w3.org/TR/uievents/#events-focusevent-doc-focus"
    }
  },
  "#events-focusevent-event-order": {
    "current": {
      "number": "5.2.2",
      "spec": "UI Events",
      "text": "Focus Event Order",
      "url": "https://w3c.github.io/uievents/#events-focusevent-event-order"
    },
    "snapshot": {
      "number": "5.2.2",
      "spec": "UI Events",
      "text": "Focus Event Order",
      "url": "https://www.w3.org/TR/uievents/#events-focusevent-event-order"
    }
  },
  "#events-input-types": {
    "current": {
      "number": "5.5.3",
      "spec": "UI Events",
      "text": "Input Event Types",
      "url": "https://w3c.github.io/uievents/#events-input-types"
    },
    "snapshot": {
      "number": "5.5.3",
      "spec": "UI Events",
      "text": "Input Event Types",
      "url": "https://www.w3.org/TR/uievents/#events-input-types"
    }
  },
  "#events-inputevent-event-order": {
    "current": {
      "number": "5.5.2",
      "spec": "UI Events",
      "text": "Input Event Order",
      "url": "https://w3c.github.io/uievents/#events-inputevent-event-order"
    },
    "snapshot": {
      "number": "5.5.2",
      "spec": "UI Events",
      "text": "Input Event Order",
      "url": "https://www.w3.org/TR/uievents/#events-inputevent-event-order"
    }
  },
  "#events-inputevents": {
    "current": {
      "number": "5.5",
      "spec": "UI Events",
      "text": "Input Events",
      "url": "https://w3c.github.io/uievents/#events-inputevents"
    },
    "snapshot": {
      "number": "5.5",
      "spec": "UI Events",
      "text": "Input Events",
      "url": "https://www.w3.org/TR/uievents/#events-inputevents"
    }
  },
  "#events-keyboard-event-order": {
    "current": {
      "number": "5.6.3",
      "spec": "UI Events",
      "text": "Keyboard Event Order",
      "url": "https://w3c.github.io/uievents/#events-keyboard-event-order"
    },
    "snapshot": {
      "number": "5.6.3",
      "spec": "UI Events",
      "text": "Keyboard Event Order",
      "url": "https://www.w3.org/TR/uievents/#events-keyboard-event-order"
    }
  },
  "#events-keyboard-key-location": {
    "current": {
      "number": "5.6.2",
      "spec": "UI Events",
      "text": "Keyboard Event Key Location",
      "url": "https://w3c.github.io/uievents/#events-keyboard-key-location"
    },
    "snapshot": {
      "number": "5.6.2",
      "spec": "UI Events",
      "text": "Keyboard Event Key Location",
      "url": "https://www.w3.org/TR/uievents/#events-keyboard-key-location"
    }
  },
  "#events-keyboard-types": {
    "current": {
      "number": "5.6.4",
      "spec": "UI Events",
      "text": "Keyboard Event Types",
      "url": "https://w3c.github.io/uievents/#events-keyboard-types"
    },
    "snapshot": {
      "number": "5.6.4",
      "spec": "UI Events",
      "text": "Keyboard Event Types",
      "url": "https://www.w3.org/TR/uievents/#events-keyboard-types"
    }
  },
  "#events-keyboardevents": {
    "current": {
      "number": "5.6",
      "spec": "UI Events",
      "text": "Keyboard Events",
      "url": "https://w3c.github.io/uievents/#events-keyboardevents"
    },
    "snapshot": {
      "number": "5.6",
      "spec": "UI Events",
      "text": "Keyboard Events",
      "url": "https://www.w3.org/TR/uievents/#events-keyboardevents"
    }
  },
  "#events-mouse-types": {
    "current": {
      "number": "5.3.4",
      "spec": "UI Events",
      "text": "Mouse Event Types",
      "url": "https://w3c.github.io/uievents/#events-mouse-types"
    },
    "snapshot": {
      "number": "5.3.4",
      "spec": "UI Events",
      "text": "Mouse Event Types",
      "url": "https://www.w3.org/TR/uievents/#events-mouse-types"
    }
  },
  "#events-mouseevent-event-order": {
    "current": {
      "number": "5.3.3",
      "spec": "UI Events",
      "text": "Mouse Event Order",
      "url": "https://w3c.github.io/uievents/#events-mouseevent-event-order"
    },
    "snapshot": {
      "number": "5.3.3",
      "spec": "UI Events",
      "text": "Mouse Event Order",
      "url": "https://www.w3.org/TR/uievents/#events-mouseevent-event-order"
    }
  },
  "#events-mouseevents": {
    "current": {
      "number": "5.3",
      "spec": "UI Events",
      "text": "Mouse Events",
      "url": "https://w3c.github.io/uievents/#events-mouseevents"
    },
    "snapshot": {
      "number": "5.3",
      "spec": "UI Events",
      "text": "Mouse Events",
      "url": "https://www.w3.org/TR/uievents/#events-mouseevents"
    }
  },
  "#events-uievent-types": {
    "current": {
      "number": "5.1.2",
      "spec": "UI Events",
      "text": "UI Event Types",
      "url": "https://w3c.github.io/uievents/#events-uievent-types"
    },
    "snapshot": {
      "number": "5.1.2",
      "spec": "UI Events",
      "text": "UI Event Types",
      "url": "https://www.w3.org/TR/uievents/#events-uievent-types"
    }
  },
  "#events-uievents": {
    "current": {
      "number": "5.1",
      "spec": "UI Events",
      "text": "User Interface Events",
      "url": "https://w3c.github.io/uievents/#events-uievents"
    },
    "snapshot": {
      "number": "5.1",
      "spec": "UI Events",
      "text": "User Interface Events",
      "url": "https://www.w3.org/TR/uievents/#events-uievents"
    }
  },
  "#events-wheel-types": {
    "current": {
      "number": "5.4.2",
      "spec": "UI Events",
      "text": "Wheel Event Types",
      "url": "https://w3c.github.io/uievents/#events-wheel-types"
    },
    "snapshot": {
      "number": "5.4.2",
      "spec": "UI Events",
      "text": "Wheel Event Types",
      "url": "https://www.w3.org/TR/uievents/#events-wheel-types"
    }
  },
  "#events-wheelevents": {
    "current": {
      "number": "5.4",
      "spec": "UI Events",
      "text": "Wheel Events",
      "url": "https://w3c.github.io/uievents/#events-wheelevents"
    },
    "snapshot": {
      "number": "5.4",
      "spec": "UI Events",
      "text": "Wheel Events",
      "url": "https://www.w3.org/TR/uievents/#events-wheelevents"
    }
  },
  "#extending-events": {
    "current": {
      "number": "",
      "spec": "UI Events",
      "text": "10. Extending Events",
      "url": "https://w3c.github.io/uievents/#extending-events"
    },
    "snapshot": {
      "number": "",
      "spec": "UI Events",
      "text": "10. Extending Events",
      "url": "https://www.w3.org/TR/uievents/#extending-events"
    }
  },
  "#extending-events-Custom_Events": {
    "current": {
      "number": "10.2",
      "spec": "UI Events",
      "text": "Custom Events",
      "url": "https://w3c.github.io/uievents/#extending-events-Custom_Events"
    },
    "snapshot": {
      "number": "10.2",
      "spec": "UI Events",
      "text": "Custom Events",
      "url": "https://www.w3.org/TR/uievents/#extending-events-Custom_Events"
    }
  },
  "#extending-events-Impl_Extensions": {
    "current": {
      "number": "10.3",
      "spec": "UI Events",
      "text": "Implementation-Specific Extensions",
      "url": "https://w3c.github.io/uievents/#extending-events-Impl_Extensions"
    },
    "snapshot": {
      "number": "10.3",
      "spec": "UI Events",
      "text": "Implementation-Specific Extensions",
      "url": "https://www.w3.org/TR/uievents/#extending-events-Impl_Extensions"
    }
  },
  "#extending-events-intro": {
    "current": {
      "number": "10.1",
      "spec": "UI Events",
      "text": "Introduction",
      "url": "https://w3c.github.io/uievents/#extending-events-intro"
    },
    "snapshot": {
      "number": "10.1",
      "spec": "UI Events",
      "text": "Introduction",
      "url": "https://www.w3.org/TR/uievents/#extending-events-intro"
    }
  },
  "#extending-events-prefixes": {
    "current": {
      "number": "10.3.1",
      "spec": "UI Events",
      "text": "Known Implementation-Specific Prefixes",
      "url": "https://w3c.github.io/uievents/#extending-events-prefixes"
    },
    "snapshot": {
      "number": "10.3.1",
      "spec": "UI Events",
      "text": "Known Implementation-Specific Prefixes",
      "url": "https://www.w3.org/TR/uievents/#extending-events-prefixes"
    }
  },
  "#fixed-virtual-key-codes": {
    "current": {
      "number": "8.3.3",
      "spec": "UI Events",
      "text": "Fixed virtual key codes",
      "url": "https://w3c.github.io/uievents/#fixed-virtual-key-codes"
    },
    "snapshot": {
      "number": "8.3.3",
      "spec": "UI Events",
      "text": "Fixed virtual key codes",
      "url": "https://www.w3.org/TR/uievents/#fixed-virtual-key-codes"
    }
  },
  "#glossary": {
    "current": {
      "number": "",
      "spec": "UI Events",
      "text": "14. Glossary",
      "url": "https://w3c.github.io/uievents/#glossary"
    },
    "snapshot": {
      "number": "",
      "spec": "UI Events",
      "text": "14. Glossary",
      "url": "https://www.w3.org/TR/uievents/#glossary"
    }
  },
  "#idl-compositionevent": {
    "current": {
      "number": "5.7.1.1",
      "spec": "UI Events",
      "text": "CompositionEvent",
      "url": "https://w3c.github.io/uievents/#idl-compositionevent"
    },
    "snapshot": {
      "number": "5.7.1.1",
      "spec": "UI Events",
      "text": "CompositionEvent",
      "url": "https://www.w3.org/TR/uievents/#idl-compositionevent"
    }
  },
  "#idl-compositioneventinit": {
    "current": {
      "number": "5.7.1.2",
      "spec": "UI Events",
      "text": "CompositionEventInit",
      "url": "https://w3c.github.io/uievents/#idl-compositioneventinit"
    },
    "snapshot": {
      "number": "5.7.1.2",
      "spec": "UI Events",
      "text": "CompositionEventInit",
      "url": "https://www.w3.org/TR/uievents/#idl-compositioneventinit"
    }
  },
  "#idl-focusevent": {
    "current": {
      "number": "5.2.1.1",
      "spec": "UI Events",
      "text": "FocusEvent",
      "url": "https://w3c.github.io/uievents/#idl-focusevent"
    },
    "snapshot": {
      "number": "5.2.1.1",
      "spec": "UI Events",
      "text": "FocusEvent",
      "url": "https://www.w3.org/TR/uievents/#idl-focusevent"
    }
  },
  "#idl-focuseventinit": {
    "current": {
      "number": "5.2.1.2",
      "spec": "UI Events",
      "text": "FocusEventInit",
      "url": "https://w3c.github.io/uievents/#idl-focuseventinit"
    },
    "snapshot": {
      "number": "5.2.1.2",
      "spec": "UI Events",
      "text": "FocusEventInit",
      "url": "https://www.w3.org/TR/uievents/#idl-focuseventinit"
    }
  },
  "#idl-index": {
    "current": {
      "number": "",
      "spec": "UI Events",
      "text": "IDL Index",
      "url": "https://w3c.github.io/uievents/#idl-index"
    },
    "snapshot": {
      "number": "",
      "spec": "UI Events",
      "text": "IDL Index",
      "url": "https://www.w3.org/TR/uievents/#idl-index"
    }
  },
  "#idl-inputevent": {
    "current": {
      "number": "5.5.1.1",
      "spec": "UI Events",
      "text": "InputEvent",
      "url": "https://w3c.github.io/uievents/#idl-inputevent"
    },
    "snapshot": {
      "number": "5.5.1.1",
      "spec": "UI Events",
      "text": "InputEvent",
      "url": "https://www.w3.org/TR/uievents/#idl-inputevent"
    }
  },
  "#idl-inputeventinit": {
    "current": {
      "number": "5.5.1.2",
      "spec": "UI Events",
      "text": "InputEventInit",
      "url": "https://w3c.github.io/uievents/#idl-inputeventinit"
    },
    "snapshot": {
      "number": "5.5.1.2",
      "spec": "UI Events",
      "text": "InputEventInit",
      "url": "https://www.w3.org/TR/uievents/#idl-inputeventinit"
    }
  },
  "#idl-interface-CompositionEvent-initializers": {
    "current": {
      "number": "7.1.4",
      "spec": "UI Events",
      "text": "Initializers for interface CompositionEvent",
      "url": "https://w3c.github.io/uievents/#idl-interface-CompositionEvent-initializers"
    },
    "snapshot": {
      "number": "7.1.4",
      "spec": "UI Events",
      "text": "Initializers for interface CompositionEvent",
      "url": "https://www.w3.org/TR/uievents/#idl-interface-CompositionEvent-initializers"
    }
  },
  "#idl-interface-KeyboardEvent-initializers": {
    "current": {
      "number": "7.1.3",
      "spec": "UI Events",
      "text": "Initializers for interface KeyboardEvent",
      "url": "https://w3c.github.io/uievents/#idl-interface-KeyboardEvent-initializers"
    },
    "snapshot": {
      "number": "7.1.3",
      "spec": "UI Events",
      "text": "Initializers for interface KeyboardEvent",
      "url": "https://www.w3.org/TR/uievents/#idl-interface-KeyboardEvent-initializers"
    }
  },
  "#idl-interface-MouseEvent-initializers": {
    "current": {
      "number": "7.1.2",
      "spec": "UI Events",
      "text": "Initializers for interface MouseEvent",
      "url": "https://w3c.github.io/uievents/#idl-interface-MouseEvent-initializers"
    },
    "snapshot": {
      "number": "7.1.2",
      "spec": "UI Events",
      "text": "Initializers for interface MouseEvent",
      "url": "https://www.w3.org/TR/uievents/#idl-interface-MouseEvent-initializers"
    }
  },
  "#idl-interface-UIEvent-initializers": {
    "current": {
      "number": "7.1.1",
      "spec": "UI Events",
      "text": "Initializers for interface UIEvent",
      "url": "https://w3c.github.io/uievents/#idl-interface-UIEvent-initializers"
    },
    "snapshot": {
      "number": "7.1.1",
      "spec": "UI Events",
      "text": "Initializers for interface UIEvent",
      "url": "https://www.w3.org/TR/uievents/#idl-interface-UIEvent-initializers"
    }
  },
  "#idl-keyboardevent": {
    "current": {
      "number": "5.6.1.1",
      "spec": "UI Events",
      "text": "KeyboardEvent",
      "url": "https://w3c.github.io/uievents/#idl-keyboardevent"
    },
    "snapshot": {
      "number": "5.6.1.1",
      "spec": "UI Events",
      "text": "KeyboardEvent",
      "url": "https://www.w3.org/TR/uievents/#idl-keyboardevent"
    }
  },
  "#idl-keyboardeventinit": {
    "current": {
      "number": "5.6.1.2",
      "spec": "UI Events",
      "text": "KeyboardEventInit",
      "url": "https://w3c.github.io/uievents/#idl-keyboardeventinit"
    },
    "snapshot": {
      "number": "5.6.1.2",
      "spec": "UI Events",
      "text": "KeyboardEventInit",
      "url": "https://www.w3.org/TR/uievents/#idl-keyboardeventinit"
    }
  },
  "#idl-mouseevent": {
    "current": {
      "number": "5.3.1.1",
      "spec": "UI Events",
      "text": "MouseEvent",
      "url": "https://w3c.github.io/uievents/#idl-mouseevent"
    },
    "snapshot": {
      "number": "5.3.1.1",
      "spec": "UI Events",
      "text": "MouseEvent",
      "url": "https://www.w3.org/TR/uievents/#idl-mouseevent"
    }
  },
  "#idl-mouseeventinit": {
    "current": {
      "number": "5.3.1.2",
      "spec": "UI Events",
      "text": "MouseEventInit",
      "url": "https://w3c.github.io/uievents/#idl-mouseeventinit"
    },
    "snapshot": {
      "number": "5.3.1.2",
      "spec": "UI Events",
      "text": "MouseEventInit",
      "url": "https://www.w3.org/TR/uievents/#idl-mouseeventinit"
    }
  },
  "#idl-uievent": {
    "current": {
      "number": "5.1.1.1",
      "spec": "UI Events",
      "text": "UIEvent",
      "url": "https://w3c.github.io/uievents/#idl-uievent"
    },
    "snapshot": {
      "number": "5.1.1.1",
      "spec": "UI Events",
      "text": "UIEvent",
      "url": "https://www.w3.org/TR/uievents/#idl-uievent"
    }
  },
  "#idl-uieventinit": {
    "current": {
      "number": "5.1.1.2",
      "spec": "UI Events",
      "text": "UIEventInit",
      "url": "https://w3c.github.io/uievents/#idl-uieventinit"
    },
    "snapshot": {
      "number": "5.1.1.2",
      "spec": "UI Events",
      "text": "UIEventInit",
      "url": "https://www.w3.org/TR/uievents/#idl-uieventinit"
    }
  },
  "#idl-wheelevent": {
    "current": {
      "number": "5.4.1.1",
      "spec": "UI Events",
      "text": "WheelEvent",
      "url": "https://w3c.github.io/uievents/#idl-wheelevent"
    },
    "snapshot": {
      "number": "5.4.1.1",
      "spec": "UI Events",
      "text": "WheelEvent",
      "url": "https://www.w3.org/TR/uievents/#idl-wheelevent"
    }
  },
  "#idl-wheeleventinit": {
    "current": {
      "number": "5.4.1.2",
      "spec": "UI Events",
      "text": "WheelEventInit",
      "url": "https://w3c.github.io/uievents/#idl-wheeleventinit"
    },
    "snapshot": {
      "number": "5.4.1.2",
      "spec": "UI Events",
      "text": "WheelEventInit",
      "url": "https://www.w3.org/TR/uievents/#idl-wheeleventinit"
    }
  },
  "#index": {
    "current": {
      "number": "",
      "spec": "UI Events",
      "text": "Index",
      "url": "https://w3c.github.io/uievents/#index"
    },
    "snapshot": {
      "number": "",
      "spec": "UI Events",
      "text": "Index",
      "url": "https://www.w3.org/TR/uievents/#index"
    }
  },
  "#index-defined-elsewhere": {
    "current": {
      "number": "",
      "spec": "UI Events",
      "text": "Terms defined by reference",
      "url": "https://w3c.github.io/uievents/#index-defined-elsewhere"
    },
    "snapshot": {
      "number": "",
      "spec": "UI Events",
      "text": "Terms defined by reference",
      "url": "https://www.w3.org/TR/uievents/#index-defined-elsewhere"
    }
  },
  "#index-defined-here": {
    "current": {
      "number": "",
      "spec": "UI Events",
      "text": "Terms defined by this specification",
      "url": "https://w3c.github.io/uievents/#index-defined-here"
    },
    "snapshot": {
      "number": "",
      "spec": "UI Events",
      "text": "Terms defined by this specification",
      "url": "https://www.w3.org/TR/uievents/#index-defined-here"
    }
  },
  "#informative": {
    "current": {
      "number": "",
      "spec": "UI Events",
      "text": "Informative References",
      "url": "https://w3c.github.io/uievents/#informative"
    },
    "snapshot": {
      "number": "",
      "spec": "UI Events",
      "text": "Informative References",
      "url": "https://www.w3.org/TR/uievents/#informative"
    }
  },
  "#interface-compositionevent": {
    "current": {
      "number": "5.7.1",
      "spec": "UI Events",
      "text": "Interface CompositionEvent",
      "url": "https://w3c.github.io/uievents/#interface-compositionevent"
    },
    "snapshot": {
      "number": "5.7.1",
      "spec": "UI Events",
      "text": "Interface CompositionEvent",
      "url": "https://www.w3.org/TR/uievents/#interface-compositionevent"
    }
  },
  "#interface-focusevent": {
    "current": {
      "number": "5.2.1",
      "spec": "UI Events",
      "text": "Interface FocusEvent",
      "url": "https://w3c.github.io/uievents/#interface-focusevent"
    },
    "snapshot": {
      "number": "5.2.1",
      "spec": "UI Events",
      "text": "Interface FocusEvent",
      "url": "https://www.w3.org/TR/uievents/#interface-focusevent"
    }
  },
  "#interface-inputevent": {
    "current": {
      "number": "5.5.1",
      "spec": "UI Events",
      "text": "Interface InputEvent",
      "url": "https://w3c.github.io/uievents/#interface-inputevent"
    },
    "snapshot": {
      "number": "5.5.1",
      "spec": "UI Events",
      "text": "Interface InputEvent",
      "url": "https://www.w3.org/TR/uievents/#interface-inputevent"
    }
  },
  "#interface-keyboardevent": {
    "current": {
      "number": "5.6.1",
      "spec": "UI Events",
      "text": "Interface KeyboardEvent",
      "url": "https://w3c.github.io/uievents/#interface-keyboardevent"
    },
    "snapshot": {
      "number": "5.6.1",
      "spec": "UI Events",
      "text": "Interface KeyboardEvent",
      "url": "https://www.w3.org/TR/uievents/#interface-keyboardevent"
    }
  },
  "#interface-mouseevent": {
    "current": {
      "number": "5.3.1",
      "spec": "UI Events",
      "text": "Interface MouseEvent",
      "url": "https://w3c.github.io/uievents/#interface-mouseevent"
    },
    "snapshot": {
      "number": "5.3.1",
      "spec": "UI Events",
      "text": "Interface MouseEvent",
      "url": "https://www.w3.org/TR/uievents/#interface-mouseevent"
    }
  },
  "#interface-mutationevent": {
    "current": {
      "number": "9.5.1",
      "spec": "UI Events",
      "text": "Interface MutationEvent",
      "url": "https://w3c.github.io/uievents/#interface-mutationevent"
    },
    "snapshot": {
      "number": "9.5.1",
      "spec": "UI Events",
      "text": "Interface MutationEvent",
      "url": "https://www.w3.org/TR/uievents/#interface-mutationevent"
    }
  },
  "#interface-uievent": {
    "current": {
      "number": "5.1.1",
      "spec": "UI Events",
      "text": "Interface UIEvent",
      "url": "https://w3c.github.io/uievents/#interface-uievent"
    },
    "snapshot": {
      "number": "5.1.1",
      "spec": "UI Events",
      "text": "Interface UIEvent",
      "url": "https://www.w3.org/TR/uievents/#interface-uievent"
    }
  },
  "#interface-wheelevent": {
    "current": {
      "number": "5.4.1",
      "spec": "UI Events",
      "text": "Interface WheelEvent",
      "url": "https://w3c.github.io/uievents/#interface-wheelevent"
    },
    "snapshot": {
      "number": "5.4.1",
      "spec": "UI Events",
      "text": "Interface WheelEvent",
      "url": "https://www.w3.org/TR/uievents/#interface-wheelevent"
    }
  },
  "#issues-index": {
    "current": {
      "number": "",
      "spec": "UI Events",
      "text": "Issues Index",
      "url": "https://w3c.github.io/uievents/#issues-index"
    },
    "snapshot": {
      "number": "",
      "spec": "UI Events",
      "text": "Issues Index",
      "url": "https://www.w3.org/TR/uievents/#issues-index"
    }
  },
  "#key-legends": {
    "current": {
      "number": "6.1.1",
      "spec": "UI Events",
      "text": "Key Legends",
      "url": "https://w3c.github.io/uievents/#key-legends"
    },
    "snapshot": {
      "number": "6.1.1",
      "spec": "UI Events",
      "text": "Key Legends",
      "url": "https://www.w3.org/TR/uievents/#key-legends"
    }
  },
  "#keyboard-input": {
    "current": {
      "number": "6.1",
      "spec": "UI Events",
      "text": "Keyboard Input",
      "url": "https://w3c.github.io/uievents/#keyboard-input"
    },
    "snapshot": {
      "number": "6.1",
      "spec": "UI Events",
      "text": "Keyboard Input",
      "url": "https://www.w3.org/TR/uievents/#keyboard-input"
    }
  },
  "#keypress-event-order": {
    "current": {
      "number": "9.3.2",
      "spec": "UI Events",
      "text": "keypress event order",
      "url": "https://w3c.github.io/uievents/#keypress-event-order"
    },
    "snapshot": {
      "number": "9.3.2",
      "spec": "UI Events",
      "text": "keypress event order",
      "url": "https://www.w3.org/TR/uievents/#keypress-event-order"
    }
  },
  "#keys": {
    "current": {
      "number": "6",
      "spec": "UI Events",
      "text": "Keyboard events and key values",
      "url": "https://w3c.github.io/uievents/#keys"
    },
    "snapshot": {
      "number": "6",
      "spec": "UI Events",
      "text": "Keyboard events and key values",
      "url": "https://www.w3.org/TR/uievents/#keys"
    }
  },
  "#keys-IME": {
    "current": {
      "number": "6.3.3",
      "spec": "UI Events",
      "text": "Input Method Editors",
      "url": "https://w3c.github.io/uievents/#keys-IME"
    },
    "snapshot": {
      "number": "6.3.3",
      "spec": "UI Events",
      "text": "Input Method Editors",
      "url": "https://www.w3.org/TR/uievents/#keys-IME"
    }
  },
  "#keys-IME-keys": {
    "current": {
      "number": "6.3.3.1",
      "spec": "UI Events",
      "text": "Input Method Editor mode keys",
      "url": "https://w3c.github.io/uievents/#keys-IME-keys"
    },
    "snapshot": {
      "number": "6.3.3.1",
      "spec": "UI Events",
      "text": "Input Method Editor mode keys",
      "url": "https://www.w3.org/TR/uievents/#keys-IME-keys"
    }
  },
  "#keys-cancelable-keys": {
    "current": {
      "number": "6.3.4",
      "spec": "UI Events",
      "text": "Default actions and cancelable keyboard events",
      "url": "https://w3c.github.io/uievents/#keys-cancelable-keys"
    },
    "snapshot": {
      "number": "6.3.4",
      "spec": "UI Events",
      "text": "Default actions and cancelable keyboard events",
      "url": "https://www.w3.org/TR/uievents/#keys-cancelable-keys"
    }
  },
  "#keys-codevalues": {
    "current": {
      "number": "6.2",
      "spec": "UI Events",
      "text": "Key codes",
      "url": "https://w3c.github.io/uievents/#keys-codevalues"
    },
    "snapshot": {
      "number": "6.2",
      "spec": "UI Events",
      "text": "Key codes",
      "url": "https://www.w3.org/TR/uievents/#keys-codevalues"
    }
  },
  "#keys-dead": {
    "current": {
      "number": "6.3.2",
      "spec": "UI Events",
      "text": "Dead keys",
      "url": "https://w3c.github.io/uievents/#keys-dead"
    },
    "snapshot": {
      "number": "6.3.2",
      "spec": "UI Events",
      "text": "Dead keys",
      "url": "https://www.w3.org/TR/uievents/#keys-dead"
    }
  },
  "#keys-keyvalues": {
    "current": {
      "number": "6.3",
      "spec": "UI Events",
      "text": "Keyboard Event key Values",
      "url": "https://w3c.github.io/uievents/#keys-keyvalues"
    },
    "snapshot": {
      "number": "6.3",
      "spec": "UI Events",
      "text": "Keyboard Event key Values",
      "url": "https://www.w3.org/TR/uievents/#keys-keyvalues"
    }
  },
  "#keys-modifiers": {
    "current": {
      "number": "6.3.1",
      "spec": "UI Events",
      "text": "Modifier keys",
      "url": "https://w3c.github.io/uievents/#keys-modifiers"
    },
    "snapshot": {
      "number": "6.3.1",
      "spec": "UI Events",
      "text": "Modifier keys",
      "url": "https://www.w3.org/TR/uievents/#keys-modifiers"
    }
  },
  "#legacy-KeyboardEvent": {
    "current": {
      "number": "8.2",
      "spec": "UI Events",
      "text": "Legacy KeyboardEvent supplemental interface",
      "url": "https://w3c.github.io/uievents/#legacy-KeyboardEvent"
    },
    "snapshot": {
      "number": "8.2",
      "spec": "UI Events",
      "text": "Legacy KeyboardEvent supplemental interface",
      "url": "https://www.w3.org/TR/uievents/#legacy-KeyboardEvent"
    }
  },
  "#legacy-UIEvent": {
    "current": {
      "number": "8.1",
      "spec": "UI Events",
      "text": "Legacy UIEvent supplemental interface",
      "url": "https://w3c.github.io/uievents/#legacy-UIEvent"
    },
    "snapshot": {
      "number": "8.1",
      "spec": "UI Events",
      "text": "Legacy UIEvent supplemental interface",
      "url": "https://www.w3.org/TR/uievents/#legacy-UIEvent"
    }
  },
  "#legacy-dictionary-KeyboardEventInit": {
    "current": {
      "number": "8.2.2",
      "spec": "UI Events",
      "text": "Interface KeyboardEventInit (supplemental)",
      "url": "https://w3c.github.io/uievents/#legacy-dictionary-KeyboardEventInit"
    },
    "snapshot": {
      "number": "8.2.2",
      "spec": "UI Events",
      "text": "Interface KeyboardEventInit (supplemental)",
      "url": "https://www.w3.org/TR/uievents/#legacy-dictionary-KeyboardEventInit"
    }
  },
  "#legacy-dictionary-UIEventInit": {
    "current": {
      "number": "8.1.2",
      "spec": "UI Events",
      "text": "Interface UIEventInit (supplemental)",
      "url": "https://w3c.github.io/uievents/#legacy-dictionary-UIEventInit"
    },
    "snapshot": {
      "number": "8.1.2",
      "spec": "UI Events",
      "text": "Interface UIEventInit (supplemental)",
      "url": "https://www.w3.org/TR/uievents/#legacy-dictionary-UIEventInit"
    }
  },
  "#legacy-event-initializer-interfaces": {
    "current": {
      "number": "7.1",
      "spec": "UI Events",
      "text": "Legacy Event Initializer Interfaces",
      "url": "https://w3c.github.io/uievents/#legacy-event-initializer-interfaces"
    },
    "snapshot": {
      "number": "7.1",
      "spec": "UI Events",
      "text": "Legacy Event Initializer Interfaces",
      "url": "https://www.w3.org/TR/uievents/#legacy-event-initializer-interfaces"
    }
  },
  "#legacy-event-initializers": {
    "current": {
      "number": "7",
      "spec": "UI Events",
      "text": "Legacy Event Initializers",
      "url": "https://w3c.github.io/uievents/#legacy-event-initializers"
    },
    "snapshot": {
      "number": "7",
      "spec": "UI Events",
      "text": "Legacy Event Initializers",
      "url": "https://www.w3.org/TR/uievents/#legacy-event-initializers"
    }
  },
  "#legacy-event-types": {
    "current": {
      "number": "9",
      "spec": "UI Events",
      "text": "Legacy Event Types",
      "url": "https://w3c.github.io/uievents/#legacy-event-types"
    },
    "snapshot": {
      "number": "9",
      "spec": "UI Events",
      "text": "Legacy Event Types",
      "url": "https://www.w3.org/TR/uievents/#legacy-event-types"
    }
  },
  "#legacy-focusevent-event-order": {
    "current": {
      "number": "9.2.2",
      "spec": "UI Events",
      "text": "Legacy FocusEvent event order",
      "url": "https://w3c.github.io/uievents/#legacy-focusevent-event-order"
    },
    "snapshot": {
      "number": "9.2.2",
      "spec": "UI Events",
      "text": "Legacy FocusEvent event order",
      "url": "https://www.w3.org/TR/uievents/#legacy-focusevent-event-order"
    }
  },
  "#legacy-focusevent-event-types": {
    "current": {
      "number": "9.2.1",
      "spec": "UI Events",
      "text": "Legacy FocusEvent event types",
      "url": "https://w3c.github.io/uievents/#legacy-focusevent-event-types"
    },
    "snapshot": {
      "number": "9.2.1",
      "spec": "UI Events",
      "text": "Legacy FocusEvent event types",
      "url": "https://www.w3.org/TR/uievents/#legacy-focusevent-event-types"
    }
  },
  "#legacy-focusevent-events": {
    "current": {
      "number": "9.2",
      "spec": "UI Events",
      "text": "Legacy FocusEvent events",
      "url": "https://w3c.github.io/uievents/#legacy-focusevent-events"
    },
    "snapshot": {
      "number": "9.2",
      "spec": "UI Events",
      "text": "Legacy FocusEvent events",
      "url": "https://www.w3.org/TR/uievents/#legacy-focusevent-events"
    }
  },
  "#legacy-interface-KeyboardEvent": {
    "current": {
      "number": "8.2.1",
      "spec": "UI Events",
      "text": "Interface KeyboardEvent (supplemental)",
      "url": "https://w3c.github.io/uievents/#legacy-interface-KeyboardEvent"
    },
    "snapshot": {
      "number": "8.2.1",
      "spec": "UI Events",
      "text": "Interface KeyboardEvent (supplemental)",
      "url": "https://www.w3.org/TR/uievents/#legacy-interface-KeyboardEvent"
    }
  },
  "#legacy-interface-UIEvent": {
    "current": {
      "number": "8.1.1",
      "spec": "UI Events",
      "text": "Interface UIEvent (supplemental)",
      "url": "https://w3c.github.io/uievents/#legacy-interface-UIEvent"
    },
    "snapshot": {
      "number": "8.1.1",
      "spec": "UI Events",
      "text": "Interface UIEvent (supplemental)",
      "url": "https://www.w3.org/TR/uievents/#legacy-interface-UIEvent"
    }
  },
  "#legacy-key-attributes": {
    "current": {
      "number": "8",
      "spec": "UI Events",
      "text": "Legacy Key & Mouse Event Attributes",
      "url": "https://w3c.github.io/uievents/#legacy-key-attributes"
    },
    "snapshot": {
      "number": "8",
      "spec": "UI Events",
      "text": "Legacy Key & Mouse Event Attributes",
      "url": "https://www.w3.org/TR/uievents/#legacy-key-attributes"
    }
  },
  "#legacy-key-models": {
    "current": {
      "number": "8.3",
      "spec": "UI Events",
      "text": "Legacy key models",
      "url": "https://w3c.github.io/uievents/#legacy-key-models"
    },
    "snapshot": {
      "number": "8.3",
      "spec": "UI Events",
      "text": "Legacy key models",
      "url": "https://www.w3.org/TR/uievents/#legacy-key-models"
    }
  },
  "#legacy-keyboardevent-event-types": {
    "current": {
      "number": "9.3.1",
      "spec": "UI Events",
      "text": "Legacy KeyboardEvent event types",
      "url": "https://w3c.github.io/uievents/#legacy-keyboardevent-event-types"
    },
    "snapshot": {
      "number": "9.3.1",
      "spec": "UI Events",
      "text": "Legacy KeyboardEvent event types",
      "url": "https://www.w3.org/TR/uievents/#legacy-keyboardevent-event-types"
    }
  },
  "#legacy-keyboardevent-events": {
    "current": {
      "number": "9.3",
      "spec": "UI Events",
      "text": "Legacy KeyboardEvent events",
      "url": "https://w3c.github.io/uievents/#legacy-keyboardevent-events"
    },
    "snapshot": {
      "number": "9.3",
      "spec": "UI Events",
      "text": "Legacy KeyboardEvent events",
      "url": "https://www.w3.org/TR/uievents/#legacy-keyboardevent-events"
    }
  },
  "#legacy-mutationevent-event-types": {
    "current": {
      "number": "9.5.2",
      "spec": "UI Events",
      "text": "Legacy MutationEvent event types",
      "url": "https://w3c.github.io/uievents/#legacy-mutationevent-event-types"
    },
    "snapshot": {
      "number": "9.5.2",
      "spec": "UI Events",
      "text": "Legacy MutationEvent event types",
      "url": "https://www.w3.org/TR/uievents/#legacy-mutationevent-event-types"
    }
  },
  "#legacy-mutationevent-events": {
    "current": {
      "number": "9.5",
      "spec": "UI Events",
      "text": "Legacy MutationEvent events",
      "url": "https://w3c.github.io/uievents/#legacy-mutationevent-events"
    },
    "snapshot": {
      "number": "9.5",
      "spec": "UI Events",
      "text": "Legacy MutationEvent events",
      "url": "https://www.w3.org/TR/uievents/#legacy-mutationevent-events"
    }
  },
  "#legacy-textevent-events": {
    "current": {
      "number": "9.4",
      "spec": "UI Events",
      "text": "Legacy TextEvent events",
      "url": "https://w3c.github.io/uievents/#legacy-textevent-events"
    },
    "snapshot": {
      "number": "9.4",
      "spec": "UI Events",
      "text": "Legacy TextEvent events",
      "url": "https://www.w3.org/TR/uievents/#legacy-textevent-events"
    }
  },
  "#legacy-uievent-event-order": {
    "current": {
      "number": "9.1.2",
      "spec": "UI Events",
      "text": "Activation event order",
      "url": "https://w3c.github.io/uievents/#legacy-uievent-event-order"
    },
    "snapshot": {
      "number": "9.1.2",
      "spec": "UI Events",
      "text": "Activation event order",
      "url": "https://www.w3.org/TR/uievents/#legacy-uievent-event-order"
    }
  },
  "#legacy-uievent-event-types": {
    "current": {
      "number": "9.1.1",
      "spec": "UI Events",
      "text": "Legacy UIEvent event types",
      "url": "https://w3c.github.io/uievents/#legacy-uievent-event-types"
    },
    "snapshot": {
      "number": "9.1.1",
      "spec": "UI Events",
      "text": "Legacy UIEvent event types",
      "url": "https://www.w3.org/TR/uievents/#legacy-uievent-event-types"
    }
  },
  "#legacy-uievent-events": {
    "current": {
      "number": "9.1",
      "spec": "UI Events",
      "text": "Legacy UIEvent events",
      "url": "https://w3c.github.io/uievents/#legacy-uievent-events"
    },
    "snapshot": {
      "number": "9.1",
      "spec": "UI Events",
      "text": "Legacy UIEvent events",
      "url": "https://www.w3.org/TR/uievents/#legacy-uievent-events"
    }
  },
  "#normative": {
    "current": {
      "number": "",
      "spec": "UI Events",
      "text": "Normative References",
      "url": "https://w3c.github.io/uievents/#normative"
    },
    "snapshot": {
      "number": "",
      "spec": "UI Events",
      "text": "Normative References",
      "url": "https://www.w3.org/TR/uievents/#normative"
    }
  },
  "#optionally-fixed-virtual-key-codes": {
    "current": {
      "number": "8.3.4",
      "spec": "UI Events",
      "text": "Optionally fixed virtual key codes",
      "url": "https://w3c.github.io/uievents/#optionally-fixed-virtual-key-codes"
    },
    "snapshot": {
      "number": "8.3.4",
      "spec": "UI Events",
      "text": "Optionally fixed virtual key codes",
      "url": "https://www.w3.org/TR/uievents/#optionally-fixed-virtual-key-codes"
    }
  },
  "#references": {
    "current": {
      "number": "",
      "spec": "UI Events",
      "text": "References",
      "url": "https://w3c.github.io/uievents/#references"
    },
    "snapshot": {
      "number": "",
      "spec": "UI Events",
      "text": "References",
      "url": "https://www.w3.org/TR/uievents/#references"
    }
  },
  "#relationship-between-key-code": {
    "current": {
      "number": "6.2.2",
      "spec": "UI Events",
      "text": "The Relationship Between key and code",
      "url": "https://w3c.github.io/uievents/#relationship-between-key-code"
    },
    "snapshot": {
      "number": "6.2.2",
      "spec": "UI Events",
      "text": "The Relationship Between key and code",
      "url": "https://www.w3.org/TR/uievents/#relationship-between-key-code"
    }
  },
  "#security-considerations": {
    "current": {
      "number": "",
      "spec": "UI Events",
      "text": "11. Security Considerations",
      "url": "https://w3c.github.io/uievents/#security-considerations"
    },
    "snapshot": {
      "number": "",
      "spec": "UI Events",
      "text": "11. Security Considerations",
      "url": "https://www.w3.org/TR/uievents/#security-considerations"
    }
  },
  "#sotd": {
    "current": {
      "number": "",
      "spec": "UI Events",
      "text": "Status of this document",
      "url": "https://w3c.github.io/uievents/#sotd"
    },
    "snapshot": {
      "number": "",
      "spec": "UI Events",
      "text": "Status of this document",
      "url": "https://www.w3.org/TR/uievents/#sotd"
    }
  },
  "#style-conventions": {
    "current": {
      "number": "2",
      "spec": "UI Events",
      "text": "Stylistic Conventions",
      "url": "https://w3c.github.io/uievents/#style-conventions"
    },
    "snapshot": {
      "number": "2",
      "spec": "UI Events",
      "text": "Stylistic Conventions",
      "url": "https://www.w3.org/TR/uievents/#style-conventions"
    }
  },
  "#sync-async": {
    "current": {
      "number": "3.3",
      "spec": "UI Events",
      "text": "Synchronous and asynchronous events",
      "url": "https://w3c.github.io/uievents/#sync-async"
    },
    "snapshot": {
      "number": "3.3",
      "spec": "UI Events",
      "text": "Synchronous and asynchronous events",
      "url": "https://www.w3.org/TR/uievents/#sync-async"
    }
  },
  "#toc": {
    "current": {
      "number": "",
      "spec": "UI Events",
      "text": "Table of Contents",
      "url": "https://w3c.github.io/uievents/#toc"
    },
    "snapshot": {
      "number": "",
      "spec": "UI Events",
      "text": "Table of Contents",
      "url": "https://www.w3.org/TR/uievents/#toc"
    }
  },
  "#trusted-events": {
    "current": {
      "number": "3.4",
      "spec": "UI Events",
      "text": "Trusted events",
      "url": "https://w3c.github.io/uievents/#trusted-events"
    },
    "snapshot": {
      "number": "3.4",
      "spec": "UI Events",
      "text": "Trusted events",
      "url": "https://www.w3.org/TR/uievents/#trusted-events"
    }
  },
  "#ui-events-conformance": {
    "current": {
      "number": "1.2",
      "spec": "UI Events",
      "text": "Conformance",
      "url": "https://w3c.github.io/uievents/#ui-events-conformance"
    },
    "snapshot": {
      "number": "1.2",
      "spec": "UI Events",
      "text": "Conformance",
      "url": "https://www.w3.org/TR/uievents/#ui-events-conformance"
    }
  },
  "#ui-events-intro": {
    "current": {
      "number": "1",
      "spec": "UI Events",
      "text": "Introduction",
      "url": "https://w3c.github.io/uievents/#ui-events-intro"
    },
    "snapshot": {
      "number": "1",
      "spec": "UI Events",
      "text": "Introduction",
      "url": "https://www.w3.org/TR/uievents/#ui-events-intro"
    }
  },
  "#ui-events-overview": {
    "current": {
      "number": "1.1",
      "spec": "UI Events",
      "text": "Overview",
      "url": "https://w3c.github.io/uievents/#ui-events-overview"
    },
    "snapshot": {
      "number": "1.1",
      "spec": "UI Events",
      "text": "Overview",
      "url": "https://www.w3.org/TR/uievents/#ui-events-overview"
    }
  },
  "#w3c-conformance": {
    "current": {
      "number": "",
      "spec": "UI Events",
      "text": "Conformance",
      "url": "https://w3c.github.io/uievents/#w3c-conformance"
    },
    "snapshot": {
      "number": "",
      "spec": "UI Events",
      "text": "Conformance",
      "url": "https://www.w3.org/TR/uievents/#w3c-conformance"
    }
  },
  "#w3c-conformant-algorithms": {
    "current": {
      "number": "",
      "spec": "UI Events",
      "text": "Conformant Algorithms",
      "url": "https://w3c.github.io/uievents/#w3c-conformant-algorithms"
    },
    "snapshot": {
      "number": "",
      "spec": "UI Events",
      "text": "Conformant Algorithms",
      "url": "https://www.w3.org/TR/uievents/#w3c-conformant-algorithms"
    }
  },
  "#w3c-conventions": {
    "current": {
      "number": "",
      "spec": "UI Events",
      "text": "Document conventions",
      "url": "https://w3c.github.io/uievents/#w3c-conventions"
    },
    "snapshot": {
      "number": "",
      "spec": "UI Events",
      "text": "Document conventions",
      "url": "https://www.w3.org/TR/uievents/#w3c-conventions"
    }
  }
}