{
  "#abstract": {
    "current": {
      "number": "",
      "spec": "CSS Overflow 3",
      "text": "Abstract",
      "url": "https://drafts.csswg.org/css-overflow-3/#abstract"
    },
    "snapshot": {
      "number": "",
      "spec": "CSS Overflow 3",
      "text": "Abstract",
      "url": "https://www.w3.org/TR/css-overflow-3/#abstract"
    }
  },
  "#acknowledgments": {
    "current": {
      "number": "",
      "spec": "CSS Overflow 3",
      "text": "Acknowledgments",
      "url": "https://drafts.csswg.org/css-overflow-3/#acknowledgments"
    },
    "snapshot": {
      "number": "",
      "spec": "CSS Overflow 3",
      "text": "Acknowledgments",
      "url": "https://www.w3.org/TR/css-overflow-3/#acknowledgments"
    }
  },
  "#auto-ellipsis": {
    "current": {
      "number": "5",
      "spec": "CSS Overflow 3",
      "text": "Automatic Ellipses",
      "url": "https://drafts.csswg.org/css-overflow-3/#auto-ellipsis"
    },
    "snapshot": {
      "number": "5",
      "spec": "CSS Overflow 3",
      "text": "Automatic Ellipses",
      "url": "https://www.w3.org/TR/css-overflow-3/#auto-ellipsis"
    }
  },
  "#bidi-ellipsis": {
    "current": {
      "number": "",
      "spec": "CSS Overflow 3",
      "text": "Bidi ellipsis examples",
      "url": "https://drafts.csswg.org/css-overflow-3/#bidi-ellipsis"
    },
    "snapshot": {
      "number": "",
      "spec": "CSS Overflow 3",
      "text": "Bidi ellipsis examples",
      "url": "https://www.w3.org/TR/css-overflow-3/#bidi-ellipsis"
    }
  },
  "#changes": {
    "current": {
      "number": "C",
      "spec": "CSS Overflow 3",
      "text": "Changes",
      "url": "https://drafts.csswg.org/css-overflow-3/#changes"
    },
    "snapshot": {
      "number": "C",
      "spec": "CSS Overflow 3",
      "text": "Changes",
      "url": "https://www.w3.org/TR/css-overflow-3/#changes"
    }
  },
  "#changes-since-2018-07-31": {
    "current": {
      "number": "",
      "spec": "CSS Overflow 3",
      "text": "Changes from the 2018-07-31 Working Draft",
      "url": "https://drafts.csswg.org/css-overflow-3/#changes-since-2018-07-31"
    },
    "snapshot": {
      "number": "",
      "spec": "CSS Overflow 3",
      "text": "Changes from the 2018-07-31 Working Draft",
      "url": "https://www.w3.org/TR/css-overflow-3/#changes-since-2018-07-31"
    }
  },
  "#changes-since-2020-06-03": {
    "current": {
      "number": "",
      "spec": "CSS Overflow 3",
      "text": "Changes from the 2020-06-03 Working Draft",
      "url": "https://drafts.csswg.org/css-overflow-3/#changes-since-2020-06-03"
    },
    "snapshot": {
      "number": "",
      "spec": "CSS Overflow 3",
      "text": "Changes from the 2020-06-03 Working Draft",
      "url": "https://www.w3.org/TR/css-overflow-3/#changes-since-2020-06-03"
    }
  },
  "#changes-since-2021-12-02": {
    "current": {
      "number": "",
      "spec": "CSS Overflow 3",
      "text": "Changes from the 2021-12-02 Working Draft",
      "url": "https://drafts.csswg.org/css-overflow-3/#changes-since-2021-12-02"
    },
    "snapshot": {
      "number": "",
      "spec": "CSS Overflow 3",
      "text": "Changes from the 2021-12-02 Working Draft",
      "url": "https://www.w3.org/TR/css-overflow-3/#changes-since-2021-12-02"
    }
  },
  "#corner-clipping": {
    "current": {
      "number": "3.1.2",
      "spec": "CSS Overflow 3",
      "text": "Interaction of border-radius and overflow",
      "url": "https://drafts.csswg.org/css-overflow-3/#corner-clipping"
    },
    "snapshot": {
      "number": "3.1.2",
      "spec": "CSS Overflow 3",
      "text": "Interaction of border-radius and overflow",
      "url": "https://www.w3.org/TR/css-overflow-3/#corner-clipping"
    }
  },
  "#ellipsing-details": {
    "current": {
      "number": "",
      "spec": "CSS Overflow 3",
      "text": "ellipsing details",
      "url": "https://drafts.csswg.org/css-overflow-3/#ellipsing-details"
    },
    "snapshot": {
      "number": "",
      "spec": "CSS Overflow 3",
      "text": "ellipsing details",
      "url": "https://www.w3.org/TR/css-overflow-3/#ellipsing-details"
    }
  },
  "#ellipsis-interaction": {
    "current": {
      "number": "",
      "spec": "CSS Overflow 3",
      "text": "user interaction with ellipsis",
      "url": "https://drafts.csswg.org/css-overflow-3/#ellipsis-interaction"
    },
    "snapshot": {
      "number": "",
      "spec": "CSS Overflow 3",
      "text": "user interaction with ellipsis",
      "url": "https://www.w3.org/TR/css-overflow-3/#ellipsis-interaction"
    }
  },
  "#ellipsis-scrolling": {
    "current": {
      "number": "",
      "spec": "CSS Overflow 3",
      "text": "ellipsis interaction with scrolling interfaces",
      "url": "https://drafts.csswg.org/css-overflow-3/#ellipsis-scrolling"
    },
    "snapshot": {
      "number": "",
      "spec": "CSS Overflow 3",
      "text": "ellipsis interaction with scrolling interfaces",
      "url": "https://www.w3.org/TR/css-overflow-3/#ellipsis-scrolling"
    }
  },
  "#index": {
    "current": {
      "number": "",
      "spec": "CSS Overflow 3",
      "text": "Index",
      "url": "https://drafts.csswg.org/css-overflow-3/#index"
    },
    "snapshot": {
      "number": "",
      "spec": "CSS Overflow 3",
      "text": "Index",
      "url": "https://www.w3.org/TR/css-overflow-3/#index"
    }
  },
  "#index-defined-elsewhere": {
    "current": {
      "number": "",
      "spec": "CSS Overflow 3",
      "text": "Terms defined by reference",
      "url": "https://drafts.csswg.org/css-overflow-3/#index-defined-elsewhere"
    },
    "snapshot": {
      "number": "",
      "spec": "CSS Overflow 3",
      "text": "Terms defined by reference",
      "url": "https://www.w3.org/TR/css-overflow-3/#index-defined-elsewhere"
    }
  },
  "#index-defined-here": {
    "current": {
      "number": "",
      "spec": "CSS Overflow 3",
      "text": "Terms defined by this specification",
      "url": "https://drafts.csswg.org/css-overflow-3/#index-defined-here"
    },
    "snapshot": {
      "number": "",
      "spec": "CSS Overflow 3",
      "text": "Terms defined by this specification",
      "url": "https://www.w3.org/TR/css-overflow-3/#index-defined-here"
    }
  },
  "#informative": {
    "current": {
      "number": "",
      "spec": "CSS Overflow 3",
      "text": "Informative References",
      "url": "https://drafts.csswg.org/css-overflow-3/#informative"
    },
    "snapshot": {
      "number": "",
      "spec": "CSS Overflow 3",
      "text": "Informative References",
      "url": "https://www.w3.org/TR/css-overflow-3/#informative"
    }
  },
  "#ink": {
    "current": {
      "number": "2.1",
      "spec": "CSS Overflow 3",
      "text": "Ink Overflow",
      "url": "https://drafts.csswg.org/css-overflow-3/#ink"
    },
    "snapshot": {
      "number": "2.1",
      "spec": "CSS Overflow 3",
      "text": "Ink Overflow",
      "url": "https://www.w3.org/TR/css-overflow-3/#ink"
    }
  },
  "#intro": {
    "current": {
      "number": "1",
      "spec": "CSS Overflow 3",
      "text": "Introduction",
      "url": "https://drafts.csswg.org/css-overflow-3/#intro"
    },
    "snapshot": {
      "number": "1",
      "spec": "CSS Overflow 3",
      "text": "Introduction",
      "url": "https://www.w3.org/TR/css-overflow-3/#intro"
    }
  },
  "#issues-index": {
    "current": {
      "number": "",
      "spec": "CSS Overflow 3",
      "text": "Issues Index",
      "url": "https://drafts.csswg.org/css-overflow-3/#issues-index"
    },
    "snapshot": {
      "number": "",
      "spec": "CSS Overflow 3",
      "text": "Issues Index",
      "url": "https://www.w3.org/TR/css-overflow-3/#issues-index"
    }
  },
  "#normative": {
    "current": {
      "number": "",
      "spec": "CSS Overflow 3",
      "text": "Normative References",
      "url": "https://drafts.csswg.org/css-overflow-3/#normative"
    },
    "snapshot": {
      "number": "",
      "spec": "CSS Overflow 3",
      "text": "Normative References",
      "url": "https://www.w3.org/TR/css-overflow-3/#normative"
    }
  },
  "#old-changes": {
    "current": {
      "number": "",
      "spec": "CSS Overflow 3",
      "text": "Changes Prior to the 2018-07-31 Working Draft",
      "url": "https://drafts.csswg.org/css-overflow-3/#old-changes"
    },
    "snapshot": {
      "number": "",
      "spec": "CSS Overflow 3",
      "text": "Changes Prior to the 2018-07-31 Working Draft",
      "url": "https://www.w3.org/TR/css-overflow-3/#old-changes"
    }
  },
  "#overflow-clip-margin": {
    "current": {
      "number": "3.2",
      "spec": "CSS Overflow 3",
      "text": "Expanding Clipping Bounds: the overflow-clip-margin property",
      "url": "https://drafts.csswg.org/css-overflow-3/#overflow-clip-margin"
    },
    "snapshot": {
      "number": "3.2",
      "spec": "CSS Overflow 3",
      "text": "Expanding Clipping Bounds: the overflow-clip-margin property",
      "url": "https://www.w3.org/TR/css-overflow-3/#overflow-clip-margin"
    }
  },
  "#overflow-concepts": {
    "current": {
      "number": "2",
      "spec": "CSS Overflow 3",
      "text": "Overflow Concepts and Terminology",
      "url": "https://drafts.csswg.org/css-overflow-3/#overflow-concepts"
    },
    "snapshot": {
      "number": "2",
      "spec": "CSS Overflow 3",
      "text": "Overflow Concepts and Terminology",
      "url": "https://www.w3.org/TR/css-overflow-3/#overflow-concepts"
    }
  },
  "#overflow-control": {
    "current": {
      "number": "3.1",
      "spec": "CSS Overflow 3",
      "text": "Managing Overflow: the overflow-x, overflow-y, and overflow properties",
      "url": "https://drafts.csswg.org/css-overflow-3/#overflow-control"
    },
    "snapshot": {
      "number": "3.1",
      "spec": "CSS Overflow 3",
      "text": "Managing Overflow: the overflow-x, overflow-y, and overflow properties",
      "url": "https://www.w3.org/TR/css-overflow-3/#overflow-control"
    }
  },
  "#overflow-propagation": {
    "current": {
      "number": "3.3",
      "spec": "CSS Overflow 3",
      "text": "Overflow Viewport Propagation",
      "url": "https://drafts.csswg.org/css-overflow-3/#overflow-propagation"
    },
    "snapshot": {
      "number": "3.3",
      "spec": "CSS Overflow 3",
      "text": "Overflow Viewport Propagation",
      "url": "https://www.w3.org/TR/css-overflow-3/#overflow-propagation"
    }
  },
  "#overflow-properties": {
    "current": {
      "number": "3",
      "spec": "CSS Overflow 3",
      "text": "Scrolling and Clipping Overflow",
      "url": "https://drafts.csswg.org/css-overflow-3/#overflow-properties"
    },
    "snapshot": {
      "number": "3",
      "spec": "CSS Overflow 3",
      "text": "Scrolling and Clipping Overflow",
      "url": "https://www.w3.org/TR/css-overflow-3/#overflow-properties"
    }
  },
  "#placement": {
    "current": {
      "number": "1.2",
      "spec": "CSS Overflow 3",
      "text": "Module Interactions",
      "url": "https://drafts.csswg.org/css-overflow-3/#placement"
    },
    "snapshot": {
      "number": "1.2",
      "spec": "CSS Overflow 3",
      "text": "Module Interactions",
      "url": "https://www.w3.org/TR/css-overflow-3/#placement"
    }
  },
  "#priv": {
    "current": {
      "number": "A",
      "spec": "CSS Overflow 3",
      "text": "Privacy Considerations",
      "url": "https://drafts.csswg.org/css-overflow-3/#priv"
    },
    "snapshot": {
      "number": "A",
      "spec": "CSS Overflow 3",
      "text": "Privacy Considerations",
      "url": "https://www.w3.org/TR/css-overflow-3/#priv"
    }
  },
  "#property-index": {
    "current": {
      "number": "",
      "spec": "CSS Overflow 3",
      "text": "Property Index",
      "url": "https://drafts.csswg.org/css-overflow-3/#property-index"
    },
    "snapshot": {
      "number": "",
      "spec": "CSS Overflow 3",
      "text": "Property Index",
      "url": "https://www.w3.org/TR/css-overflow-3/#property-index"
    }
  },
  "#references": {
    "current": {
      "number": "",
      "spec": "CSS Overflow 3",
      "text": "References",
      "url": "https://drafts.csswg.org/css-overflow-3/#references"
    },
    "snapshot": {
      "number": "",
      "spec": "CSS Overflow 3",
      "text": "References",
      "url": "https://www.w3.org/TR/css-overflow-3/#references"
    }
  },
  "#scroll-visibility": {
    "current": {
      "number": "3.1.1",
      "spec": "CSS Overflow 3",
      "text": "Interaction of visibility and overflow",
      "url": "https://drafts.csswg.org/css-overflow-3/#scroll-visibility"
    },
    "snapshot": {
      "number": "3.1.1",
      "spec": "CSS Overflow 3",
      "text": "Interaction of visibility and overflow",
      "url": "https://www.w3.org/TR/css-overflow-3/#scroll-visibility"
    }
  },
  "#scrollable": {
    "current": {
      "number": "2.2",
      "spec": "CSS Overflow 3",
      "text": "Scrollable Overflow",
      "url": "https://drafts.csswg.org/css-overflow-3/#scrollable"
    },
    "snapshot": {
      "number": "2.2",
      "spec": "CSS Overflow 3",
      "text": "Scrollable Overflow",
      "url": "https://www.w3.org/TR/css-overflow-3/#scrollable"
    }
  },
  "#scrollbar-gutter-property": {
    "current": {
      "number": "4.2",
      "spec": "CSS Overflow 3",
      "text": "Reserving space for the scrollbar: the scrollbar-gutter property",
      "url": "https://drafts.csswg.org/css-overflow-3/#scrollbar-gutter-property"
    },
    "snapshot": {
      "number": "4.2",
      "spec": "CSS Overflow 3",
      "text": "Reserving space for the scrollbar: the scrollbar-gutter property",
      "url": "https://www.w3.org/TR/css-overflow-3/#scrollbar-gutter-property"
    }
  },
  "#scrollbar-layout": {
    "current": {
      "number": "4",
      "spec": "CSS Overflow 3",
      "text": "Scrollbars and Layout",
      "url": "https://drafts.csswg.org/css-overflow-3/#scrollbar-layout"
    },
    "snapshot": {
      "number": "4",
      "spec": "CSS Overflow 3",
      "text": "Scrollbars and Layout",
      "url": "https://www.w3.org/TR/css-overflow-3/#scrollbar-layout"
    }
  },
  "#scrollbar-sizing": {
    "current": {
      "number": "4.1",
      "spec": "CSS Overflow 3",
      "text": "Scrollbar Contributions to Sizing",
      "url": "https://drafts.csswg.org/css-overflow-3/#scrollbar-sizing"
    },
    "snapshot": {
      "number": "4.1",
      "spec": "CSS Overflow 3",
      "text": "Scrollbar Contributions to Sizing",
      "url": "https://www.w3.org/TR/css-overflow-3/#scrollbar-sizing"
    }
  },
  "#scrolling": {
    "current": {
      "number": "2.3",
      "spec": "CSS Overflow 3",
      "text": "Scrolling Overflow",
      "url": "https://drafts.csswg.org/css-overflow-3/#scrolling"
    },
    "snapshot": {
      "number": "2.3",
      "spec": "CSS Overflow 3",
      "text": "Scrolling Overflow",
      "url": "https://www.w3.org/TR/css-overflow-3/#scrolling"
    }
  },
  "#sec": {
    "current": {
      "number": "B",
      "spec": "CSS Overflow 3",
      "text": "Security Considerations",
      "url": "https://drafts.csswg.org/css-overflow-3/#sec"
    },
    "snapshot": {
      "number": "B",
      "spec": "CSS Overflow 3",
      "text": "Security Considerations",
      "url": "https://www.w3.org/TR/css-overflow-3/#sec"
    }
  },
  "#smooth-scrolling": {
    "current": {
      "number": "3.4",
      "spec": "CSS Overflow 3",
      "text": "Smooth Scrolling: the scroll-behavior Property",
      "url": "https://drafts.csswg.org/css-overflow-3/#smooth-scrolling"
    },
    "snapshot": {
      "number": "3.4",
      "spec": "CSS Overflow 3",
      "text": "Smooth Scrolling: the scroll-behavior Property",
      "url": "https://www.w3.org/TR/css-overflow-3/#smooth-scrolling"
    }
  },
  "#sotd": {
    "current": {
      "number": "",
      "spec": "CSS Overflow 3",
      "text": "Status of this document",
      "url": "https://drafts.csswg.org/css-overflow-3/#sotd"
    },
    "snapshot": {
      "number": "",
      "spec": "CSS Overflow 3",
      "text": "Status of this document",
      "url": "https://www.w3.org/TR/css-overflow-3/#sotd"
    }
  },
  "#static-media": {
    "current": {
      "number": "3.1.3",
      "spec": "CSS Overflow 3",
      "text": "Overflow in Print and Other Static Media",
      "url": "https://drafts.csswg.org/css-overflow-3/#static-media"
    },
    "snapshot": {
      "number": "3.1.3",
      "spec": "CSS Overflow 3",
      "text": "Overflow in Print and Other Static Media",
      "url": "https://www.w3.org/TR/css-overflow-3/#static-media"
    }
  },
  "#text-overflow": {
    "current": {
      "number": "5.1",
      "spec": "CSS Overflow 3",
      "text": "Overflow Ellipsis: the text-overflow property",
      "url": "https://drafts.csswg.org/css-overflow-3/#text-overflow"
    },
    "snapshot": {
      "number": "5.1",
      "spec": "CSS Overflow 3",
      "text": "Overflow Ellipsis: the text-overflow property",
      "url": "https://www.w3.org/TR/css-overflow-3/#text-overflow"
    }
  },
  "#text-overflow-examples": {
    "current": {
      "number": "",
      "spec": "CSS Overflow 3",
      "text": "text-overflow examples",
      "url": "https://drafts.csswg.org/css-overflow-3/#text-overflow-examples"
    },
    "snapshot": {
      "number": "",
      "spec": "CSS Overflow 3",
      "text": "text-overflow examples",
      "url": "https://www.w3.org/TR/css-overflow-3/#text-overflow-examples"
    }
  },
  "#title": {
    "current": {
      "number": "",
      "spec": "CSS Overflow 3",
      "text": "CSS Overflow Module Level 3",
      "url": "https://drafts.csswg.org/css-overflow-3/#title"
    },
    "snapshot": {
      "number": "",
      "spec": "CSS Overflow 3",
      "text": "CSS Overflow Module Level 3",
      "url": "https://www.w3.org/TR/css-overflow-3/#title"
    }
  },
  "#toc": {
    "current": {
      "number": "",
      "spec": "CSS Overflow 3",
      "text": "Table of Contents",
      "url": "https://drafts.csswg.org/css-overflow-3/#toc"
    },
    "snapshot": {
      "number": "",
      "spec": "CSS Overflow 3",
      "text": "Table of Contents",
      "url": "https://www.w3.org/TR/css-overflow-3/#toc"
    }
  },
  "#values": {
    "current": {
      "number": "1.1",
      "spec": "CSS Overflow 3",
      "text": "Value Definitions",
      "url": "https://drafts.csswg.org/css-overflow-3/#values"
    },
    "snapshot": {
      "number": "1.1",
      "spec": "CSS Overflow 3",
      "text": "Value Definitions",
      "url": "https://www.w3.org/TR/css-overflow-3/#values"
    }
  },
  "#w3c-conform-future-proofing": {
    "current": {
      "number": "",
      "spec": "CSS Overflow 3",
      "text": "Implementations of Unstable and Proprietary Features",
      "url": "https://drafts.csswg.org/css-overflow-3/#w3c-conform-future-proofing"
    },
    "snapshot": {
      "number": "",
      "spec": "CSS Overflow 3",
      "text": "Implementations of Unstable and Proprietary Features",
      "url": "https://www.w3.org/TR/css-overflow-3/#w3c-conform-future-proofing"
    }
  },
  "#w3c-conformance": {
    "current": {
      "number": "",
      "spec": "CSS Overflow 3",
      "text": "Conformance",
      "url": "https://drafts.csswg.org/css-overflow-3/#w3c-conformance"
    },
    "snapshot": {
      "number": "",
      "spec": "CSS Overflow 3",
      "text": "Conformance",
      "url": "https://www.w3.org/TR/css-overflow-3/#w3c-conformance"
    }
  },
  "#w3c-conformance-classes": {
    "current": {
      "number": "",
      "spec": "CSS Overflow 3",
      "text": "Conformance classes",
      "url": "https://drafts.csswg.org/css-overflow-3/#w3c-conformance-classes"
    },
    "snapshot": {
      "number": "",
      "spec": "CSS Overflow 3",
      "text": "Conformance classes",
      "url": "https://www.w3.org/TR/css-overflow-3/#w3c-conformance-classes"
    }
  },
  "#w3c-conventions": {
    "current": {
      "number": "",
      "spec": "CSS Overflow 3",
      "text": "Document conventions",
      "url": "https://drafts.csswg.org/css-overflow-3/#w3c-conventions"
    },
    "snapshot": {
      "number": "",
      "spec": "CSS Overflow 3",
      "text": "Document conventions",
      "url": "https://www.w3.org/TR/css-overflow-3/#w3c-conventions"
    }
  },
  "#w3c-partial": {
    "current": {
      "number": "",
      "spec": "CSS Overflow 3",
      "text": "Partial implementations",
      "url": "https://drafts.csswg.org/css-overflow-3/#w3c-partial"
    },
    "snapshot": {
      "number": "",
      "spec": "CSS Overflow 3",
      "text": "Partial implementations",
      "url": "https://www.w3.org/TR/css-overflow-3/#w3c-partial"
    }
  },
  "#w3c-testing": {
    "current": {
      "number": "",
      "spec": "CSS Overflow 3",
      "text": "Non-experimental implementations",
      "url": "https://drafts.csswg.org/css-overflow-3/#w3c-testing"
    },
    "snapshot": {
      "number": "",
      "spec": "CSS Overflow 3",
      "text": "Non-experimental implementations",
      "url": "https://www.w3.org/TR/css-overflow-3/#w3c-testing"
    }
  }
}