{
  "#abstract": {
    "current": {
      "number": "",
      "spec": "Web Speech API",
      "text": "Abstract",
      "url": "https://wicg.github.io/speech-api/#abstract"
    }
  },
  "#acknowledgments": {
    "current": {
      "number": "",
      "spec": "Web Speech API",
      "text": "Acknowledgments",
      "url": "https://wicg.github.io/speech-api/#acknowledgments"
    }
  },
  "#api_description": {
    "current": {
      "number": "4",
      "spec": "Web Speech API",
      "text": "API Description",
      "url": "https://wicg.github.io/speech-api/#api_description"
    }
  },
  "#conformance": {
    "current": {
      "number": "",
      "spec": "Web Speech API",
      "text": "Conformance",
      "url": "https://wicg.github.io/speech-api/#conformance"
    }
  },
  "#examples": {
    "current": {
      "number": "5",
      "spec": "Web Speech API",
      "text": "Examples",
      "url": "https://wicg.github.io/speech-api/#examples"
    }
  },
  "#examples-recognition": {
    "current": {
      "number": "5.1",
      "spec": "Web Speech API",
      "text": "Speech Recognition Examples",
      "url": "https://wicg.github.io/speech-api/#examples-recognition"
    }
  },
  "#examples-synthesis": {
    "current": {
      "number": "5.2",
      "spec": "Web Speech API",
      "text": "Speech Synthesis Examples",
      "url": "https://wicg.github.io/speech-api/#examples-synthesis"
    }
  },
  "#idl-index": {
    "current": {
      "number": "",
      "spec": "Web Speech API",
      "text": "IDL Index",
      "url": "https://wicg.github.io/speech-api/#idl-index"
    }
  },
  "#implementation-considerations": {
    "current": {
      "number": "3.1",
      "spec": "Web Speech API",
      "text": "Implementation considerations",
      "url": "https://wicg.github.io/speech-api/#implementation-considerations"
    }
  },
  "#index": {
    "current": {
      "number": "",
      "spec": "Web Speech API",
      "text": "Index",
      "url": "https://wicg.github.io/speech-api/#index"
    }
  },
  "#index-defined-elsewhere": {
    "current": {
      "number": "",
      "spec": "Web Speech API",
      "text": "Terms defined by reference",
      "url": "https://wicg.github.io/speech-api/#index-defined-elsewhere"
    }
  },
  "#index-defined-here": {
    "current": {
      "number": "",
      "spec": "Web Speech API",
      "text": "Terms defined by this specification",
      "url": "https://wicg.github.io/speech-api/#index-defined-here"
    }
  },
  "#informative": {
    "current": {
      "number": "",
      "spec": "Web Speech API",
      "text": "Informative References",
      "url": "https://wicg.github.io/speech-api/#informative"
    }
  },
  "#introduction": {
    "current": {
      "number": "1",
      "spec": "Web Speech API",
      "text": "Introduction",
      "url": "https://wicg.github.io/speech-api/#introduction"
    }
  },
  "#issues-index": {
    "current": {
      "number": "",
      "spec": "Web Speech API",
      "text": "Issues Index",
      "url": "https://wicg.github.io/speech-api/#issues-index"
    }
  },
  "#normative": {
    "current": {
      "number": "",
      "spec": "Web Speech API",
      "text": "Normative References",
      "url": "https://wicg.github.io/speech-api/#normative"
    }
  },
  "#references": {
    "current": {
      "number": "",
      "spec": "Web Speech API",
      "text": "References",
      "url": "https://wicg.github.io/speech-api/#references"
    }
  },
  "#security": {
    "current": {
      "number": "3",
      "spec": "Web Speech API",
      "text": "Security and privacy considerations",
      "url": "https://wicg.github.io/speech-api/#security"
    }
  },
  "#speechreco-alternative": {
    "current": {
      "number": "4.1.5",
      "spec": "Web Speech API",
      "text": "SpeechRecognitionAlternative",
      "url": "https://wicg.github.io/speech-api/#speechreco-alternative"
    }
  },
  "#speechreco-attributes": {
    "current": {
      "number": "4.1.1",
      "spec": "Web Speech API",
      "text": "SpeechRecognition Attributes",
      "url": "https://wicg.github.io/speech-api/#speechreco-attributes"
    }
  },
  "#speechreco-error": {
    "current": {
      "number": "4.1.4",
      "spec": "Web Speech API",
      "text": "SpeechRecognitionErrorEvent",
      "url": "https://wicg.github.io/speech-api/#speechreco-error"
    }
  },
  "#speechreco-event": {
    "current": {
      "number": "4.1.8",
      "spec": "Web Speech API",
      "text": "SpeechRecognitionEvent",
      "url": "https://wicg.github.io/speech-api/#speechreco-event"
    }
  },
  "#speechreco-events": {
    "current": {
      "number": "4.1.3",
      "spec": "Web Speech API",
      "text": "SpeechRecognition Events",
      "url": "https://wicg.github.io/speech-api/#speechreco-events"
    }
  },
  "#speechreco-methods": {
    "current": {
      "number": "4.1.2",
      "spec": "Web Speech API",
      "text": "SpeechRecognition Methods",
      "url": "https://wicg.github.io/speech-api/#speechreco-methods"
    }
  },
  "#speechreco-result": {
    "current": {
      "number": "4.1.6",
      "spec": "Web Speech API",
      "text": "SpeechRecognitionResult",
      "url": "https://wicg.github.io/speech-api/#speechreco-result"
    }
  },
  "#speechreco-resultlist": {
    "current": {
      "number": "4.1.7",
      "spec": "Web Speech API",
      "text": "SpeechRecognitionResultList",
      "url": "https://wicg.github.io/speech-api/#speechreco-resultlist"
    }
  },
  "#speechreco-section": {
    "current": {
      "number": "4.1",
      "spec": "Web Speech API",
      "text": "The SpeechRecognition Interface",
      "url": "https://wicg.github.io/speech-api/#speechreco-section"
    }
  },
  "#speechreco-speechgrammar": {
    "current": {
      "number": "4.1.9",
      "spec": "Web Speech API",
      "text": "SpeechGrammar",
      "url": "https://wicg.github.io/speech-api/#speechreco-speechgrammar"
    }
  },
  "#speechreco-speechgrammarlist": {
    "current": {
      "number": "4.1.10",
      "spec": "Web Speech API",
      "text": "SpeechGrammarList",
      "url": "https://wicg.github.io/speech-api/#speechreco-speechgrammarlist"
    }
  },
  "#speechsynthesiserrorevent-attributes": {
    "current": {
      "number": "4.2.7",
      "spec": "Web Speech API",
      "text": "SpeechSynthesisErrorEvent Attributes",
      "url": "https://wicg.github.io/speech-api/#speechsynthesiserrorevent-attributes"
    }
  },
  "#speechsynthesisevent-attributes": {
    "current": {
      "number": "4.2.6",
      "spec": "Web Speech API",
      "text": "SpeechSynthesisEvent Attributes",
      "url": "https://wicg.github.io/speech-api/#speechsynthesisevent-attributes"
    }
  },
  "#speechsynthesisvoice-attributes": {
    "current": {
      "number": "4.2.8",
      "spec": "Web Speech API",
      "text": "SpeechSynthesisVoice Attributes",
      "url": "https://wicg.github.io/speech-api/#speechsynthesisvoice-attributes"
    }
  },
  "#status": {
    "current": {
      "number": "",
      "spec": "Web Speech API",
      "text": "Status of this document",
      "url": "https://wicg.github.io/speech-api/#status"
    }
  },
  "#subtitle": {
    "current": {
      "number": "",
      "spec": "Web Speech API",
      "text": "Draft Community Group Report, 18 August 2020",
      "url": "https://wicg.github.io/speech-api/#subtitle"
    }
  },
  "#title": {
    "current": {
      "number": "",
      "spec": "Web Speech API",
      "text": "Web Speech API",
      "url": "https://wicg.github.io/speech-api/#title"
    }
  },
  "#toc": {
    "current": {
      "number": "",
      "spec": "Web Speech API",
      "text": "Table of Contents",
      "url": "https://wicg.github.io/speech-api/#toc"
    }
  },
  "#tts-attributes": {
    "current": {
      "number": "4.2.1",
      "spec": "Web Speech API",
      "text": "SpeechSynthesis Attributes",
      "url": "https://wicg.github.io/speech-api/#tts-attributes"
    }
  },
  "#tts-events": {
    "current": {
      "number": "4.2.3",
      "spec": "Web Speech API",
      "text": "SpeechSynthesis Events",
      "url": "https://wicg.github.io/speech-api/#tts-events"
    }
  },
  "#tts-methods": {
    "current": {
      "number": "4.2.2",
      "spec": "Web Speech API",
      "text": "SpeechSynthesis Methods",
      "url": "https://wicg.github.io/speech-api/#tts-methods"
    }
  },
  "#tts-section": {
    "current": {
      "number": "4.2",
      "spec": "Web Speech API",
      "text": "The SpeechSynthesis Interface",
      "url": "https://wicg.github.io/speech-api/#tts-section"
    }
  },
  "#use_cases": {
    "current": {
      "number": "2",
      "spec": "Web Speech API",
      "text": "Use Cases",
      "url": "https://wicg.github.io/speech-api/#use_cases"
    }
  },
  "#utterance-attributes": {
    "current": {
      "number": "4.2.4",
      "spec": "Web Speech API",
      "text": "SpeechSynthesisUtterance Attributes",
      "url": "https://wicg.github.io/speech-api/#utterance-attributes"
    }
  },
  "#utterance-events": {
    "current": {
      "number": "4.2.5",
      "spec": "Web Speech API",
      "text": "SpeechSynthesisUtterance Events",
      "url": "https://wicg.github.io/speech-api/#utterance-events"
    }
  }
}