{
  "#abstract": {
    "current": {
      "number": "",
      "spec": "CSS Sizing 4",
      "text": "Abstract",
      "url": "https://drafts.csswg.org/css-sizing-4/#abstract"
    },
    "snapshot": {
      "number": "",
      "spec": "CSS Sizing 4",
      "text": "Abstract",
      "url": "https://www.w3.org/TR/css-sizing-4/#abstract"
    }
  },
  "#acknowledgments": {
    "current": {
      "number": "",
      "spec": "CSS Sizing 4",
      "text": "Acknowledgments",
      "url": "https://drafts.csswg.org/css-sizing-4/#acknowledgments"
    },
    "snapshot": {
      "number": "",
      "spec": "CSS Sizing 4",
      "text": "Acknowledgments",
      "url": "https://www.w3.org/TR/css-sizing-4/#acknowledgments"
    }
  },
  "#additions-L3": {
    "current": {
      "number": "",
      "spec": "CSS Sizing 4",
      "text": "Additions Since Level 3",
      "url": "https://drafts.csswg.org/css-sizing-4/#additions-L3"
    },
    "snapshot": {
      "number": "",
      "spec": "CSS Sizing 4",
      "text": "Additions Since Level 3",
      "url": "https://www.w3.org/TR/css-sizing-4/#additions-L3"
    }
  },
  "#aspect-ratio": {
    "current": {
      "number": "4.1",
      "spec": "CSS Sizing 4",
      "text": "Preferred Aspect Ratios: the aspect-ratio property",
      "url": "https://drafts.csswg.org/css-sizing-4/#aspect-ratio"
    },
    "snapshot": {
      "number": "4.1",
      "spec": "CSS Sizing 4",
      "text": "Preferred Aspect Ratios: the aspect-ratio property",
      "url": "https://www.w3.org/TR/css-sizing-4/#aspect-ratio"
    }
  },
  "#aspect-ratio-automatic": {
    "current": {
      "number": "4.2",
      "spec": "CSS Sizing 4",
      "text": "Effects of Preferred Aspect Ratio on Automatic Sizes",
      "url": "https://drafts.csswg.org/css-sizing-4/#aspect-ratio-automatic"
    },
    "snapshot": {
      "number": "4.2",
      "spec": "CSS Sizing 4",
      "text": "Effects of Preferred Aspect Ratio on Automatic Sizes",
      "url": "https://www.w3.org/TR/css-sizing-4/#aspect-ratio-automatic"
    }
  },
  "#aspect-ratio-margin-collapse": {
    "current": {
      "number": "4.2.1",
      "spec": "CSS Sizing 4",
      "text": "Margin-collapsing",
      "url": "https://drafts.csswg.org/css-sizing-4/#aspect-ratio-margin-collapse"
    },
    "snapshot": {
      "number": "4.2.1",
      "spec": "CSS Sizing 4",
      "text": "Margin-collapsing",
      "url": "https://www.w3.org/TR/css-sizing-4/#aspect-ratio-margin-collapse"
    }
  },
  "#aspect-ratio-minimum": {
    "current": {
      "number": "4.3",
      "spec": "CSS Sizing 4",
      "text": "Automatic Content-based Minimum Sizes",
      "url": "https://drafts.csswg.org/css-sizing-4/#aspect-ratio-minimum"
    },
    "snapshot": {
      "number": "4.3",
      "spec": "CSS Sizing 4",
      "text": "Automatic Content-based Minimum Sizes",
      "url": "https://www.w3.org/TR/css-sizing-4/#aspect-ratio-minimum"
    }
  },
  "#aspect-ratio-size-transfers": {
    "current": {
      "number": "4.4",
      "spec": "CSS Sizing 4",
      "text": "Min/Max Size Transfers",
      "url": "https://drafts.csswg.org/css-sizing-4/#aspect-ratio-size-transfers"
    },
    "snapshot": {
      "number": "4.4",
      "spec": "CSS Sizing 4",
      "text": "Min/Max Size Transfers",
      "url": "https://www.w3.org/TR/css-sizing-4/#aspect-ratio-size-transfers"
    }
  },
  "#changes": {
    "current": {
      "number": "",
      "spec": "CSS Sizing 4",
      "text": "Changes",
      "url": "https://drafts.csswg.org/css-sizing-4/#changes"
    },
    "snapshot": {
      "number": "",
      "spec": "CSS Sizing 4",
      "text": "Changes",
      "url": "https://www.w3.org/TR/css-sizing-4/#changes"
    }
  },
  "#changes-2020-05": {
    "current": {
      "number": "",
      "spec": "CSS Sizing 4",
      "text": "Recent Changes",
      "url": "https://drafts.csswg.org/css-sizing-4/#changes-2020-05"
    },
    "snapshot": {
      "number": "",
      "spec": "CSS Sizing 4",
      "text": "Recent Changes",
      "url": "https://www.w3.org/TR/css-sizing-4/#changes-2020-05"
    }
  },
  "#cis-scrollbars": {
    "current": {
      "number": "5.2.2",
      "spec": "CSS Sizing 4",
      "text": "Interaction With overflow: auto",
      "url": "https://drafts.csswg.org/css-sizing-4/#cis-scrollbars"
    },
    "snapshot": {
      "number": "5.2.2",
      "spec": "CSS Sizing 4",
      "text": "Interaction With overflow: auto",
      "url": "https://www.w3.org/TR/css-sizing-4/#cis-scrollbars"
    }
  },
  "#contain-fit-sizing": {
    "current": {
      "number": "6.2",
      "spec": "CSS Sizing 4",
      "text": "Contain-fit Sizing: stretching while maintaining an aspect ratio",
      "url": "https://drafts.csswg.org/css-sizing-4/#contain-fit-sizing"
    },
    "snapshot": {
      "number": "6.2",
      "spec": "CSS Sizing 4",
      "text": "Contain-fit Sizing: stretching while maintaining an aspect ratio",
      "url": "https://www.w3.org/TR/css-sizing-4/#contain-fit-sizing"
    }
  },
  "#extrinsic": {
    "current": {
      "number": "6",
      "spec": "CSS Sizing 4",
      "text": "Extrinsic Size Determination",
      "url": "https://drafts.csswg.org/css-sizing-4/#extrinsic"
    },
    "snapshot": {
      "number": "6",
      "spec": "CSS Sizing 4",
      "text": "Extrinsic Size Determination",
      "url": "https://www.w3.org/TR/css-sizing-4/#extrinsic"
    }
  },
  "#index": {
    "current": {
      "number": "",
      "spec": "CSS Sizing 4",
      "text": "Index",
      "url": "https://drafts.csswg.org/css-sizing-4/#index"
    },
    "snapshot": {
      "number": "",
      "spec": "CSS Sizing 4",
      "text": "Index",
      "url": "https://www.w3.org/TR/css-sizing-4/#index"
    }
  },
  "#index-defined-elsewhere": {
    "current": {
      "number": "",
      "spec": "CSS Sizing 4",
      "text": "Terms defined by reference",
      "url": "https://drafts.csswg.org/css-sizing-4/#index-defined-elsewhere"
    },
    "snapshot": {
      "number": "",
      "spec": "CSS Sizing 4",
      "text": "Terms defined by reference",
      "url": "https://www.w3.org/TR/css-sizing-4/#index-defined-elsewhere"
    }
  },
  "#index-defined-here": {
    "current": {
      "number": "",
      "spec": "CSS Sizing 4",
      "text": "Terms defined by this specification",
      "url": "https://drafts.csswg.org/css-sizing-4/#index-defined-here"
    },
    "snapshot": {
      "number": "",
      "spec": "CSS Sizing 4",
      "text": "Terms defined by this specification",
      "url": "https://www.w3.org/TR/css-sizing-4/#index-defined-here"
    }
  },
  "#informative": {
    "current": {
      "number": "",
      "spec": "CSS Sizing 4",
      "text": "Informative References",
      "url": "https://drafts.csswg.org/css-sizing-4/#informative"
    },
    "snapshot": {
      "number": "",
      "spec": "CSS Sizing 4",
      "text": "Informative References",
      "url": "https://www.w3.org/TR/css-sizing-4/#informative"
    }
  },
  "#intrinsic": {
    "current": {
      "number": "5",
      "spec": "CSS Sizing 4",
      "text": "Intrinsic Size Determination",
      "url": "https://drafts.csswg.org/css-sizing-4/#intrinsic"
    },
    "snapshot": {
      "number": "5",
      "spec": "CSS Sizing 4",
      "text": "Intrinsic Size Determination",
      "url": "https://www.w3.org/TR/css-sizing-4/#intrinsic"
    }
  },
  "#intrinsic-contribution": {
    "current": {
      "number": "5.3",
      "spec": "CSS Sizing 4",
      "text": "Intrinsic Size Contributions",
      "url": "https://drafts.csswg.org/css-sizing-4/#intrinsic-contribution"
    },
    "snapshot": {
      "number": "5.3",
      "spec": "CSS Sizing 4",
      "text": "Intrinsic Size Contributions",
      "url": "https://www.w3.org/TR/css-sizing-4/#intrinsic-contribution"
    }
  },
  "#intrinsic-contribution-override": {
    "current": {
      "number": "5.4",
      "spec": "CSS Sizing 4",
      "text": "Zeroing Min-Content Size Contributions: the min-intrinsic-sizing property",
      "url": "https://drafts.csswg.org/css-sizing-4/#intrinsic-contribution-override"
    },
    "snapshot": {
      "number": "5.4",
      "spec": "CSS Sizing 4",
      "text": "Zeroing Min-Content Size Contributions: the min-intrinsic-sizing property",
      "url": "https://www.w3.org/TR/css-sizing-4/#intrinsic-contribution-override"
    }
  },
  "#intrinsic-size-override": {
    "current": {
      "number": "5.2",
      "spec": "CSS Sizing 4",
      "text": "Overriding Contained Intrinsic Sizes: the contain-intrinsic-* properties",
      "url": "https://drafts.csswg.org/css-sizing-4/#intrinsic-size-override"
    },
    "snapshot": {
      "number": "5.2",
      "spec": "CSS Sizing 4",
      "text": "Overriding Contained Intrinsic Sizes: the contain-intrinsic-* properties",
      "url": "https://www.w3.org/TR/css-sizing-4/#intrinsic-size-override"
    }
  },
  "#intrinsic-sizes": {
    "current": {
      "number": "5.1",
      "spec": "CSS Sizing 4",
      "text": "Intrinsic Sizes",
      "url": "https://drafts.csswg.org/css-sizing-4/#intrinsic-sizes"
    },
    "snapshot": {
      "number": "5.1",
      "spec": "CSS Sizing 4",
      "text": "Intrinsic Sizes",
      "url": "https://www.w3.org/TR/css-sizing-4/#intrinsic-sizes"
    }
  },
  "#intro": {
    "current": {
      "number": "1",
      "spec": "CSS Sizing 4",
      "text": "Introduction",
      "url": "https://drafts.csswg.org/css-sizing-4/#intro"
    },
    "snapshot": {
      "number": "1",
      "spec": "CSS Sizing 4",
      "text": "Introduction",
      "url": "https://www.w3.org/TR/css-sizing-4/#intro"
    }
  },
  "#issues-index": {
    "current": {
      "number": "",
      "spec": "CSS Sizing 4",
      "text": "Issues Index",
      "url": "https://drafts.csswg.org/css-sizing-4/#issues-index"
    },
    "snapshot": {
      "number": "",
      "spec": "CSS Sizing 4",
      "text": "Issues Index",
      "url": "https://www.w3.org/TR/css-sizing-4/#issues-index"
    }
  },
  "#last-remembered": {
    "current": {
      "number": "5.2.1",
      "spec": "CSS Sizing 4",
      "text": "Last Remembered Size",
      "url": "https://drafts.csswg.org/css-sizing-4/#last-remembered"
    },
    "snapshot": {
      "number": "5.2.1",
      "spec": "CSS Sizing 4",
      "text": "Last Remembered Size",
      "url": "https://www.w3.org/TR/css-sizing-4/#last-remembered"
    }
  },
  "#normative": {
    "current": {
      "number": "",
      "spec": "CSS Sizing 4",
      "text": "Normative References",
      "url": "https://drafts.csswg.org/css-sizing-4/#normative"
    },
    "snapshot": {
      "number": "",
      "spec": "CSS Sizing 4",
      "text": "Normative References",
      "url": "https://www.w3.org/TR/css-sizing-4/#normative"
    }
  },
  "#percentage-sizing": {
    "current": {
      "number": "6.3",
      "spec": "CSS Sizing 4",
      "text": "Percentage Sizing",
      "url": "https://drafts.csswg.org/css-sizing-4/#percentage-sizing"
    },
    "snapshot": {
      "number": "6.3",
      "spec": "CSS Sizing 4",
      "text": "Percentage Sizing",
      "url": "https://www.w3.org/TR/css-sizing-4/#percentage-sizing"
    }
  },
  "#placement": {
    "current": {
      "number": "1.1",
      "spec": "CSS Sizing 4",
      "text": "Module interactions",
      "url": "https://drafts.csswg.org/css-sizing-4/#placement"
    },
    "snapshot": {
      "number": "1.1",
      "spec": "CSS Sizing 4",
      "text": "Module interactions",
      "url": "https://www.w3.org/TR/css-sizing-4/#placement"
    }
  },
  "#priv-sec": {
    "current": {
      "number": "",
      "spec": "CSS Sizing 4",
      "text": "Privacy Considerations",
      "url": "https://drafts.csswg.org/css-sizing-4/#priv-sec"
    },
    "snapshot": {
      "number": "",
      "spec": "CSS Sizing 4",
      "text": "Privacy and Security Considerations",
      "url": "https://www.w3.org/TR/css-sizing-4/#priv-sec"
    }
  },
  "#profile-and-date": {
    "snapshot": {
      "number": "",
      "spec": "CSS Sizing 4",
      "text": "W3C Working Draft, 20 May 2021",
      "url": "https://www.w3.org/TR/css-sizing-4/#profile-and-date"
    }
  },
  "#property-index": {
    "current": {
      "number": "",
      "spec": "CSS Sizing 4",
      "text": "Property Index",
      "url": "https://drafts.csswg.org/css-sizing-4/#property-index"
    },
    "snapshot": {
      "number": "",
      "spec": "CSS Sizing 4",
      "text": "Property Index",
      "url": "https://www.w3.org/TR/css-sizing-4/#property-index"
    }
  },
  "#ratios": {
    "current": {
      "number": "4",
      "spec": "CSS Sizing 4",
      "text": "Aspect Ratios",
      "url": "https://drafts.csswg.org/css-sizing-4/#ratios"
    },
    "snapshot": {
      "number": "4",
      "spec": "CSS Sizing 4",
      "text": "Aspect Ratios",
      "url": "https://www.w3.org/TR/css-sizing-4/#ratios"
    }
  },
  "#references": {
    "current": {
      "number": "",
      "spec": "CSS Sizing 4",
      "text": "References",
      "url": "https://drafts.csswg.org/css-sizing-4/#references"
    },
    "snapshot": {
      "number": "",
      "spec": "CSS Sizing 4",
      "text": "References",
      "url": "https://www.w3.org/TR/css-sizing-4/#references"
    }
  },
  "#sec": {
    "current": {
      "number": "",
      "spec": "CSS Sizing 4",
      "text": "Security Considerations",
      "url": "https://drafts.csswg.org/css-sizing-4/#sec"
    }
  },
  "#sizing-properties": {
    "current": {
      "number": "3.1",
      "spec": "CSS Sizing 4",
      "text": "Sizing Properties",
      "url": "https://drafts.csswg.org/css-sizing-4/#sizing-properties"
    },
    "snapshot": {
      "number": "3.1",
      "spec": "CSS Sizing 4",
      "text": "Sizing Properties",
      "url": "https://www.w3.org/TR/css-sizing-4/#sizing-properties"
    }
  },
  "#sizing-values": {
    "current": {
      "number": "3.2",
      "spec": "CSS Sizing 4",
      "text": "New Sizing Values: the stretch, fit-content, and contain keywords",
      "url": "https://drafts.csswg.org/css-sizing-4/#sizing-values"
    },
    "snapshot": {
      "number": "3.2",
      "spec": "CSS Sizing 4",
      "text": "New Sizing Values: the stretch, fit-content, and contain keywords",
      "url": "https://www.w3.org/TR/css-sizing-4/#sizing-values"
    }
  },
  "#sotd": {
    "current": {
      "number": "",
      "spec": "CSS Sizing 4",
      "text": "Status of this document",
      "url": "https://drafts.csswg.org/css-sizing-4/#sotd"
    }
  },
  "#specifying-sizes": {
    "current": {
      "number": "3",
      "spec": "CSS Sizing 4",
      "text": "Specifying Box Sizes",
      "url": "https://drafts.csswg.org/css-sizing-4/#specifying-sizes"
    },
    "snapshot": {
      "number": "3",
      "spec": "CSS Sizing 4",
      "text": "Specifying Box Sizes",
      "url": "https://www.w3.org/TR/css-sizing-4/#specifying-sizes"
    }
  },
  "#status": {
    "snapshot": {
      "number": "",
      "spec": "CSS Sizing 4",
      "text": "Status of this document",
      "url": "https://www.w3.org/TR/css-sizing-4/#status"
    }
  },
  "#stretch-fit-sizing": {
    "current": {
      "number": "6.1",
      "spec": "CSS Sizing 4",
      "text": "Stretch-fit Sizing: filling the containing block",
      "url": "https://drafts.csswg.org/css-sizing-4/#stretch-fit-sizing"
    },
    "snapshot": {
      "number": "6.1",
      "spec": "CSS Sizing 4",
      "text": "Stretch-fit Sizing: filling the containing block",
      "url": "https://www.w3.org/TR/css-sizing-4/#stretch-fit-sizing"
    }
  },
  "#terms": {
    "current": {
      "number": "2",
      "spec": "CSS Sizing 4",
      "text": "Terminology",
      "url": "https://drafts.csswg.org/css-sizing-4/#terms"
    },
    "snapshot": {
      "number": "2",
      "spec": "CSS Sizing 4",
      "text": "Terminology",
      "url": "https://www.w3.org/TR/css-sizing-4/#terms"
    }
  },
  "#title": {
    "current": {
      "number": "",
      "spec": "CSS Sizing 4",
      "text": "CSS Box Sizing Module Level 4",
      "url": "https://drafts.csswg.org/css-sizing-4/#title"
    },
    "snapshot": {
      "number": "",
      "spec": "CSS Sizing 4",
      "text": "CSS Box Sizing Module Level 4",
      "url": "https://www.w3.org/TR/css-sizing-4/#title"
    }
  },
  "#toc": {
    "current": {
      "number": "",
      "spec": "CSS Sizing 4",
      "text": "Table of Contents",
      "url": "https://drafts.csswg.org/css-sizing-4/#toc"
    },
    "snapshot": {
      "number": "",
      "spec": "CSS Sizing 4",
      "text": "Table of Contents",
      "url": "https://www.w3.org/TR/css-sizing-4/#toc"
    }
  },
  "#values": {
    "current": {
      "number": "1.2",
      "spec": "CSS Sizing 4",
      "text": "Value Definitions",
      "url": "https://drafts.csswg.org/css-sizing-4/#values"
    },
    "snapshot": {
      "number": "1.2",
      "spec": "CSS Sizing 4",
      "text": "Value Definitions",
      "url": "https://www.w3.org/TR/css-sizing-4/#values"
    }
  },
  "#w3c-conform-future-proofing": {
    "current": {
      "number": "",
      "spec": "CSS Sizing 4",
      "text": "Implementations of Unstable and Proprietary Features",
      "url": "https://drafts.csswg.org/css-sizing-4/#w3c-conform-future-proofing"
    },
    "snapshot": {
      "number": "",
      "spec": "CSS Sizing 4",
      "text": "Implementations of Unstable and Proprietary Features",
      "url": "https://www.w3.org/TR/css-sizing-4/#w3c-conform-future-proofing"
    }
  },
  "#w3c-conformance": {
    "current": {
      "number": "",
      "spec": "CSS Sizing 4",
      "text": "Conformance",
      "url": "https://drafts.csswg.org/css-sizing-4/#w3c-conformance"
    },
    "snapshot": {
      "number": "",
      "spec": "CSS Sizing 4",
      "text": "Conformance",
      "url": "https://www.w3.org/TR/css-sizing-4/#w3c-conformance"
    }
  },
  "#w3c-conformance-classes": {
    "current": {
      "number": "",
      "spec": "CSS Sizing 4",
      "text": "Conformance classes",
      "url": "https://drafts.csswg.org/css-sizing-4/#w3c-conformance-classes"
    },
    "snapshot": {
      "number": "",
      "spec": "CSS Sizing 4",
      "text": "Conformance classes",
      "url": "https://www.w3.org/TR/css-sizing-4/#w3c-conformance-classes"
    }
  },
  "#w3c-conventions": {
    "current": {
      "number": "",
      "spec": "CSS Sizing 4",
      "text": "Document conventions",
      "url": "https://drafts.csswg.org/css-sizing-4/#w3c-conventions"
    },
    "snapshot": {
      "number": "",
      "spec": "CSS Sizing 4",
      "text": "Document conventions",
      "url": "https://www.w3.org/TR/css-sizing-4/#w3c-conventions"
    }
  },
  "#w3c-partial": {
    "current": {
      "number": "",
      "spec": "CSS Sizing 4",
      "text": "Partial implementations",
      "url": "https://drafts.csswg.org/css-sizing-4/#w3c-partial"
    },
    "snapshot": {
      "number": "",
      "spec": "CSS Sizing 4",
      "text": "Partial implementations",
      "url": "https://www.w3.org/TR/css-sizing-4/#w3c-partial"
    }
  },
  "#w3c-testing": {
    "current": {
      "number": "",
      "spec": "CSS Sizing 4",
      "text": "Non-experimental implementations",
      "url": "https://drafts.csswg.org/css-sizing-4/#w3c-testing"
    },
    "snapshot": {
      "number": "",
      "spec": "CSS Sizing 4",
      "text": "Non-experimental implementations",
      "url": "https://www.w3.org/TR/css-sizing-4/#w3c-testing"
    }
  }
}