{
  "#abstract": {
    "current": {
      "number": "",
      "spec": "Protected Audience",
      "text": "Abstract",
      "url": "https://wicg.github.io/turtledove/#abstract"
    }
  },
  "#ad-auction-additional-bid-header": {
    "current": {
      "number": "13.3",
      "spec": "Protected Audience",
      "text": "The `Ad-Auction-Additional-Bid` HTTP response header.",
      "url": "https://wicg.github.io/turtledove/#ad-auction-additional-bid-header"
    }
  },
  "#ad-auction-signals-header": {
    "current": {
      "number": "13.2",
      "spec": "Protected Audience",
      "text": "The `Ad-Auction-Signals` HTTP response header",
      "url": "https://wicg.github.io/turtledove/#ad-auction-signals-header"
    }
  },
  "#additional-bids-and-negative-targeting": {
    "current": {
      "number": "6",
      "spec": "Protected Audience",
      "text": "Additional Bids and Negative Targeting",
      "url": "https://wicg.github.io/turtledove/#additional-bids-and-negative-targeting"
    }
  },
  "#additional-bids-section": {
    "current": {
      "number": "6.2",
      "spec": "Protected Audience",
      "text": "Additional Bids",
      "url": "https://wicg.github.io/turtledove/#additional-bids-section"
    }
  },
  "#auction-config-header": {
    "current": {
      "number": "14.3",
      "spec": "Protected Audience",
      "text": "Auction config",
      "url": "https://wicg.github.io/turtledove/#auction-config-header"
    }
  },
  "#bid-generators": {
    "current": {
      "number": "14.4",
      "spec": "Protected Audience",
      "text": "Bid generator",
      "url": "https://wicg.github.io/turtledove/#bid-generators"
    }
  },
  "#bidding-global-scope": {
    "current": {
      "number": "8.3.1",
      "spec": "Protected Audience",
      "text": "InterestGroupBiddingScriptRunnerGlobalScope",
      "url": "https://wicg.github.io/turtledove/#bidding-global-scope"
    }
  },
  "#clearoriginjoinedAdInterestGroups": {
    "current": {
      "number": "3.2",
      "spec": "Protected Audience",
      "text": "clearOriginJoinedAdInterestGroups()",
      "url": "https://wicg.github.io/turtledove/#clearoriginjoinedAdInterestGroups"
    }
  },
  "#common-algorithms": {
    "current": {
      "number": "",
      "spec": "Protected Audience",
      "text": "11. Common Algorithms",
      "url": "https://wicg.github.io/turtledove/#common-algorithms"
    }
  },
  "#create-auction-nonce": {
    "current": {
      "number": "6.1",
      "spec": "Protected Audience",
      "text": "createAuctionNonce()",
      "url": "https://wicg.github.io/turtledove/#create-auction-nonce"
    }
  },
  "#currency-tag": {
    "current": {
      "number": "14.2",
      "spec": "Protected Audience",
      "text": "Currency tag",
      "url": "https://wicg.github.io/turtledove/#currency-tag"
    }
  },
  "#direct-from-seller-signals-section": {
    "current": {
      "number": "14.6",
      "spec": "Protected Audience",
      "text": "Direct from seller signals",
      "url": "https://wicg.github.io/turtledove/#direct-from-seller-signals-section"
    }
  },
  "#downsampling-header": {
    "current": {
      "number": "5.1.1",
      "spec": "Protected Audience",
      "text": "Downsampling",
      "url": "https://wicg.github.io/turtledove/#downsampling-header"
    }
  },
  "#feature-detection": {
    "current": {
      "number": "",
      "spec": "Protected Audience",
      "text": "10. Feature Detection",
      "url": "https://wicg.github.io/turtledove/#feature-detection"
    }
  },
  "#fetch-patch-for-auction-headers": {
    "current": {
      "number": "",
      "spec": "Protected Audience",
      "text": "13. Fetch Patch for Auction Headers",
      "url": "https://wicg.github.io/turtledove/#fetch-patch-for-auction-headers"
    }
  },
  "#for-debugging-only-header": {
    "current": {
      "number": "5.1",
      "spec": "Protected Audience",
      "text": "forDebuggingOnly",
      "url": "https://wicg.github.io/turtledove/#for-debugging-only-header"
    }
  },
  "#generated-bid-header": {
    "current": {
      "number": "14.5",
      "spec": "Protected Audience",
      "text": "Generated bid",
      "url": "https://wicg.github.io/turtledove/#generated-bid-header"
    }
  },
  "#global-scopes": {
    "current": {
      "number": "8.3",
      "spec": "Protected Audience",
      "text": "Global scopes",
      "url": "https://wicg.github.io/turtledove/#global-scopes"
    }
  },
  "#idl-index": {
    "current": {
      "number": "",
      "spec": "Protected Audience",
      "text": "IDL Index",
      "url": "https://wicg.github.io/turtledove/#idl-index"
    }
  },
  "#index": {
    "current": {
      "number": "",
      "spec": "Protected Audience",
      "text": "Index",
      "url": "https://wicg.github.io/turtledove/#index"
    }
  },
  "#index-defined-elsewhere": {
    "current": {
      "number": "",
      "spec": "Protected Audience",
      "text": "Terms defined by reference",
      "url": "https://wicg.github.io/turtledove/#index-defined-elsewhere"
    }
  },
  "#index-defined-here": {
    "current": {
      "number": "",
      "spec": "Protected Audience",
      "text": "Terms defined by this specification",
      "url": "https://wicg.github.io/turtledove/#index-defined-here"
    }
  },
  "#interest-group-header": {
    "current": {
      "number": "14.1",
      "spec": "Protected Audience",
      "text": "Interest group",
      "url": "https://wicg.github.io/turtledove/#interest-group-header"
    }
  },
  "#interest-group-storage-maintenance": {
    "current": {
      "number": "2.2",
      "spec": "Protected Audience",
      "text": "Interest Group Storage Maintenance",
      "url": "https://wicg.github.io/turtledove/#interest-group-storage-maintenance"
    }
  },
  "#interest-group-updates": {
    "current": {
      "number": "9",
      "spec": "Protected Audience",
      "text": "Interest Group Updates",
      "url": "https://wicg.github.io/turtledove/#interest-group-updates"
    }
  },
  "#intro": {
    "current": {
      "number": "1",
      "spec": "Protected Audience",
      "text": "Introduction",
      "url": "https://wicg.github.io/turtledove/#intro"
    }
  },
  "#issues-index": {
    "current": {
      "number": "",
      "spec": "Protected Audience",
      "text": "Issues Index",
      "url": "https://wicg.github.io/turtledove/#issues-index"
    }
  },
  "#join-ad-interest-groups": {
    "current": {
      "number": "2.1",
      "spec": "Protected Audience",
      "text": "joinAdInterestGroup()",
      "url": "https://wicg.github.io/turtledove/#join-ad-interest-groups"
    }
  },
  "#joining-interest-groups": {
    "current": {
      "number": "2",
      "spec": "Protected Audience",
      "text": "Joining Interest Groups",
      "url": "https://wicg.github.io/turtledove/#joining-interest-groups"
    }
  },
  "#k-anonymity": {
    "current": {
      "number": "7",
      "spec": "Protected Audience",
      "text": "K-anonymity",
      "url": "https://wicg.github.io/turtledove/#k-anonymity"
    }
  },
  "#leading-bid-info-header": {
    "current": {
      "number": "14.8",
      "spec": "Protected Audience",
      "text": "Leading bid info",
      "url": "https://wicg.github.io/turtledove/#leading-bid-info-header"
    }
  },
  "#leaveadinterestgroup": {
    "current": {
      "number": "3.1",
      "spec": "Protected Audience",
      "text": "leaveAdInterestGroup()",
      "url": "https://wicg.github.io/turtledove/#leaveadinterestgroup"
    }
  },
  "#leaving-interest-groups": {
    "current": {
      "number": "3",
      "spec": "Protected Audience",
      "text": "Leaving Interest Groups",
      "url": "https://wicg.github.io/turtledove/#leaving-interest-groups"
    }
  },
  "#negative-interest-groups": {
    "current": {
      "number": "6.3.1",
      "spec": "Protected Audience",
      "text": "Negative Interest Groups",
      "url": "https://wicg.github.io/turtledove/#negative-interest-groups"
    }
  },
  "#negative-targeting-section": {
    "current": {
      "number": "6.3",
      "spec": "Protected Audience",
      "text": "Negative Targeting",
      "url": "https://wicg.github.io/turtledove/#negative-targeting-section"
    }
  },
  "#normative": {
    "current": {
      "number": "",
      "spec": "Protected Audience",
      "text": "Normative References",
      "url": "https://wicg.github.io/turtledove/#normative"
    }
  },
  "#permissions-policy-integration": {
    "current": {
      "number": "",
      "spec": "Protected Audience",
      "text": "12. Permissions Policy Integration",
      "url": "https://wicg.github.io/turtledove/#permissions-policy-integration"
    }
  },
  "#privacy-considerations": {
    "current": {
      "number": "",
      "spec": "Protected Audience",
      "text": "15. Privacy Considerations",
      "url": "https://wicg.github.io/turtledove/#privacy-considerations"
    }
  },
  "#realm-and-agent": {
    "current": {
      "number": "8.1",
      "spec": "Protected Audience",
      "text": "Realm and agent",
      "url": "https://wicg.github.io/turtledove/#realm-and-agent"
    }
  },
  "#references": {
    "current": {
      "number": "",
      "spec": "Protected Audience",
      "text": "References",
      "url": "https://wicg.github.io/turtledove/#references"
    }
  },
  "#reporting": {
    "current": {
      "number": "5",
      "spec": "Protected Audience",
      "text": "Reporting",
      "url": "https://wicg.github.io/turtledove/#reporting"
    }
  },
  "#reporting-global-scope": {
    "current": {
      "number": "8.3.3",
      "spec": "Protected Audience",
      "text": "InterestGroupReportingScriptRunnerGlobalScope",
      "url": "https://wicg.github.io/turtledove/#reporting-global-scope"
    }
  },
  "#runadauction": {
    "current": {
      "number": "4.1",
      "spec": "Protected Audience",
      "text": "runAdAuction()",
      "url": "https://wicg.github.io/turtledove/#runadauction"
    }
  },
  "#running-ad-auctions": {
    "current": {
      "number": "4",
      "spec": "Protected Audience",
      "text": "Running Ad Auctions",
      "url": "https://wicg.github.io/turtledove/#running-ad-auctions"
    }
  },
  "#score-ad-output-header": {
    "current": {
      "number": "14.7",
      "spec": "Protected Audience",
      "text": "Score ad output",
      "url": "https://wicg.github.io/turtledove/#score-ad-output-header"
    }
  },
  "#scoring-global-scope": {
    "current": {
      "number": "8.3.2",
      "spec": "Protected Audience",
      "text": "InterestGroupScoringScriptRunnerGlobalScope",
      "url": "https://wicg.github.io/turtledove/#scoring-global-scope"
    }
  },
  "#script-evaluation": {
    "current": {
      "number": "8.2",
      "spec": "Protected Audience",
      "text": "Script evaluation",
      "url": "https://wicg.github.io/turtledove/#script-evaluation"
    }
  },
  "#script-runners": {
    "current": {
      "number": "8",
      "spec": "Protected Audience",
      "text": "Script Runners",
      "url": "https://wicg.github.io/turtledove/#script-runners"
    }
  },
  "#sec-ad-auction-fetch-header": {
    "current": {
      "number": "13.1",
      "spec": "Protected Audience",
      "text": "The `Sec-Ad-Auction-Fetch` HTTP request header",
      "url": "https://wicg.github.io/turtledove/#sec-ad-auction-fetch-header"
    }
  },
  "#security-considerations": {
    "current": {
      "number": "",
      "spec": "Protected Audience",
      "text": "16. Security Considerations",
      "url": "https://wicg.github.io/turtledove/#security-considerations"
    }
  },
  "#status": {
    "current": {
      "number": "",
      "spec": "Protected Audience",
      "text": "Status of this document",
      "url": "https://wicg.github.io/turtledove/#status"
    }
  },
  "#structures": {
    "current": {
      "number": "",
      "spec": "Protected Audience",
      "text": "14. Structures",
      "url": "https://wicg.github.io/turtledove/#structures"
    }
  },
  "#title": {
    "current": {
      "number": "",
      "spec": "Protected Audience",
      "text": "Protected Audience (formerly FLEDGE)",
      "url": "https://wicg.github.io/turtledove/#title"
    }
  },
  "#toc": {
    "current": {
      "number": "",
      "spec": "Protected Audience",
      "text": "Table of Contents",
      "url": "https://wicg.github.io/turtledove/#toc"
    }
  }
}