{
  "#AB": {
    "current": {
      "number": "3.3.1",
      "spec": "W3C Process Document",
      "text": "Advisory Board (AB)",
      "url": "https://www.w3.org/Consortium/Process/#AB"
    }
  },
  "#AB-TAG-constraints": {
    "current": {
      "number": "3.3.3.2",
      "spec": "W3C Process Document",
      "text": "Elected Groups Participation Constraints",
      "url": "https://www.w3.org/Consortium/Process/#AB-TAG-constraints"
    }
  },
  "#AB-TAG-elections": {
    "current": {
      "number": "3.3.3.3",
      "spec": "W3C Process Document",
      "text": "Advisory Board and Technical Architecture Group Elections",
      "url": "https://www.w3.org/Consortium/Process/#AB-TAG-elections"
    }
  },
  "#AB-TAG-participation": {
    "current": {
      "number": "3.3.3",
      "spec": "W3C Process Document",
      "text": "Participation in Elected Groups",
      "url": "https://www.w3.org/Consortium/Process/#AB-TAG-participation"
    }
  },
  "#AB-TAG-vacated": {
    "current": {
      "number": "3.3.3.6",
      "spec": "W3C Process Document",
      "text": "Elected Groups Vacated Seats",
      "url": "https://www.w3.org/Consortium/Process/#AB-TAG-vacated"
    }
  },
  "#ABParticipation": {
    "current": {
      "number": "3.3.1.2",
      "spec": "W3C Process Document",
      "text": "Composition of the Advisory Board",
      "url": "https://www.w3.org/Consortium/Process/#ABParticipation"
    }
  },
  "#AC": {
    "current": {
      "number": "3.2",
      "spec": "W3C Process Document",
      "text": "The Advisory Committee (AC)",
      "url": "https://www.w3.org/Consortium/Process/#AC"
    }
  },
  "#ACAppeal": {
    "current": {
      "number": "5.9",
      "spec": "W3C Process Document",
      "text": "Appeal by Advisory Committee Representatives",
      "url": "https://www.w3.org/Consortium/Process/#ACAppeal"
    }
  },
  "#ACCommunication": {
    "current": {
      "number": "3.2.3",
      "spec": "W3C Process Document",
      "text": "Advisory Committee Mailing Lists",
      "url": "https://www.w3.org/Consortium/Process/#ACCommunication"
    }
  },
  "#ACMeetings": {
    "current": {
      "number": "3.2.4",
      "spec": "W3C Process Document",
      "text": "Advisory Committee Meetings",
      "url": "https://www.w3.org/Consortium/Process/#ACMeetings"
    }
  },
  "#ACReview": {
    "current": {
      "number": "5.7",
      "spec": "W3C Process Document",
      "text": "Advisory Committee Reviews",
      "url": "https://www.w3.org/Consortium/Process/#ACReview"
    }
  },
  "#ACReviewAfter": {
    "current": {
      "number": "5.7.2",
      "spec": "W3C Process Document",
      "text": "After the Review Period",
      "url": "https://www.w3.org/Consortium/Process/#ACReviewAfter"
    }
  },
  "#ACReviewStart": {
    "current": {
      "number": "5.7.1",
      "spec": "W3C Process Document",
      "text": "Start of a Review Period",
      "url": "https://www.w3.org/Consortium/Process/#ACReviewStart"
    }
  },
  "#ACVotes": {
    "current": {
      "number": "5.8",
      "spec": "W3C Process Document",
      "text": "Advisory Committee Votes",
      "url": "https://www.w3.org/Consortium/Process/#ACVotes"
    }
  },
  "#CharterReview": {
    "current": {
      "number": "4.3",
      "spec": "W3C Process Document",
      "text": "Advisory Committee Review of a Charter",
      "url": "https://www.w3.org/Consortium/Process/#CharterReview"
    }
  },
  "#Consensus": {
    "current": {
      "number": "5.2.1",
      "spec": "W3C Process Document",
      "text": "Consensus",
      "url": "https://www.w3.org/Consortium/Process/#Consensus"
    }
  },
  "#GAEvents": {
    "current": {
      "number": "8",
      "spec": "W3C Process Document",
      "text": "Workshops and Symposia",
      "url": "https://www.w3.org/Consortium/Process/#GAEvents"
    }
  },
  "#GAGeneral": {
    "current": {
      "number": "3.4",
      "spec": "W3C Process Document",
      "text": "Chartered Groups: Working Groups and Interest Groups",
      "url": "https://www.w3.org/Consortium/Process/#GAGeneral"
    }
  },
  "#GAProcess": {
    "current": {
      "number": "",
      "spec": "W3C Process Document",
      "text": "11. Process Evolution",
      "url": "https://www.w3.org/Consortium/Process/#GAProcess"
    }
  },
  "#GeneralMeetings": {
    "current": {
      "number": "3.1.2",
      "spec": "W3C Process Document",
      "text": "Meetings",
      "url": "https://www.w3.org/Consortium/Process/#GeneralMeetings"
    }
  },
  "#GeneralTermination": {
    "current": {
      "number": "4.6",
      "spec": "W3C Process Document",
      "text": "Chartered Group Closure",
      "url": "https://www.w3.org/Consortium/Process/#GeneralTermination"
    }
  },
  "#Intro": {
    "current": {
      "number": "1",
      "spec": "W3C Process Document",
      "text": "Introduction",
      "url": "https://www.w3.org/Consortium/Process/#Intro"
    }
  },
  "#Liaisons": {
    "current": {
      "number": "9",
      "spec": "W3C Process Document",
      "text": "Liaisons",
      "url": "https://www.w3.org/Consortium/Process/#Liaisons"
    }
  },
  "#MemberAssoc": {
    "current": {
      "number": "2.1.2.1",
      "spec": "W3C Process Document",
      "text": "Membership Associations",
      "url": "https://www.w3.org/Consortium/Process/#MemberAssoc"
    }
  },
  "#MemberBenefits": {
    "current": {
      "number": "2.1.1",
      "spec": "W3C Process Document",
      "text": "Rights of Members",
      "url": "https://www.w3.org/Consortium/Process/#MemberBenefits"
    }
  },
  "#MemberRelated": {
    "current": {
      "number": "2.1.2.2",
      "spec": "W3C Process Document",
      "text": "Related Members",
      "url": "https://www.w3.org/Consortium/Process/#MemberRelated"
    }
  },
  "#Members": {
    "current": {
      "number": "2.1",
      "spec": "W3C Process Document",
      "text": "Members",
      "url": "https://www.w3.org/Consortium/Process/#Members"
    }
  },
  "#Note": {
    "current": {
      "number": "6.4.1",
      "spec": "W3C Process Document",
      "text": "Group Notes",
      "url": "https://www.w3.org/Consortium/Process/#Note"
    }
  },
  "#Organization": {
    "current": {
      "number": "2",
      "spec": "W3C Process Document",
      "text": "Members and the Team",
      "url": "https://www.w3.org/Consortium/Process/#Organization"
    }
  },
  "#ParticipationCriteria": {
    "current": {
      "number": "3.1.1",
      "spec": "W3C Process Document",
      "text": "Individual Participation Criteria",
      "url": "https://www.w3.org/Consortium/Process/#ParticipationCriteria"
    }
  },
  "#Policies": {
    "current": {
      "number": "3.1",
      "spec": "W3C Process Document",
      "text": "Policies for Participation in W3C Groups",
      "url": "https://www.w3.org/Consortium/Process/#Policies"
    }
  },
  "#RelatedAndAssociatedMembers": {
    "current": {
      "number": "2.1.2",
      "spec": "W3C Process Document",
      "text": "Member Associations and Related Members",
      "url": "https://www.w3.org/Consortium/Process/#RelatedAndAssociatedMembers"
    }
  },
  "#Reports": {
    "current": {
      "number": "6",
      "spec": "W3C Process Document",
      "text": "W3C Technical Reports",
      "url": "https://www.w3.org/Consortium/Process/#Reports"
    }
  },
  "#ReqsAllGroups": {
    "current": {
      "number": "3.4.1",
      "spec": "W3C Process Document",
      "text": "Requirements for All Chartered Groups",
      "url": "https://www.w3.org/Consortium/Process/#ReqsAllGroups"
    }
  },
  "#Submission": {
    "current": {
      "number": "",
      "spec": "W3C Process Document",
      "text": "10. Member Submission Process",
      "url": "https://www.w3.org/Consortium/Process/#Submission"
    }
  },
  "#SubmissionNo": {
    "current": {
      "number": "10.4",
      "spec": "W3C Process Document",
      "text": "Rejection of a Submission Request, and Submission Appeals",
      "url": "https://www.w3.org/Consortium/Process/#SubmissionNo"
    }
  },
  "#SubmissionReqs": {
    "current": {
      "number": "10.1.2",
      "spec": "W3C Process Document",
      "text": "Information Required in a Submission Request",
      "url": "https://www.w3.org/Consortium/Process/#SubmissionReqs"
    }
  },
  "#SubmissionRights": {
    "current": {
      "number": "10.1",
      "spec": "W3C Process Document",
      "text": "Submitter Rights and Obligations",
      "url": "https://www.w3.org/Consortium/Process/#SubmissionRights"
    }
  },
  "#SubmissionScope": {
    "current": {
      "number": "10.1.1",
      "spec": "W3C Process Document",
      "text": "Scope of Member Submissions",
      "url": "https://www.w3.org/Consortium/Process/#SubmissionScope"
    }
  },
  "#SubmissionYes": {
    "current": {
      "number": "10.3",
      "spec": "W3C Process Document",
      "text": "Acknowledgment of a Submission Request",
      "url": "https://www.w3.org/Consortium/Process/#SubmissionYes"
    }
  },
  "#TAG": {
    "current": {
      "number": "3.3.2",
      "spec": "W3C Process Document",
      "text": "Technical Architecture Group (TAG)",
      "url": "https://www.w3.org/Consortium/Process/#TAG"
    }
  },
  "#TAG-appointments": {
    "current": {
      "number": "3.3.3.4",
      "spec": "W3C Process Document",
      "text": "Technical Architecture Group Appointments",
      "url": "https://www.w3.org/Consortium/Process/#TAG-appointments"
    }
  },
  "#Team": {
    "current": {
      "number": "2.2",
      "spec": "W3C Process Document",
      "text": "The W3C Team",
      "url": "https://www.w3.org/Consortium/Process/#Team"
    }
  },
  "#TeamSubmissionRights": {
    "current": {
      "number": "10.2",
      "spec": "W3C Process Document",
      "text": "Team Rights and Obligations",
      "url": "https://www.w3.org/Consortium/Process/#TeamSubmissionRights"
    }
  },
  "#Votes": {
    "current": {
      "number": "5.2.3",
      "spec": "W3C Process Document",
      "text": "Deciding by Vote",
      "url": "https://www.w3.org/Consortium/Process/#Votes"
    }
  },
  "#WGChairReopen": {
    "current": {
      "number": "5.4",
      "spec": "W3C Process Document",
      "text": "Reopening a Decision When Presented With New Information",
      "url": "https://www.w3.org/Consortium/Process/#WGChairReopen"
    }
  },
  "#WGCharter": {
    "current": {
      "number": "4.2",
      "spec": "W3C Process Document",
      "text": "Content of a Charter",
      "url": "https://www.w3.org/Consortium/Process/#WGCharter"
    }
  },
  "#WGCharterDevelopment": {
    "current": {
      "number": "4.1",
      "spec": "W3C Process Document",
      "text": "Initiating Charter Development",
      "url": "https://www.w3.org/Consortium/Process/#WGCharterDevelopment"
    }
  },
  "#ab-bod-liaison": {
    "current": {
      "number": "3.3.1.4",
      "spec": "W3C Process Document",
      "text": "Liaisons between the Advisory Board and the Board of Directors",
      "url": "https://www.w3.org/Consortium/Process/#ab-bod-liaison"
    }
  },
  "#ab-comm": {
    "current": {
      "number": "3.3.1.3",
      "spec": "W3C Process Document",
      "text": "Communications of the Advisory Board",
      "url": "https://www.w3.org/Consortium/Process/#ab-comm"
    }
  },
  "#ab-role": {
    "current": {
      "number": "3.3.1.1",
      "spec": "W3C Process Document",
      "text": "Role of the Advisory Board",
      "url": "https://www.w3.org/Consortium/Process/#ab-role"
    }
  },
  "#abandon-draft": {
    "current": {
      "number": "6.3.13.1",
      "spec": "W3C Process Document",
      "text": "Abandoning an Unfinished Recommendation",
      "url": "https://www.w3.org/Consortium/Process/#abandon-draft"
    }
  },
  "#abstract": {
    "current": {
      "number": "",
      "spec": "W3C Process Document",
      "text": "Abstract",
      "url": "https://www.w3.org/Consortium/Process/#abstract"
    }
  },
  "#ac-participation": {
    "current": {
      "number": "3.2.2",
      "spec": "W3C Process Document",
      "text": "Participation in the Advisory Committee",
      "url": "https://www.w3.org/Consortium/Process/#ac-participation"
    }
  },
  "#ac-role": {
    "current": {
      "number": "3.2.1",
      "spec": "W3C Process Document",
      "text": "Role of the Advisory Committee",
      "url": "https://www.w3.org/Consortium/Process/#ac-role"
    }
  },
  "#acks": {
    "current": {
      "number": "",
      "spec": "W3C Process Document",
      "text": "12. Acknowledgments",
      "url": "https://www.w3.org/Consortium/Process/#acks"
    }
  },
  "#addressing-fo": {
    "current": {
      "number": "5.6",
      "spec": "W3C Process Document",
      "text": "Addressing Formal Objections",
      "url": "https://www.w3.org/Consortium/Process/#addressing-fo"
    }
  },
  "#candidate-amendments": {
    "current": {
      "number": "6.2.5",
      "spec": "W3C Process Document",
      "text": "Candidate Amendments",
      "url": "https://www.w3.org/Consortium/Process/#candidate-amendments"
    }
  },
  "#cfp": {
    "current": {
      "number": "4.4",
      "spec": "W3C Process Document",
      "text": "Call for Participation in a Chartered Group",
      "url": "https://www.w3.org/Consortium/Process/#cfp"
    }
  },
  "#change-review": {
    "current": {
      "number": "6.3.11.5",
      "spec": "W3C Process Document",
      "text": "Incorporating Candidate Amendments",
      "url": "https://www.w3.org/Consortium/Process/#change-review"
    }
  },
  "#changes": {
    "current": {
      "number": "",
      "spec": "W3C Process Document",
      "text": "13. Changes",
      "url": "https://www.w3.org/Consortium/Process/#changes"
    }
  },
  "#changes-2023-1": {
    "current": {
      "number": "",
      "spec": "W3C Process Document",
      "text": "Changes since the 12 June 2023 Process",
      "url": "https://www.w3.org/Consortium/Process/#changes-2023-1"
    }
  },
  "#changes-previous": {
    "current": {
      "number": "",
      "spec": "W3C Process Document",
      "text": "Changes since earlier versions",
      "url": "https://www.w3.org/Consortium/Process/#changes-previous"
    }
  },
  "#charter-extension": {
    "current": {
      "number": "4.5",
      "spec": "W3C Process Document",
      "text": "Charter Extension",
      "url": "https://www.w3.org/Consortium/Process/#charter-extension"
    }
  },
  "#chartered-group-participants": {
    "current": {
      "number": "3.4.3",
      "spec": "W3C Process Document",
      "text": "Types of Participants in Chartered Groups",
      "url": "https://www.w3.org/Consortium/Process/#chartered-group-participants"
    }
  },
  "#coi": {
    "current": {
      "number": "3.1.1.2",
      "spec": "W3C Process Document",
      "text": "Conflict of Interest Policy",
      "url": "https://www.w3.org/Consortium/Process/#coi"
    }
  },
  "#confidentiality-change": {
    "current": {
      "number": "7.3",
      "spec": "W3C Process Document",
      "text": "Changing Confidentiality Level",
      "url": "https://www.w3.org/Consortium/Process/#confidentiality-change"
    }
  },
  "#confidentiality-levels": {
    "current": {
      "number": "7.2",
      "spec": "W3C Process Document",
      "text": "Confidentiality Levels",
      "url": "https://www.w3.org/Consortium/Process/#confidentiality-levels"
    }
  },
  "#consensus-building": {
    "current": {
      "number": "5.2",
      "spec": "W3C Process Document",
      "text": "Consensus Building",
      "url": "https://www.w3.org/Consortium/Process/#consensus-building"
    }
  },
  "#contributor-license": {
    "current": {
      "number": "6.2.6",
      "spec": "W3C Process Document",
      "text": "License Grants from Non-Participants",
      "url": "https://www.w3.org/Consortium/Process/#contributor-license"
    }
  },
  "#correction-classes": {
    "current": {
      "number": "6.2.3",
      "spec": "W3C Process Document",
      "text": "Classes of Changes",
      "url": "https://www.w3.org/Consortium/Process/#correction-classes"
    }
  },
  "#council": {
    "current": {
      "number": "5.6.2",
      "spec": "W3C Process Document",
      "text": "W3C Council",
      "url": "https://www.w3.org/Consortium/Process/#council"
    }
  },
  "#council-appeals": {
    "current": {
      "number": "5.6.2.8",
      "spec": "W3C Process Document",
      "text": "Appealing Council Decisions",
      "url": "https://www.w3.org/Consortium/Process/#council-appeals"
    }
  },
  "#council-chairing": {
    "current": {
      "number": "5.6.2.5",
      "spec": "W3C Process Document",
      "text": "Council Chairing",
      "url": "https://www.w3.org/Consortium/Process/#council-chairing"
    }
  },
  "#council-composition": {
    "current": {
      "number": "5.6.2.1",
      "spec": "W3C Process Document",
      "text": "Council Composition",
      "url": "https://www.w3.org/Consortium/Process/#council-composition"
    }
  },
  "#council-decision": {
    "current": {
      "number": "5.6.2.7",
      "spec": "W3C Process Document",
      "text": "Council Decision Report",
      "url": "https://www.w3.org/Consortium/Process/#council-decision"
    }
  },
  "#council-delegation": {
    "current": {
      "number": "5.6.2.2",
      "spec": "W3C Process Document",
      "text": "Extraordinary Delegation",
      "url": "https://www.w3.org/Consortium/Process/#council-delegation"
    }
  },
  "#council-deliberations": {
    "current": {
      "number": "5.6.2.6",
      "spec": "W3C Process Document",
      "text": "Council Deliberations",
      "url": "https://www.w3.org/Consortium/Process/#council-deliberations"
    }
  },
  "#council-participation": {
    "current": {
      "number": "5.6.2.3",
      "spec": "W3C Process Document",
      "text": "Council Participation, Dismissal, and Renunciation",
      "url": "https://www.w3.org/Consortium/Process/#council-participation"
    }
  },
  "#council-short-circuit": {
    "current": {
      "number": "5.6.2.4",
      "spec": "W3C Process Document",
      "text": "Unanimous Short Circuit",
      "url": "https://www.w3.org/Consortium/Process/#council-short-circuit"
    }
  },
  "#deactivation": {
    "current": {
      "number": "6.3.13.4",
      "spec": "W3C Process Document",
      "text": "Process for Rescinding, Obsoleting, Superseding, Restoring a Recommendation",
      "url": "https://www.w3.org/Consortium/Process/#deactivation"
    }
  },
  "#decision-types": {
    "current": {
      "number": "5.1",
      "spec": "W3C Process Document",
      "text": "Types of Decisions",
      "url": "https://www.w3.org/Consortium/Process/#decision-types"
    }
  },
  "#decisions": {
    "current": {
      "number": "5",
      "spec": "W3C Process Document",
      "text": "Decisions",
      "url": "https://www.w3.org/Consortium/Process/#decisions"
    }
  },
  "#discipline": {
    "current": {
      "number": "3.1.1.1",
      "spec": "W3C Process Document",
      "text": "Expectations and Discipline",
      "url": "https://www.w3.org/Consortium/Process/#discipline"
    }
  },
  "#dissemination": {
    "current": {
      "number": "7",
      "spec": "W3C Process Document",
      "text": "Dissemination Policies",
      "url": "https://www.w3.org/Consortium/Process/#dissemination"
    }
  },
  "#doc-reviews": {
    "current": {
      "number": "6.2.2",
      "spec": "W3C Process Document",
      "text": "Reviews and Review Responsibilities",
      "url": "https://www.w3.org/Consortium/Process/#doc-reviews"
    }
  },
  "#elected-expectations": {
    "current": {
      "number": "3.3.3.1",
      "spec": "W3C Process Document",
      "text": "Expectations for Elected Groups Participants",
      "url": "https://www.w3.org/Consortium/Process/#elected-expectations"
    }
  },
  "#elected-groups": {
    "current": {
      "number": "3.3",
      "spec": "W3C Process Document",
      "text": "Elected Groups: The AB and the TAG",
      "url": "https://www.w3.org/Consortium/Process/#elected-groups"
    }
  },
  "#errata": {
    "current": {
      "number": "6.2.4",
      "spec": "W3C Process Document",
      "text": "Errata Management",
      "url": "https://www.w3.org/Consortium/Process/#errata"
    }
  },
  "#first-wd": {
    "current": {
      "number": "6.3.5",
      "spec": "W3C Process Document",
      "text": "Publishing a First Public Working Draft",
      "url": "https://www.w3.org/Consortium/Process/#first-wd"
    }
  },
  "#formal-address": {
    "current": {
      "number": "5.3",
      "spec": "W3C Process Document",
      "text": "Formally Addressing an Issue",
      "url": "https://www.w3.org/Consortium/Process/#formal-address"
    }
  },
  "#further-reading": {
    "current": {
      "number": "6.7",
      "spec": "W3C Process Document",
      "text": "Further reading",
      "url": "https://www.w3.org/Consortium/Process/#further-reading"
    }
  },
  "#general-requirements": {
    "current": {
      "number": "6.2",
      "spec": "W3C Process Document",
      "text": "General Requirements for Technical Reports",
      "url": "https://www.w3.org/Consortium/Process/#general-requirements"
    }
  },
  "#group-lifecyle": {
    "current": {
      "number": "4",
      "spec": "W3C Process Document",
      "text": "Lifecycle of Chartered Groups",
      "url": "https://www.w3.org/Consortium/Process/#group-lifecyle"
    }
  },
  "#group-participation": {
    "current": {
      "number": "3.4.2",
      "spec": "W3C Process Document",
      "text": "Participation in Chartered Groups",
      "url": "https://www.w3.org/Consortium/Process/#group-participation"
    }
  },
  "#groups": {
    "current": {
      "number": "3",
      "spec": "W3C Process Document",
      "text": "Groups and Participation",
      "url": "https://www.w3.org/Consortium/Process/#groups"
    }
  },
  "#implementation-experience": {
    "current": {
      "number": "6.3.2",
      "spec": "W3C Process Document",
      "text": "Implementation Experience",
      "url": "https://www.w3.org/Consortium/Process/#implementation-experience"
    }
  },
  "#index": {
    "current": {
      "number": "",
      "spec": "W3C Process Document",
      "text": "Index",
      "url": "https://www.w3.org/Consortium/Process/#index"
    }
  },
  "#index-defined-elsewhere": {
    "current": {
      "number": "",
      "spec": "W3C Process Document",
      "text": "Terms defined by reference",
      "url": "https://www.w3.org/Consortium/Process/#index-defined-elsewhere"
    }
  },
  "#index-defined-here": {
    "current": {
      "number": "",
      "spec": "W3C Process Document",
      "text": "Terms defined by this specification",
      "url": "https://www.w3.org/Consortium/Process/#index-defined-here"
    }
  },
  "#informative": {
    "current": {
      "number": "",
      "spec": "W3C Process Document",
      "text": "Informative References",
      "url": "https://www.w3.org/Consortium/Process/#informative"
    }
  },
  "#invited-expert-ig": {
    "current": {
      "number": "3.4.3.4",
      "spec": "W3C Process Document",
      "text": "Invited Expert in an Interest Group",
      "url": "https://www.w3.org/Consortium/Process/#invited-expert-ig"
    }
  },
  "#invited-expert-wg": {
    "current": {
      "number": "3.4.3.3",
      "spec": "W3C Process Document",
      "text": "Invited Expert in a Working Group",
      "url": "https://www.w3.org/Consortium/Process/#invited-expert-wg"
    }
  },
  "#managing-dissent": {
    "current": {
      "number": "5.2.2",
      "spec": "W3C Process Document",
      "text": "Managing Dissent",
      "url": "https://www.w3.org/Consortium/Process/#managing-dissent"
    }
  },
  "#maturity-stages": {
    "current": {
      "number": "6.3.1",
      "spec": "W3C Process Document",
      "text": "Maturity Stages on the Recommendation Track",
      "url": "https://www.w3.org/Consortium/Process/#maturity-stages"
    }
  },
  "#meeting-minutes": {
    "current": {
      "number": "3.1.2.2",
      "spec": "W3C Process Document",
      "text": "Meeting Minutes",
      "url": "https://www.w3.org/Consortium/Process/#meeting-minutes"
    }
  },
  "#meeting-recording": {
    "current": {
      "number": "3.1.2.3",
      "spec": "W3C Process Document",
      "text": "Meeting Recordings and Transcripts",
      "url": "https://www.w3.org/Consortium/Process/#meeting-recording"
    }
  },
  "#meeting-schedules": {
    "current": {
      "number": "3.1.2.1",
      "spec": "W3C Process Document",
      "text": "Meeting Scheduling and Announcements",
      "url": "https://www.w3.org/Consortium/Process/#meeting-schedules"
    }
  },
  "#member-rep": {
    "current": {
      "number": "3.1.1.3",
      "spec": "W3C Process Document",
      "text": "Individuals Representing a Member Organization",
      "url": "https://www.w3.org/Consortium/Process/#member-rep"
    }
  },
  "#member-rep-ig": {
    "current": {
      "number": "3.4.3.2",
      "spec": "W3C Process Document",
      "text": "Member Representative in an Interest Group",
      "url": "https://www.w3.org/Consortium/Process/#member-rep-ig"
    }
  },
  "#member-rep-wg": {
    "current": {
      "number": "3.4.3.1",
      "spec": "W3C Process Document",
      "text": "Member Representative in a Working Group",
      "url": "https://www.w3.org/Consortium/Process/#member-rep-wg"
    }
  },
  "#normative": {
    "current": {
      "number": "",
      "spec": "W3C Process Document",
      "text": "Normative References",
      "url": "https://www.w3.org/Consortium/Process/#normative"
    }
  },
  "#note-track": {
    "current": {
      "number": "6.4",
      "spec": "W3C Process Document",
      "text": "The Note Track (Notes and Statements)",
      "url": "https://www.w3.org/Consortium/Process/#note-track"
    }
  },
  "#pp": {
    "current": {
      "number": "",
      "spec": "W3C Process Document",
      "text": "Relation of Process Document to Patent Policy and Other Policies",
      "url": "https://www.w3.org/Consortium/Process/#pp"
    }
  },
  "#pub-com": {
    "current": {
      "number": "7.1",
      "spec": "W3C Process Document",
      "text": "Public Communication",
      "url": "https://www.w3.org/Consortium/Process/#pub-com"
    }
  },
  "#publication": {
    "current": {
      "number": "6.2.1",
      "spec": "W3C Process Document",
      "text": "Publication of Technical Reports",
      "url": "https://www.w3.org/Consortium/Process/#publication"
    }
  },
  "#publishing-crrs": {
    "current": {
      "number": "6.3.8.1",
      "spec": "W3C Process Document",
      "text": "Publishing a Candidate Recommendation Snapshot",
      "url": "https://www.w3.org/Consortium/Process/#publishing-crrs"
    }
  },
  "#publishing-crud": {
    "current": {
      "number": "6.3.8.2",
      "spec": "W3C Process Document",
      "text": "Publishing a Candidate Recommendation Draft",
      "url": "https://www.w3.org/Consortium/Process/#publishing-crud"
    }
  },
  "#publishing-notes": {
    "current": {
      "number": "6.4.2",
      "spec": "W3C Process Document",
      "text": "Publishing Notes",
      "url": "https://www.w3.org/Consortium/Process/#publishing-notes"
    }
  },
  "#random": {
    "current": {
      "number": "3.3.3.5",
      "spec": "W3C Process Document",
      "text": "Verifiable Random Selection Procedure",
      "url": "https://www.w3.org/Consortium/Process/#random"
    }
  },
  "#rec-rescind": {
    "current": {
      "number": "6.3.13.3",
      "spec": "W3C Process Document",
      "text": "Abandoning a W3C Recommendation",
      "url": "https://www.w3.org/Consortium/Process/#rec-rescind"
    }
  },
  "#rec-track": {
    "current": {
      "number": "6.3",
      "spec": "W3C Process Document",
      "text": "The W3C Recommendation Track",
      "url": "https://www.w3.org/Consortium/Process/#rec-track"
    }
  },
  "#rec-track-regression": {
    "current": {
      "number": "6.3.12",
      "spec": "W3C Process Document",
      "text": "Regression on the Recommendation Track",
      "url": "https://www.w3.org/Consortium/Process/#rec-track-regression"
    }
  },
  "#recs-and-notes": {
    "current": {
      "number": "6.1",
      "spec": "W3C Process Document",
      "text": "Types of Technical Reports",
      "url": "https://www.w3.org/Consortium/Process/#recs-and-notes"
    }
  },
  "#references": {
    "current": {
      "number": "",
      "spec": "W3C Process Document",
      "text": "References",
      "url": "https://www.w3.org/Consortium/Process/#references"
    }
  },
  "#reg-data-reports": {
    "current": {
      "number": "6.5.4",
      "spec": "W3C Process Document",
      "text": "Registry Data Reports",
      "url": "https://www.w3.org/Consortium/Process/#reg-data-reports"
    }
  },
  "#reg-def": {
    "current": {
      "number": "6.5.1",
      "spec": "W3C Process Document",
      "text": "Registry Definitions",
      "url": "https://www.w3.org/Consortium/Process/#reg-def"
    }
  },
  "#reg-pub": {
    "current": {
      "number": "6.5.2",
      "spec": "W3C Process Document",
      "text": "Publishing Registries",
      "url": "https://www.w3.org/Consortium/Process/#reg-pub"
    }
  },
  "#reg-ref-specifications": {
    "current": {
      "number": "6.5.5",
      "spec": "W3C Process Document",
      "text": "Specifications that Reference Registries",
      "url": "https://www.w3.org/Consortium/Process/#reg-ref-specifications"
    }
  },
  "#reg-table-update": {
    "current": {
      "number": "6.5.3",
      "spec": "W3C Process Document",
      "text": "Updating Registry Tables",
      "url": "https://www.w3.org/Consortium/Process/#reg-table-update"
    }
  },
  "#registering-objections": {
    "current": {
      "number": "5.5",
      "spec": "W3C Process Document",
      "text": "Registering Formal Objections",
      "url": "https://www.w3.org/Consortium/Process/#registering-objections"
    }
  },
  "#registries": {
    "current": {
      "number": "6.5",
      "spec": "W3C Process Document",
      "text": "The Registry Track",
      "url": "https://www.w3.org/Consortium/Process/#registries"
    }
  },
  "#rescind-cr": {
    "current": {
      "number": "6.3.13.2",
      "spec": "W3C Process Document",
      "text": "Rescinding a Candidate Recommendation",
      "url": "https://www.w3.org/Consortium/Process/#rescind-cr"
    }
  },
  "#resignation": {
    "current": {
      "number": "3.1.4",
      "spec": "W3C Process Document",
      "text": "Resignation from a Group",
      "url": "https://www.w3.org/Consortium/Process/#resignation"
    }
  },
  "#revised-rec-editorial": {
    "current": {
      "number": "6.3.11.2",
      "spec": "W3C Process Document",
      "text": "Revising a Recommendation: Editorial Changes",
      "url": "https://www.w3.org/Consortium/Process/#revised-rec-editorial"
    }
  },
  "#revised-rec-features": {
    "current": {
      "number": "6.3.11.4",
      "spec": "W3C Process Document",
      "text": "Revising a Recommendation: New Features",
      "url": "https://www.w3.org/Consortium/Process/#revised-rec-features"
    }
  },
  "#revised-rec-markup": {
    "current": {
      "number": "6.3.11.1",
      "spec": "W3C Process Document",
      "text": "Revising a Recommendation: Markup Changes",
      "url": "https://www.w3.org/Consortium/Process/#revised-rec-markup"
    }
  },
  "#revised-rec-substantive": {
    "current": {
      "number": "6.3.11.3",
      "spec": "W3C Process Document",
      "text": "Revising a Recommendation: Substantive Changes",
      "url": "https://www.w3.org/Consortium/Process/#revised-rec-substantive"
    }
  },
  "#revising-cr": {
    "current": {
      "number": "6.3.8",
      "spec": "W3C Process Document",
      "text": "Revising a Candidate Recommendation",
      "url": "https://www.w3.org/Consortium/Process/#revising-cr"
    }
  },
  "#revising-memo": {
    "current": {
      "number": "6.4.4",
      "spec": "W3C Process Document",
      "text": "Revising W3C Statements",
      "url": "https://www.w3.org/Consortium/Process/#revising-memo"
    }
  },
  "#revising-rec": {
    "current": {
      "number": "6.3.11",
      "spec": "W3C Process Document",
      "text": "Revising a W3C Recommendation",
      "url": "https://www.w3.org/Consortium/Process/#revising-rec"
    }
  },
  "#revising-wd": {
    "current": {
      "number": "6.3.6",
      "spec": "W3C Process Document",
      "text": "Revising a Working Draft",
      "url": "https://www.w3.org/Consortium/Process/#revising-wd"
    }
  },
  "#sotd": {
    "current": {
      "number": "",
      "spec": "W3C Process Document",
      "text": "Status of this document",
      "url": "https://www.w3.org/Consortium/Process/#sotd"
    }
  },
  "#streamlined-update": {
    "current": {
      "number": "6.3.4.1",
      "spec": "W3C Process Document",
      "text": "Streamlined Publication Approval",
      "url": "https://www.w3.org/Consortium/Process/#streamlined-update"
    }
  },
  "#switching-tracks": {
    "current": {
      "number": "6.6",
      "spec": "W3C Process Document",
      "text": "Switching Tracks",
      "url": "https://www.w3.org/Consortium/Process/#switching-tracks"
    }
  },
  "#tag-comm": {
    "current": {
      "number": "3.3.2.3",
      "spec": "W3C Process Document",
      "text": "Communications of the Technical Architecture Group",
      "url": "https://www.w3.org/Consortium/Process/#tag-comm"
    }
  },
  "#tag-participation": {
    "current": {
      "number": "3.3.2.2",
      "spec": "W3C Process Document",
      "text": "Composition of the Technical Architecture Group",
      "url": "https://www.w3.org/Consortium/Process/#tag-participation"
    }
  },
  "#tag-role": {
    "current": {
      "number": "3.3.2.1",
      "spec": "W3C Process Document",
      "text": "Role of the Technical Architecture Group",
      "url": "https://www.w3.org/Consortium/Process/#tag-role"
    }
  },
  "#team-fo-mediation": {
    "current": {
      "number": "5.6.1",
      "spec": "W3C Process Document",
      "text": "Investigation and Mediation by the Team",
      "url": "https://www.w3.org/Consortium/Process/#team-fo-mediation"
    }
  },
  "#team-rep-ig": {
    "current": {
      "number": "3.4.3.6",
      "spec": "W3C Process Document",
      "text": "Team Representative in an Interest Group",
      "url": "https://www.w3.org/Consortium/Process/#team-rep-ig"
    }
  },
  "#team-rep-wg": {
    "current": {
      "number": "3.4.3.5",
      "spec": "W3C Process Document",
      "text": "Team Representative in a Working Group",
      "url": "https://www.w3.org/Consortium/Process/#team-rep-wg"
    }
  },
  "#terms": {
    "current": {
      "number": "",
      "spec": "W3C Process Document",
      "text": "Conformance and specialized terms",
      "url": "https://www.w3.org/Consortium/Process/#terms"
    }
  },
  "#title": {
    "current": {
      "number": "",
      "spec": "W3C Process Document",
      "text": "W3C Process Document",
      "url": "https://www.w3.org/Consortium/Process/#title"
    }
  },
  "#toc": {
    "current": {
      "number": "",
      "spec": "W3C Process Document",
      "text": "Table of Contents",
      "url": "https://www.w3.org/Consortium/Process/#toc"
    }
  },
  "#tooling": {
    "current": {
      "number": "3.1.3",
      "spec": "W3C Process Document",
      "text": "Tooling and Archiving for Discussions and Publications",
      "url": "https://www.w3.org/Consortium/Process/#tooling"
    }
  },
  "#tr-end": {
    "current": {
      "number": "6.3.13",
      "spec": "W3C Process Document",
      "text": "Retiring Recommendation Track Documents",
      "url": "https://www.w3.org/Consortium/Process/#tr-end"
    }
  },
  "#transition-cr": {
    "current": {
      "number": "6.3.7",
      "spec": "W3C Process Document",
      "text": "Transitioning to Candidate Recommendation",
      "url": "https://www.w3.org/Consortium/Process/#transition-cr"
    }
  },
  "#transition-pr": {
    "current": {
      "number": "6.3.9",
      "spec": "W3C Process Document",
      "text": "Transitioning to Proposed Recommendation",
      "url": "https://www.w3.org/Consortium/Process/#transition-pr"
    }
  },
  "#transition-rec": {
    "current": {
      "number": "6.3.10",
      "spec": "W3C Process Document",
      "text": "Transitioning to W3C Recommendation",
      "url": "https://www.w3.org/Consortium/Process/#transition-rec"
    }
  },
  "#transition-reqs": {
    "current": {
      "number": "6.3.3",
      "spec": "W3C Process Document",
      "text": "Advancement on the Recommendation Track",
      "url": "https://www.w3.org/Consortium/Process/#transition-reqs"
    }
  },
  "#update-reqs": {
    "current": {
      "number": "6.3.4",
      "spec": "W3C Process Document",
      "text": "Updating Mature Publications on the Recommendation Track",
      "url": "https://www.w3.org/Consortium/Process/#update-reqs"
    }
  },
  "#w3c-statement": {
    "current": {
      "number": "6.4.3",
      "spec": "W3C Process Document",
      "text": "Elevating Group Notes to W3C Statement status",
      "url": "https://www.w3.org/Consortium/Process/#w3c-statement"
    }
  },
  "#wide-review": {
    "current": {
      "number": "6.2.2.1",
      "spec": "W3C Process Document",
      "text": "Wide Review",
      "url": "https://www.w3.org/Consortium/Process/#wide-review"
    }
  }
}