{
  "#abstract": {
    "current": {
      "number": "",
      "spec": "Media Queries 4",
      "text": "Abstract",
      "url": "https://drafts.csswg.org/mediaqueries-4/#abstract"
    },
    "snapshot": {
      "number": "",
      "spec": "Media Queries 4",
      "text": "Abstract",
      "url": "https://www.w3.org/TR/mediaqueries-4/#abstract"
    }
  },
  "#acknowledgments": {
    "current": {
      "number": "",
      "spec": "Media Queries 4",
      "text": "Acknowledgments",
      "url": "https://drafts.csswg.org/mediaqueries-4/#acknowledgments"
    },
    "snapshot": {
      "number": "",
      "spec": "Media Queries 4",
      "text": "Acknowledgments",
      "url": "https://www.w3.org/TR/mediaqueries-4/#acknowledgments"
    }
  },
  "#any-input": {
    "current": {
      "number": "7.3",
      "spec": "Media Queries 4",
      "text": "All Available Interaction Capabilities: the any-pointer and any-hover features",
      "url": "https://drafts.csswg.org/mediaqueries-4/#any-input"
    },
    "snapshot": {
      "number": "7.3",
      "spec": "Media Queries 4",
      "text": "All Available Interaction Capabilities: the any-pointer and any-hover features",
      "url": "https://www.w3.org/TR/mediaqueries-4/#any-input"
    }
  },
  "#aspect-ratio": {
    "current": {
      "number": "4.3",
      "spec": "Media Queries 4",
      "text": "Aspect-Ratio: the aspect-ratio feature",
      "url": "https://drafts.csswg.org/mediaqueries-4/#aspect-ratio"
    },
    "snapshot": {
      "number": "4.3",
      "spec": "Media Queries 4",
      "text": "Aspect-Ratio: the aspect-ratio feature",
      "url": "https://www.w3.org/TR/mediaqueries-4/#aspect-ratio"
    }
  },
  "#changes": {
    "current": {
      "number": "",
      "spec": "Media Queries 4",
      "text": "Changes",
      "url": "https://drafts.csswg.org/mediaqueries-4/#changes"
    },
    "snapshot": {
      "number": "",
      "spec": "Media Queries 4",
      "text": "Changes",
      "url": "https://www.w3.org/TR/mediaqueries-4/#changes"
    }
  },
  "#changes-2012": {
    "current": {
      "number": "",
      "spec": "Media Queries 4",
      "text": "Changes Since Media Queries Level 3",
      "url": "https://drafts.csswg.org/mediaqueries-4/#changes-2012"
    },
    "snapshot": {
      "number": "",
      "spec": "Media Queries 4",
      "text": "Changes Since Media Queries Level 3",
      "url": "https://www.w3.org/TR/mediaqueries-4/#changes-2012"
    }
  },
  "#changes-2017": {
    "current": {
      "number": "",
      "spec": "Media Queries 4",
      "text": "Changes since the 19 May 2017 Working Draft",
      "url": "https://drafts.csswg.org/mediaqueries-4/#changes-2017"
    },
    "snapshot": {
      "number": "",
      "spec": "Media Queries 4",
      "text": "Changes since the 19 May 2017 Working Draft",
      "url": "https://www.w3.org/TR/mediaqueries-4/#changes-2017"
    }
  },
  "#changes-2017-9": {
    "current": {
      "number": "",
      "spec": "Media Queries 4",
      "text": "Changes since the 5 September 2017 Candidate Recommendation",
      "url": "https://drafts.csswg.org/mediaqueries-4/#changes-2017-9"
    },
    "snapshot": {
      "number": "",
      "spec": "Media Queries 4",
      "text": "Changes since the 5 September 2017 Candidate Recommendation",
      "url": "https://www.w3.org/TR/mediaqueries-4/#changes-2017-9"
    }
  },
  "#changes-2020-7": {
    "current": {
      "number": "",
      "spec": "Media Queries 4",
      "text": "Changes since the 21 July 2020 Candidate Recommendation",
      "url": "https://drafts.csswg.org/mediaqueries-4/#changes-2020-7"
    },
    "snapshot": {
      "number": "",
      "spec": "Media Queries 4",
      "text": "Changes since the 21 July 2020 Candidate Recommendation",
      "url": "https://www.w3.org/TR/mediaqueries-4/#changes-2020-7"
    }
  },
  "#changes-2021-12": {
    "current": {
      "number": "",
      "spec": "Media Queries 4",
      "text": "Changes since the 25 December 2021 Candidate Recommendation Draft",
      "url": "https://drafts.csswg.org/mediaqueries-4/#changes-2021-12"
    }
  },
  "#color": {
    "current": {
      "number": "6.1",
      "spec": "Media Queries 4",
      "text": "Color Depth: the color feature",
      "url": "https://drafts.csswg.org/mediaqueries-4/#color"
    },
    "snapshot": {
      "number": "6.1",
      "spec": "Media Queries 4",
      "text": "Color Depth: the color feature",
      "url": "https://www.w3.org/TR/mediaqueries-4/#color"
    }
  },
  "#color-gamut": {
    "current": {
      "number": "6.4",
      "spec": "Media Queries 4",
      "text": "Color Display Quality: the color-gamut feature",
      "url": "https://drafts.csswg.org/mediaqueries-4/#color-gamut"
    },
    "snapshot": {
      "number": "6.4",
      "spec": "Media Queries 4",
      "text": "Color Display Quality: the color-gamut feature",
      "url": "https://www.w3.org/TR/mediaqueries-4/#color-gamut"
    }
  },
  "#color-index": {
    "current": {
      "number": "6.2",
      "spec": "Media Queries 4",
      "text": "Paletted Color Screens: the color-index feature",
      "url": "https://drafts.csswg.org/mediaqueries-4/#color-index"
    },
    "snapshot": {
      "number": "6.2",
      "spec": "Media Queries 4",
      "text": "Paletted Color Screens: the color-index feature",
      "url": "https://www.w3.org/TR/mediaqueries-4/#color-index"
    }
  },
  "#device-aspect-ratio": {
    "current": {
      "number": "",
      "spec": "Media Queries 4",
      "text": "device-aspect-ratio",
      "url": "https://drafts.csswg.org/mediaqueries-4/#device-aspect-ratio"
    },
    "snapshot": {
      "number": "",
      "spec": "Media Queries 4",
      "text": "device-aspect-ratio",
      "url": "https://www.w3.org/TR/mediaqueries-4/#device-aspect-ratio"
    }
  },
  "#device-height": {
    "current": {
      "number": "",
      "spec": "Media Queries 4",
      "text": "device-height",
      "url": "https://drafts.csswg.org/mediaqueries-4/#device-height"
    },
    "snapshot": {
      "number": "",
      "spec": "Media Queries 4",
      "text": "device-height",
      "url": "https://www.w3.org/TR/mediaqueries-4/#device-height"
    }
  },
  "#device-width": {
    "current": {
      "number": "",
      "spec": "Media Queries 4",
      "text": "device-width",
      "url": "https://drafts.csswg.org/mediaqueries-4/#device-width"
    },
    "snapshot": {
      "number": "",
      "spec": "Media Queries 4",
      "text": "device-width",
      "url": "https://www.w3.org/TR/mediaqueries-4/#device-width"
    }
  },
  "#error-handling": {
    "current": {
      "number": "3.2",
      "spec": "Media Queries 4",
      "text": "Error Handling",
      "url": "https://drafts.csswg.org/mediaqueries-4/#error-handling"
    },
    "snapshot": {
      "number": "3.2",
      "spec": "Media Queries 4",
      "text": "Error Handling",
      "url": "https://www.w3.org/TR/mediaqueries-4/#error-handling"
    }
  },
  "#evaluating": {
    "current": {
      "number": "3.1",
      "spec": "Media Queries 4",
      "text": "Evaluating Media Queries",
      "url": "https://drafts.csswg.org/mediaqueries-4/#evaluating"
    },
    "snapshot": {
      "number": "3.1",
      "spec": "Media Queries 4",
      "text": "Evaluating Media Queries",
      "url": "https://www.w3.org/TR/mediaqueries-4/#evaluating"
    }
  },
  "#grid": {
    "current": {
      "number": "5.3",
      "spec": "Media Queries 4",
      "text": "Detecting Console Displays: the grid feature",
      "url": "https://drafts.csswg.org/mediaqueries-4/#grid"
    },
    "snapshot": {
      "number": "5.3",
      "spec": "Media Queries 4",
      "text": "Detecting Console Displays: the grid feature",
      "url": "https://www.w3.org/TR/mediaqueries-4/#grid"
    }
  },
  "#height": {
    "current": {
      "number": "4.2",
      "spec": "Media Queries 4",
      "text": "Height: the height feature",
      "url": "https://drafts.csswg.org/mediaqueries-4/#height"
    },
    "snapshot": {
      "number": "4.2",
      "spec": "Media Queries 4",
      "text": "Height: the height feature",
      "url": "https://www.w3.org/TR/mediaqueries-4/#height"
    }
  },
  "#hover": {
    "current": {
      "number": "7.2",
      "spec": "Media Queries 4",
      "text": "Hover Capability: the hover feature",
      "url": "https://drafts.csswg.org/mediaqueries-4/#hover"
    },
    "snapshot": {
      "number": "7.2",
      "spec": "Media Queries 4",
      "text": "Hover Capability: the hover feature",
      "url": "https://www.w3.org/TR/mediaqueries-4/#hover"
    }
  },
  "#index": {
    "current": {
      "number": "",
      "spec": "Media Queries 4",
      "text": "Index",
      "url": "https://drafts.csswg.org/mediaqueries-4/#index"
    },
    "snapshot": {
      "number": "",
      "spec": "Media Queries 4",
      "text": "Index",
      "url": "https://www.w3.org/TR/mediaqueries-4/#index"
    }
  },
  "#index-defined-elsewhere": {
    "current": {
      "number": "",
      "spec": "Media Queries 4",
      "text": "Terms defined by reference",
      "url": "https://drafts.csswg.org/mediaqueries-4/#index-defined-elsewhere"
    },
    "snapshot": {
      "number": "",
      "spec": "Media Queries 4",
      "text": "Terms defined by reference",
      "url": "https://www.w3.org/TR/mediaqueries-4/#index-defined-elsewhere"
    }
  },
  "#index-defined-here": {
    "current": {
      "number": "",
      "spec": "Media Queries 4",
      "text": "Terms defined by this specification",
      "url": "https://drafts.csswg.org/mediaqueries-4/#index-defined-here"
    },
    "snapshot": {
      "number": "",
      "spec": "Media Queries 4",
      "text": "Terms defined by this specification",
      "url": "https://www.w3.org/TR/mediaqueries-4/#index-defined-here"
    }
  },
  "#informative": {
    "current": {
      "number": "",
      "spec": "Media Queries 4",
      "text": "Informative References",
      "url": "https://drafts.csswg.org/mediaqueries-4/#informative"
    },
    "snapshot": {
      "number": "",
      "spec": "Media Queries 4",
      "text": "Informative References",
      "url": "https://www.w3.org/TR/mediaqueries-4/#informative"
    }
  },
  "#intro": {
    "current": {
      "number": "1",
      "spec": "Media Queries 4",
      "text": "Introduction",
      "url": "https://drafts.csswg.org/mediaqueries-4/#intro"
    },
    "snapshot": {
      "number": "1",
      "spec": "Media Queries 4",
      "text": "Introduction",
      "url": "https://www.w3.org/TR/mediaqueries-4/#intro"
    }
  },
  "#media": {
    "current": {
      "number": "2",
      "spec": "Media Queries 4",
      "text": "Media Queries",
      "url": "https://drafts.csswg.org/mediaqueries-4/#media"
    },
    "snapshot": {
      "number": "2",
      "spec": "Media Queries 4",
      "text": "Media Queries",
      "url": "https://www.w3.org/TR/mediaqueries-4/#media"
    }
  },
  "#media-conditions": {
    "current": {
      "number": "2.5",
      "spec": "Media Queries 4",
      "text": "Combining Media Features",
      "url": "https://drafts.csswg.org/mediaqueries-4/#media-conditions"
    },
    "snapshot": {
      "number": "2.5",
      "spec": "Media Queries 4",
      "text": "Combining Media Features",
      "url": "https://www.w3.org/TR/mediaqueries-4/#media-conditions"
    }
  },
  "#media-descriptor-table": {
    "current": {
      "number": "",
      "spec": "Media Queries 4",
      "text": "@media Descriptors",
      "url": "https://drafts.csswg.org/mediaqueries-4/#media-descriptor-table"
    },
    "snapshot": {
      "number": "",
      "spec": "Media Queries 4",
      "text": "@media Descriptors",
      "url": "https://www.w3.org/TR/mediaqueries-4/#media-descriptor-table"
    }
  },
  "#media-types": {
    "current": {
      "number": "2.3",
      "spec": "Media Queries 4",
      "text": "Media Types",
      "url": "https://drafts.csswg.org/mediaqueries-4/#media-types"
    },
    "snapshot": {
      "number": "2.3",
      "spec": "Media Queries 4",
      "text": "Media Types",
      "url": "https://www.w3.org/TR/mediaqueries-4/#media-types"
    }
  },
  "#mf-colors": {
    "current": {
      "number": "6",
      "spec": "Media Queries 4",
      "text": "Color Media Features",
      "url": "https://drafts.csswg.org/mediaqueries-4/#mf-colors"
    },
    "snapshot": {
      "number": "6",
      "spec": "Media Queries 4",
      "text": "Color Media Features",
      "url": "https://www.w3.org/TR/mediaqueries-4/#mf-colors"
    }
  },
  "#mf-deprecated": {
    "current": {
      "number": "A",
      "spec": "Media Queries 4",
      "text": "Deprecated Media Features",
      "url": "https://drafts.csswg.org/mediaqueries-4/#mf-deprecated"
    },
    "snapshot": {
      "number": "A",
      "spec": "Media Queries 4",
      "text": "Deprecated Media Features",
      "url": "https://www.w3.org/TR/mediaqueries-4/#mf-deprecated"
    }
  },
  "#mf-dimensions": {
    "current": {
      "number": "4",
      "spec": "Media Queries 4",
      "text": "Viewport/Page Dimensions Media Features",
      "url": "https://drafts.csswg.org/mediaqueries-4/#mf-dimensions"
    },
    "snapshot": {
      "number": "4",
      "spec": "Media Queries 4",
      "text": "Viewport/Page Dimensions Media Features",
      "url": "https://www.w3.org/TR/mediaqueries-4/#mf-dimensions"
    }
  },
  "#mf-display-quality": {
    "current": {
      "number": "5",
      "spec": "Media Queries 4",
      "text": "Display Quality Media Features",
      "url": "https://drafts.csswg.org/mediaqueries-4/#mf-display-quality"
    },
    "snapshot": {
      "number": "5",
      "spec": "Media Queries 4",
      "text": "Display Quality Media Features",
      "url": "https://www.w3.org/TR/mediaqueries-4/#mf-display-quality"
    }
  },
  "#mf-interaction": {
    "current": {
      "number": "7",
      "spec": "Media Queries 4",
      "text": "Interaction Media Features",
      "url": "https://drafts.csswg.org/mediaqueries-4/#mf-interaction"
    },
    "snapshot": {
      "number": "7",
      "spec": "Media Queries 4",
      "text": "Interaction Media Features",
      "url": "https://www.w3.org/TR/mediaqueries-4/#mf-interaction"
    }
  },
  "#mf-overflow-block": {
    "current": {
      "number": "5.5",
      "spec": "Media Queries 4",
      "text": "Block-Axis Overflow: the overflow-block feature",
      "url": "https://drafts.csswg.org/mediaqueries-4/#mf-overflow-block"
    },
    "snapshot": {
      "number": "5.5",
      "spec": "Media Queries 4",
      "text": "Block-Axis Overflow: the overflow-block feature",
      "url": "https://www.w3.org/TR/mediaqueries-4/#mf-overflow-block"
    }
  },
  "#mf-overflow-inline": {
    "current": {
      "number": "5.6",
      "spec": "Media Queries 4",
      "text": "Inline-Axis Overflow: the overflow-inline feature",
      "url": "https://drafts.csswg.org/mediaqueries-4/#mf-overflow-inline"
    },
    "snapshot": {
      "number": "5.6",
      "spec": "Media Queries 4",
      "text": "Inline-Axis Overflow: the overflow-inline feature",
      "url": "https://www.w3.org/TR/mediaqueries-4/#mf-overflow-inline"
    }
  },
  "#monochrome": {
    "current": {
      "number": "6.3",
      "spec": "Media Queries 4",
      "text": "Monochrome Screens: the monochrome feature",
      "url": "https://drafts.csswg.org/mediaqueries-4/#monochrome"
    },
    "snapshot": {
      "number": "6.3",
      "spec": "Media Queries 4",
      "text": "Monochrome Screens: the monochrome feature",
      "url": "https://www.w3.org/TR/mediaqueries-4/#monochrome"
    }
  },
  "#mq-boolean-context": {
    "current": {
      "number": "2.4.2",
      "spec": "Media Queries 4",
      "text": "Evaluating Media Features in a Boolean Context",
      "url": "https://drafts.csswg.org/mediaqueries-4/#mq-boolean-context"
    },
    "snapshot": {
      "number": "2.4.2",
      "spec": "Media Queries 4",
      "text": "Evaluating Media Features in a Boolean Context",
      "url": "https://www.w3.org/TR/mediaqueries-4/#mq-boolean-context"
    }
  },
  "#mq-features": {
    "current": {
      "number": "2.4",
      "spec": "Media Queries 4",
      "text": "Media Features",
      "url": "https://drafts.csswg.org/mediaqueries-4/#mq-features"
    },
    "snapshot": {
      "number": "2.4",
      "spec": "Media Queries 4",
      "text": "Media Features",
      "url": "https://www.w3.org/TR/mediaqueries-4/#mq-features"
    }
  },
  "#mq-list": {
    "current": {
      "number": "2.1",
      "spec": "Media Queries 4",
      "text": "Combining Media Queries",
      "url": "https://drafts.csswg.org/mediaqueries-4/#mq-list"
    },
    "snapshot": {
      "number": "2.1",
      "spec": "Media Queries 4",
      "text": "Combining Media Queries",
      "url": "https://www.w3.org/TR/mediaqueries-4/#mq-list"
    }
  },
  "#mq-min-max": {
    "current": {
      "number": "2.4.4",
      "spec": "Media Queries 4",
      "text": "Using “min-” and “max-” Prefixes On Range Features",
      "url": "https://drafts.csswg.org/mediaqueries-4/#mq-min-max"
    },
    "snapshot": {
      "number": "2.4.4",
      "spec": "Media Queries 4",
      "text": "Using “min-” and “max-” Prefixes On Range Features",
      "url": "https://www.w3.org/TR/mediaqueries-4/#mq-min-max"
    }
  },
  "#mq-not": {
    "current": {
      "number": "2.2.1",
      "spec": "Media Queries 4",
      "text": "Negating a Media Query: the not keyword",
      "url": "https://drafts.csswg.org/mediaqueries-4/#mq-not"
    },
    "snapshot": {
      "number": "2.2.1",
      "spec": "Media Queries 4",
      "text": "Negating a Media Query: the not keyword",
      "url": "https://www.w3.org/TR/mediaqueries-4/#mq-not"
    }
  },
  "#mq-only": {
    "current": {
      "number": "2.2.2",
      "spec": "Media Queries 4",
      "text": "Hiding a Media Query From Legacy user agents: the only keyword",
      "url": "https://drafts.csswg.org/mediaqueries-4/#mq-only"
    },
    "snapshot": {
      "number": "2.2.2",
      "spec": "Media Queries 4",
      "text": "Hiding a Media Query From Legacy user agents: the only keyword",
      "url": "https://www.w3.org/TR/mediaqueries-4/#mq-only"
    }
  },
  "#mq-prefix": {
    "current": {
      "number": "2.2",
      "spec": "Media Queries 4",
      "text": "Media Query Modifiers",
      "url": "https://drafts.csswg.org/mediaqueries-4/#mq-prefix"
    },
    "snapshot": {
      "number": "2.2",
      "spec": "Media Queries 4",
      "text": "Media Query Modifiers",
      "url": "https://www.w3.org/TR/mediaqueries-4/#mq-prefix"
    }
  },
  "#mq-range-context": {
    "current": {
      "number": "2.4.3",
      "spec": "Media Queries 4",
      "text": "Evaluating Media Features in a Range Context",
      "url": "https://drafts.csswg.org/mediaqueries-4/#mq-range-context"
    },
    "snapshot": {
      "number": "2.4.3",
      "spec": "Media Queries 4",
      "text": "Evaluating Media Features in a Range Context",
      "url": "https://www.w3.org/TR/mediaqueries-4/#mq-range-context"
    }
  },
  "#mq-ranges": {
    "current": {
      "number": "2.4.1",
      "spec": "Media Queries 4",
      "text": "Media Feature Types: “range” and “discrete”",
      "url": "https://drafts.csswg.org/mediaqueries-4/#mq-ranges"
    },
    "snapshot": {
      "number": "2.4.1",
      "spec": "Media Queries 4",
      "text": "Media Feature Types: “range” and “discrete”",
      "url": "https://www.w3.org/TR/mediaqueries-4/#mq-ranges"
    }
  },
  "#mq-syntax": {
    "current": {
      "number": "3",
      "spec": "Media Queries 4",
      "text": "Syntax",
      "url": "https://drafts.csswg.org/mediaqueries-4/#mq-syntax"
    },
    "snapshot": {
      "number": "3",
      "spec": "Media Queries 4",
      "text": "Syntax",
      "url": "https://www.w3.org/TR/mediaqueries-4/#mq-syntax"
    }
  },
  "#normative": {
    "current": {
      "number": "",
      "spec": "Media Queries 4",
      "text": "Normative References",
      "url": "https://drafts.csswg.org/mediaqueries-4/#normative"
    },
    "snapshot": {
      "number": "",
      "spec": "Media Queries 4",
      "text": "Normative References",
      "url": "https://www.w3.org/TR/mediaqueries-4/#normative"
    }
  },
  "#orientation": {
    "current": {
      "number": "4.4",
      "spec": "Media Queries 4",
      "text": "Orientation: the orientation feature",
      "url": "https://drafts.csswg.org/mediaqueries-4/#orientation"
    },
    "snapshot": {
      "number": "4.4",
      "spec": "Media Queries 4",
      "text": "Orientation: the orientation feature",
      "url": "https://www.w3.org/TR/mediaqueries-4/#orientation"
    }
  },
  "#placement": {
    "current": {
      "number": "1.1",
      "spec": "Media Queries 4",
      "text": "Module interactions",
      "url": "https://drafts.csswg.org/mediaqueries-4/#placement"
    },
    "snapshot": {
      "number": "1.1",
      "spec": "Media Queries 4",
      "text": "Module interactions",
      "url": "https://www.w3.org/TR/mediaqueries-4/#placement"
    }
  },
  "#pointer": {
    "current": {
      "number": "7.1",
      "spec": "Media Queries 4",
      "text": "Pointing Device Quality: the pointer feature",
      "url": "https://drafts.csswg.org/mediaqueries-4/#pointer"
    },
    "snapshot": {
      "number": "7.1",
      "spec": "Media Queries 4",
      "text": "Pointing Device Quality: the pointer feature",
      "url": "https://www.w3.org/TR/mediaqueries-4/#pointer"
    }
  },
  "#priv-sec": {
    "snapshot": {
      "number": "8",
      "spec": "Media Queries 4",
      "text": "Privacy and Security Considerations",
      "url": "https://www.w3.org/TR/mediaqueries-4/#priv-sec"
    }
  },
  "#privacy": {
    "current": {
      "number": "",
      "spec": "Media Queries 4",
      "text": "Privacy Considerations",
      "url": "https://drafts.csswg.org/mediaqueries-4/#privacy"
    }
  },
  "#property-index": {
    "current": {
      "number": "",
      "spec": "Media Queries 4",
      "text": "Property Index",
      "url": "https://drafts.csswg.org/mediaqueries-4/#property-index"
    },
    "snapshot": {
      "number": "",
      "spec": "Media Queries 4",
      "text": "Property Index",
      "url": "https://www.w3.org/TR/mediaqueries-4/#property-index"
    }
  },
  "#references": {
    "current": {
      "number": "",
      "spec": "Media Queries 4",
      "text": "References",
      "url": "https://drafts.csswg.org/mediaqueries-4/#references"
    },
    "snapshot": {
      "number": "",
      "spec": "Media Queries 4",
      "text": "References",
      "url": "https://www.w3.org/TR/mediaqueries-4/#references"
    }
  },
  "#resolution": {
    "current": {
      "number": "5.1",
      "spec": "Media Queries 4",
      "text": "Display Resolution: the resolution feature",
      "url": "https://drafts.csswg.org/mediaqueries-4/#resolution"
    },
    "snapshot": {
      "number": "5.1",
      "spec": "Media Queries 4",
      "text": "Display Resolution: the resolution feature",
      "url": "https://www.w3.org/TR/mediaqueries-4/#resolution"
    }
  },
  "#scan": {
    "current": {
      "number": "5.2",
      "spec": "Media Queries 4",
      "text": "Display Type: the scan feature",
      "url": "https://drafts.csswg.org/mediaqueries-4/#scan"
    },
    "snapshot": {
      "number": "5.2",
      "spec": "Media Queries 4",
      "text": "Display Type: the scan feature",
      "url": "https://www.w3.org/TR/mediaqueries-4/#scan"
    }
  },
  "#security": {
    "current": {
      "number": "",
      "spec": "Media Queries 4",
      "text": "Security Considerations",
      "url": "https://drafts.csswg.org/mediaqueries-4/#security"
    }
  },
  "#sotd": {
    "current": {
      "number": "",
      "spec": "Media Queries 4",
      "text": "Status of this document",
      "url": "https://drafts.csswg.org/mediaqueries-4/#sotd"
    },
    "snapshot": {
      "number": "",
      "spec": "Media Queries 4",
      "text": "Status of this document",
      "url": "https://www.w3.org/TR/mediaqueries-4/#sotd"
    }
  },
  "#title": {
    "current": {
      "number": "",
      "spec": "Media Queries 4",
      "text": "Media Queries Level 4",
      "url": "https://drafts.csswg.org/mediaqueries-4/#title"
    },
    "snapshot": {
      "number": "",
      "spec": "Media Queries 4",
      "text": "Media Queries Level 4",
      "url": "https://www.w3.org/TR/mediaqueries-4/#title"
    }
  },
  "#toc": {
    "current": {
      "number": "",
      "spec": "Media Queries 4",
      "text": "Table of Contents",
      "url": "https://drafts.csswg.org/mediaqueries-4/#toc"
    },
    "snapshot": {
      "number": "",
      "spec": "Media Queries 4",
      "text": "Table of Contents",
      "url": "https://www.w3.org/TR/mediaqueries-4/#toc"
    }
  },
  "#units": {
    "current": {
      "number": "1.3",
      "spec": "Media Queries 4",
      "text": "Units",
      "url": "https://drafts.csswg.org/mediaqueries-4/#units"
    },
    "snapshot": {
      "number": "1.3",
      "spec": "Media Queries 4",
      "text": "Units",
      "url": "https://www.w3.org/TR/mediaqueries-4/#units"
    }
  },
  "#update": {
    "current": {
      "number": "5.4",
      "spec": "Media Queries 4",
      "text": "Display Update Frequency: the update feature",
      "url": "https://drafts.csswg.org/mediaqueries-4/#update"
    },
    "snapshot": {
      "number": "5.4",
      "spec": "Media Queries 4",
      "text": "Display Update Frequency: the update feature",
      "url": "https://www.w3.org/TR/mediaqueries-4/#update"
    }
  },
  "#values": {
    "current": {
      "number": "1.2",
      "spec": "Media Queries 4",
      "text": "Values",
      "url": "https://drafts.csswg.org/mediaqueries-4/#values"
    },
    "snapshot": {
      "number": "1.2",
      "spec": "Media Queries 4",
      "text": "Values",
      "url": "https://www.w3.org/TR/mediaqueries-4/#values"
    }
  },
  "#w3c-conform-future-proofing": {
    "current": {
      "number": "",
      "spec": "Media Queries 4",
      "text": "Implementations of Unstable and Proprietary Features",
      "url": "https://drafts.csswg.org/mediaqueries-4/#w3c-conform-future-proofing"
    },
    "snapshot": {
      "number": "",
      "spec": "Media Queries 4",
      "text": "Implementations of Unstable and Proprietary Features",
      "url": "https://www.w3.org/TR/mediaqueries-4/#w3c-conform-future-proofing"
    }
  },
  "#w3c-conformance": {
    "current": {
      "number": "",
      "spec": "Media Queries 4",
      "text": "Conformance",
      "url": "https://drafts.csswg.org/mediaqueries-4/#w3c-conformance"
    },
    "snapshot": {
      "number": "",
      "spec": "Media Queries 4",
      "text": "Conformance",
      "url": "https://www.w3.org/TR/mediaqueries-4/#w3c-conformance"
    }
  },
  "#w3c-conformance-classes": {
    "current": {
      "number": "",
      "spec": "Media Queries 4",
      "text": "Conformance classes",
      "url": "https://drafts.csswg.org/mediaqueries-4/#w3c-conformance-classes"
    },
    "snapshot": {
      "number": "",
      "spec": "Media Queries 4",
      "text": "Conformance classes",
      "url": "https://www.w3.org/TR/mediaqueries-4/#w3c-conformance-classes"
    }
  },
  "#w3c-conventions": {
    "current": {
      "number": "",
      "spec": "Media Queries 4",
      "text": "Document conventions",
      "url": "https://drafts.csswg.org/mediaqueries-4/#w3c-conventions"
    },
    "snapshot": {
      "number": "",
      "spec": "Media Queries 4",
      "text": "Document conventions",
      "url": "https://www.w3.org/TR/mediaqueries-4/#w3c-conventions"
    }
  },
  "#w3c-cr-exit-criteria": {
    "snapshot": {
      "number": "",
      "spec": "Media Queries 4",
      "text": "CR exit criteria",
      "url": "https://www.w3.org/TR/mediaqueries-4/#w3c-cr-exit-criteria"
    }
  },
  "#w3c-partial": {
    "current": {
      "number": "",
      "spec": "Media Queries 4",
      "text": "Partial implementations",
      "url": "https://drafts.csswg.org/mediaqueries-4/#w3c-partial"
    },
    "snapshot": {
      "number": "",
      "spec": "Media Queries 4",
      "text": "Partial implementations",
      "url": "https://www.w3.org/TR/mediaqueries-4/#w3c-partial"
    }
  },
  "#w3c-testing": {
    "current": {
      "number": "",
      "spec": "Media Queries 4",
      "text": "Non-experimental implementations",
      "url": "https://drafts.csswg.org/mediaqueries-4/#w3c-testing"
    },
    "snapshot": {
      "number": "",
      "spec": "Media Queries 4",
      "text": "Non-experimental implementations",
      "url": "https://www.w3.org/TR/mediaqueries-4/#w3c-testing"
    }
  },
  "#width": {
    "current": {
      "number": "4.1",
      "spec": "Media Queries 4",
      "text": "Width: the width feature",
      "url": "https://drafts.csswg.org/mediaqueries-4/#width"
    },
    "snapshot": {
      "number": "4.1",
      "spec": "Media Queries 4",
      "text": "Width: the width feature",
      "url": "https://www.w3.org/TR/mediaqueries-4/#width"
    }
  }
}