{
  "#abstract": {
    "current": {
      "number": "",
      "spec": "WebXR Lighting Estimation API 1",
      "text": "Abstract",
      "url": "https://immersive-web.github.io/lighting-estimation/#abstract"
    },
    "snapshot": {
      "number": "",
      "spec": "WebXR Lighting Estimation API 1",
      "text": "Abstract",
      "url": "https://www.w3.org/TR/webxr-lighting-estimation-1/#abstract"
    }
  },
  "#changes": {
    "current": {
      "number": "",
      "spec": "WebXR Lighting Estimation API 1",
      "text": "Changes",
      "url": "https://immersive-web.github.io/lighting-estimation/#changes"
    },
    "snapshot": {
      "number": "",
      "spec": "WebXR Lighting Estimation API 1",
      "text": "Changes",
      "url": "https://www.w3.org/TR/webxr-lighting-estimation-1/#changes"
    }
  },
  "#changes-from-20210909": {
    "current": {
      "number": "",
      "spec": "WebXR Lighting Estimation API 1",
      "text": "Changes from the First Public Working Draft 9 September 2021",
      "url": "https://immersive-web.github.io/lighting-estimation/#changes-from-20210909"
    },
    "snapshot": {
      "number": "",
      "spec": "WebXR Lighting Estimation API 1",
      "text": "Changes from the First Public Working Draft 9 September 2021",
      "url": "https://www.w3.org/TR/webxr-lighting-estimation-1/#changes-from-20210909"
    }
  },
  "#event-types": {
    "current": {
      "number": "5.1",
      "spec": "WebXR Lighting Estimation API 1",
      "text": "Event Types",
      "url": "https://immersive-web.github.io/lighting-estimation/#event-types"
    },
    "snapshot": {
      "number": "5.1",
      "spec": "WebXR Lighting Estimation API 1",
      "text": "Event Types",
      "url": "https://www.w3.org/TR/webxr-lighting-estimation-1/#event-types"
    }
  },
  "#events": {
    "current": {
      "number": "5",
      "spec": "WebXR Lighting Estimation API 1",
      "text": "Events",
      "url": "https://immersive-web.github.io/lighting-estimation/#events"
    },
    "snapshot": {
      "number": "5",
      "spec": "WebXR Lighting Estimation API 1",
      "text": "Events",
      "url": "https://www.w3.org/TR/webxr-lighting-estimation-1/#events"
    }
  },
  "#idl-index": {
    "current": {
      "number": "",
      "spec": "WebXR Lighting Estimation API 1",
      "text": "IDL Index",
      "url": "https://immersive-web.github.io/lighting-estimation/#idl-index"
    },
    "snapshot": {
      "number": "",
      "spec": "WebXR Lighting Estimation API 1",
      "text": "IDL Index",
      "url": "https://www.w3.org/TR/webxr-lighting-estimation-1/#idl-index"
    }
  },
  "#index": {
    "current": {
      "number": "",
      "spec": "WebXR Lighting Estimation API 1",
      "text": "Index",
      "url": "https://immersive-web.github.io/lighting-estimation/#index"
    },
    "snapshot": {
      "number": "",
      "spec": "WebXR Lighting Estimation API 1",
      "text": "Index",
      "url": "https://www.w3.org/TR/webxr-lighting-estimation-1/#index"
    }
  },
  "#index-defined-elsewhere": {
    "current": {
      "number": "",
      "spec": "WebXR Lighting Estimation API 1",
      "text": "Terms defined by reference",
      "url": "https://immersive-web.github.io/lighting-estimation/#index-defined-elsewhere"
    },
    "snapshot": {
      "number": "",
      "spec": "WebXR Lighting Estimation API 1",
      "text": "Terms defined by reference",
      "url": "https://www.w3.org/TR/webxr-lighting-estimation-1/#index-defined-elsewhere"
    }
  },
  "#index-defined-here": {
    "current": {
      "number": "",
      "spec": "WebXR Lighting Estimation API 1",
      "text": "Terms defined by this specification",
      "url": "https://immersive-web.github.io/lighting-estimation/#index-defined-here"
    },
    "snapshot": {
      "number": "",
      "spec": "WebXR Lighting Estimation API 1",
      "text": "Terms defined by this specification",
      "url": "https://www.w3.org/TR/webxr-lighting-estimation-1/#index-defined-here"
    }
  },
  "#intro": {
    "current": {
      "number": "1",
      "spec": "WebXR Lighting Estimation API 1",
      "text": "Introduction",
      "url": "https://immersive-web.github.io/lighting-estimation/#intro"
    },
    "snapshot": {
      "number": "1",
      "spec": "WebXR Lighting Estimation API 1",
      "text": "Introduction",
      "url": "https://www.w3.org/TR/webxr-lighting-estimation-1/#intro"
    }
  },
  "#light-primitives": {
    "current": {
      "number": "2",
      "spec": "WebXR Lighting Estimation API 1",
      "text": "Light Primitives",
      "url": "https://immersive-web.github.io/lighting-estimation/#light-primitives"
    },
    "snapshot": {
      "number": "2",
      "spec": "WebXR Lighting Estimation API 1",
      "text": "Light Primitives",
      "url": "https://www.w3.org/TR/webxr-lighting-estimation-1/#light-primitives"
    }
  },
  "#normative": {
    "current": {
      "number": "",
      "spec": "WebXR Lighting Estimation API 1",
      "text": "Normative References",
      "url": "https://immersive-web.github.io/lighting-estimation/#normative"
    },
    "snapshot": {
      "number": "",
      "spec": "WebXR Lighting Estimation API 1",
      "text": "Normative References",
      "url": "https://www.w3.org/TR/webxr-lighting-estimation-1/#normative"
    }
  },
  "#privacy-security": {
    "current": {
      "number": "6",
      "spec": "WebXR Lighting Estimation API 1",
      "text": "Privacy & Security Considerations",
      "url": "https://immersive-web.github.io/lighting-estimation/#privacy-security"
    },
    "snapshot": {
      "number": "6",
      "spec": "WebXR Lighting Estimation API 1",
      "text": "Privacy & Security Considerations",
      "url": "https://www.w3.org/TR/webxr-lighting-estimation-1/#privacy-security"
    }
  },
  "#references": {
    "current": {
      "number": "",
      "spec": "WebXR Lighting Estimation API 1",
      "text": "References",
      "url": "https://immersive-web.github.io/lighting-estimation/#references"
    },
    "snapshot": {
      "number": "",
      "spec": "WebXR Lighting Estimation API 1",
      "text": "References",
      "url": "https://www.w3.org/TR/webxr-lighting-estimation-1/#references"
    }
  },
  "#session-initialization": {
    "current": {
      "number": "3.1",
      "spec": "WebXR Lighting Estimation API 1",
      "text": "Session Initialization",
      "url": "https://immersive-web.github.io/lighting-estimation/#session-initialization"
    },
    "snapshot": {
      "number": "3.1",
      "spec": "WebXR Lighting Estimation API 1",
      "text": "Session Initialization",
      "url": "https://www.w3.org/TR/webxr-lighting-estimation-1/#session-initialization"
    }
  },
  "#sotd": {
    "current": {
      "number": "",
      "spec": "WebXR Lighting Estimation API 1",
      "text": "Status of this document",
      "url": "https://immersive-web.github.io/lighting-estimation/#sotd"
    },
    "snapshot": {
      "number": "",
      "spec": "WebXR Lighting Estimation API 1",
      "text": "Status of this document",
      "url": "https://www.w3.org/TR/webxr-lighting-estimation-1/#sotd"
    }
  },
  "#title": {
    "current": {
      "number": "",
      "spec": "WebXR Lighting Estimation API 1",
      "text": "WebXR Lighting Estimation API Level 1",
      "url": "https://immersive-web.github.io/lighting-estimation/#title"
    },
    "snapshot": {
      "number": "",
      "spec": "WebXR Lighting Estimation API 1",
      "text": "WebXR Lighting Estimation API Level 1",
      "url": "https://www.w3.org/TR/webxr-lighting-estimation-1/#title"
    }
  },
  "#toc": {
    "current": {
      "number": "",
      "spec": "WebXR Lighting Estimation API 1",
      "text": "Table of Contents",
      "url": "https://immersive-web.github.io/lighting-estimation/#toc"
    },
    "snapshot": {
      "number": "",
      "spec": "WebXR Lighting Estimation API 1",
      "text": "Table of Contents",
      "url": "https://www.w3.org/TR/webxr-lighting-estimation-1/#toc"
    }
  },
  "#w3c-conformance": {
    "current": {
      "number": "",
      "spec": "WebXR Lighting Estimation API 1",
      "text": "Conformance",
      "url": "https://immersive-web.github.io/lighting-estimation/#w3c-conformance"
    },
    "snapshot": {
      "number": "",
      "spec": "WebXR Lighting Estimation API 1",
      "text": "Conformance",
      "url": "https://www.w3.org/TR/webxr-lighting-estimation-1/#w3c-conformance"
    }
  },
  "#w3c-conformant-algorithms": {
    "current": {
      "number": "",
      "spec": "WebXR Lighting Estimation API 1",
      "text": "Conformant Algorithms",
      "url": "https://immersive-web.github.io/lighting-estimation/#w3c-conformant-algorithms"
    },
    "snapshot": {
      "number": "",
      "spec": "WebXR Lighting Estimation API 1",
      "text": "Conformant Algorithms",
      "url": "https://www.w3.org/TR/webxr-lighting-estimation-1/#w3c-conformant-algorithms"
    }
  },
  "#w3c-conventions": {
    "current": {
      "number": "",
      "spec": "WebXR Lighting Estimation API 1",
      "text": "Document conventions",
      "url": "https://immersive-web.github.io/lighting-estimation/#w3c-conventions"
    },
    "snapshot": {
      "number": "",
      "spec": "WebXR Lighting Estimation API 1",
      "text": "Document conventions",
      "url": "https://www.w3.org/TR/webxr-lighting-estimation-1/#w3c-conventions"
    }
  },
  "#webxr-device-api-integration": {
    "current": {
      "number": "3",
      "spec": "WebXR Lighting Estimation API 1",
      "text": "WebXR Device API Integration",
      "url": "https://immersive-web.github.io/lighting-estimation/#webxr-device-api-integration"
    },
    "snapshot": {
      "number": "3",
      "spec": "WebXR Lighting Estimation API 1",
      "text": "WebXR Device API Integration",
      "url": "https://www.w3.org/TR/webxr-lighting-estimation-1/#webxr-device-api-integration"
    }
  },
  "#webxr-layers-integration": {
    "current": {
      "number": "4",
      "spec": "WebXR Lighting Estimation API 1",
      "text": "WebXR Layers Integration",
      "url": "https://immersive-web.github.io/lighting-estimation/#webxr-layers-integration"
    },
    "snapshot": {
      "number": "4",
      "spec": "WebXR Lighting Estimation API 1",
      "text": "WebXR Layers Integration",
      "url": "https://www.w3.org/TR/webxr-lighting-estimation-1/#webxr-layers-integration"
    }
  },
  "#xrframe-interface": {
    "current": {
      "number": "3.3",
      "spec": "WebXR Lighting Estimation API 1",
      "text": "XRFrame",
      "url": "https://immersive-web.github.io/lighting-estimation/#xrframe-interface"
    },
    "snapshot": {
      "number": "3.3",
      "spec": "WebXR Lighting Estimation API 1",
      "text": "XRFrame",
      "url": "https://www.w3.org/TR/webxr-lighting-estimation-1/#xrframe-interface"
    }
  },
  "#xrlightestimate-interface": {
    "current": {
      "number": "2.3",
      "spec": "WebXR Lighting Estimation API 1",
      "text": "XRLightEstimate",
      "url": "https://immersive-web.github.io/lighting-estimation/#xrlightestimate-interface"
    },
    "snapshot": {
      "number": "2.3",
      "spec": "WebXR Lighting Estimation API 1",
      "text": "XRLightEstimate",
      "url": "https://www.w3.org/TR/webxr-lighting-estimation-1/#xrlightestimate-interface"
    }
  },
  "#xrlightprobe-interface": {
    "current": {
      "number": "2.1",
      "spec": "WebXR Lighting Estimation API 1",
      "text": "XRLightProbe",
      "url": "https://immersive-web.github.io/lighting-estimation/#xrlightprobe-interface"
    },
    "snapshot": {
      "number": "2.1",
      "spec": "WebXR Lighting Estimation API 1",
      "text": "XRLightProbe",
      "url": "https://www.w3.org/TR/webxr-lighting-estimation-1/#xrlightprobe-interface"
    }
  },
  "#xrreflectionformat-interface": {
    "current": {
      "number": "2.2",
      "spec": "WebXR Lighting Estimation API 1",
      "text": "XRReflectionFormat",
      "url": "https://immersive-web.github.io/lighting-estimation/#xrreflectionformat-interface"
    },
    "snapshot": {
      "number": "2.2",
      "spec": "WebXR Lighting Estimation API 1",
      "text": "XRReflectionFormat",
      "url": "https://www.w3.org/TR/webxr-lighting-estimation-1/#xrreflectionformat-interface"
    }
  },
  "#xrsession-interface": {
    "current": {
      "number": "3.2",
      "spec": "WebXR Lighting Estimation API 1",
      "text": "XRSession",
      "url": "https://immersive-web.github.io/lighting-estimation/#xrsession-interface"
    },
    "snapshot": {
      "number": "3.2",
      "spec": "WebXR Lighting Estimation API 1",
      "text": "XRSession",
      "url": "https://www.w3.org/TR/webxr-lighting-estimation-1/#xrsession-interface"
    }
  },
  "#xrwebglbinding-interface": {
    "current": {
      "number": "4.1",
      "spec": "WebXR Lighting Estimation API 1",
      "text": "XRWebGLBinding",
      "url": "https://immersive-web.github.io/lighting-estimation/#xrwebglbinding-interface"
    },
    "snapshot": {
      "number": "4.1",
      "spec": "WebXR Lighting Estimation API 1",
      "text": "XRWebGLBinding",
      "url": "https://www.w3.org/TR/webxr-lighting-estimation-1/#xrwebglbinding-interface"
    }
  }
}