{
  "#abstract": {
    "current": {
      "number": "",
      "spec": "Source Map",
      "text": "Abstract",
      "url": "https://tc39.es/source-map-spec/#abstract"
    }
  },
  "#background": {
    "current": {
      "number": "1",
      "spec": "Source Map",
      "text": "Background",
      "url": "https://tc39.es/source-map-spec/#background"
    }
  },
  "#conventions": {
    "current": {
      "number": "6",
      "spec": "Source Map",
      "text": "Conventions",
      "url": "https://tc39.es/source-map-spec/#conventions"
    }
  },
  "#extensions": {
    "current": {
      "number": "4.3",
      "spec": "Source Map",
      "text": "Extensions",
      "url": "https://tc39.es/source-map-spec/#extensions"
    }
  },
  "#fetching-source-maps": {
    "current": {
      "number": "9",
      "spec": "Source Map",
      "text": "Fetching Source Maps",
      "url": "https://tc39.es/source-map-spec/#fetching-source-maps"
    }
  },
  "#general-goals": {
    "current": {
      "number": "3",
      "spec": "Source Map",
      "text": "General Goals",
      "url": "https://tc39.es/source-map-spec/#general-goals"
    }
  },
  "#index": {
    "current": {
      "number": "",
      "spec": "Source Map",
      "text": "Index",
      "url": "https://tc39.es/source-map-spec/#index"
    }
  },
  "#index-defined-elsewhere": {
    "current": {
      "number": "",
      "spec": "Source Map",
      "text": "Terms defined by reference",
      "url": "https://tc39.es/source-map-spec/#index-defined-elsewhere"
    }
  },
  "#index-defined-here": {
    "current": {
      "number": "",
      "spec": "Source Map",
      "text": "Terms defined by this specification",
      "url": "https://tc39.es/source-map-spec/#index-defined-here"
    }
  },
  "#index-map": {
    "current": {
      "number": "5",
      "spec": "Source Map",
      "text": "Index Map",
      "url": "https://tc39.es/source-map-spec/#index-map"
    }
  },
  "#informative": {
    "current": {
      "number": "",
      "spec": "Source Map",
      "text": "Informative References",
      "url": "https://tc39.es/source-map-spec/#informative"
    }
  },
  "#introduction": {
    "current": {
      "number": "",
      "spec": "Source Map",
      "text": "Introduction",
      "url": "https://tc39.es/source-map-spec/#introduction"
    }
  },
  "#language-neutral-stack-mapping-notes": {
    "current": {
      "number": "7",
      "spec": "Source Map",
      "text": "Language Neutral Stack Mapping Notes",
      "url": "https://tc39.es/source-map-spec/#language-neutral-stack-mapping-notes"
    }
  },
  "#license": {
    "current": {
      "number": "",
      "spec": "Source Map",
      "text": "License",
      "url": "https://tc39.es/source-map-spec/#license"
    }
  },
  "#linking-evald-code-to-named-generated-code": {
    "current": {
      "number": "6.3",
      "spec": "Source Map",
      "text": "Linking eval’d code to named generated code",
      "url": "https://tc39.es/source-map-spec/#linking-evald-code-to-named-generated-code"
    }
  },
  "#linking-generated-code": {
    "current": {
      "number": "6.2",
      "spec": "Source Map",
      "text": "Linking generated code to source maps",
      "url": "https://tc39.es/source-map-spec/#linking-generated-code"
    }
  },
  "#mappings-structure": {
    "current": {
      "number": "4.1",
      "spec": "Source Map",
      "text": "Mappings Structure",
      "url": "https://tc39.es/source-map-spec/#mappings-structure"
    }
  },
  "#multi-level-mapping-notes": {
    "current": {
      "number": "8",
      "spec": "Source Map",
      "text": "Multi-level Mapping Notes",
      "url": "https://tc39.es/source-map-spec/#multi-level-mapping-notes"
    }
  },
  "#normative": {
    "current": {
      "number": "",
      "spec": "Source Map",
      "text": "Normative References",
      "url": "https://tc39.es/source-map-spec/#normative"
    }
  },
  "#notes-on-file-offsets": {
    "current": {
      "number": "4.4",
      "spec": "Source Map",
      "text": "Notes on File Offsets",
      "url": "https://tc39.es/source-map-spec/#notes-on-file-offsets"
    }
  },
  "#profile-and-date": {
    "current": {
      "number": "",
      "spec": "Source Map",
      "text": "Stage 0: Strawman, 1 February 2024",
      "url": "https://tc39.es/source-map-spec/#profile-and-date"
    }
  },
  "#references": {
    "current": {
      "number": "",
      "spec": "Source Map",
      "text": "References",
      "url": "https://tc39.es/source-map-spec/#references"
    }
  },
  "#resolving-sources": {
    "current": {
      "number": "4.2",
      "spec": "Source Map",
      "text": "Resolving Sources",
      "url": "https://tc39.es/source-map-spec/#resolving-sources"
    }
  },
  "#section": {
    "current": {
      "number": "5.1",
      "spec": "Source Map",
      "text": "Section",
      "url": "https://tc39.es/source-map-spec/#section"
    }
  },
  "#source-map-format": {
    "current": {
      "number": "4",
      "spec": "Source Map",
      "text": "Source Map Format",
      "url": "https://tc39.es/source-map-spec/#source-map-format"
    }
  },
  "#source-map-naming": {
    "current": {
      "number": "6.1",
      "spec": "Source Map",
      "text": "Source Map Naming",
      "url": "https://tc39.es/source-map-spec/#source-map-naming"
    }
  },
  "#terminology": {
    "current": {
      "number": "2",
      "spec": "Source Map",
      "text": "Terminology",
      "url": "https://tc39.es/source-map-spec/#terminology"
    }
  },
  "#title": {
    "current": {
      "number": "",
      "spec": "Source Map",
      "text": "Source Map",
      "url": "https://tc39.es/source-map-spec/#title"
    }
  },
  "#toc": {
    "current": {
      "number": "",
      "spec": "Source Map",
      "text": "Table of Contents",
      "url": "https://tc39.es/source-map-spec/#toc"
    }
  }
}