{
  "#CommonEncryption": {
    "current": {
      "number": "4",
      "spec": "AV1 Codec ISO Media File Format Binding",
      "text": "Common Encryption",
      "url": "https://aomediacodec.github.io/av1-isobmff/#CommonEncryption"
    }
  },
  "#abstract": {
    "current": {
      "number": "",
      "spec": "AV1 Codec ISO Media File Format Binding",
      "text": "Abstract",
      "url": "https://aomediacodec.github.io/av1-isobmff/#abstract"
    }
  },
  "#av1codecconfigurationbox-definition": {
    "current": {
      "number": "2.3.1",
      "spec": "AV1 Codec ISO Media File Format Binding",
      "text": "Definition",
      "url": "https://aomediacodec.github.io/av1-isobmff/#av1codecconfigurationbox-definition"
    }
  },
  "#av1codecconfigurationbox-description": {
    "current": {
      "number": "2.3.2",
      "spec": "AV1 Codec ISO Media File Format Binding",
      "text": "Description",
      "url": "https://aomediacodec.github.io/av1-isobmff/#av1codecconfigurationbox-description"
    }
  },
  "#av1codecconfigurationbox-section": {
    "current": {
      "number": "2.3",
      "spec": "AV1 Codec ISO Media File Format Binding",
      "text": "AV1 Codec Configuration Box",
      "url": "https://aomediacodec.github.io/av1-isobmff/#av1codecconfigurationbox-section"
    }
  },
  "#av1codecconfigurationbox-semantics": {
    "current": {
      "number": "2.3.4",
      "spec": "AV1 Codec ISO Media File Format Binding",
      "text": "Semantics",
      "url": "https://aomediacodec.github.io/av1-isobmff/#av1codecconfigurationbox-semantics"
    }
  },
  "#av1codecconfigurationbox-syntax": {
    "current": {
      "number": "2.3.3",
      "spec": "AV1 Codec ISO Media File Format Binding",
      "text": "Syntax",
      "url": "https://aomediacodec.github.io/av1-isobmff/#av1codecconfigurationbox-syntax"
    }
  },
  "#av1sampleentry-definition": {
    "current": {
      "number": "2.2.1",
      "spec": "AV1 Codec ISO Media File Format Binding",
      "text": "Definition",
      "url": "https://aomediacodec.github.io/av1-isobmff/#av1sampleentry-definition"
    }
  },
  "#av1sampleentry-description": {
    "current": {
      "number": "2.2.2",
      "spec": "AV1 Codec ISO Media File Format Binding",
      "text": "Description",
      "url": "https://aomediacodec.github.io/av1-isobmff/#av1sampleentry-description"
    }
  },
  "#av1sampleentry-section": {
    "current": {
      "number": "2.2",
      "spec": "AV1 Codec ISO Media File Format Binding",
      "text": "AV1 Sample Entry",
      "url": "https://aomediacodec.github.io/av1-isobmff/#av1sampleentry-section"
    }
  },
  "#av1sampleentry-semantics": {
    "current": {
      "number": "2.2.4",
      "spec": "AV1 Codec ISO Media File Format Binding",
      "text": "Semantics",
      "url": "https://aomediacodec.github.io/av1-isobmff/#av1sampleentry-semantics"
    }
  },
  "#av1sampleentry-syntax": {
    "current": {
      "number": "2.2.3",
      "spec": "AV1 Codec ISO Media File Format Binding",
      "text": "Syntax",
      "url": "https://aomediacodec.github.io/av1-isobmff/#av1sampleentry-syntax"
    }
  },
  "#basic-encapsulation": {
    "current": {
      "number": "2",
      "spec": "AV1 Codec ISO Media File Format Binding",
      "text": "Basic Encapsulation Scheme",
      "url": "https://aomediacodec.github.io/av1-isobmff/#basic-encapsulation"
    }
  },
  "#bitstream-overview": {
    "current": {
      "number": "1",
      "spec": "AV1 Codec ISO Media File Format Binding",
      "text": "Bitstream features overview",
      "url": "https://aomediacodec.github.io/av1-isobmff/#bitstream-overview"
    }
  },
  "#brands": {
    "current": {
      "number": "2.1",
      "spec": "AV1 Codec ISO Media File Format Binding",
      "text": "General Requirements & Brands",
      "url": "https://aomediacodec.github.io/av1-isobmff/#brands"
    }
  },
  "#changelist": {
    "current": {
      "number": "6",
      "spec": "AV1 Codec ISO Media File Format Binding",
      "text": "Changes since v1.2.0 release",
      "url": "https://aomediacodec.github.io/av1-isobmff/#changelist"
    }
  },
  "#cmaf": {
    "current": {
      "number": "3",
      "spec": "AV1 Codec ISO Media File Format Binding",
      "text": "CMAF AV1 track format",
      "url": "https://aomediacodec.github.io/av1-isobmff/#cmaf"
    }
  },
  "#codecsparam": {
    "current": {
      "number": "5",
      "spec": "AV1 Codec ISO Media File Format Binding",
      "text": "Codecs Parameter String",
      "url": "https://aomediacodec.github.io/av1-isobmff/#codecsparam"
    }
  },
  "#conformance": {
    "current": {
      "number": "",
      "spec": "AV1 Codec ISO Media File Format Binding",
      "text": "Conformance",
      "url": "https://aomediacodec.github.io/av1-isobmff/#conformance"
    }
  },
  "#forwardkeyframesamplegroupentry": {
    "current": {
      "number": "2.5",
      "spec": "AV1 Codec ISO Media File Format Binding",
      "text": "AV1 Forward Key Frame sample group entry",
      "url": "https://aomediacodec.github.io/av1-isobmff/#forwardkeyframesamplegroupentry"
    }
  },
  "#forwardkeyframesamplegroupentry-definition": {
    "current": {
      "number": "2.5.1",
      "spec": "AV1 Codec ISO Media File Format Binding",
      "text": "Definition",
      "url": "https://aomediacodec.github.io/av1-isobmff/#forwardkeyframesamplegroupentry-definition"
    }
  },
  "#forwardkeyframesamplegroupentry-description": {
    "current": {
      "number": "2.5.2",
      "spec": "AV1 Codec ISO Media File Format Binding",
      "text": "Description",
      "url": "https://aomediacodec.github.io/av1-isobmff/#forwardkeyframesamplegroupentry-description"
    }
  },
  "#forwardkeyframesamplegroupentry-semantics": {
    "current": {
      "number": "2.5.4",
      "spec": "AV1 Codec ISO Media File Format Binding",
      "text": "Semantics",
      "url": "https://aomediacodec.github.io/av1-isobmff/#forwardkeyframesamplegroupentry-semantics"
    }
  },
  "#forwardkeyframesamplegroupentry-syntax": {
    "current": {
      "number": "2.5.3",
      "spec": "AV1 Codec ISO Media File Format Binding",
      "text": "Syntax",
      "url": "https://aomediacodec.github.io/av1-isobmff/#forwardkeyframesamplegroupentry-syntax"
    }
  },
  "#index": {
    "current": {
      "number": "",
      "spec": "AV1 Codec ISO Media File Format Binding",
      "text": "Index",
      "url": "https://aomediacodec.github.io/av1-isobmff/#index"
    }
  },
  "#index-defined-elsewhere": {
    "current": {
      "number": "",
      "spec": "AV1 Codec ISO Media File Format Binding",
      "text": "Terms defined by reference",
      "url": "https://aomediacodec.github.io/av1-isobmff/#index-defined-elsewhere"
    }
  },
  "#index-defined-here": {
    "current": {
      "number": "",
      "spec": "AV1 Codec ISO Media File Format Binding",
      "text": "Terms defined by this specification",
      "url": "https://aomediacodec.github.io/av1-isobmff/#index-defined-here"
    }
  },
  "#informative": {
    "current": {
      "number": "",
      "spec": "AV1 Codec ISO Media File Format Binding",
      "text": "Informative References",
      "url": "https://aomediacodec.github.io/av1-isobmff/#informative"
    }
  },
  "#metadatasamplegroupentry": {
    "current": {
      "number": "2.8",
      "spec": "AV1 Codec ISO Media File Format Binding",
      "text": "AV1 Metadata sample group entry",
      "url": "https://aomediacodec.github.io/av1-isobmff/#metadatasamplegroupentry"
    }
  },
  "#metadatasamplegroupentry-definition": {
    "current": {
      "number": "2.8.1",
      "spec": "AV1 Codec ISO Media File Format Binding",
      "text": "Definition",
      "url": "https://aomediacodec.github.io/av1-isobmff/#metadatasamplegroupentry-definition"
    }
  },
  "#metadatasamplegroupentry-description": {
    "current": {
      "number": "2.8.2",
      "spec": "AV1 Codec ISO Media File Format Binding",
      "text": "Description",
      "url": "https://aomediacodec.github.io/av1-isobmff/#metadatasamplegroupentry-description"
    }
  },
  "#metadatasamplegroupentry-semantics": {
    "current": {
      "number": "2.8.4",
      "spec": "AV1 Codec ISO Media File Format Binding",
      "text": "Semantics",
      "url": "https://aomediacodec.github.io/av1-isobmff/#metadatasamplegroupentry-semantics"
    }
  },
  "#metadatasamplegroupentry-syntax": {
    "current": {
      "number": "2.8.3",
      "spec": "AV1 Codec ISO Media File Format Binding",
      "text": "Syntax",
      "url": "https://aomediacodec.github.io/av1-isobmff/#metadatasamplegroupentry-syntax"
    }
  },
  "#multiframesamplegroupentry": {
    "current": {
      "number": "2.6",
      "spec": "AV1 Codec ISO Media File Format Binding",
      "text": "AV1 Multi-Frame sample group entry",
      "url": "https://aomediacodec.github.io/av1-isobmff/#multiframesamplegroupentry"
    }
  },
  "#multiframesamplegroupentry-definition": {
    "current": {
      "number": "2.6.1",
      "spec": "AV1 Codec ISO Media File Format Binding",
      "text": "Definition",
      "url": "https://aomediacodec.github.io/av1-isobmff/#multiframesamplegroupentry-definition"
    }
  },
  "#multiframesamplegroupentry-description": {
    "current": {
      "number": "2.6.2",
      "spec": "AV1 Codec ISO Media File Format Binding",
      "text": "Description",
      "url": "https://aomediacodec.github.io/av1-isobmff/#multiframesamplegroupentry-description"
    }
  },
  "#multiframesamplegroupentry-syntax": {
    "current": {
      "number": "2.6.3",
      "spec": "AV1 Codec ISO Media File Format Binding",
      "text": "Syntax",
      "url": "https://aomediacodec.github.io/av1-isobmff/#multiframesamplegroupentry-syntax"
    }
  },
  "#normative": {
    "current": {
      "number": "",
      "spec": "AV1 Codec ISO Media File Format Binding",
      "text": "Normative References",
      "url": "https://aomediacodec.github.io/av1-isobmff/#normative"
    }
  },
  "#profile-and-date": {
    "current": {
      "number": "",
      "spec": "AV1 Codec ISO Media File Format Binding",
      "text": "AOM Working Group Draft, 11 December 2023",
      "url": "https://aomediacodec.github.io/av1-isobmff/#profile-and-date"
    }
  },
  "#references": {
    "current": {
      "number": "",
      "spec": "AV1 Codec ISO Media File Format Binding",
      "text": "References",
      "url": "https://aomediacodec.github.io/av1-isobmff/#references"
    }
  },
  "#sampleformat": {
    "current": {
      "number": "2.4",
      "spec": "AV1 Codec ISO Media File Format Binding",
      "text": "AV1 Sample Format",
      "url": "https://aomediacodec.github.io/av1-isobmff/#sampleformat"
    }
  },
  "#subsample-encryption": {
    "current": {
      "number": "4.1",
      "spec": "AV1 Codec ISO Media File Format Binding",
      "text": "General Subsample Encryption constraints",
      "url": "https://aomediacodec.github.io/av1-isobmff/#subsample-encryption"
    }
  },
  "#subsample-encryption-illustration": {
    "current": {
      "number": "4.2",
      "spec": "AV1 Codec ISO Media File Format Binding",
      "text": "Subsample Encryption Illustration",
      "url": "https://aomediacodec.github.io/av1-isobmff/#subsample-encryption-illustration"
    }
  },
  "#switchframesamplegroupentry": {
    "current": {
      "number": "2.7",
      "spec": "AV1 Codec ISO Media File Format Binding",
      "text": "AV1 Switch Frame sample group entry",
      "url": "https://aomediacodec.github.io/av1-isobmff/#switchframesamplegroupentry"
    }
  },
  "#switchframesamplegroupentry-definition": {
    "current": {
      "number": "2.7.1",
      "spec": "AV1 Codec ISO Media File Format Binding",
      "text": "Definition",
      "url": "https://aomediacodec.github.io/av1-isobmff/#switchframesamplegroupentry-definition"
    }
  },
  "#switchframesamplegroupentry-description": {
    "current": {
      "number": "2.7.2",
      "spec": "AV1 Codec ISO Media File Format Binding",
      "text": "Description",
      "url": "https://aomediacodec.github.io/av1-isobmff/#switchframesamplegroupentry-description"
    }
  },
  "#switchframesamplegroupentry-syntax": {
    "current": {
      "number": "2.7.3",
      "spec": "AV1 Codec ISO Media File Format Binding",
      "text": "Syntax",
      "url": "https://aomediacodec.github.io/av1-isobmff/#switchframesamplegroupentry-syntax"
    }
  },
  "#title": {
    "current": {
      "number": "",
      "spec": "AV1 Codec ISO Media File Format Binding",
      "text": "AV1 Codec ISO Media File Format Binding",
      "url": "https://aomediacodec.github.io/av1-isobmff/#title"
    }
  },
  "#toc": {
    "current": {
      "number": "",
      "spec": "AV1 Codec ISO Media File Format Binding",
      "text": "Table of Contents",
      "url": "https://aomediacodec.github.io/av1-isobmff/#toc"
    }
  }
}