{
  "#abstract": {
    "current": {
      "number": "",
      "spec": "CSS User Interface 3",
      "text": "Abstract",
      "url": "https://drafts.csswg.org/css-ui-3/#abstract"
    },
    "snapshot": {
      "number": "",
      "spec": "CSS User Interface 3",
      "text": "Abstract",
      "url": "https://www.w3.org/TR/css-ui-3/#abstract"
    }
  },
  "#acknowledgments": {
    "current": {
      "number": "A",
      "spec": "CSS User Interface 3",
      "text": "Acknowledgments",
      "url": "https://drafts.csswg.org/css-ui-3/#acknowledgments"
    },
    "snapshot": {
      "number": "A",
      "spec": "CSS User Interface 3",
      "text": "Acknowledgments",
      "url": "https://www.w3.org/TR/css-ui-3/#acknowledgments"
    }
  },
  "#bidi-ellipsis": {
    "current": {
      "number": "",
      "spec": "CSS User Interface 3",
      "text": "Bidi ellipsis examples",
      "url": "https://drafts.csswg.org/css-ui-3/#bidi-ellipsis"
    },
    "snapshot": {
      "number": "",
      "spec": "CSS User Interface 3",
      "text": "Bidi ellipsis examples",
      "url": "https://www.w3.org/TR/css-ui-3/#bidi-ellipsis"
    }
  },
  "#box-model": {
    "current": {
      "number": "4",
      "spec": "CSS User Interface 3",
      "text": "Box Model addition",
      "url": "https://drafts.csswg.org/css-ui-3/#box-model"
    },
    "snapshot": {
      "number": "3",
      "spec": "CSS User Interface 3",
      "text": "Box Model addition",
      "url": "https://www.w3.org/TR/css-ui-3/#box-model"
    }
  },
  "#box-sizing": {
    "current": {
      "number": "4.1",
      "spec": "CSS User Interface 3",
      "text": "Changing the Box Model: the box-sizing property",
      "url": "https://drafts.csswg.org/css-ui-3/#box-sizing"
    },
    "snapshot": {
      "number": "3.1",
      "spec": "CSS User Interface 3",
      "text": "Changing the Box Model: the box-sizing property",
      "url": "https://www.w3.org/TR/css-ui-3/#box-sizing"
    }
  },
  "#box-sizing-example": {
    "current": {
      "number": "",
      "spec": "CSS User Interface 3",
      "text": "Using box-sizing to evenly share space",
      "url": "https://drafts.csswg.org/css-ui-3/#box-sizing-example"
    },
    "snapshot": {
      "number": "",
      "spec": "CSS User Interface 3",
      "text": "Using box-sizing to evenly share space",
      "url": "https://www.w3.org/TR/css-ui-3/#box-sizing-example"
    }
  },
  "#canvas_cursor": {
    "current": {
      "number": "7.1.1.1",
      "spec": "CSS User Interface 3",
      "text": "Cursor of the canvas",
      "url": "https://drafts.csswg.org/css-ui-3/#canvas_cursor"
    },
    "snapshot": {
      "number": "6.1.1.1",
      "spec": "CSS User Interface 3",
      "text": "Cursor of the canvas",
      "url": "https://www.w3.org/TR/css-ui-3/#canvas_cursor"
    }
  },
  "#caret-color": {
    "current": {
      "number": "7.2.1",
      "spec": "CSS User Interface 3",
      "text": "Coloring the Insertion Caret: the caret-color property",
      "url": "https://drafts.csswg.org/css-ui-3/#caret-color"
    },
    "snapshot": {
      "number": "6.2.1",
      "spec": "CSS User Interface 3",
      "text": "Coloring the Insertion Caret: the caret-color property",
      "url": "https://www.w3.org/TR/css-ui-3/#caret-color"
    }
  },
  "#changes": {
    "current": {
      "number": "B",
      "spec": "CSS User Interface 3",
      "text": "Changes",
      "url": "https://drafts.csswg.org/css-ui-3/#changes"
    },
    "snapshot": {
      "number": "B",
      "spec": "CSS User Interface 3",
      "text": "Changes",
      "url": "https://www.w3.org/TR/css-ui-3/#changes"
    }
  },
  "#changes-from-CR": {
    "snapshot": {
      "number": "",
      "spec": "CSS User Interface 3",
      "text": "Since Candidate Recommendation",
      "url": "https://www.w3.org/TR/css-ui-3/#changes-from-CR"
    }
  },
  "#changes-from-PR": {
    "snapshot": {
      "number": "",
      "spec": "CSS User Interface 3",
      "text": "Since Proposed Recommendation",
      "url": "https://www.w3.org/TR/css-ui-3/#changes-from-PR"
    }
  },
  "#conform-classes": {
    "snapshot": {
      "number": "",
      "spec": "CSS User Interface 3",
      "text": "Conformance classes",
      "url": "https://www.w3.org/TR/css-ui-3/#conform-classes"
    }
  },
  "#conform-future-proofing": {
    "snapshot": {
      "number": "",
      "spec": "CSS User Interface 3",
      "text": "Implementations of Unstable and Proprietary Features",
      "url": "https://www.w3.org/TR/css-ui-3/#conform-future-proofing"
    }
  },
  "#conform-partial": {
    "snapshot": {
      "number": "",
      "spec": "CSS User Interface 3",
      "text": "Partial Implementations",
      "url": "https://www.w3.org/TR/css-ui-3/#conform-partial"
    }
  },
  "#conform-responsible": {
    "snapshot": {
      "number": "",
      "spec": "CSS User Interface 3",
      "text": "Requirements for Responsible Implementation of CSS",
      "url": "https://www.w3.org/TR/css-ui-3/#conform-responsible"
    }
  },
  "#conform-testing": {
    "snapshot": {
      "number": "",
      "spec": "CSS User Interface 3",
      "text": "Implementations of CR-level Features",
      "url": "https://www.w3.org/TR/css-ui-3/#conform-testing"
    }
  },
  "#conformance": {
    "snapshot": {
      "number": "",
      "spec": "CSS User Interface 3",
      "text": "Conformance",
      "url": "https://www.w3.org/TR/css-ui-3/#conformance"
    }
  },
  "#cursor": {
    "current": {
      "number": "7.1.1",
      "spec": "CSS User Interface 3",
      "text": "Styling the Cursor: the cursor property",
      "url": "https://drafts.csswg.org/css-ui-3/#cursor"
    },
    "snapshot": {
      "number": "6.1.1",
      "spec": "CSS User Interface 3",
      "text": "Styling the Cursor: the cursor property",
      "url": "https://www.w3.org/TR/css-ui-3/#cursor"
    }
  },
  "#default-style-sheet": {
    "current": {
      "number": "D",
      "spec": "CSS User Interface 3",
      "text": "Default style sheet additions for HTML",
      "url": "https://drafts.csswg.org/css-ui-3/#default-style-sheet"
    },
    "snapshot": {
      "number": "D",
      "spec": "CSS User Interface 3",
      "text": "Default style sheet additions for HTML",
      "url": "https://www.w3.org/TR/css-ui-3/#default-style-sheet"
    }
  },
  "#document-conventions": {
    "snapshot": {
      "number": "",
      "spec": "CSS User Interface 3",
      "text": "Document conventions",
      "url": "https://www.w3.org/TR/css-ui-3/#document-conventions"
    }
  },
  "#ellipsing-details": {
    "current": {
      "number": "",
      "spec": "CSS User Interface 3",
      "text": "ellipsing details",
      "url": "https://drafts.csswg.org/css-ui-3/#ellipsing-details"
    },
    "snapshot": {
      "number": "",
      "spec": "CSS User Interface 3",
      "text": "ellipsing details",
      "url": "https://www.w3.org/TR/css-ui-3/#ellipsing-details"
    }
  },
  "#ellipsis-interaction": {
    "current": {
      "number": "",
      "spec": "CSS User Interface 3",
      "text": "user interaction with ellipsis",
      "url": "https://drafts.csswg.org/css-ui-3/#ellipsis-interaction"
    },
    "snapshot": {
      "number": "",
      "spec": "CSS User Interface 3",
      "text": "user interaction with ellipsis",
      "url": "https://www.w3.org/TR/css-ui-3/#ellipsis-interaction"
    }
  },
  "#ellipsis-scrolling": {
    "current": {
      "number": "",
      "spec": "CSS User Interface 3",
      "text": "ellipsis interaction with scrolling interfaces",
      "url": "https://drafts.csswg.org/css-ui-3/#ellipsis-scrolling"
    },
    "snapshot": {
      "number": "",
      "spec": "CSS User Interface 3",
      "text": "ellipsis interaction with scrolling interfaces",
      "url": "https://www.w3.org/TR/css-ui-3/#ellipsis-scrolling"
    }
  },
  "#index": {
    "current": {
      "number": "",
      "spec": "CSS User Interface 3",
      "text": "Index",
      "url": "https://drafts.csswg.org/css-ui-3/#index"
    },
    "snapshot": {
      "number": "",
      "spec": "CSS User Interface 3",
      "text": "Index",
      "url": "https://www.w3.org/TR/css-ui-3/#index"
    }
  },
  "#index-defined-elsewhere": {
    "current": {
      "number": "",
      "spec": "CSS User Interface 3",
      "text": "Terms defined by reference",
      "url": "https://drafts.csswg.org/css-ui-3/#index-defined-elsewhere"
    },
    "snapshot": {
      "number": "",
      "spec": "CSS User Interface 3",
      "text": "Terms defined by reference",
      "url": "https://www.w3.org/TR/css-ui-3/#index-defined-elsewhere"
    }
  },
  "#index-defined-here": {
    "current": {
      "number": "",
      "spec": "CSS User Interface 3",
      "text": "Terms defined by this specification",
      "url": "https://drafts.csswg.org/css-ui-3/#index-defined-here"
    },
    "snapshot": {
      "number": "",
      "spec": "CSS User Interface 3",
      "text": "Terms defined by this specification",
      "url": "https://www.w3.org/TR/css-ui-3/#index-defined-here"
    }
  },
  "#informative": {
    "current": {
      "number": "",
      "spec": "CSS User Interface 3",
      "text": "Informative References",
      "url": "https://drafts.csswg.org/css-ui-3/#informative"
    },
    "snapshot": {
      "number": "",
      "spec": "CSS User Interface 3",
      "text": "Informative References",
      "url": "https://www.w3.org/TR/css-ui-3/#informative"
    }
  },
  "#input-method-editor": {
    "current": {
      "number": "7.3.1",
      "spec": "CSS User Interface 3",
      "text": "Obsolete: the ime-mode property",
      "url": "https://drafts.csswg.org/css-ui-3/#input-method-editor"
    },
    "snapshot": {
      "number": "6.3.1",
      "spec": "CSS User Interface 3",
      "text": "Obsolete: the ime-mode property",
      "url": "https://www.w3.org/TR/css-ui-3/#input-method-editor"
    }
  },
  "#insertion-caret": {
    "current": {
      "number": "7.2",
      "spec": "CSS User Interface 3",
      "text": "Insertion caret",
      "url": "https://drafts.csswg.org/css-ui-3/#insertion-caret"
    },
    "snapshot": {
      "number": "6.2",
      "spec": "CSS User Interface 3",
      "text": "Insertion caret",
      "url": "https://www.w3.org/TR/css-ui-3/#insertion-caret"
    }
  },
  "#interaction": {
    "current": {
      "number": "2",
      "spec": "CSS User Interface 3",
      "text": "Module Interactions",
      "url": "https://drafts.csswg.org/css-ui-3/#interaction"
    },
    "snapshot": {
      "number": "2",
      "spec": "CSS User Interface 3",
      "text": "Module Interactions",
      "url": "https://www.w3.org/TR/css-ui-3/#interaction"
    }
  },
  "#intro": {
    "current": {
      "number": "1",
      "spec": "CSS User Interface 3",
      "text": "Introduction",
      "url": "https://drafts.csswg.org/css-ui-3/#intro"
    },
    "snapshot": {
      "number": "1",
      "spec": "CSS User Interface 3",
      "text": "Introduction",
      "url": "https://www.w3.org/TR/css-ui-3/#intro"
    }
  },
  "#keyboard": {
    "current": {
      "number": "7.3",
      "spec": "CSS User Interface 3",
      "text": "Keyboard control",
      "url": "https://drafts.csswg.org/css-ui-3/#keyboard"
    },
    "snapshot": {
      "number": "6.3",
      "spec": "CSS User Interface 3",
      "text": "Keyboard control",
      "url": "https://www.w3.org/TR/css-ui-3/#keyboard"
    }
  },
  "#normative": {
    "current": {
      "number": "",
      "spec": "CSS User Interface 3",
      "text": "Normative References",
      "url": "https://drafts.csswg.org/css-ui-3/#normative"
    },
    "snapshot": {
      "number": "",
      "spec": "CSS User Interface 3",
      "text": "Normative References",
      "url": "https://www.w3.org/TR/css-ui-3/#normative"
    }
  },
  "#outline": {
    "current": {
      "number": "5.1",
      "spec": "CSS User Interface 3",
      "text": "Outlines Shorthand: the outline property",
      "url": "https://drafts.csswg.org/css-ui-3/#outline"
    },
    "snapshot": {
      "number": "4.1",
      "spec": "CSS User Interface 3",
      "text": "Outlines Shorthand: the outline property",
      "url": "https://www.w3.org/TR/css-ui-3/#outline"
    }
  },
  "#outline-color": {
    "current": {
      "number": "5.4",
      "spec": "CSS User Interface 3",
      "text": "Outline Colors: the outline-color property",
      "url": "https://drafts.csswg.org/css-ui-3/#outline-color"
    },
    "snapshot": {
      "number": "4.4",
      "spec": "CSS User Interface 3",
      "text": "Outline Colors: the outline-color property",
      "url": "https://www.w3.org/TR/css-ui-3/#outline-color"
    }
  },
  "#outline-offset": {
    "current": {
      "number": "5.5",
      "spec": "CSS User Interface 3",
      "text": "Offsetting the Outline: the outline-offset property",
      "url": "https://drafts.csswg.org/css-ui-3/#outline-offset"
    },
    "snapshot": {
      "number": "4.5",
      "spec": "CSS User Interface 3",
      "text": "Offsetting the Outline: the outline-offset property",
      "url": "https://www.w3.org/TR/css-ui-3/#outline-offset"
    }
  },
  "#outline-props": {
    "current": {
      "number": "5",
      "spec": "CSS User Interface 3",
      "text": "Outline properties",
      "url": "https://drafts.csswg.org/css-ui-3/#outline-props"
    },
    "snapshot": {
      "number": "4",
      "spec": "CSS User Interface 3",
      "text": "Outline properties",
      "url": "https://www.w3.org/TR/css-ui-3/#outline-props"
    }
  },
  "#outline-style": {
    "current": {
      "number": "5.3",
      "spec": "CSS User Interface 3",
      "text": "Outline Patterns: the outline-style property",
      "url": "https://drafts.csswg.org/css-ui-3/#outline-style"
    },
    "snapshot": {
      "number": "4.3",
      "spec": "CSS User Interface 3",
      "text": "Outline Patterns: the outline-style property",
      "url": "https://www.w3.org/TR/css-ui-3/#outline-style"
    }
  },
  "#outline-width": {
    "current": {
      "number": "5.2",
      "spec": "CSS User Interface 3",
      "text": "Outline Thickness: the outline-width property",
      "url": "https://drafts.csswg.org/css-ui-3/#outline-width"
    },
    "snapshot": {
      "number": "4.2",
      "spec": "CSS User Interface 3",
      "text": "Outline Thickness: the outline-width property",
      "url": "https://www.w3.org/TR/css-ui-3/#outline-width"
    }
  },
  "#pointer-interaction": {
    "current": {
      "number": "7.1",
      "spec": "CSS User Interface 3",
      "text": "Pointer interaction",
      "url": "https://drafts.csswg.org/css-ui-3/#pointer-interaction"
    },
    "snapshot": {
      "number": "6.1",
      "spec": "CSS User Interface 3",
      "text": "Pointer interaction",
      "url": "https://www.w3.org/TR/css-ui-3/#pointer-interaction"
    }
  },
  "#pointing-keyboard": {
    "current": {
      "number": "7",
      "spec": "CSS User Interface 3",
      "text": "Pointing Devices and Keyboards",
      "url": "https://drafts.csswg.org/css-ui-3/#pointing-keyboard"
    },
    "snapshot": {
      "number": "6",
      "spec": "CSS User Interface 3",
      "text": "Pointing Devices and Keyboards",
      "url": "https://www.w3.org/TR/css-ui-3/#pointing-keyboard"
    }
  },
  "#property-index": {
    "current": {
      "number": "",
      "spec": "CSS User Interface 3",
      "text": "Property Index",
      "url": "https://drafts.csswg.org/css-ui-3/#property-index"
    },
    "snapshot": {
      "number": "",
      "spec": "CSS User Interface 3",
      "text": "Property Index",
      "url": "https://www.w3.org/TR/css-ui-3/#property-index"
    }
  },
  "#purpose": {
    "current": {
      "number": "1.1",
      "spec": "CSS User Interface 3",
      "text": "Purpose",
      "url": "https://drafts.csswg.org/css-ui-3/#purpose"
    },
    "snapshot": {
      "number": "1.1",
      "spec": "CSS User Interface 3",
      "text": "Purpose",
      "url": "https://www.w3.org/TR/css-ui-3/#purpose"
    }
  },
  "#references": {
    "current": {
      "number": "",
      "spec": "CSS User Interface 3",
      "text": "References",
      "url": "https://drafts.csswg.org/css-ui-3/#references"
    },
    "snapshot": {
      "number": "",
      "spec": "CSS User Interface 3",
      "text": "References",
      "url": "https://www.w3.org/TR/css-ui-3/#references"
    }
  },
  "#resize": {
    "current": {
      "number": "6.1",
      "spec": "CSS User Interface 3",
      "text": "Resizing Boxes: the resize property",
      "url": "https://drafts.csswg.org/css-ui-3/#resize"
    },
    "snapshot": {
      "number": "5.1",
      "spec": "CSS User Interface 3",
      "text": "Resizing Boxes: the resize property",
      "url": "https://www.w3.org/TR/css-ui-3/#resize"
    }
  },
  "#resizing-and-overflow": {
    "current": {
      "number": "6",
      "spec": "CSS User Interface 3",
      "text": "Resizing & Overflow",
      "url": "https://drafts.csswg.org/css-ui-3/#resizing-and-overflow"
    },
    "snapshot": {
      "number": "5",
      "spec": "CSS User Interface 3",
      "text": "Resizing & Overflow",
      "url": "https://www.w3.org/TR/css-ui-3/#resizing-and-overflow"
    }
  },
  "#security-privacy-considerations": {
    "current": {
      "number": "C",
      "spec": "CSS User Interface 3",
      "text": "Considerations for Security and Privacy",
      "url": "https://drafts.csswg.org/css-ui-3/#security-privacy-considerations"
    },
    "snapshot": {
      "number": "C",
      "spec": "CSS User Interface 3",
      "text": "Considerations for Security and Privacy",
      "url": "https://www.w3.org/TR/css-ui-3/#security-privacy-considerations"
    }
  },
  "#sotd": {
    "current": {
      "number": "",
      "spec": "CSS User Interface 3",
      "text": "Status of this document",
      "url": "https://drafts.csswg.org/css-ui-3/#sotd"
    }
  },
  "#status": {
    "snapshot": {
      "number": "",
      "spec": "CSS User Interface 3",
      "text": "Status of this document",
      "url": "https://www.w3.org/TR/css-ui-3/#status"
    }
  },
  "#subtitle": {
    "snapshot": {
      "number": "",
      "spec": "CSS User Interface 3",
      "text": "W3C Recommendation, 21 June 2018",
      "url": "https://www.w3.org/TR/css-ui-3/#subtitle"
    }
  },
  "#text-overflow": {
    "current": {
      "number": "6.2",
      "spec": "CSS User Interface 3",
      "text": "Overflow Ellipsis: the text-overflow property",
      "url": "https://drafts.csswg.org/css-ui-3/#text-overflow"
    },
    "snapshot": {
      "number": "5.2",
      "spec": "CSS User Interface 3",
      "text": "Overflow Ellipsis: the text-overflow property",
      "url": "https://www.w3.org/TR/css-ui-3/#text-overflow"
    }
  },
  "#text-overflow-examples": {
    "current": {
      "number": "",
      "spec": "CSS User Interface 3",
      "text": "text-overflow examples",
      "url": "https://drafts.csswg.org/css-ui-3/#text-overflow-examples"
    },
    "snapshot": {
      "number": "",
      "spec": "CSS User Interface 3",
      "text": "text-overflow examples",
      "url": "https://www.w3.org/TR/css-ui-3/#text-overflow-examples"
    }
  },
  "#title": {
    "current": {
      "number": "",
      "spec": "CSS User Interface 3",
      "text": "CSS Basic User Interface Module Level 3 (CSS3 UI)",
      "url": "https://drafts.csswg.org/css-ui-3/#title"
    },
    "snapshot": {
      "number": "",
      "spec": "CSS User Interface 3",
      "text": "CSS Basic User Interface Module Level 3 (CSS3 UI)",
      "url": "https://www.w3.org/TR/css-ui-3/#title"
    }
  },
  "#toc": {
    "current": {
      "number": "",
      "spec": "CSS User Interface 3",
      "text": "Table of Contents",
      "url": "https://drafts.csswg.org/css-ui-3/#toc"
    },
    "snapshot": {
      "number": "",
      "spec": "CSS User Interface 3",
      "text": "Table of Contents",
      "url": "https://www.w3.org/TR/css-ui-3/#toc"
    }
  },
  "#values": {
    "current": {
      "number": "3",
      "spec": "CSS User Interface 3",
      "text": "Value Definitions",
      "url": "https://drafts.csswg.org/css-ui-3/#values"
    }
  },
  "#w3c-conform-future-proofing": {
    "current": {
      "number": "",
      "spec": "CSS User Interface 3",
      "text": "Implementations of Unstable and Proprietary Features",
      "url": "https://drafts.csswg.org/css-ui-3/#w3c-conform-future-proofing"
    }
  },
  "#w3c-conformance": {
    "current": {
      "number": "",
      "spec": "CSS User Interface 3",
      "text": "Conformance",
      "url": "https://drafts.csswg.org/css-ui-3/#w3c-conformance"
    }
  },
  "#w3c-conformance-classes": {
    "current": {
      "number": "",
      "spec": "CSS User Interface 3",
      "text": "Conformance classes",
      "url": "https://drafts.csswg.org/css-ui-3/#w3c-conformance-classes"
    }
  },
  "#w3c-conventions": {
    "current": {
      "number": "",
      "spec": "CSS User Interface 3",
      "text": "Document conventions",
      "url": "https://drafts.csswg.org/css-ui-3/#w3c-conventions"
    }
  },
  "#w3c-partial": {
    "current": {
      "number": "",
      "spec": "CSS User Interface 3",
      "text": "Partial implementations",
      "url": "https://drafts.csswg.org/css-ui-3/#w3c-partial"
    }
  },
  "#w3c-testing": {
    "current": {
      "number": "",
      "spec": "CSS User Interface 3",
      "text": "Non-experimental implementations",
      "url": "https://drafts.csswg.org/css-ui-3/#w3c-testing"
    }
  }
}