{
  "#abstract": {
    "current": {
      "number": "",
      "spec": "CSS Conditional Values 1",
      "text": "Abstract",
      "url": "https://drafts.csswg.org/css-conditional-values-1/#abstract"
    }
  },
  "#bool-constants": {
    "current": {
      "number": "2.1",
      "spec": "CSS Conditional Values 1",
      "text": "Boolean constants: true and false",
      "url": "https://drafts.csswg.org/css-conditional-values-1/#bool-constants"
    }
  },
  "#boolean": {
    "current": {
      "number": "2",
      "spec": "CSS Conditional Values 1",
      "text": "Boolean data types",
      "url": "https://drafts.csswg.org/css-conditional-values-1/#boolean"
    }
  },
  "#condition": {
    "current": {
      "number": "2.2",
      "spec": "CSS Conditional Values 1",
      "text": "Logical comparisons: The <condition> type",
      "url": "https://drafts.csswg.org/css-conditional-values-1/#condition"
    }
  },
  "#condition-computed-value": {
    "current": {
      "number": "2.2.1",
      "spec": "CSS Conditional Values 1",
      "text": "Computed Value",
      "url": "https://drafts.csswg.org/css-conditional-values-1/#condition-computed-value"
    }
  },
  "#high-level-custom-properties": {
    "current": {
      "number": "1.1",
      "spec": "CSS Conditional Values 1",
      "text": "High level custom properties",
      "url": "https://drafts.csswg.org/css-conditional-values-1/#high-level-custom-properties"
    }
  },
  "#if": {
    "current": {
      "number": "3",
      "spec": "CSS Conditional Values 1",
      "text": "Inline conditionals: The if() function",
      "url": "https://drafts.csswg.org/css-conditional-values-1/#if"
    }
  },
  "#index": {
    "current": {
      "number": "",
      "spec": "CSS Conditional Values 1",
      "text": "Index",
      "url": "https://drafts.csswg.org/css-conditional-values-1/#index"
    }
  },
  "#index-defined-elsewhere": {
    "current": {
      "number": "",
      "spec": "CSS Conditional Values 1",
      "text": "Terms defined by reference",
      "url": "https://drafts.csswg.org/css-conditional-values-1/#index-defined-elsewhere"
    }
  },
  "#index-defined-here": {
    "current": {
      "number": "",
      "spec": "CSS Conditional Values 1",
      "text": "Terms defined by this specification",
      "url": "https://drafts.csswg.org/css-conditional-values-1/#index-defined-here"
    }
  },
  "#informative": {
    "current": {
      "number": "",
      "spec": "CSS Conditional Values 1",
      "text": "Informative References",
      "url": "https://drafts.csswg.org/css-conditional-values-1/#informative"
    }
  },
  "#intro": {
    "current": {
      "number": "1",
      "spec": "CSS Conditional Values 1",
      "text": "Introduction",
      "url": "https://drafts.csswg.org/css-conditional-values-1/#intro"
    }
  },
  "#issues-index": {
    "current": {
      "number": "",
      "spec": "CSS Conditional Values 1",
      "text": "Issues Index",
      "url": "https://drafts.csswg.org/css-conditional-values-1/#issues-index"
    }
  },
  "#normative": {
    "current": {
      "number": "",
      "spec": "CSS Conditional Values 1",
      "text": "Normative References",
      "url": "https://drafts.csswg.org/css-conditional-values-1/#normative"
    }
  },
  "#priv-sec": {
    "current": {
      "number": "4",
      "spec": "CSS Conditional Values 1",
      "text": "Privacy and Security Considerations",
      "url": "https://drafts.csswg.org/css-conditional-values-1/#priv-sec"
    }
  },
  "#references": {
    "current": {
      "number": "",
      "spec": "CSS Conditional Values 1",
      "text": "References",
      "url": "https://drafts.csswg.org/css-conditional-values-1/#references"
    }
  },
  "#relation-between-units": {
    "current": {
      "number": "1.2",
      "spec": "CSS Conditional Values 1",
      "text": "Relation between units of the same type",
      "url": "https://drafts.csswg.org/css-conditional-values-1/#relation-between-units"
    }
  },
  "#sotd": {
    "current": {
      "number": "",
      "spec": "CSS Conditional Values 1",
      "text": "Status of this document",
      "url": "https://drafts.csswg.org/css-conditional-values-1/#sotd"
    }
  },
  "#title": {
    "current": {
      "number": "",
      "spec": "CSS Conditional Values 1",
      "text": "CSS Conditional Values Module Level 1",
      "url": "https://drafts.csswg.org/css-conditional-values-1/#title"
    }
  },
  "#toc": {
    "current": {
      "number": "",
      "spec": "CSS Conditional Values 1",
      "text": "Table of Contents",
      "url": "https://drafts.csswg.org/css-conditional-values-1/#toc"
    }
  },
  "#values": {
    "current": {
      "number": "1.3",
      "spec": "CSS Conditional Values 1",
      "text": "Value Definitions",
      "url": "https://drafts.csswg.org/css-conditional-values-1/#values"
    }
  },
  "#w3c-conform-future-proofing": {
    "current": {
      "number": "",
      "spec": "CSS Conditional Values 1",
      "text": "Implementations of Unstable and Proprietary Features",
      "url": "https://drafts.csswg.org/css-conditional-values-1/#w3c-conform-future-proofing"
    }
  },
  "#w3c-conformance": {
    "current": {
      "number": "",
      "spec": "CSS Conditional Values 1",
      "text": "Conformance",
      "url": "https://drafts.csswg.org/css-conditional-values-1/#w3c-conformance"
    }
  },
  "#w3c-conformance-classes": {
    "current": {
      "number": "",
      "spec": "CSS Conditional Values 1",
      "text": "Conformance classes",
      "url": "https://drafts.csswg.org/css-conditional-values-1/#w3c-conformance-classes"
    }
  },
  "#w3c-conventions": {
    "current": {
      "number": "",
      "spec": "CSS Conditional Values 1",
      "text": "Document conventions",
      "url": "https://drafts.csswg.org/css-conditional-values-1/#w3c-conventions"
    }
  },
  "#w3c-partial": {
    "current": {
      "number": "",
      "spec": "CSS Conditional Values 1",
      "text": "Partial implementations",
      "url": "https://drafts.csswg.org/css-conditional-values-1/#w3c-partial"
    }
  },
  "#w3c-testing": {
    "current": {
      "number": "",
      "spec": "CSS Conditional Values 1",
      "text": "Non-experimental implementations",
      "url": "https://drafts.csswg.org/css-conditional-values-1/#w3c-testing"
    }
  }
}