{
  "#3d-rendering-contexts": {
    "current": {
      "number": "4.1.2",
      "spec": "CSS Transforms 2",
      "text": "3D Rendering Contexts",
      "url": "https://drafts.csswg.org/css-transforms-2/#3d-rendering-contexts"
    },
    "snapshot": {
      "number": "4.1.2",
      "spec": "CSS Transforms 2",
      "text": "3D Rendering Contexts",
      "url": "https://www.w3.org/TR/css-transforms-2/#3d-rendering-contexts"
    }
  },
  "#3d-transform-rendering": {
    "current": {
      "number": "4.1",
      "spec": "CSS Transforms 2",
      "text": "3D Transform Rendering",
      "url": "https://drafts.csswg.org/css-transforms-2/#3d-transform-rendering"
    },
    "snapshot": {
      "number": "4.1",
      "spec": "CSS Transforms 2",
      "text": "3D Transform Rendering",
      "url": "https://www.w3.org/TR/css-transforms-2/#3d-transform-rendering"
    }
  },
  "#abstract": {
    "current": {
      "number": "",
      "spec": "CSS Transforms 2",
      "text": "Abstract",
      "url": "https://drafts.csswg.org/css-transforms-2/#abstract"
    },
    "snapshot": {
      "number": "",
      "spec": "CSS Transforms 2",
      "text": "Abstract",
      "url": "https://www.w3.org/TR/css-transforms-2/#abstract"
    }
  },
  "#accumulated-3d-transformation-matrix-computation": {
    "current": {
      "number": "4.1.4",
      "spec": "CSS Transforms 2",
      "text": "Accumulated 3D Transformation Matrix Computation",
      "url": "https://drafts.csswg.org/css-transforms-2/#accumulated-3d-transformation-matrix-computation"
    },
    "snapshot": {
      "number": "4.1.4",
      "spec": "CSS Transforms 2",
      "text": "Accumulated 3D Transformation Matrix Computation",
      "url": "https://www.w3.org/TR/css-transforms-2/#accumulated-3d-transformation-matrix-computation"
    }
  },
  "#backface-visibility": {
    "current": {
      "number": "4.1.5",
      "spec": "CSS Transforms 2",
      "text": "Backface Visibility",
      "url": "https://drafts.csswg.org/css-transforms-2/#backface-visibility"
    },
    "snapshot": {
      "number": "4.1.5",
      "spec": "CSS Transforms 2",
      "text": "Backface Visibility",
      "url": "https://www.w3.org/TR/css-transforms-2/#backface-visibility"
    }
  },
  "#backface-visibility-property": {
    "current": {
      "number": "",
      "spec": "CSS Transforms 2",
      "text": "10. The backface-visibility Property",
      "url": "https://drafts.csswg.org/css-transforms-2/#backface-visibility-property"
    },
    "snapshot": {
      "number": "",
      "spec": "CSS Transforms 2",
      "text": "10. The backface-visibility Property",
      "url": "https://www.w3.org/TR/css-transforms-2/#backface-visibility-property"
    }
  },
  "#changes": {
    "current": {
      "number": "",
      "spec": "CSS Transforms 2",
      "text": "Changes",
      "url": "https://drafts.csswg.org/css-transforms-2/#changes"
    },
    "snapshot": {
      "number": "",
      "spec": "CSS Transforms 2",
      "text": "Changes",
      "url": "https://www.w3.org/TR/css-transforms-2/#changes"
    }
  },
  "#changes-recent": {
    "current": {
      "number": "",
      "spec": "CSS Transforms 2",
      "text": "Recent Changes",
      "url": "https://drafts.csswg.org/css-transforms-2/#changes-recent"
    },
    "snapshot": {
      "number": "",
      "spec": "CSS Transforms 2",
      "text": "Recent Changes",
      "url": "https://www.w3.org/TR/css-transforms-2/#changes-recent"
    }
  },
  "#combining-transform-lists": {
    "current": {
      "number": "",
      "spec": "CSS Transforms 2",
      "text": "15. Addition and accumulation of transform lists",
      "url": "https://drafts.csswg.org/css-transforms-2/#combining-transform-lists"
    },
    "snapshot": {
      "number": "",
      "spec": "CSS Transforms 2",
      "text": "15. Addition and accumulation of transform lists",
      "url": "https://www.w3.org/TR/css-transforms-2/#combining-transform-lists"
    }
  },
  "#ctm": {
    "current": {
      "number": "6",
      "spec": "CSS Transforms 2",
      "text": "Current Transformation Matrix",
      "url": "https://drafts.csswg.org/css-transforms-2/#ctm"
    },
    "snapshot": {
      "number": "6",
      "spec": "CSS Transforms 2",
      "text": "Current Transformation Matrix",
      "url": "https://www.w3.org/TR/css-transforms-2/#ctm"
    }
  },
  "#decomposing-a-3d-matrix": {
    "current": {
      "number": "13.1.1",
      "spec": "CSS Transforms 2",
      "text": "Decomposing a 3D matrix",
      "url": "https://drafts.csswg.org/css-transforms-2/#decomposing-a-3d-matrix"
    },
    "snapshot": {
      "number": "13.1.1",
      "spec": "CSS Transforms 2",
      "text": "Decomposing a 3D matrix",
      "url": "https://www.w3.org/TR/css-transforms-2/#decomposing-a-3d-matrix"
    }
  },
  "#grouping-property-values": {
    "current": {
      "number": "7.1",
      "spec": "CSS Transforms 2",
      "text": "Grouping property values",
      "url": "https://drafts.csswg.org/css-transforms-2/#grouping-property-values"
    },
    "snapshot": {
      "number": "7.1",
      "spec": "CSS Transforms 2",
      "text": "Grouping property values",
      "url": "https://www.w3.org/TR/css-transforms-2/#grouping-property-values"
    }
  },
  "#index": {
    "current": {
      "number": "",
      "spec": "CSS Transforms 2",
      "text": "Index",
      "url": "https://drafts.csswg.org/css-transforms-2/#index"
    },
    "snapshot": {
      "number": "",
      "spec": "CSS Transforms 2",
      "text": "Index",
      "url": "https://www.w3.org/TR/css-transforms-2/#index"
    }
  },
  "#index-defined-elsewhere": {
    "current": {
      "number": "",
      "spec": "CSS Transforms 2",
      "text": "Terms defined by reference",
      "url": "https://drafts.csswg.org/css-transforms-2/#index-defined-elsewhere"
    },
    "snapshot": {
      "number": "",
      "spec": "CSS Transforms 2",
      "text": "Terms defined by reference",
      "url": "https://www.w3.org/TR/css-transforms-2/#index-defined-elsewhere"
    }
  },
  "#index-defined-here": {
    "current": {
      "number": "",
      "spec": "CSS Transforms 2",
      "text": "Terms defined by this specification",
      "url": "https://drafts.csswg.org/css-transforms-2/#index-defined-here"
    },
    "snapshot": {
      "number": "",
      "spec": "CSS Transforms 2",
      "text": "Terms defined by this specification",
      "url": "https://www.w3.org/TR/css-transforms-2/#index-defined-here"
    }
  },
  "#individual-transform-serialization": {
    "current": {
      "number": "5.1",
      "spec": "CSS Transforms 2",
      "text": "Serialization",
      "url": "https://drafts.csswg.org/css-transforms-2/#individual-transform-serialization"
    },
    "snapshot": {
      "number": "5.1",
      "spec": "CSS Transforms 2",
      "text": "Serialization",
      "url": "https://www.w3.org/TR/css-transforms-2/#individual-transform-serialization"
    }
  },
  "#individual-transforms": {
    "current": {
      "number": "5",
      "spec": "CSS Transforms 2",
      "text": "Individual Transform Properties: the translate, scale, and rotate properties",
      "url": "https://drafts.csswg.org/css-transforms-2/#individual-transforms"
    },
    "snapshot": {
      "number": "5",
      "spec": "CSS Transforms 2",
      "text": "Individual Transform Properties: the translate, scale, and rotate properties",
      "url": "https://www.w3.org/TR/css-transforms-2/#individual-transforms"
    }
  },
  "#informative": {
    "current": {
      "number": "",
      "spec": "CSS Transforms 2",
      "text": "Informative References",
      "url": "https://drafts.csswg.org/css-transforms-2/#informative"
    },
    "snapshot": {
      "number": "",
      "spec": "CSS Transforms 2",
      "text": "Informative References",
      "url": "https://www.w3.org/TR/css-transforms-2/#informative"
    }
  },
  "#interpolation-of-3d-matrices": {
    "current": {
      "number": "13.1",
      "spec": "CSS Transforms 2",
      "text": "Interpolation of 3D matrices",
      "url": "https://drafts.csswg.org/css-transforms-2/#interpolation-of-3d-matrices"
    },
    "snapshot": {
      "number": "13.1",
      "spec": "CSS Transforms 2",
      "text": "Interpolation of 3D matrices",
      "url": "https://www.w3.org/TR/css-transforms-2/#interpolation-of-3d-matrices"
    }
  },
  "#interpolation-of-decomposed-3d-matrix-values": {
    "current": {
      "number": "13.1.2",
      "spec": "CSS Transforms 2",
      "text": "Interpolation of decomposed 3D matrix values",
      "url": "https://drafts.csswg.org/css-transforms-2/#interpolation-of-decomposed-3d-matrix-values"
    },
    "snapshot": {
      "number": "13.1.2",
      "spec": "CSS Transforms 2",
      "text": "Interpolation of decomposed 3D matrix values",
      "url": "https://www.w3.org/TR/css-transforms-2/#interpolation-of-decomposed-3d-matrix-values"
    }
  },
  "#interpolation-of-transform-functions": {
    "current": {
      "number": "",
      "spec": "CSS Transforms 2",
      "text": "14. Interpolation of primitives and derived transform functions",
      "url": "https://drafts.csswg.org/css-transforms-2/#interpolation-of-transform-functions"
    },
    "snapshot": {
      "number": "",
      "spec": "CSS Transforms 2",
      "text": "14. Interpolation of primitives and derived transform functions",
      "url": "https://www.w3.org/TR/css-transforms-2/#interpolation-of-transform-functions"
    }
  },
  "#intro": {
    "current": {
      "number": "1",
      "spec": "CSS Transforms 2",
      "text": "Introduction",
      "url": "https://drafts.csswg.org/css-transforms-2/#intro"
    },
    "snapshot": {
      "number": "1",
      "spec": "CSS Transforms 2",
      "text": "Introduction",
      "url": "https://www.w3.org/TR/css-transforms-2/#intro"
    }
  },
  "#issues-index": {
    "current": {
      "number": "",
      "spec": "CSS Transforms 2",
      "text": "Issues Index",
      "url": "https://drafts.csswg.org/css-transforms-2/#issues-index"
    },
    "snapshot": {
      "number": "",
      "spec": "CSS Transforms 2",
      "text": "Issues Index",
      "url": "https://www.w3.org/TR/css-transforms-2/#issues-index"
    }
  },
  "#mathematical-description": {
    "current": {
      "number": "",
      "spec": "CSS Transforms 2",
      "text": "16. Mathematical Description of Transform Functions",
      "url": "https://drafts.csswg.org/css-transforms-2/#mathematical-description"
    },
    "snapshot": {
      "number": "",
      "spec": "CSS Transforms 2",
      "text": "16. Mathematical Description of Transform Functions",
      "url": "https://www.w3.org/TR/css-transforms-2/#mathematical-description"
    }
  },
  "#matrix-interpolation": {
    "current": {
      "number": "",
      "spec": "CSS Transforms 2",
      "text": "13. Interpolation of Matrices",
      "url": "https://drafts.csswg.org/css-transforms-2/#matrix-interpolation"
    },
    "snapshot": {
      "number": "",
      "spec": "CSS Transforms 2",
      "text": "13. Interpolation of Matrices",
      "url": "https://www.w3.org/TR/css-transforms-2/#matrix-interpolation"
    }
  },
  "#module-interactions": {
    "current": {
      "number": "1.1",
      "spec": "CSS Transforms 2",
      "text": "Module Interactions",
      "url": "https://drafts.csswg.org/css-transforms-2/#module-interactions"
    },
    "snapshot": {
      "number": "1.1",
      "spec": "CSS Transforms 2",
      "text": "Module Interactions",
      "url": "https://www.w3.org/TR/css-transforms-2/#module-interactions"
    }
  },
  "#more-issues": {
    "current": {
      "number": "",
      "spec": "CSS Transforms 2",
      "text": "19. More Issues",
      "url": "https://drafts.csswg.org/css-transforms-2/#more-issues"
    },
    "snapshot": {
      "number": "",
      "spec": "CSS Transforms 2",
      "text": "19. More Issues",
      "url": "https://www.w3.org/TR/css-transforms-2/#more-issues"
    }
  },
  "#neutral-element": {
    "current": {
      "number": "15.1",
      "spec": "CSS Transforms 2",
      "text": "Neutral element for addition",
      "url": "https://drafts.csswg.org/css-transforms-2/#neutral-element"
    },
    "snapshot": {
      "number": "15.1",
      "spec": "CSS Transforms 2",
      "text": "Neutral element for addition",
      "url": "https://www.w3.org/TR/css-transforms-2/#neutral-element"
    }
  },
  "#normative": {
    "current": {
      "number": "",
      "spec": "CSS Transforms 2",
      "text": "Normative References",
      "url": "https://drafts.csswg.org/css-transforms-2/#normative"
    },
    "snapshot": {
      "number": "",
      "spec": "CSS Transforms 2",
      "text": "Normative References",
      "url": "https://www.w3.org/TR/css-transforms-2/#normative"
    }
  },
  "#perspective": {
    "current": {
      "number": "4.1.1",
      "spec": "CSS Transforms 2",
      "text": "Perspective",
      "url": "https://drafts.csswg.org/css-transforms-2/#perspective"
    },
    "snapshot": {
      "number": "4.1.1",
      "spec": "CSS Transforms 2",
      "text": "Perspective",
      "url": "https://www.w3.org/TR/css-transforms-2/#perspective"
    }
  },
  "#perspective-origin-property": {
    "current": {
      "number": "9",
      "spec": "CSS Transforms 2",
      "text": "The perspective-origin Property",
      "url": "https://drafts.csswg.org/css-transforms-2/#perspective-origin-property"
    },
    "snapshot": {
      "number": "9",
      "spec": "CSS Transforms 2",
      "text": "The perspective-origin Property",
      "url": "https://www.w3.org/TR/css-transforms-2/#perspective-origin-property"
    }
  },
  "#perspective-property": {
    "current": {
      "number": "8",
      "spec": "CSS Transforms 2",
      "text": "The perspective Property",
      "url": "https://drafts.csswg.org/css-transforms-2/#perspective-property"
    },
    "snapshot": {
      "number": "8",
      "spec": "CSS Transforms 2",
      "text": "The perspective Property",
      "url": "https://www.w3.org/TR/css-transforms-2/#perspective-property"
    }
  },
  "#priv-sec": {
    "current": {
      "number": "",
      "spec": "CSS Transforms 2",
      "text": "20. Security and Privacy Considerations",
      "url": "https://drafts.csswg.org/css-transforms-2/#priv-sec"
    },
    "snapshot": {
      "number": "",
      "spec": "CSS Transforms 2",
      "text": "20. Security and Privacy Considerations",
      "url": "https://www.w3.org/TR/css-transforms-2/#priv-sec"
    }
  },
  "#processing-of-perspective-transformed-boxes": {
    "current": {
      "number": "4.2",
      "spec": "CSS Transforms 2",
      "text": "Processing of Perspective-Transformed Boxes",
      "url": "https://drafts.csswg.org/css-transforms-2/#processing-of-perspective-transformed-boxes"
    },
    "snapshot": {
      "number": "4.2",
      "spec": "CSS Transforms 2",
      "text": "Processing of Perspective-Transformed Boxes",
      "url": "https://www.w3.org/TR/css-transforms-2/#processing-of-perspective-transformed-boxes"
    }
  },
  "#property-index": {
    "current": {
      "number": "",
      "spec": "CSS Transforms 2",
      "text": "Property Index",
      "url": "https://drafts.csswg.org/css-transforms-2/#property-index"
    },
    "snapshot": {
      "number": "",
      "spec": "CSS Transforms 2",
      "text": "Property Index",
      "url": "https://www.w3.org/TR/css-transforms-2/#property-index"
    }
  },
  "#recomposing-to-a-3d-matrix": {
    "current": {
      "number": "13.1.3",
      "spec": "CSS Transforms 2",
      "text": "Recomposing to a 3D matrix",
      "url": "https://drafts.csswg.org/css-transforms-2/#recomposing-to-a-3d-matrix"
    },
    "snapshot": {
      "number": "13.1.3",
      "spec": "CSS Transforms 2",
      "text": "Recomposing to a 3D matrix",
      "url": "https://www.w3.org/TR/css-transforms-2/#recomposing-to-a-3d-matrix"
    }
  },
  "#references": {
    "current": {
      "number": "",
      "spec": "CSS Transforms 2",
      "text": "References",
      "url": "https://drafts.csswg.org/css-transforms-2/#references"
    },
    "snapshot": {
      "number": "",
      "spec": "CSS Transforms 2",
      "text": "References",
      "url": "https://www.w3.org/TR/css-transforms-2/#references"
    }
  },
  "#serialization-of-the-computed-value": {
    "current": {
      "number": "2.1",
      "spec": "CSS Transforms 2",
      "text": "Resolved value of transform",
      "url": "https://drafts.csswg.org/css-transforms-2/#serialization-of-the-computed-value"
    },
    "snapshot": {
      "number": "2.1",
      "spec": "CSS Transforms 2",
      "text": "Serialization of the computed value of <transform-list>",
      "url": "https://www.w3.org/TR/css-transforms-2/#serialization-of-the-computed-value"
    }
  },
  "#sotd": {
    "current": {
      "number": "",
      "spec": "CSS Transforms 2",
      "text": "Status of this document",
      "url": "https://drafts.csswg.org/css-transforms-2/#sotd"
    }
  },
  "#status": {
    "snapshot": {
      "number": "",
      "spec": "CSS Transforms 2",
      "text": "Status of this document",
      "url": "https://www.w3.org/TR/css-transforms-2/#status"
    }
  },
  "#svg-animate-element": {
    "current": {
      "number": "18.1",
      "spec": "CSS Transforms 2",
      "text": "The animate and set element",
      "url": "https://drafts.csswg.org/css-transforms-2/#svg-animate-element"
    },
    "snapshot": {
      "number": "18.1",
      "spec": "CSS Transforms 2",
      "text": "The animate and set element",
      "url": "https://www.w3.org/TR/css-transforms-2/#svg-animate-element"
    }
  },
  "#svg-animation": {
    "current": {
      "number": "",
      "spec": "CSS Transforms 2",
      "text": "18. SVG Animation",
      "url": "https://drafts.csswg.org/css-transforms-2/#svg-animation"
    },
    "snapshot": {
      "number": "",
      "spec": "CSS Transforms 2",
      "text": "18. SVG Animation",
      "url": "https://www.w3.org/TR/css-transforms-2/#svg-animation"
    }
  },
  "#svg-three-dimensional-functions": {
    "current": {
      "number": "",
      "spec": "CSS Transforms 2",
      "text": "11. SVG and 3D transform functions",
      "url": "https://drafts.csswg.org/css-transforms-2/#svg-three-dimensional-functions"
    },
    "snapshot": {
      "number": "",
      "spec": "CSS Transforms 2",
      "text": "11. SVG and 3D transform functions",
      "url": "https://www.w3.org/TR/css-transforms-2/#svg-three-dimensional-functions"
    }
  },
  "#svg-transform": {
    "current": {
      "number": "",
      "spec": "CSS Transforms 2",
      "text": "17. The SVG transform Attribute",
      "url": "https://drafts.csswg.org/css-transforms-2/#svg-transform"
    },
    "snapshot": {
      "number": "",
      "spec": "CSS Transforms 2",
      "text": "17. The SVG transform Attribute",
      "url": "https://www.w3.org/TR/css-transforms-2/#svg-transform"
    }
  },
  "#terminology": {
    "current": {
      "number": "2",
      "spec": "CSS Transforms 2",
      "text": "Terminology",
      "url": "https://drafts.csswg.org/css-transforms-2/#terminology"
    },
    "snapshot": {
      "number": "2",
      "spec": "CSS Transforms 2",
      "text": "Terminology",
      "url": "https://www.w3.org/TR/css-transforms-2/#terminology"
    }
  },
  "#three-d-transform-functions": {
    "current": {
      "number": "12.2",
      "spec": "CSS Transforms 2",
      "text": "3D Transform Functions",
      "url": "https://drafts.csswg.org/css-transforms-2/#three-d-transform-functions"
    },
    "snapshot": {
      "number": "12.2",
      "spec": "CSS Transforms 2",
      "text": "3D Transform Functions",
      "url": "https://www.w3.org/TR/css-transforms-2/#three-d-transform-functions"
    }
  },
  "#title": {
    "current": {
      "number": "",
      "spec": "CSS Transforms 2",
      "text": "CSS Transforms Module Level 2",
      "url": "https://drafts.csswg.org/css-transforms-2/#title"
    },
    "snapshot": {
      "number": "",
      "spec": "CSS Transforms 2",
      "text": "CSS Transforms Module Level 2",
      "url": "https://www.w3.org/TR/css-transforms-2/#title"
    }
  },
  "#toc": {
    "current": {
      "number": "",
      "spec": "CSS Transforms 2",
      "text": "Table of Contents",
      "url": "https://drafts.csswg.org/css-transforms-2/#toc"
    },
    "snapshot": {
      "number": "",
      "spec": "CSS Transforms 2",
      "text": "Table of Contents",
      "url": "https://www.w3.org/TR/css-transforms-2/#toc"
    }
  },
  "#transform-functions": {
    "current": {
      "number": "",
      "spec": "CSS Transforms 2",
      "text": "12. The Transform Functions",
      "url": "https://drafts.csswg.org/css-transforms-2/#transform-functions"
    },
    "snapshot": {
      "number": "",
      "spec": "CSS Transforms 2",
      "text": "12. The Transform Functions",
      "url": "https://www.w3.org/TR/css-transforms-2/#transform-functions"
    }
  },
  "#transform-primitives": {
    "current": {
      "number": "12.3",
      "spec": "CSS Transforms 2",
      "text": "Transform function primitives and derivatives",
      "url": "https://drafts.csswg.org/css-transforms-2/#transform-primitives"
    },
    "snapshot": {
      "number": "12.3",
      "spec": "CSS Transforms 2",
      "text": "Transform function primitives and derivatives",
      "url": "https://www.w3.org/TR/css-transforms-2/#transform-primitives"
    }
  },
  "#transform-rendering": {
    "current": {
      "number": "4",
      "spec": "CSS Transforms 2",
      "text": "The Transform Rendering Model",
      "url": "https://drafts.csswg.org/css-transforms-2/#transform-rendering"
    },
    "snapshot": {
      "number": "4",
      "spec": "CSS Transforms 2",
      "text": "The Transform Rendering Model",
      "url": "https://www.w3.org/TR/css-transforms-2/#transform-rendering"
    }
  },
  "#transform-style-property": {
    "current": {
      "number": "7",
      "spec": "CSS Transforms 2",
      "text": "The transform-style Property",
      "url": "https://drafts.csswg.org/css-transforms-2/#transform-style-property"
    },
    "snapshot": {
      "number": "7",
      "spec": "CSS Transforms 2",
      "text": "The transform-style Property",
      "url": "https://www.w3.org/TR/css-transforms-2/#transform-style-property"
    }
  },
  "#transformed-element-hierarchies": {
    "current": {
      "number": "4.1.3",
      "spec": "CSS Transforms 2",
      "text": "Transformed element hierarchies",
      "url": "https://drafts.csswg.org/css-transforms-2/#transformed-element-hierarchies"
    },
    "snapshot": {
      "number": "4.1.3",
      "spec": "CSS Transforms 2",
      "text": "Transformed element hierarchies",
      "url": "https://www.w3.org/TR/css-transforms-2/#transformed-element-hierarchies"
    }
  },
  "#two-d-transform-functions": {
    "current": {
      "number": "12.1",
      "spec": "CSS Transforms 2",
      "text": "2D Transform Functions",
      "url": "https://drafts.csswg.org/css-transforms-2/#two-d-transform-functions"
    },
    "snapshot": {
      "number": "12.1",
      "spec": "CSS Transforms 2",
      "text": "2D Transform Functions",
      "url": "https://www.w3.org/TR/css-transforms-2/#two-d-transform-functions"
    }
  },
  "#two-dimensional-subset": {
    "current": {
      "number": "3",
      "spec": "CSS Transforms 2",
      "text": "Two Dimensional Subset",
      "url": "https://drafts.csswg.org/css-transforms-2/#two-dimensional-subset"
    },
    "snapshot": {
      "number": "3",
      "spec": "CSS Transforms 2",
      "text": "Two Dimensional Subset",
      "url": "https://www.w3.org/TR/css-transforms-2/#two-dimensional-subset"
    }
  },
  "#values": {
    "current": {
      "number": "1.2",
      "spec": "CSS Transforms 2",
      "text": "Value Definitions",
      "url": "https://drafts.csswg.org/css-transforms-2/#values"
    },
    "snapshot": {
      "number": "1.2",
      "spec": "CSS Transforms 2",
      "text": "Value Definitions",
      "url": "https://www.w3.org/TR/css-transforms-2/#values"
    }
  },
  "#w3c-conform-future-proofing": {
    "current": {
      "number": "",
      "spec": "CSS Transforms 2",
      "text": "Implementations of Unstable and Proprietary Features",
      "url": "https://drafts.csswg.org/css-transforms-2/#w3c-conform-future-proofing"
    },
    "snapshot": {
      "number": "",
      "spec": "CSS Transforms 2",
      "text": "Implementations of Unstable and Proprietary Features",
      "url": "https://www.w3.org/TR/css-transforms-2/#w3c-conform-future-proofing"
    }
  },
  "#w3c-conformance": {
    "current": {
      "number": "",
      "spec": "CSS Transforms 2",
      "text": "Conformance",
      "url": "https://drafts.csswg.org/css-transforms-2/#w3c-conformance"
    },
    "snapshot": {
      "number": "",
      "spec": "CSS Transforms 2",
      "text": "Conformance",
      "url": "https://www.w3.org/TR/css-transforms-2/#w3c-conformance"
    }
  },
  "#w3c-conformance-classes": {
    "current": {
      "number": "",
      "spec": "CSS Transforms 2",
      "text": "Conformance classes",
      "url": "https://drafts.csswg.org/css-transforms-2/#w3c-conformance-classes"
    },
    "snapshot": {
      "number": "",
      "spec": "CSS Transforms 2",
      "text": "Conformance classes",
      "url": "https://www.w3.org/TR/css-transforms-2/#w3c-conformance-classes"
    }
  },
  "#w3c-conventions": {
    "current": {
      "number": "",
      "spec": "CSS Transforms 2",
      "text": "Document conventions",
      "url": "https://drafts.csswg.org/css-transforms-2/#w3c-conventions"
    },
    "snapshot": {
      "number": "",
      "spec": "CSS Transforms 2",
      "text": "Document conventions",
      "url": "https://www.w3.org/TR/css-transforms-2/#w3c-conventions"
    }
  },
  "#w3c-partial": {
    "current": {
      "number": "",
      "spec": "CSS Transforms 2",
      "text": "Partial implementations",
      "url": "https://drafts.csswg.org/css-transforms-2/#w3c-partial"
    },
    "snapshot": {
      "number": "",
      "spec": "CSS Transforms 2",
      "text": "Partial implementations",
      "url": "https://www.w3.org/TR/css-transforms-2/#w3c-partial"
    }
  },
  "#w3c-state": {
    "snapshot": {
      "number": "",
      "spec": "CSS Transforms 2",
      "text": "W3C Working Draft, 9 November 2021",
      "url": "https://www.w3.org/TR/css-transforms-2/#w3c-state"
    }
  },
  "#w3c-testing": {
    "current": {
      "number": "",
      "spec": "CSS Transforms 2",
      "text": "Non-experimental implementations",
      "url": "https://drafts.csswg.org/css-transforms-2/#w3c-testing"
    },
    "snapshot": {
      "number": "",
      "spec": "CSS Transforms 2",
      "text": "Non-experimental implementations",
      "url": "https://www.w3.org/TR/css-transforms-2/#w3c-testing"
    }
  }
}