{
  "#ack": {
    "current": {
      "number": "J",
      "spec": "JSON-LD 1.1",
      "text": "Acknowledgements",
      "url": "https://w3c.github.io/json-ld-syntax/#ack"
    },
    "snapshot": {
      "number": "I",
      "spec": "JSON-LD 1.1",
      "text": "Acknowledgements",
      "url": "https://www.w3.org/TR/json-ld11/#ack"
    }
  },
  "#advanced-concepts": {
    "current": {
      "number": "4",
      "spec": "JSON-LD 1.1",
      "text": "Advanced Concepts",
      "url": "https://w3c.github.io/json-ld-syntax/#advanced-concepts"
    },
    "snapshot": {
      "number": "4",
      "spec": "JSON-LD 1.1",
      "text": "Advanced Concepts",
      "url": "https://www.w3.org/TR/json-ld11/#advanced-concepts"
    }
  },
  "#advanced-context-usage": {
    "current": {
      "number": "4.1",
      "spec": "JSON-LD 1.1",
      "text": "Advanced Context Usage",
      "url": "https://w3c.github.io/json-ld-syntax/#advanced-context-usage"
    },
    "snapshot": {
      "number": "4.1",
      "spec": "JSON-LD 1.1",
      "text": "Advanced Context Usage",
      "url": "https://www.w3.org/TR/json-ld11/#advanced-context-usage"
    }
  },
  "#aliasing-keywords": {
    "current": {
      "number": "4.1.6",
      "spec": "JSON-LD 1.1",
      "text": "Aliasing Keywords",
      "url": "https://w3c.github.io/json-ld-syntax/#aliasing-keywords"
    },
    "snapshot": {
      "number": "4.1.6",
      "spec": "JSON-LD 1.1",
      "text": "Aliasing Keywords",
      "url": "https://www.w3.org/TR/json-ld11/#aliasing-keywords"
    }
  },
  "#alternate-document-location": {
    "current": {
      "number": "6.2",
      "spec": "JSON-LD 1.1",
      "text": "Alternate Document Location",
      "url": "https://w3c.github.io/json-ld-syntax/#alternate-document-location"
    },
    "snapshot": {
      "number": "6.2",
      "spec": "JSON-LD 1.1",
      "text": "Alternate Document Location",
      "url": "https://www.w3.org/TR/json-ld11/#alternate-document-location"
    }
  },
  "#application-ld-json": {
    "current": {
      "number": "C.1",
      "spec": "JSON-LD 1.1",
      "text": "Media Type Registration: application/ld+json",
      "url": "https://w3c.github.io/json-ld-syntax/#application-ld-json"
    },
    "snapshot": {
      "number": "",
      "spec": "JSON-LD 1.1",
      "text": "application/ld+json",
      "url": "https://www.w3.org/TR/json-ld11/#application-ld-json"
    }
  },
  "#base-direction": {
    "current": {
      "number": "4.2.4.1",
      "spec": "JSON-LD 1.1",
      "text": "Base Direction",
      "url": "https://w3c.github.io/json-ld-syntax/#base-direction"
    },
    "snapshot": {
      "number": "4.2.4.1",
      "spec": "JSON-LD 1.1",
      "text": "Base Direction",
      "url": "https://www.w3.org/TR/json-ld11/#base-direction"
    }
  },
  "#base-iri": {
    "current": {
      "number": "4.1.3",
      "spec": "JSON-LD 1.1",
      "text": "Base IRI",
      "url": "https://w3c.github.io/json-ld-syntax/#base-iri"
    },
    "snapshot": {
      "number": "4.1.3",
      "spec": "JSON-LD 1.1",
      "text": "Base IRI",
      "url": "https://www.w3.org/TR/json-ld11/#base-iri"
    }
  },
  "#basic-concepts": {
    "current": {
      "number": "3",
      "spec": "JSON-LD 1.1",
      "text": "Basic Concepts",
      "url": "https://w3c.github.io/json-ld-syntax/#basic-concepts"
    },
    "snapshot": {
      "number": "3",
      "spec": "JSON-LD 1.1",
      "text": "Basic Concepts",
      "url": "https://www.w3.org/TR/json-ld11/#basic-concepts"
    }
  },
  "#changes-from-10": {
    "current": {
      "number": "E",
      "spec": "JSON-LD 1.1",
      "text": "Changes since 1.0 Recommendation of 16 January 2014",
      "url": "https://w3c.github.io/json-ld-syntax/#changes-from-10"
    },
    "snapshot": {
      "number": "E",
      "spec": "JSON-LD 1.1",
      "text": "Changes since 1.0 Recommendation of 16 January 2014",
      "url": "https://www.w3.org/TR/json-ld11/#changes-from-10"
    }
  },
  "#changes-from-cg": {
    "current": {
      "number": "F",
      "spec": "JSON-LD 1.1",
      "text": "Changes since JSON-LD Community Group Final Report",
      "url": "https://w3c.github.io/json-ld-syntax/#changes-from-cg"
    },
    "snapshot": {
      "number": "F",
      "spec": "JSON-LD 1.1",
      "text": "Changes since JSON-LD Community Group Final Report",
      "url": "https://www.w3.org/TR/json-ld11/#changes-from-cg"
    }
  },
  "#changes-from-cr": {
    "current": {
      "number": "G",
      "spec": "JSON-LD 1.1",
      "text": "Changes since Candidate Release of 12 December 2019",
      "url": "https://w3c.github.io/json-ld-syntax/#changes-from-cr"
    },
    "snapshot": {
      "number": "G",
      "spec": "JSON-LD 1.1",
      "text": "Changes since Candidate Release of 12 December 2019",
      "url": "https://www.w3.org/TR/json-ld11/#changes-from-cr"
    }
  },
  "#changes-from-pr": {
    "current": {
      "number": "H",
      "spec": "JSON-LD 1.1",
      "text": "Changes since Proposed Recommendation Release of 7 May 2020",
      "url": "https://w3c.github.io/json-ld-syntax/#changes-from-pr"
    },
    "snapshot": {
      "number": "H",
      "spec": "JSON-LD 1.1",
      "text": "Changes since Proposed Recommendation Release of 7 May 2020",
      "url": "https://www.w3.org/TR/json-ld11/#changes-from-pr"
    }
  },
  "#changes-from-rec1": {
    "current": {
      "number": "I",
      "spec": "JSON-LD 1.1",
      "text": "Changes since Recommendation of 16 July 2020",
      "url": "https://w3c.github.io/json-ld-syntax/#changes-from-rec1"
    }
  },
  "#compact-iris": {
    "current": {
      "number": "4.1.5",
      "spec": "JSON-LD 1.1",
      "text": "Compact IRIs",
      "url": "https://w3c.github.io/json-ld-syntax/#compact-iris"
    },
    "snapshot": {
      "number": "4.1.5",
      "spec": "JSON-LD 1.1",
      "text": "Compact IRIs",
      "url": "https://www.w3.org/TR/json-ld11/#compact-iris"
    }
  },
  "#compacted-document-form": {
    "current": {
      "number": "5.2",
      "spec": "JSON-LD 1.1",
      "text": "Compacted Document Form",
      "url": "https://w3c.github.io/json-ld-syntax/#compacted-document-form"
    },
    "snapshot": {
      "number": "5.2",
      "spec": "JSON-LD 1.1",
      "text": "Compacted Document Form",
      "url": "https://www.w3.org/TR/json-ld11/#compacted-document-form"
    }
  },
  "#conformance": {
    "current": {
      "number": "2",
      "spec": "JSON-LD 1.1",
      "text": "Conformance",
      "url": "https://w3c.github.io/json-ld-syntax/#conformance"
    },
    "snapshot": {
      "number": "2",
      "spec": "JSON-LD 1.1",
      "text": "Conformance",
      "url": "https://www.w3.org/TR/json-ld11/#conformance"
    }
  },
  "#context-definitions": {
    "current": {
      "number": "9.15",
      "spec": "JSON-LD 1.1",
      "text": "Context Definitions",
      "url": "https://w3c.github.io/json-ld-syntax/#context-definitions"
    },
    "snapshot": {
      "number": "9.15",
      "spec": "JSON-LD 1.1",
      "text": "Context Definitions",
      "url": "https://www.w3.org/TR/json-ld11/#context-definitions"
    }
  },
  "#context-propagation": {
    "current": {
      "number": "4.1.9",
      "spec": "JSON-LD 1.1",
      "text": "Context Propagation",
      "url": "https://w3c.github.io/json-ld-syntax/#context-propagation"
    },
    "snapshot": {
      "number": "4.1.9",
      "spec": "JSON-LD 1.1",
      "text": "Context Propagation",
      "url": "https://www.w3.org/TR/json-ld11/#context-propagation"
    }
  },
  "#contributing": {
    "current": {
      "number": "1.2",
      "spec": "JSON-LD 1.1",
      "text": "Contributing",
      "url": "https://w3c.github.io/json-ld-syntax/#contributing"
    },
    "snapshot": {
      "number": "1.2",
      "spec": "JSON-LD 1.1",
      "text": "Contributing",
      "url": "https://www.w3.org/TR/json-ld11/#contributing"
    }
  },
  "#conversion-of-native-data-types": {
    "current": {
      "number": "B.1.3",
      "spec": "JSON-LD 1.1",
      "text": "Conversion of native data types",
      "url": "https://w3c.github.io/json-ld-syntax/#conversion-of-native-data-types"
    },
    "snapshot": {
      "number": "B.1.3",
      "spec": "JSON-LD 1.1",
      "text": "Conversion of native data types",
      "url": "https://www.w3.org/TR/json-ld11/#conversion-of-native-data-types"
    }
  },
  "#data-indexing": {
    "current": {
      "number": "4.6.1",
      "spec": "JSON-LD 1.1",
      "text": "Data Indexing",
      "url": "https://w3c.github.io/json-ld-syntax/#data-indexing"
    },
    "snapshot": {
      "number": "4.6.1",
      "spec": "JSON-LD 1.1",
      "text": "Data Indexing",
      "url": "https://www.w3.org/TR/json-ld11/#data-indexing"
    }
  },
  "#data-model": {
    "current": {
      "number": "8",
      "spec": "JSON-LD 1.1",
      "text": "Data Model",
      "url": "https://w3c.github.io/json-ld-syntax/#data-model"
    },
    "snapshot": {
      "number": "8",
      "spec": "JSON-LD 1.1",
      "text": "Data Model",
      "url": "https://www.w3.org/TR/json-ld11/#data-model"
    }
  },
  "#data-model-overview": {
    "current": {
      "number": "1.6",
      "spec": "JSON-LD 1.1",
      "text": "Data Model Overview",
      "url": "https://w3c.github.io/json-ld-syntax/#data-model-overview"
    },
    "snapshot": {
      "number": "1.6",
      "spec": "JSON-LD 1.1",
      "text": "Data Model Overview",
      "url": "https://www.w3.org/TR/json-ld11/#data-model-overview"
    }
  },
  "#default-vocabulary": {
    "current": {
      "number": "4.1.2",
      "spec": "JSON-LD 1.1",
      "text": "Default Vocabulary",
      "url": "https://w3c.github.io/json-ld-syntax/#default-vocabulary"
    },
    "snapshot": {
      "number": "4.1.2",
      "spec": "JSON-LD 1.1",
      "text": "Default Vocabulary",
      "url": "https://www.w3.org/TR/json-ld11/#default-vocabulary"
    }
  },
  "#describing-values": {
    "current": {
      "number": "4.2",
      "spec": "JSON-LD 1.1",
      "text": "Describing Values",
      "url": "https://w3c.github.io/json-ld-syntax/#describing-values"
    },
    "snapshot": {
      "number": "4.2",
      "spec": "JSON-LD 1.1",
      "text": "Describing Values",
      "url": "https://www.w3.org/TR/json-ld11/#describing-values"
    }
  },
  "#design-goals-and-rationale": {
    "current": {
      "number": "1.5",
      "spec": "JSON-LD 1.1",
      "text": "Design Goals and Rationale",
      "url": "https://w3c.github.io/json-ld-syntax/#design-goals-and-rationale"
    },
    "snapshot": {
      "number": "1.5",
      "spec": "JSON-LD 1.1",
      "text": "Design Goals and Rationale",
      "url": "https://www.w3.org/TR/json-ld11/#design-goals-and-rationale"
    }
  },
  "#document-relative-vocabulary-mapping": {
    "current": {
      "number": "4.1.4",
      "spec": "JSON-LD 1.1",
      "text": "Using the Document Base for the Default Vocabulary",
      "url": "https://w3c.github.io/json-ld-syntax/#document-relative-vocabulary-mapping"
    },
    "snapshot": {
      "number": "4.1.4",
      "spec": "JSON-LD 1.1",
      "text": "Using the Document Base for the Default Vocabulary",
      "url": "https://www.w3.org/TR/json-ld11/#document-relative-vocabulary-mapping"
    }
  },
  "#embedding": {
    "current": {
      "number": "4.5",
      "spec": "JSON-LD 1.1",
      "text": "Embedding",
      "url": "https://w3c.github.io/json-ld-syntax/#embedding"
    },
    "snapshot": {
      "number": "4.5",
      "spec": "JSON-LD 1.1",
      "text": "Embedding",
      "url": "https://www.w3.org/TR/json-ld11/#embedding"
    }
  },
  "#embedding-0": {
    "current": {
      "number": "B.1.2",
      "spec": "JSON-LD 1.1",
      "text": "Embedding",
      "url": "https://w3c.github.io/json-ld-syntax/#embedding-0"
    },
    "snapshot": {
      "number": "B.1.2",
      "spec": "JSON-LD 1.1",
      "text": "Embedding",
      "url": "https://www.w3.org/TR/json-ld11/#embedding-0"
    }
  },
  "#embedding-json-ld-in-html-documents": {
    "current": {
      "number": "7",
      "spec": "JSON-LD 1.1",
      "text": "Embedding JSON-LD in HTML Documents",
      "url": "https://w3c.github.io/json-ld-syntax/#embedding-json-ld-in-html-documents"
    },
    "snapshot": {
      "number": "7",
      "spec": "JSON-LD 1.1",
      "text": "Embedding JSON-LD in HTML Documents",
      "url": "https://www.w3.org/TR/json-ld11/#embedding-json-ld-in-html-documents"
    }
  },
  "#expanded-document-form": {
    "current": {
      "number": "5.1",
      "spec": "JSON-LD 1.1",
      "text": "Expanded Document Form",
      "url": "https://w3c.github.io/json-ld-syntax/#expanded-document-form"
    },
    "snapshot": {
      "number": "5.1",
      "spec": "JSON-LD 1.1",
      "text": "Expanded Document Form",
      "url": "https://www.w3.org/TR/json-ld11/#expanded-document-form"
    }
  },
  "#expanded-term-definition": {
    "current": {
      "number": "9.15.1",
      "spec": "JSON-LD 1.1",
      "text": "Expanded term definition",
      "url": "https://w3c.github.io/json-ld-syntax/#expanded-term-definition"
    },
    "snapshot": {
      "number": "9.15.1",
      "spec": "JSON-LD 1.1",
      "text": "Expanded term definition",
      "url": "https://www.w3.org/TR/json-ld11/#expanded-term-definition"
    }
  },
  "#fig-linked-data-graph-descr": {
    "current": {
      "number": "A.1",
      "spec": "JSON-LD 1.1",
      "text": "Linked Data Dataset",
      "url": "https://w3c.github.io/json-ld-syntax/#fig-linked-data-graph-descr"
    },
    "snapshot": {
      "number": "A.1",
      "spec": "JSON-LD 1.1",
      "text": "Linked Data Dataset",
      "url": "https://www.w3.org/TR/json-ld11/#fig-linked-data-graph-descr"
    }
  },
  "#flattened-document-form": {
    "current": {
      "number": "5.3",
      "spec": "JSON-LD 1.1",
      "text": "Flattened Document Form",
      "url": "https://w3c.github.io/json-ld-syntax/#flattened-document-form"
    },
    "snapshot": {
      "number": "5.3",
      "spec": "JSON-LD 1.1",
      "text": "Flattened Document Form",
      "url": "https://www.w3.org/TR/json-ld11/#flattened-document-form"
    }
  },
  "#forms-of-json-ld": {
    "current": {
      "number": "5",
      "spec": "JSON-LD 1.1",
      "text": "Forms of JSON-LD",
      "url": "https://w3c.github.io/json-ld-syntax/#forms-of-json-ld"
    },
    "snapshot": {
      "number": "5",
      "spec": "JSON-LD 1.1",
      "text": "Forms of JSON-LD",
      "url": "https://www.w3.org/TR/json-ld11/#forms-of-json-ld"
    }
  },
  "#frame-objects": {
    "current": {
      "number": "9.3",
      "spec": "JSON-LD 1.1",
      "text": "Frame Objects",
      "url": "https://w3c.github.io/json-ld-syntax/#frame-objects"
    },
    "snapshot": {
      "number": "9.3",
      "spec": "JSON-LD 1.1",
      "text": "Frame Objects",
      "url": "https://www.w3.org/TR/json-ld11/#frame-objects"
    }
  },
  "#framed-document-form": {
    "current": {
      "number": "5.4",
      "spec": "JSON-LD 1.1",
      "text": "Framed Document Form",
      "url": "https://w3c.github.io/json-ld-syntax/#framed-document-form"
    },
    "snapshot": {
      "number": "5.4",
      "spec": "JSON-LD 1.1",
      "text": "Framed Document Form",
      "url": "https://www.w3.org/TR/json-ld11/#framed-document-form"
    }
  },
  "#graph-containers": {
    "current": {
      "number": "4.9.1",
      "spec": "JSON-LD 1.1",
      "text": "Graph Containers",
      "url": "https://w3c.github.io/json-ld-syntax/#graph-containers"
    },
    "snapshot": {
      "number": "4.9.1",
      "spec": "JSON-LD 1.1",
      "text": "Graph Containers",
      "url": "https://www.w3.org/TR/json-ld11/#graph-containers"
    }
  },
  "#graph-objects": {
    "current": {
      "number": "9.4",
      "spec": "JSON-LD 1.1",
      "text": "Graph Objects",
      "url": "https://w3c.github.io/json-ld-syntax/#graph-objects"
    },
    "snapshot": {
      "number": "9.4",
      "spec": "JSON-LD 1.1",
      "text": "Graph Objects",
      "url": "https://www.w3.org/TR/json-ld11/#graph-objects"
    }
  },
  "#how-to-read-this-document": {
    "current": {
      "number": "1.1",
      "spec": "JSON-LD 1.1",
      "text": "How to Read this Document",
      "url": "https://w3c.github.io/json-ld-syntax/#how-to-read-this-document"
    },
    "snapshot": {
      "number": "1.1",
      "spec": "JSON-LD 1.1",
      "text": "How to Read this Document",
      "url": "https://www.w3.org/TR/json-ld11/#how-to-read-this-document"
    }
  },
  "#iana-considerations": {
    "current": {
      "number": "C",
      "spec": "JSON-LD 1.1",
      "text": "IANA Considerations",
      "url": "https://w3c.github.io/json-ld-syntax/#iana-considerations"
    },
    "snapshot": {
      "number": "C",
      "spec": "JSON-LD 1.1",
      "text": "IANA Considerations",
      "url": "https://www.w3.org/TR/json-ld11/#iana-considerations"
    }
  },
  "#iana-examples": {
    "snapshot": {
      "number": "C.1",
      "spec": "JSON-LD 1.1",
      "text": "Examples",
      "url": "https://www.w3.org/TR/json-ld11/#iana-examples"
    }
  },
  "#id-maps": {
    "current": {
      "number": "9.11",
      "spec": "JSON-LD 1.1",
      "text": "Id Maps",
      "url": "https://w3c.github.io/json-ld-syntax/#id-maps"
    },
    "snapshot": {
      "number": "9.11",
      "spec": "JSON-LD 1.1",
      "text": "Id Maps",
      "url": "https://www.w3.org/TR/json-ld11/#id-maps"
    }
  },
  "#identifying-blank-nodes": {
    "current": {
      "number": "4.5.1",
      "spec": "JSON-LD 1.1",
      "text": "Identifying Blank Nodes",
      "url": "https://w3c.github.io/json-ld-syntax/#identifying-blank-nodes"
    },
    "snapshot": {
      "number": "4.5.1",
      "spec": "JSON-LD 1.1",
      "text": "Identifying Blank Nodes",
      "url": "https://www.w3.org/TR/json-ld11/#identifying-blank-nodes"
    }
  },
  "#image-descriptions": {
    "current": {
      "number": "A",
      "spec": "JSON-LD 1.1",
      "text": "Image Descriptions",
      "url": "https://w3c.github.io/json-ld-syntax/#image-descriptions"
    },
    "snapshot": {
      "number": "A",
      "spec": "JSON-LD 1.1",
      "text": "Image Descriptions",
      "url": "https://www.w3.org/TR/json-ld11/#image-descriptions"
    }
  },
  "#imported-contexts": {
    "current": {
      "number": "4.1.10",
      "spec": "JSON-LD 1.1",
      "text": "Imported Contexts",
      "url": "https://w3c.github.io/json-ld-syntax/#imported-contexts"
    },
    "snapshot": {
      "number": "4.1.10",
      "spec": "JSON-LD 1.1",
      "text": "Imported Contexts",
      "url": "https://www.w3.org/TR/json-ld11/#imported-contexts"
    }
  },
  "#included-blocks": {
    "current": {
      "number": "9.13",
      "spec": "JSON-LD 1.1",
      "text": "Included Blocks",
      "url": "https://w3c.github.io/json-ld-syntax/#included-blocks"
    },
    "snapshot": {
      "number": "9.13",
      "spec": "JSON-LD 1.1",
      "text": "Included Blocks",
      "url": "https://www.w3.org/TR/json-ld11/#included-blocks"
    }
  },
  "#included-nodes": {
    "current": {
      "number": "4.7",
      "spec": "JSON-LD 1.1",
      "text": "Included Nodes",
      "url": "https://w3c.github.io/json-ld-syntax/#included-nodes"
    },
    "snapshot": {
      "number": "4.7",
      "spec": "JSON-LD 1.1",
      "text": "Included Nodes",
      "url": "https://www.w3.org/TR/json-ld11/#included-nodes"
    }
  },
  "#index-maps": {
    "current": {
      "number": "9.9",
      "spec": "JSON-LD 1.1",
      "text": "Index Maps",
      "url": "https://w3c.github.io/json-ld-syntax/#index-maps"
    },
    "snapshot": {
      "number": "9.9",
      "spec": "JSON-LD 1.1",
      "text": "Index Maps",
      "url": "https://www.w3.org/TR/json-ld11/#index-maps"
    }
  },
  "#indexed-values": {
    "current": {
      "number": "4.6",
      "spec": "JSON-LD 1.1",
      "text": "Indexed Values",
      "url": "https://w3c.github.io/json-ld-syntax/#indexed-values"
    },
    "snapshot": {
      "number": "4.6",
      "spec": "JSON-LD 1.1",
      "text": "Indexed Values",
      "url": "https://www.w3.org/TR/json-ld11/#indexed-values"
    }
  },
  "#indexing-values": {
    "current": {
      "number": "5.2.5",
      "spec": "JSON-LD 1.1",
      "text": "Indexing Values",
      "url": "https://w3c.github.io/json-ld-syntax/#indexing-values"
    },
    "snapshot": {
      "number": "5.2.5",
      "spec": "JSON-LD 1.1",
      "text": "Indexing Values",
      "url": "https://www.w3.org/TR/json-ld11/#indexing-values"
    }
  },
  "#informative-references": {
    "current": {
      "number": "K.2",
      "spec": "JSON-LD 1.1",
      "text": "Informative references",
      "url": "https://w3c.github.io/json-ld-syntax/#informative-references"
    },
    "snapshot": {
      "number": "J.2",
      "spec": "JSON-LD 1.1",
      "text": "Informative references",
      "url": "https://www.w3.org/TR/json-ld11/#informative-references"
    }
  },
  "#inheriting-base-iri-from-html-s-base-element": {
    "current": {
      "number": "7.1",
      "spec": "JSON-LD 1.1",
      "text": "Inheriting base IRI from HTML's base element",
      "url": "https://w3c.github.io/json-ld-syntax/#inheriting-base-iri-from-html-s-base-element"
    },
    "snapshot": {
      "number": "7.1",
      "spec": "JSON-LD 1.1",
      "text": "Inheriting base IRI from HTML's base element",
      "url": "https://www.w3.org/TR/json-ld11/#inheriting-base-iri-from-html-s-base-element"
    }
  },
  "#internationalization": {
    "current": {
      "number": "",
      "spec": "JSON-LD 1.1",
      "text": "13. Internationalization Considerations",
      "url": "https://w3c.github.io/json-ld-syntax/#internationalization"
    },
    "snapshot": {
      "number": "",
      "spec": "JSON-LD 1.1",
      "text": "13. Internationalization Considerations",
      "url": "https://www.w3.org/TR/json-ld11/#internationalization"
    }
  },
  "#interpreting-json-as-json-ld": {
    "current": {
      "number": "6.1",
      "spec": "JSON-LD 1.1",
      "text": "Interpreting JSON as JSON-LD",
      "url": "https://w3c.github.io/json-ld-syntax/#interpreting-json-as-json-ld"
    },
    "snapshot": {
      "number": "6.1",
      "spec": "JSON-LD 1.1",
      "text": "Interpreting JSON as JSON-LD",
      "url": "https://www.w3.org/TR/json-ld11/#interpreting-json-as-json-ld"
    }
  },
  "#introduction": {
    "current": {
      "number": "1",
      "spec": "JSON-LD 1.1",
      "text": "Introduction",
      "url": "https://w3c.github.io/json-ld-syntax/#introduction"
    },
    "snapshot": {
      "number": "1",
      "spec": "JSON-LD 1.1",
      "text": "Introduction",
      "url": "https://www.w3.org/TR/json-ld11/#introduction"
    }
  },
  "#iri-expansion-within-a-context": {
    "current": {
      "number": "4.1.7",
      "spec": "JSON-LD 1.1",
      "text": "IRI Expansion within a Context",
      "url": "https://w3c.github.io/json-ld-syntax/#iri-expansion-within-a-context"
    },
    "snapshot": {
      "number": "4.1.7",
      "spec": "JSON-LD 1.1",
      "text": "IRI Expansion within a Context",
      "url": "https://www.w3.org/TR/json-ld11/#iri-expansion-within-a-context"
    }
  },
  "#iris": {
    "current": {
      "number": "3.2",
      "spec": "JSON-LD 1.1",
      "text": "IRIs",
      "url": "https://w3c.github.io/json-ld-syntax/#iris"
    },
    "snapshot": {
      "number": "3.2",
      "spec": "JSON-LD 1.1",
      "text": "IRIs",
      "url": "https://www.w3.org/TR/json-ld11/#iris"
    }
  },
  "#json-ld-1-1-processing-mode": {
    "current": {
      "number": "4.1.1",
      "spec": "JSON-LD 1.1",
      "text": "JSON-LD 1.1 Processing Mode",
      "url": "https://w3c.github.io/json-ld-syntax/#json-ld-1-1-processing-mode"
    },
    "snapshot": {
      "number": "4.1.1",
      "spec": "JSON-LD 1.1",
      "text": "JSON-LD 1.1 Processing Mode",
      "url": "https://www.w3.org/TR/json-ld11/#json-ld-1-1-processing-mode"
    }
  },
  "#json-ld-grammar": {
    "current": {
      "number": "9",
      "spec": "JSON-LD 1.1",
      "text": "JSON-LD Grammar",
      "url": "https://w3c.github.io/json-ld-syntax/#json-ld-grammar"
    },
    "snapshot": {
      "number": "9",
      "spec": "JSON-LD 1.1",
      "text": "JSON-LD Grammar",
      "url": "https://www.w3.org/TR/json-ld11/#json-ld-grammar"
    }
  },
  "#json-ld-specific-term-definitions": {
    "current": {
      "number": "",
      "spec": "JSON-LD 1.1",
      "text": "JSON-LD Specific Term Definitions",
      "url": "https://w3c.github.io/json-ld-syntax/#json-ld-specific-term-definitions"
    },
    "snapshot": {
      "number": "",
      "spec": "JSON-LD 1.1",
      "text": "JSON-LD Specific Term Definitions",
      "url": "https://www.w3.org/TR/json-ld11/#json-ld-specific-term-definitions"
    }
  },
  "#json-literals": {
    "current": {
      "number": "4.2.2",
      "spec": "JSON-LD 1.1",
      "text": "JSON Literals",
      "url": "https://w3c.github.io/json-ld-syntax/#json-literals"
    },
    "snapshot": {
      "number": "4.2.2",
      "spec": "JSON-LD 1.1",
      "text": "JSON Literals",
      "url": "https://www.w3.org/TR/json-ld11/#json-literals"
    }
  },
  "#keywords": {
    "current": {
      "number": "9.16",
      "spec": "JSON-LD 1.1",
      "text": "Keywords",
      "url": "https://w3c.github.io/json-ld-syntax/#keywords"
    },
    "snapshot": {
      "number": "9.16",
      "spec": "JSON-LD 1.1",
      "text": "Keywords",
      "url": "https://www.w3.org/TR/json-ld11/#keywords"
    }
  },
  "#language-indexing": {
    "current": {
      "number": "4.6.2",
      "spec": "JSON-LD 1.1",
      "text": "Language Indexing",
      "url": "https://w3c.github.io/json-ld-syntax/#language-indexing"
    },
    "snapshot": {
      "number": "4.6.2",
      "spec": "JSON-LD 1.1",
      "text": "Language Indexing",
      "url": "https://www.w3.org/TR/json-ld11/#language-indexing"
    }
  },
  "#language-maps": {
    "current": {
      "number": "9.8",
      "spec": "JSON-LD 1.1",
      "text": "Language Maps",
      "url": "https://w3c.github.io/json-ld-syntax/#language-maps"
    },
    "snapshot": {
      "number": "9.8",
      "spec": "JSON-LD 1.1",
      "text": "Language Maps",
      "url": "https://www.w3.org/TR/json-ld11/#language-maps"
    }
  },
  "#lists": {
    "current": {
      "number": "4.3.1",
      "spec": "JSON-LD 1.1",
      "text": "Lists",
      "url": "https://w3c.github.io/json-ld-syntax/#lists"
    },
    "snapshot": {
      "number": "4.3.1",
      "spec": "JSON-LD 1.1",
      "text": "Lists",
      "url": "https://www.w3.org/TR/json-ld11/#lists"
    }
  },
  "#lists-0": {
    "current": {
      "number": "B.1.4",
      "spec": "JSON-LD 1.1",
      "text": "Lists",
      "url": "https://w3c.github.io/json-ld-syntax/#lists-0"
    },
    "snapshot": {
      "number": "B.1.4",
      "spec": "JSON-LD 1.1",
      "text": "Lists",
      "url": "https://www.w3.org/TR/json-ld11/#lists-0"
    }
  },
  "#lists-and-sets": {
    "current": {
      "number": "9.7",
      "spec": "JSON-LD 1.1",
      "text": "Lists and Sets",
      "url": "https://w3c.github.io/json-ld-syntax/#lists-and-sets"
    },
    "snapshot": {
      "number": "9.7",
      "spec": "JSON-LD 1.1",
      "text": "Lists and Sets",
      "url": "https://www.w3.org/TR/json-ld11/#lists-and-sets"
    }
  },
  "#loading-documents": {
    "current": {
      "number": "4.10",
      "spec": "JSON-LD 1.1",
      "text": "Loading Documents",
      "url": "https://w3c.github.io/json-ld-syntax/#loading-documents"
    },
    "snapshot": {
      "number": "4.10",
      "spec": "JSON-LD 1.1",
      "text": "Loading Documents",
      "url": "https://www.w3.org/TR/json-ld11/#loading-documents"
    }
  },
  "#locating-a-specific-json-ld-script-element": {
    "current": {
      "number": "7.3",
      "spec": "JSON-LD 1.1",
      "text": "Locating a Specific JSON-LD Script Element",
      "url": "https://w3c.github.io/json-ld-syntax/#locating-a-specific-json-ld-script-element"
    },
    "snapshot": {
      "number": "7.3",
      "spec": "JSON-LD 1.1",
      "text": "Locating a Specific JSON-LD Script Element",
      "url": "https://www.w3.org/TR/json-ld11/#locating-a-specific-json-ld-script-element"
    }
  },
  "#media-type-examples": {
    "current": {
      "number": "C.1.1",
      "spec": "JSON-LD 1.1",
      "text": "Examples",
      "url": "https://w3c.github.io/json-ld-syntax/#media-type-examples"
    }
  },
  "#microdata": {
    "current": {
      "number": "B.3",
      "spec": "JSON-LD 1.1",
      "text": "Microdata",
      "url": "https://w3c.github.io/json-ld-syntax/#microdata"
    },
    "snapshot": {
      "number": "B.3",
      "spec": "JSON-LD 1.1",
      "text": "Microdata",
      "url": "https://www.w3.org/TR/json-ld11/#microdata"
    }
  },
  "#modifying-behavior-with-link-relationships": {
    "current": {
      "number": "6",
      "spec": "JSON-LD 1.1",
      "text": "Modifying Behavior with Link Relationships",
      "url": "https://w3c.github.io/json-ld-syntax/#modifying-behavior-with-link-relationships"
    },
    "snapshot": {
      "number": "6",
      "spec": "JSON-LD 1.1",
      "text": "Modifying Behavior with Link Relationships",
      "url": "https://www.w3.org/TR/json-ld11/#modifying-behavior-with-link-relationships"
    }
  },
  "#named-graph-data-indexing": {
    "current": {
      "number": "4.9.2",
      "spec": "JSON-LD 1.1",
      "text": "Named Graph Data Indexing",
      "url": "https://w3c.github.io/json-ld-syntax/#named-graph-data-indexing"
    },
    "snapshot": {
      "number": "4.9.2",
      "spec": "JSON-LD 1.1",
      "text": "Named Graph Data Indexing",
      "url": "https://www.w3.org/TR/json-ld11/#named-graph-data-indexing"
    }
  },
  "#named-graph-indexing": {
    "current": {
      "number": "4.9.3",
      "spec": "JSON-LD 1.1",
      "text": "Named Graph Indexing",
      "url": "https://w3c.github.io/json-ld-syntax/#named-graph-indexing"
    },
    "snapshot": {
      "number": "4.9.3",
      "spec": "JSON-LD 1.1",
      "text": "Named Graph Indexing",
      "url": "https://www.w3.org/TR/json-ld11/#named-graph-indexing"
    }
  },
  "#named-graphs": {
    "current": {
      "number": "4.9",
      "spec": "JSON-LD 1.1",
      "text": "Named Graphs",
      "url": "https://w3c.github.io/json-ld-syntax/#named-graphs"
    },
    "snapshot": {
      "number": "4.9",
      "spec": "JSON-LD 1.1",
      "text": "Named Graphs",
      "url": "https://www.w3.org/TR/json-ld11/#named-graphs"
    }
  },
  "#nested-properties": {
    "current": {
      "number": "4.4",
      "spec": "JSON-LD 1.1",
      "text": "Nested Properties",
      "url": "https://w3c.github.io/json-ld-syntax/#nested-properties"
    },
    "snapshot": {
      "number": "4.4",
      "spec": "JSON-LD 1.1",
      "text": "Nested Properties",
      "url": "https://www.w3.org/TR/json-ld11/#nested-properties"
    }
  },
  "#node-identifier-indexing": {
    "current": {
      "number": "4.6.3",
      "spec": "JSON-LD 1.1",
      "text": "Node Identifier Indexing",
      "url": "https://w3c.github.io/json-ld-syntax/#node-identifier-indexing"
    },
    "snapshot": {
      "number": "4.6.3",
      "spec": "JSON-LD 1.1",
      "text": "Node Identifier Indexing",
      "url": "https://www.w3.org/TR/json-ld11/#node-identifier-indexing"
    }
  },
  "#node-identifiers": {
    "current": {
      "number": "3.3",
      "spec": "JSON-LD 1.1",
      "text": "Node Identifiers",
      "url": "https://w3c.github.io/json-ld-syntax/#node-identifiers"
    },
    "snapshot": {
      "number": "3.3",
      "spec": "JSON-LD 1.1",
      "text": "Node Identifiers",
      "url": "https://www.w3.org/TR/json-ld11/#node-identifiers"
    }
  },
  "#node-objects": {
    "current": {
      "number": "9.2",
      "spec": "JSON-LD 1.1",
      "text": "Node Objects",
      "url": "https://w3c.github.io/json-ld-syntax/#node-objects"
    },
    "snapshot": {
      "number": "9.2",
      "spec": "JSON-LD 1.1",
      "text": "Node Objects",
      "url": "https://www.w3.org/TR/json-ld11/#node-objects"
    }
  },
  "#node-type-indexing": {
    "current": {
      "number": "4.6.4",
      "spec": "JSON-LD 1.1",
      "text": "Node Type Indexing",
      "url": "https://w3c.github.io/json-ld-syntax/#node-type-indexing"
    },
    "snapshot": {
      "number": "4.6.4",
      "spec": "JSON-LD 1.1",
      "text": "Node Type Indexing",
      "url": "https://www.w3.org/TR/json-ld11/#node-type-indexing"
    }
  },
  "#normalizing-values-as-objects": {
    "current": {
      "number": "5.2.6",
      "spec": "JSON-LD 1.1",
      "text": "Normalizing Values as Objects",
      "url": "https://w3c.github.io/json-ld-syntax/#normalizing-values-as-objects"
    },
    "snapshot": {
      "number": "5.2.6",
      "spec": "JSON-LD 1.1",
      "text": "Normalizing Values as Objects",
      "url": "https://www.w3.org/TR/json-ld11/#normalizing-values-as-objects"
    }
  },
  "#normative-references": {
    "current": {
      "number": "K.1",
      "spec": "JSON-LD 1.1",
      "text": "Normative references",
      "url": "https://w3c.github.io/json-ld-syntax/#normative-references"
    },
    "snapshot": {
      "number": "J.1",
      "spec": "JSON-LD 1.1",
      "text": "Normative references",
      "url": "https://www.w3.org/TR/json-ld11/#normative-references"
    }
  },
  "#open-issues": {
    "current": {
      "number": "D",
      "spec": "JSON-LD 1.1",
      "text": "Open Issues",
      "url": "https://w3c.github.io/json-ld-syntax/#open-issues"
    },
    "snapshot": {
      "number": "D",
      "spec": "JSON-LD 1.1",
      "text": "Open Issues",
      "url": "https://www.w3.org/TR/json-ld11/#open-issues"
    }
  },
  "#prefix-definitions": {
    "current": {
      "number": "B.1.1",
      "spec": "JSON-LD 1.1",
      "text": "Prefix definitions",
      "url": "https://w3c.github.io/json-ld-syntax/#prefix-definitions"
    },
    "snapshot": {
      "number": "B.1.1",
      "spec": "JSON-LD 1.1",
      "text": "Prefix definitions",
      "url": "https://www.w3.org/TR/json-ld11/#prefix-definitions"
    }
  },
  "#privacy": {
    "current": {
      "number": "",
      "spec": "JSON-LD 1.1",
      "text": "12. Privacy Considerations",
      "url": "https://w3c.github.io/json-ld-syntax/#privacy"
    },
    "snapshot": {
      "number": "",
      "spec": "JSON-LD 1.1",
      "text": "12. Privacy Considerations",
      "url": "https://www.w3.org/TR/json-ld11/#privacy"
    }
  },
  "#property-based-data-indexing": {
    "current": {
      "number": "4.6.1.1",
      "spec": "JSON-LD 1.1",
      "text": "Property-based data indexing",
      "url": "https://w3c.github.io/json-ld-syntax/#property-based-data-indexing"
    },
    "snapshot": {
      "number": "4.6.1.1",
      "spec": "JSON-LD 1.1",
      "text": "Property-based data indexing",
      "url": "https://www.w3.org/TR/json-ld11/#property-based-data-indexing"
    }
  },
  "#property-based-index-maps": {
    "current": {
      "number": "9.10",
      "spec": "JSON-LD 1.1",
      "text": "Property-based Index Maps",
      "url": "https://w3c.github.io/json-ld-syntax/#property-based-index-maps"
    },
    "snapshot": {
      "number": "9.10",
      "spec": "JSON-LD 1.1",
      "text": "Property-based Index Maps",
      "url": "https://www.w3.org/TR/json-ld11/#property-based-index-maps"
    }
  },
  "#property-nesting": {
    "current": {
      "number": "9.14",
      "spec": "JSON-LD 1.1",
      "text": "Property Nesting",
      "url": "https://w3c.github.io/json-ld-syntax/#property-nesting"
    },
    "snapshot": {
      "number": "9.14",
      "spec": "JSON-LD 1.1",
      "text": "Property Nesting",
      "url": "https://www.w3.org/TR/json-ld11/#property-nesting"
    }
  },
  "#protected-term-definitions": {
    "current": {
      "number": "4.1.11",
      "spec": "JSON-LD 1.1",
      "text": "Protected Term Definitions",
      "url": "https://w3c.github.io/json-ld-syntax/#protected-term-definitions"
    },
    "snapshot": {
      "number": "4.1.11",
      "spec": "JSON-LD 1.1",
      "text": "Protected Term Definitions",
      "url": "https://www.w3.org/TR/json-ld11/#protected-term-definitions"
    }
  },
  "#rdfa": {
    "current": {
      "number": "B.2",
      "spec": "JSON-LD 1.1",
      "text": "RDFa",
      "url": "https://w3c.github.io/json-ld-syntax/#rdfa"
    },
    "snapshot": {
      "number": "B.2",
      "spec": "JSON-LD 1.1",
      "text": "RDFa",
      "url": "https://www.w3.org/TR/json-ld11/#rdfa"
    }
  },
  "#references": {
    "current": {
      "number": "K",
      "spec": "JSON-LD 1.1",
      "text": "References",
      "url": "https://w3c.github.io/json-ld-syntax/#references"
    },
    "snapshot": {
      "number": "J",
      "spec": "JSON-LD 1.1",
      "text": "References",
      "url": "https://www.w3.org/TR/json-ld11/#references"
    }
  },
  "#relationship-to-other-linked-data-formats": {
    "current": {
      "number": "B",
      "spec": "JSON-LD 1.1",
      "text": "Relationship to Other Linked Data Formats",
      "url": "https://w3c.github.io/json-ld-syntax/#relationship-to-other-linked-data-formats"
    },
    "snapshot": {
      "number": "B",
      "spec": "JSON-LD 1.1",
      "text": "Relationship to Other Linked Data Formats",
      "url": "https://www.w3.org/TR/json-ld11/#relationship-to-other-linked-data-formats"
    }
  },
  "#relationship-to-rdf": {
    "current": {
      "number": "",
      "spec": "JSON-LD 1.1",
      "text": "10. Relationship to RDF",
      "url": "https://w3c.github.io/json-ld-syntax/#relationship-to-rdf"
    },
    "snapshot": {
      "number": "",
      "spec": "JSON-LD 1.1",
      "text": "10. Relationship to RDF",
      "url": "https://www.w3.org/TR/json-ld11/#relationship-to-rdf"
    }
  },
  "#representing-lists-as-arrays": {
    "current": {
      "number": "5.2.3",
      "spec": "JSON-LD 1.1",
      "text": "Representing Lists as Arrays",
      "url": "https://w3c.github.io/json-ld-syntax/#representing-lists-as-arrays"
    },
    "snapshot": {
      "number": "5.2.3",
      "spec": "JSON-LD 1.1",
      "text": "Representing Lists as Arrays",
      "url": "https://www.w3.org/TR/json-ld11/#representing-lists-as-arrays"
    }
  },
  "#representing-singular-values-as-arrays": {
    "current": {
      "number": "5.2.7",
      "spec": "JSON-LD 1.1",
      "text": "Representing Singular Values as Arrays",
      "url": "https://w3c.github.io/json-ld-syntax/#representing-singular-values-as-arrays"
    },
    "snapshot": {
      "number": "5.2.7",
      "spec": "JSON-LD 1.1",
      "text": "Representing Singular Values as Arrays",
      "url": "https://www.w3.org/TR/json-ld11/#representing-singular-values-as-arrays"
    }
  },
  "#representing-values-as-strings": {
    "current": {
      "number": "5.2.2",
      "spec": "JSON-LD 1.1",
      "text": "Representing Values as Strings",
      "url": "https://w3c.github.io/json-ld-syntax/#representing-values-as-strings"
    },
    "snapshot": {
      "number": "5.2.2",
      "spec": "JSON-LD 1.1",
      "text": "Representing Values as Strings",
      "url": "https://www.w3.org/TR/json-ld11/#representing-values-as-strings"
    }
  },
  "#restrictions-for-contents-of-json-ld-script-elements": {
    "current": {
      "number": "7.2",
      "spec": "JSON-LD 1.1",
      "text": "Restrictions for contents of JSON-LD script elements",
      "url": "https://w3c.github.io/json-ld-syntax/#restrictions-for-contents-of-json-ld-script-elements"
    },
    "snapshot": {
      "number": "7.2",
      "spec": "JSON-LD 1.1",
      "text": "Restrictions for contents of JSON-LD script elements",
      "url": "https://www.w3.org/TR/json-ld11/#restrictions-for-contents-of-json-ld-script-elements"
    }
  },
  "#reverse-properties": {
    "current": {
      "number": "4.8",
      "spec": "JSON-LD 1.1",
      "text": "Reverse Properties",
      "url": "https://w3c.github.io/json-ld-syntax/#reverse-properties"
    },
    "snapshot": {
      "number": "4.8",
      "spec": "JSON-LD 1.1",
      "text": "Reverse Properties",
      "url": "https://www.w3.org/TR/json-ld11/#reverse-properties"
    }
  },
  "#reversing-node-relationships": {
    "current": {
      "number": "5.2.4",
      "spec": "JSON-LD 1.1",
      "text": "Reversing Node Relationships",
      "url": "https://w3c.github.io/json-ld-syntax/#reversing-node-relationships"
    },
    "snapshot": {
      "number": "5.2.4",
      "spec": "JSON-LD 1.1",
      "text": "Reversing Node Relationships",
      "url": "https://www.w3.org/TR/json-ld11/#reversing-node-relationships"
    }
  },
  "#scoped-contexts": {
    "current": {
      "number": "4.1.8",
      "spec": "JSON-LD 1.1",
      "text": "Scoped Contexts",
      "url": "https://w3c.github.io/json-ld-syntax/#scoped-contexts"
    },
    "snapshot": {
      "number": "4.1.8",
      "spec": "JSON-LD 1.1",
      "text": "Scoped Contexts",
      "url": "https://www.w3.org/TR/json-ld11/#scoped-contexts"
    }
  },
  "#security": {
    "current": {
      "number": "",
      "spec": "JSON-LD 1.1",
      "text": "11. Security Considerations",
      "url": "https://w3c.github.io/json-ld-syntax/#security"
    },
    "snapshot": {
      "number": "",
      "spec": "JSON-LD 1.1",
      "text": "11. Security Considerations",
      "url": "https://www.w3.org/TR/json-ld11/#security"
    }
  },
  "#serializing-deserializing-rdf": {
    "current": {
      "number": "10.1",
      "spec": "JSON-LD 1.1",
      "text": "Serializing/Deserializing RDF",
      "url": "https://w3c.github.io/json-ld-syntax/#serializing-deserializing-rdf"
    },
    "snapshot": {
      "number": "10.1",
      "spec": "JSON-LD 1.1",
      "text": "Serializing/Deserializing RDF",
      "url": "https://www.w3.org/TR/json-ld11/#serializing-deserializing-rdf"
    }
  },
  "#set-of-documents": {
    "current": {
      "number": "",
      "spec": "JSON-LD 1.1",
      "text": "Set of Documents",
      "url": "https://w3c.github.io/json-ld-syntax/#set-of-documents"
    },
    "snapshot": {
      "number": "",
      "spec": "JSON-LD 1.1",
      "text": "Set of Documents",
      "url": "https://www.w3.org/TR/json-ld11/#set-of-documents"
    }
  },
  "#sets": {
    "current": {
      "number": "4.3.2",
      "spec": "JSON-LD 1.1",
      "text": "Sets",
      "url": "https://w3c.github.io/json-ld-syntax/#sets"
    },
    "snapshot": {
      "number": "4.3.2",
      "spec": "JSON-LD 1.1",
      "text": "Sets",
      "url": "https://www.w3.org/TR/json-ld11/#sets"
    }
  },
  "#sets-and-lists": {
    "current": {
      "number": "4.3",
      "spec": "JSON-LD 1.1",
      "text": "Value Ordering",
      "url": "https://w3c.github.io/json-ld-syntax/#sets-and-lists"
    },
    "snapshot": {
      "number": "4.3",
      "spec": "JSON-LD 1.1",
      "text": "Value Ordering",
      "url": "https://www.w3.org/TR/json-ld11/#sets-and-lists"
    }
  },
  "#shortening-iris": {
    "current": {
      "number": "5.2.1",
      "spec": "JSON-LD 1.1",
      "text": "Shortening IRIs",
      "url": "https://w3c.github.io/json-ld-syntax/#shortening-iris"
    },
    "snapshot": {
      "number": "5.2.1",
      "spec": "JSON-LD 1.1",
      "text": "Shortening IRIs",
      "url": "https://www.w3.org/TR/json-ld11/#shortening-iris"
    }
  },
  "#specifying-the-type": {
    "current": {
      "number": "3.5",
      "spec": "JSON-LD 1.1",
      "text": "Specifying the Type",
      "url": "https://w3c.github.io/json-ld-syntax/#specifying-the-type"
    },
    "snapshot": {
      "number": "3.5",
      "spec": "JSON-LD 1.1",
      "text": "Specifying the Type",
      "url": "https://www.w3.org/TR/json-ld11/#specifying-the-type"
    }
  },
  "#string-internationalization": {
    "current": {
      "number": "4.2.4",
      "spec": "JSON-LD 1.1",
      "text": "String Internationalization",
      "url": "https://w3c.github.io/json-ld-syntax/#string-internationalization"
    },
    "snapshot": {
      "number": "4.2.4",
      "spec": "JSON-LD 1.1",
      "text": "String Internationalization",
      "url": "https://www.w3.org/TR/json-ld11/#string-internationalization"
    }
  },
  "#structured-extension-examples": {
    "current": {
      "number": "C.2.1",
      "spec": "JSON-LD 1.1",
      "text": "Examples",
      "url": "https://w3c.github.io/json-ld-syntax/#structured-extension-examples"
    }
  },
  "#structured-extension-ld-json": {
    "current": {
      "number": "C.2",
      "spec": "JSON-LD 1.1",
      "text": "Structured Suffix Registration: +ld+json",
      "url": "https://w3c.github.io/json-ld-syntax/#structured-extension-ld-json"
    }
  },
  "#subtitle": {
    "current": {
      "number": "",
      "spec": "JSON-LD 1.1",
      "text": "A JSON-based Serialization for Linked Data",
      "url": "https://w3c.github.io/json-ld-syntax/#subtitle"
    },
    "snapshot": {
      "number": "",
      "spec": "JSON-LD 1.1",
      "text": "A JSON-based Serialization for Linked Data",
      "url": "https://www.w3.org/TR/json-ld11/#subtitle"
    }
  },
  "#syntax-tokens-and-keywords": {
    "current": {
      "number": "1.7",
      "spec": "JSON-LD 1.1",
      "text": "Syntax Tokens and Keywords",
      "url": "https://w3c.github.io/json-ld-syntax/#syntax-tokens-and-keywords"
    },
    "snapshot": {
      "number": "1.7",
      "spec": "JSON-LD 1.1",
      "text": "Syntax Tokens and Keywords",
      "url": "https://www.w3.org/TR/json-ld11/#syntax-tokens-and-keywords"
    }
  },
  "#term-selection": {
    "current": {
      "number": "5.2.8",
      "spec": "JSON-LD 1.1",
      "text": "Term Selection",
      "url": "https://w3c.github.io/json-ld-syntax/#term-selection"
    },
    "snapshot": {
      "number": "5.2.8",
      "spec": "JSON-LD 1.1",
      "text": "Term Selection",
      "url": "https://www.w3.org/TR/json-ld11/#term-selection"
    }
  },
  "#terminology": {
    "current": {
      "number": "1.4",
      "spec": "JSON-LD 1.1",
      "text": "Terminology",
      "url": "https://w3c.github.io/json-ld-syntax/#terminology"
    },
    "snapshot": {
      "number": "1.4",
      "spec": "JSON-LD 1.1",
      "text": "Terminology",
      "url": "https://www.w3.org/TR/json-ld11/#terminology"
    }
  },
  "#terms": {
    "current": {
      "number": "9.1",
      "spec": "JSON-LD 1.1",
      "text": "Terms",
      "url": "https://w3c.github.io/json-ld-syntax/#terms"
    },
    "snapshot": {
      "number": "9.1",
      "spec": "JSON-LD 1.1",
      "text": "Terms",
      "url": "https://www.w3.org/TR/json-ld11/#terms"
    }
  },
  "#terms-imported-from-other-specifications": {
    "current": {
      "number": "",
      "spec": "JSON-LD 1.1",
      "text": "Terms imported from Other Specifications",
      "url": "https://w3c.github.io/json-ld-syntax/#terms-imported-from-other-specifications"
    },
    "snapshot": {
      "number": "",
      "spec": "JSON-LD 1.1",
      "text": "Terms imported from Other Specifications",
      "url": "https://www.w3.org/TR/json-ld11/#terms-imported-from-other-specifications"
    }
  },
  "#the-context": {
    "current": {
      "number": "3.1",
      "spec": "JSON-LD 1.1",
      "text": "The Context",
      "url": "https://w3c.github.io/json-ld-syntax/#the-context"
    },
    "snapshot": {
      "number": "3.1",
      "spec": "JSON-LD 1.1",
      "text": "The Context",
      "url": "https://www.w3.org/TR/json-ld11/#the-context"
    }
  },
  "#the-i18n-namespace": {
    "current": {
      "number": "10.3",
      "spec": "JSON-LD 1.1",
      "text": "The i18n Namespace",
      "url": "https://w3c.github.io/json-ld-syntax/#the-i18n-namespace"
    },
    "snapshot": {
      "number": "10.3",
      "spec": "JSON-LD 1.1",
      "text": "The i18n Namespace",
      "url": "https://www.w3.org/TR/json-ld11/#the-i18n-namespace"
    }
  },
  "#the-rdf-compoundliteral-class-and-the-rdf-language-and-rdf-direction-properties": {
    "current": {
      "number": "10.4",
      "spec": "JSON-LD 1.1",
      "text": "The rdf:CompoundLiteral class and the rdf:language and rdf:direction properties",
      "url": "https://w3c.github.io/json-ld-syntax/#the-rdf-compoundliteral-class-and-the-rdf-language-and-rdf-direction-properties"
    },
    "snapshot": {
      "number": "10.4",
      "spec": "JSON-LD 1.1",
      "text": "The rdf:CompoundLiteral class and the rdf:language and rdf:direction properties",
      "url": "https://www.w3.org/TR/json-ld11/#the-rdf-compoundliteral-class-and-the-rdf-language-and-rdf-direction-properties"
    }
  },
  "#the-rdf-json-datatype": {
    "current": {
      "number": "10.2",
      "spec": "JSON-LD 1.1",
      "text": "The rdf:JSON Datatype",
      "url": "https://w3c.github.io/json-ld-syntax/#the-rdf-json-datatype"
    },
    "snapshot": {
      "number": "10.2",
      "spec": "JSON-LD 1.1",
      "text": "The rdf:JSON Datatype",
      "url": "https://www.w3.org/TR/json-ld11/#the-rdf-json-datatype"
    }
  },
  "#title": {
    "current": {
      "number": "",
      "spec": "JSON-LD 1.1",
      "text": "JSON-LD 1.1",
      "url": "https://w3c.github.io/json-ld-syntax/#title"
    },
    "snapshot": {
      "number": "",
      "spec": "JSON-LD 1.1",
      "text": "JSON-LD 1.1",
      "url": "https://www.w3.org/TR/json-ld11/#title"
    }
  },
  "#toc": {
    "current": {
      "number": "",
      "spec": "JSON-LD 1.1",
      "text": "Table of Contents",
      "url": "https://w3c.github.io/json-ld-syntax/#toc"
    },
    "snapshot": {
      "number": "",
      "spec": "JSON-LD 1.1",
      "text": "Table of Contents",
      "url": "https://www.w3.org/TR/json-ld11/#toc"
    }
  },
  "#turtle": {
    "current": {
      "number": "B.1",
      "spec": "JSON-LD 1.1",
      "text": "Turtle",
      "url": "https://w3c.github.io/json-ld-syntax/#turtle"
    },
    "snapshot": {
      "number": "B.1",
      "spec": "JSON-LD 1.1",
      "text": "Turtle",
      "url": "https://www.w3.org/TR/json-ld11/#turtle"
    }
  },
  "#type-coercion": {
    "current": {
      "number": "4.2.3",
      "spec": "JSON-LD 1.1",
      "text": "Type Coercion",
      "url": "https://w3c.github.io/json-ld-syntax/#type-coercion"
    },
    "snapshot": {
      "number": "4.2.3",
      "spec": "JSON-LD 1.1",
      "text": "Type Coercion",
      "url": "https://www.w3.org/TR/json-ld11/#type-coercion"
    }
  },
  "#type-maps": {
    "current": {
      "number": "9.12",
      "spec": "JSON-LD 1.1",
      "text": "Type Maps",
      "url": "https://w3c.github.io/json-ld-syntax/#type-maps"
    },
    "snapshot": {
      "number": "9.12",
      "spec": "JSON-LD 1.1",
      "text": "Type Maps",
      "url": "https://www.w3.org/TR/json-ld11/#type-maps"
    }
  },
  "#typed-values": {
    "current": {
      "number": "4.2.1",
      "spec": "JSON-LD 1.1",
      "text": "Typed Values",
      "url": "https://w3c.github.io/json-ld-syntax/#typed-values"
    },
    "snapshot": {
      "number": "4.2.1",
      "spec": "JSON-LD 1.1",
      "text": "Typed Values",
      "url": "https://www.w3.org/TR/json-ld11/#typed-values"
    }
  },
  "#typographical-conventions": {
    "current": {
      "number": "1.3",
      "spec": "JSON-LD 1.1",
      "text": "Typographical conventions",
      "url": "https://w3c.github.io/json-ld-syntax/#typographical-conventions"
    },
    "snapshot": {
      "number": "1.3",
      "spec": "JSON-LD 1.1",
      "text": "Typographical conventions",
      "url": "https://www.w3.org/TR/json-ld11/#typographical-conventions"
    }
  },
  "#uses-of-json-objects": {
    "current": {
      "number": "3.4",
      "spec": "JSON-LD 1.1",
      "text": "Uses of JSON Objects",
      "url": "https://w3c.github.io/json-ld-syntax/#uses-of-json-objects"
    },
    "snapshot": {
      "number": "3.4",
      "spec": "JSON-LD 1.1",
      "text": "Uses of JSON Objects",
      "url": "https://www.w3.org/TR/json-ld11/#uses-of-json-objects"
    }
  },
  "#using-set-with-type": {
    "current": {
      "number": "4.3.3",
      "spec": "JSON-LD 1.1",
      "text": "Using @set with @type",
      "url": "https://w3c.github.io/json-ld-syntax/#using-set-with-type"
    },
    "snapshot": {
      "number": "4.3.3",
      "spec": "JSON-LD 1.1",
      "text": "Using @set with @type",
      "url": "https://www.w3.org/TR/json-ld11/#using-set-with-type"
    }
  },
  "#value-objects": {
    "current": {
      "number": "9.5",
      "spec": "JSON-LD 1.1",
      "text": "Value Objects",
      "url": "https://w3c.github.io/json-ld-syntax/#value-objects"
    },
    "snapshot": {
      "number": "9.5",
      "spec": "JSON-LD 1.1",
      "text": "Value Objects",
      "url": "https://www.w3.org/TR/json-ld11/#value-objects"
    }
  },
  "#value-patterns": {
    "current": {
      "number": "9.6",
      "spec": "JSON-LD 1.1",
      "text": "Value Patterns",
      "url": "https://w3c.github.io/json-ld-syntax/#value-patterns"
    },
    "snapshot": {
      "number": "9.6",
      "spec": "JSON-LD 1.1",
      "text": "Value Patterns",
      "url": "https://www.w3.org/TR/json-ld11/#value-patterns"
    }
  }
}