{
  "#a-site-may-modify-and-overwrite-data-of-tags-that-are-not-made-read-only": {
    "current": {
      "number": "11.3.2",
      "spec": "Web NFC API",
      "text": "A site may modify and overwrite data of tags that are not made read-only",
      "url": "https://w3c.github.io/web-nfc/#a-site-may-modify-and-overwrite-data-of-tags-that-are-not-made-read-only"
    }
  },
  "#aborting-pending-make-read-only-operation": {
    "current": {
      "number": "9.6",
      "spec": "Web NFC API",
      "text": "Aborting pending make read-only operation",
      "url": "https://w3c.github.io/web-nfc/#aborting-pending-make-read-only-operation"
    }
  },
  "#aborting-pending-write-operation": {
    "current": {
      "number": "9.5",
      "spec": "Web NFC API",
      "text": "Aborting pending write operation",
      "url": "https://w3c.github.io/web-nfc/#aborting-pending-write-operation"
    }
  },
  "#absolute-url-records-tnf-3": {
    "current": {
      "number": "4.3.5",
      "spec": "Web NFC API",
      "text": "Absolute-URL records (TNF 3)",
      "url": "https://w3c.github.io/web-nfc/#absolute-url-records-tnf-3"
    }
  },
  "#acknowledgments": {
    "current": {
      "number": "B",
      "spec": "Web NFC API",
      "text": "Acknowledgments",
      "url": "https://w3c.github.io/web-nfc/#acknowledgments"
    }
  },
  "#active-attack-via-malicious-nfc-tag": {
    "current": {
      "number": "11.6.5",
      "spec": "Web NFC API",
      "text": "Active attack via malicious NFC tag",
      "url": "https://w3c.github.io/web-nfc/#active-attack-via-malicious-nfc-tag"
    }
  },
  "#assets": {
    "current": {
      "number": "11.4",
      "spec": "Web NFC API",
      "text": "Assets",
      "url": "https://w3c.github.io/web-nfc/#assets"
    }
  },
  "#attacker-model": {
    "current": {
      "number": "11.5",
      "spec": "Web NFC API",
      "text": "Attacker model",
      "url": "https://w3c.github.io/web-nfc/#attacker-model"
    }
  },
  "#blocklist-0": {
    "current": {
      "number": "11.9.4",
      "spec": "Web NFC API",
      "text": "Blocklist",
      "url": "https://w3c.github.io/web-nfc/#blocklist-0"
    }
  },
  "#chain-of-trust": {
    "current": {
      "number": "11.1",
      "spec": "Web NFC API",
      "text": "Chain of trust",
      "url": "https://w3c.github.io/web-nfc/#chain-of-trust"
    }
  },
  "#check-created-records": {
    "current": {
      "number": "9.12.1",
      "spec": "Web NFC API",
      "text": "Check created records",
      "url": "https://w3c.github.io/web-nfc/#check-created-records"
    }
  },
  "#check-parsed-records": {
    "current": {
      "number": "9.15.2",
      "spec": "Web NFC API",
      "text": "Check parsed records",
      "url": "https://w3c.github.io/web-nfc/#check-parsed-records"
    }
  },
  "#conformance": {
    "current": {
      "number": "1",
      "spec": "Web NFC API",
      "text": "Conformance",
      "url": "https://w3c.github.io/web-nfc/#conformance"
    }
  },
  "#creating-ndef-message": {
    "current": {
      "number": "9.12",
      "spec": "Web NFC API",
      "text": "Creating NDEF message",
      "url": "https://w3c.github.io/web-nfc/#creating-ndef-message"
    }
  },
  "#creating-ndef-record": {
    "current": {
      "number": "9.12.2",
      "spec": "Web NFC API",
      "text": "Creating NDEF record",
      "url": "https://w3c.github.io/web-nfc/#creating-ndef-record"
    }
  },
  "#data-mapping": {
    "current": {
      "number": "8.4",
      "spec": "Web NFC API",
      "text": "Data mapping",
      "url": "https://w3c.github.io/web-nfc/#data-mapping"
    }
  },
  "#data-representation": {
    "current": {
      "number": "8",
      "spec": "Web NFC API",
      "text": "Data Representation",
      "url": "https://w3c.github.io/web-nfc/#data-representation"
    }
  },
  "#data-that-is-read-is-shared-with-site": {
    "current": {
      "number": "11.3.1",
      "spec": "Web NFC API",
      "text": "Data that is read is shared with site",
      "url": "https://w3c.github.io/web-nfc/#data-that-is-read-is-shared-with-site"
    }
  },
  "#dispatching-nfc-content": {
    "current": {
      "number": "9.14.3",
      "spec": "Web NFC API",
      "text": "Dispatching NFC content",
      "url": "https://w3c.github.io/web-nfc/#dispatching-nfc-content"
    }
  },
  "#empty-ndef-record-tnf-0": {
    "current": {
      "number": "4.3.1",
      "spec": "Web NFC API",
      "text": "Empty NDEF record (TNF 0)",
      "url": "https://w3c.github.io/web-nfc/#empty-ndef-record-tnf-0"
    }
  },
  "#encrypting-nfc-content": {
    "current": {
      "number": "11.8.1",
      "spec": "Web NFC API",
      "text": "Encrypting NFC content",
      "url": "https://w3c.github.io/web-nfc/#encrypting-nfc-content"
    }
  },
  "#examples": {
    "current": {
      "number": "7",
      "spec": "Web NFC API",
      "text": "Examples",
      "url": "https://w3c.github.io/web-nfc/#examples"
    }
  },
  "#external-type-records-tnf-4": {
    "current": {
      "number": "4.3.6",
      "spec": "Web NFC API",
      "text": "External type records (TNF 4)",
      "url": "https://w3c.github.io/web-nfc/#external-type-records-tnf-4"
    }
  },
  "#feature-support": {
    "current": {
      "number": "7.1",
      "spec": "Web NFC API",
      "text": "Feature support",
      "url": "https://w3c.github.io/web-nfc/#feature-support"
    }
  },
  "#features": {
    "current": {
      "number": "6",
      "spec": "Web NFC API",
      "text": "Features",
      "url": "https://w3c.github.io/web-nfc/#features"
    }
  },
  "#fingerprinting-and-data-collection": {
    "current": {
      "number": "11.6.1",
      "spec": "Web NFC API",
      "text": "Fingerprinting and data collection",
      "url": "https://w3c.github.io/web-nfc/#fingerprinting-and-data-collection"
    }
  },
  "#general-information-about-writing-data": {
    "current": {
      "number": "7.2",
      "spec": "Web NFC API",
      "text": "General information about writing data",
      "url": "https://w3c.github.io/web-nfc/#general-information-about-writing-data"
    }
  },
  "#handle-scanning-errors": {
    "current": {
      "number": "7.7",
      "spec": "Web NFC API",
      "text": "Handle scanning errors",
      "url": "https://w3c.github.io/web-nfc/#handle-scanning-errors"
    }
  },
  "#handling-initial-reads-while-writing": {
    "current": {
      "number": "7.5",
      "spec": "Web NFC API",
      "text": "Handling initial reads while writing",
      "url": "https://w3c.github.io/web-nfc/#handling-initial-reads-while-writing"
    }
  },
  "#handling-nfc-adapters": {
    "current": {
      "number": "9.2",
      "spec": "Web NFC API",
      "text": "Handling NFC adapters",
      "url": "https://w3c.github.io/web-nfc/#handling-nfc-adapters"
    }
  },
  "#handling-visibility-change": {
    "current": {
      "number": "9.4",
      "spec": "Web NFC API",
      "text": "Handling visibility change",
      "url": "https://w3c.github.io/web-nfc/#handling-visibility-change"
    }
  },
  "#handover-records": {
    "current": {
      "number": "4.3.3.5",
      "spec": "Web NFC API",
      "text": "Handover records",
      "url": "https://w3c.github.io/web-nfc/#handover-records"
    }
  },
  "#idl-index": {
    "current": {
      "number": "A",
      "spec": "Web NFC API",
      "text": "IDL Index",
      "url": "https://w3c.github.io/web-nfc/#idl-index"
    }
  },
  "#informative-references": {
    "current": {
      "number": "C.2",
      "spec": "Web NFC API",
      "text": "Informative references",
      "url": "https://w3c.github.io/web-nfc/#informative-references"
    }
  },
  "#introduction": {
    "current": {
      "number": "2",
      "spec": "Web NFC API",
      "text": "Introduction",
      "url": "https://w3c.github.io/web-nfc/#introduction"
    }
  },
  "#listening-for-content": {
    "current": {
      "number": "9.14",
      "spec": "Web NFC API",
      "text": "Listening for content",
      "url": "https://w3c.github.io/web-nfc/#listening-for-content"
    }
  },
  "#make-an-nfc-tag-permanently-read-only": {
    "current": {
      "number": "7.18",
      "spec": "Web NFC API",
      "text": "Make an NFC tag permanently read-only",
      "url": "https://w3c.github.io/web-nfc/#make-an-nfc-tag-permanently-read-only"
    }
  },
  "#making-an-nfc-tag-read-only": {
    "current": {
      "number": "5.3",
      "spec": "Web NFC API",
      "text": "Making an NFC tag read-only",
      "url": "https://w3c.github.io/web-nfc/#making-an-nfc-tag-read-only"
    }
  },
  "#making-content-read-only": {
    "current": {
      "number": "9.13",
      "spec": "Web NFC API",
      "text": "Making content read-only",
      "url": "https://w3c.github.io/web-nfc/#making-content-read-only"
    }
  },
  "#mapping-absolute-url-to-ndef": {
    "current": {
      "number": "9.12.12",
      "spec": "Web NFC API",
      "text": "Mapping absolute-URL to NDEF",
      "url": "https://w3c.github.io/web-nfc/#mapping-absolute-url-to-ndef"
    }
  },
  "#mapping-binary-data-to-ndef": {
    "current": {
      "number": "9.12.8",
      "spec": "Web NFC API",
      "text": "Mapping binary data to NDEF",
      "url": "https://w3c.github.io/web-nfc/#mapping-binary-data-to-ndef"
    }
  },
  "#mapping-empty-record-to-ndef": {
    "current": {
      "number": "9.12.5",
      "spec": "Web NFC API",
      "text": "Mapping empty record to NDEF",
      "url": "https://w3c.github.io/web-nfc/#mapping-empty-record-to-ndef"
    }
  },
  "#mapping-external-data-to-ndef": {
    "current": {
      "number": "9.12.9",
      "spec": "Web NFC API",
      "text": "Mapping external data to NDEF",
      "url": "https://w3c.github.io/web-nfc/#mapping-external-data-to-ndef"
    }
  },
  "#mapping-local-type-to-ndef": {
    "current": {
      "number": "9.12.10",
      "spec": "Web NFC API",
      "text": "Mapping local type to NDEF",
      "url": "https://w3c.github.io/web-nfc/#mapping-local-type-to-ndef"
    }
  },
  "#mapping-smart-poster-to-ndef": {
    "current": {
      "number": "9.12.11",
      "spec": "Web NFC API",
      "text": "Mapping smart poster to NDEF",
      "url": "https://w3c.github.io/web-nfc/#mapping-smart-poster-to-ndef"
    }
  },
  "#mapping-string-to-ndef": {
    "current": {
      "number": "9.12.6",
      "spec": "Web NFC API",
      "text": "Mapping string to NDEF",
      "url": "https://w3c.github.io/web-nfc/#mapping-string-to-ndef"
    }
  },
  "#mapping-url-to-ndef": {
    "current": {
      "number": "9.12.7",
      "spec": "Web NFC API",
      "text": "Mapping URL to NDEF",
      "url": "https://w3c.github.io/web-nfc/#mapping-url-to-ndef"
    }
  },
  "#mime-type-records-tnf-2": {
    "current": {
      "number": "4.3.4",
      "spec": "Web NFC API",
      "text": "MIME type records (TNF 2)",
      "url": "https://w3c.github.io/web-nfc/#mime-type-records-tnf-2"
    }
  },
  "#multiple-tags-may-be-within-the-reading-field-at-the-same-time": {
    "current": {
      "number": "11.3.4",
      "spec": "Web NFC API",
      "text": "Multiple tags may be within the reading field at the same time",
      "url": "https://w3c.github.io/web-nfc/#multiple-tags-may-be-within-the-reading-field-at-the-same-time"
    }
  },
  "#ndef-compatible-tag-types": {
    "current": {
      "number": "4.1",
      "spec": "Web NFC API",
      "text": "NDEF compatible tag types",
      "url": "https://w3c.github.io/web-nfc/#ndef-compatible-tag-types"
    }
  },
  "#ndef-record-modification-in-transit": {
    "current": {
      "number": "11.6.3",
      "spec": "Web NFC API",
      "text": "NDEF record modification in-transit",
      "url": "https://w3c.github.io/web-nfc/#ndef-record-modification-in-transit"
    }
  },
  "#ndef-record-payload-disclosure": {
    "current": {
      "number": "11.6.4",
      "spec": "Web NFC API",
      "text": "NDEF record payload disclosure",
      "url": "https://w3c.github.io/web-nfc/#ndef-record-payload-disclosure"
    }
  },
  "#ndef-record-types": {
    "current": {
      "number": "4.3",
      "spec": "Web NFC API",
      "text": "NDEF Record types",
      "url": "https://w3c.github.io/web-nfc/#ndef-record-types"
    }
  },
  "#nfc-state-associated-with-the-settings-object": {
    "current": {
      "number": "9.1",
      "spec": "Web NFC API",
      "text": "NFC state associated with the settings object",
      "url": "https://w3c.github.io/web-nfc/#nfc-state-associated-with-the-settings-object"
    }
  },
  "#nfc-tag-modification": {
    "current": {
      "number": "11.6.2",
      "spec": "Web NFC API",
      "text": "NFC tag modification",
      "url": "https://w3c.github.io/web-nfc/#nfc-tag-modification"
    }
  },
  "#normative-references": {
    "current": {
      "number": "C.1",
      "spec": "Web NFC API",
      "text": "Normative references",
      "url": "https://w3c.github.io/web-nfc/#normative-references"
    }
  },
  "#obtaining-permission": {
    "current": {
      "number": "9.3",
      "spec": "Web NFC API",
      "text": "Obtaining permission",
      "url": "https://w3c.github.io/web-nfc/#obtaining-permission"
    }
  },
  "#obtaining-permission-0": {
    "current": {
      "number": "11.7.1",
      "spec": "Web NFC API",
      "text": "Obtaining permission",
      "url": "https://w3c.github.io/web-nfc/#obtaining-permission-0"
    }
  },
  "#overwriting-existing-data": {
    "current": {
      "number": "11.2.3",
      "spec": "Web NFC API",
      "text": "Overwriting existing data",
      "url": "https://w3c.github.io/web-nfc/#overwriting-existing-data"
    }
  },
  "#parsing-local-type-records": {
    "current": {
      "number": "9.15.7",
      "spec": "Web NFC API",
      "text": "Parsing local type records",
      "url": "https://w3c.github.io/web-nfc/#parsing-local-type-records"
    }
  },
  "#parsing-ndef-absolute-url-records": {
    "current": {
      "number": "9.15.9",
      "spec": "Web NFC API",
      "text": "Parsing NDEF absolute-URL records",
      "url": "https://w3c.github.io/web-nfc/#parsing-ndef-absolute-url-records"
    }
  },
  "#parsing-ndef-external-type-records": {
    "current": {
      "number": "9.15.10",
      "spec": "Web NFC API",
      "text": "Parsing NDEF external type records",
      "url": "https://w3c.github.io/web-nfc/#parsing-ndef-external-type-records"
    }
  },
  "#parsing-ndef-mime-type-records": {
    "current": {
      "number": "9.15.8",
      "spec": "Web NFC API",
      "text": "Parsing NDEF MIME type records",
      "url": "https://w3c.github.io/web-nfc/#parsing-ndef-mime-type-records"
    }
  },
  "#parsing-ndef-records": {
    "current": {
      "number": "9.15.3",
      "spec": "Web NFC API",
      "text": "Parsing NDEF records",
      "url": "https://w3c.github.io/web-nfc/#parsing-ndef-records"
    }
  },
  "#parsing-ndef-unknown-type-records": {
    "current": {
      "number": "9.15.11",
      "spec": "Web NFC API",
      "text": "Parsing NDEF unknown type records",
      "url": "https://w3c.github.io/web-nfc/#parsing-ndef-unknown-type-records"
    }
  },
  "#parsing-ndef-well-known-sp-records": {
    "current": {
      "number": "9.15.6",
      "spec": "Web NFC API",
      "text": "Parsing NDEF well-known Sp records",
      "url": "https://w3c.github.io/web-nfc/#parsing-ndef-well-known-sp-records"
    }
  },
  "#parsing-ndef-well-known-t-records": {
    "current": {
      "number": "9.15.4",
      "spec": "Web NFC API",
      "text": "Parsing NDEF well-known T records",
      "url": "https://w3c.github.io/web-nfc/#parsing-ndef-well-known-t-records"
    }
  },
  "#parsing-ndef-well-known-u-records": {
    "current": {
      "number": "9.15.5",
      "spec": "Web NFC API",
      "text": "Parsing NDEF well-known U records",
      "url": "https://w3c.github.io/web-nfc/#parsing-ndef-well-known-u-records"
    }
  },
  "#parsing-records-from-bytes": {
    "current": {
      "number": "9.15.1",
      "spec": "Web NFC API",
      "text": "Parsing records from bytes",
      "url": "https://w3c.github.io/web-nfc/#parsing-records-from-bytes"
    }
  },
  "#permissions-controls": {
    "current": {
      "number": "11.9.3",
      "spec": "Web NFC API",
      "text": "Permissions controls",
      "url": "https://w3c.github.io/web-nfc/#permissions-controls"
    }
  },
  "#privacy-implications-and-implementation-considerations": {
    "current": {
      "number": "11.2",
      "spec": "Web NFC API",
      "text": "Privacy implications and implementation considerations",
      "url": "https://w3c.github.io/web-nfc/#privacy-implications-and-implementation-considerations"
    }
  },
  "#read-a-single-tag-once": {
    "current": {
      "number": "7.8",
      "spec": "Web NFC API",
      "text": "Read a single tag, once",
      "url": "https://w3c.github.io/web-nfc/#read-a-single-tag-once"
    }
  },
  "#read-an-external-record-with-an-ndef-message-as-payload": {
    "current": {
      "number": "7.15",
      "spec": "Web NFC API",
      "text": "Read an external record with an NDEF message as payload",
      "url": "https://w3c.github.io/web-nfc/#read-an-external-record-with-an-ndef-message-as-payload"
    }
  },
  "#read-data-from-tag-and-write-to-empty-ones": {
    "current": {
      "number": "7.9",
      "spec": "Web NFC API",
      "text": "Read data from tag, and write to empty ones",
      "url": "https://w3c.github.io/web-nfc/#read-data-from-tag-and-write-to-empty-ones"
    }
  },
  "#reading-a-fixed-e-g-mounted-tag-may-expose-reading-location": {
    "current": {
      "number": "11.3.3",
      "spec": "Web NFC API",
      "text": "Reading a fixed (e.g. mounted) tag may expose reading location",
      "url": "https://w3c.github.io/web-nfc/#reading-a-fixed-e-g-mounted-tag-may-expose-reading-location"
    }
  },
  "#reading-an-nfc-tag": {
    "current": {
      "number": "5.1",
      "spec": "Web NFC API",
      "text": "Reading an NFC tag",
      "url": "https://w3c.github.io/web-nfc/#reading-an-nfc-tag"
    }
  },
  "#reading-and-writing-during-a-scan": {
    "current": {
      "number": "11.2.1",
      "spec": "Web NFC API",
      "text": "Reading and writing during a scan",
      "url": "https://w3c.github.io/web-nfc/#reading-and-writing-during-a-scan"
    }
  },
  "#reading-and-writing-during-a-scan-0": {
    "current": {
      "number": "11.2.2",
      "spec": "Web NFC API",
      "text": "Reading and writing during a scan",
      "url": "https://w3c.github.io/web-nfc/#reading-and-writing-during-a-scan-0"
    }
  },
  "#references": {
    "current": {
      "number": "C",
      "spec": "Web NFC API",
      "text": "References",
      "url": "https://w3c.github.io/web-nfc/#references"
    }
  },
  "#releasing-nfc": {
    "current": {
      "number": "9.7",
      "spec": "Web NFC API",
      "text": "Releasing NFC",
      "url": "https://w3c.github.io/web-nfc/#releasing-nfc"
    }
  },
  "#restrict-automatic-handling": {
    "current": {
      "number": "11.9.6",
      "spec": "Web NFC API",
      "text": "Restrict automatic handling",
      "url": "https://w3c.github.io/web-nfc/#restrict-automatic-handling"
    }
  },
  "#save-and-restore-game-progress-with-an-nfc-tag": {
    "current": {
      "number": "7.10",
      "spec": "Web NFC API",
      "text": "Save and restore game progress with an NFC tag",
      "url": "https://w3c.github.io/web-nfc/#save-and-restore-game-progress-with-an-nfc-tag"
    }
  },
  "#scheduling-a-write-with-a-timeout": {
    "current": {
      "number": "7.6",
      "spec": "Web NFC API",
      "text": "Scheduling a write with a timeout",
      "url": "https://w3c.github.io/web-nfc/#scheduling-a-write-with-a-timeout"
    }
  },
  "#secure-context": {
    "current": {
      "number": "11.9.1",
      "spec": "Web NFC API",
      "text": "Secure Context",
      "url": "https://w3c.github.io/web-nfc/#secure-context"
    }
  },
  "#security-and-privacy": {
    "current": {
      "number": "",
      "spec": "Web NFC API",
      "text": "11. Security and Privacy",
      "url": "https://w3c.github.io/web-nfc/#security-and-privacy"
    }
  },
  "#security-mechanisms-for-applications": {
    "current": {
      "number": "11.8",
      "spec": "Web NFC API",
      "text": "Security mechanisms for applications",
      "url": "https://w3c.github.io/web-nfc/#security-mechanisms-for-applications"
    }
  },
  "#security-mechanisms-for-implementations": {
    "current": {
      "number": "11.7",
      "spec": "Web NFC API",
      "text": "Security mechanisms for implementations",
      "url": "https://w3c.github.io/web-nfc/#security-mechanisms-for-implementations"
    }
  },
  "#security-policies": {
    "current": {
      "number": "11.9",
      "spec": "Web NFC API",
      "text": "Security policies",
      "url": "https://w3c.github.io/web-nfc/#security-policies"
    }
  },
  "#signature-records": {
    "current": {
      "number": "4.3.3.4",
      "spec": "Web NFC API",
      "text": "Signature records",
      "url": "https://w3c.github.io/web-nfc/#signature-records"
    }
  },
  "#signing-ndef-records": {
    "current": {
      "number": "11.8.2",
      "spec": "Web NFC API",
      "text": "Signing NDEF records",
      "url": "https://w3c.github.io/web-nfc/#signing-ndef-records"
    }
  },
  "#signing-nfc-content": {
    "current": {
      "number": "11.9.7",
      "spec": "Web NFC API",
      "text": "Signing NFC content",
      "url": "https://w3c.github.io/web-nfc/#signing-nfc-content"
    }
  },
  "#smart-poster-record": {
    "current": {
      "number": "4.3.3.3",
      "spec": "Web NFC API",
      "text": "Smart poster record",
      "url": "https://w3c.github.io/web-nfc/#smart-poster-record"
    }
  },
  "#steps-receiving": {
    "current": {
      "number": "9.15",
      "spec": "Web NFC API",
      "text": "Parsing content",
      "url": "https://w3c.github.io/web-nfc/#steps-receiving"
    }
  },
  "#stop-listening-to-ndef-messages": {
    "current": {
      "number": "7.13",
      "spec": "Web NFC API",
      "text": "Stop listening to NDEF messages",
      "url": "https://w3c.github.io/web-nfc/#stop-listening-to-ndef-messages"
    }
  },
  "#support-for-multiple-nfc-adapters": {
    "current": {
      "number": "5.4",
      "spec": "Web NFC API",
      "text": "Support for multiple NFC adapters",
      "url": "https://w3c.github.io/web-nfc/#support-for-multiple-nfc-adapters"
    }
  },
  "#terminology-and-conventions": {
    "current": {
      "number": "3",
      "spec": "Web NFC API",
      "text": "Terminology and conventions",
      "url": "https://w3c.github.io/web-nfc/#terminology-and-conventions"
    }
  },
  "#text-record": {
    "current": {
      "number": "4.3.3.1",
      "spec": "Web NFC API",
      "text": "Text record",
      "url": "https://w3c.github.io/web-nfc/#text-record"
    }
  },
  "#the-blocklist": {
    "current": {
      "number": "",
      "spec": "Web NFC API",
      "text": "10. The Blocklist",
      "url": "https://w3c.github.io/web-nfc/#the-blocklist"
    }
  },
  "#the-makereadonly-method": {
    "current": {
      "number": "9.13.1",
      "spec": "Web NFC API",
      "text": "The makeReadOnly() method",
      "url": "https://w3c.github.io/web-nfc/#the-makereadonly-method"
    }
  },
  "#the-ndef-record-and-fields": {
    "current": {
      "number": "4.2",
      "spec": "Web NFC API",
      "text": "The NDEF record and fields",
      "url": "https://w3c.github.io/web-nfc/#the-ndef-record-and-fields"
    }
  },
  "#the-ndefmakereadonlyoptions-dictionary": {
    "current": {
      "number": "9.9",
      "spec": "Web NFC API",
      "text": "The NDEFMakeReadOnlyOptions dictionary",
      "url": "https://w3c.github.io/web-nfc/#the-ndefmakereadonlyoptions-dictionary"
    }
  },
  "#the-ndefmessage-interface": {
    "current": {
      "number": "8.1",
      "spec": "Web NFC API",
      "text": "The NDEFMessage interface",
      "url": "https://w3c.github.io/web-nfc/#the-ndefmessage-interface"
    }
  },
  "#the-ndefreader-object": {
    "current": {
      "number": "9",
      "spec": "Web NFC API",
      "text": "The NDEFReader object",
      "url": "https://w3c.github.io/web-nfc/#the-ndefreader-object"
    }
  },
  "#the-ndefrecord-interface": {
    "current": {
      "number": "8.2",
      "spec": "Web NFC API",
      "text": "The NDEFRecord interface",
      "url": "https://w3c.github.io/web-nfc/#the-ndefrecord-interface"
    }
  },
  "#the-ndefscanoptions-dictionary": {
    "current": {
      "number": "9.10",
      "spec": "Web NFC API",
      "text": "The NDEFScanOptions dictionary",
      "url": "https://w3c.github.io/web-nfc/#the-ndefscanoptions-dictionary"
    }
  },
  "#the-ndefwriteoptions-dictionary": {
    "current": {
      "number": "9.8",
      "spec": "Web NFC API",
      "text": "The NDEFWriteOptions dictionary",
      "url": "https://w3c.github.io/web-nfc/#the-ndefwriteoptions-dictionary"
    }
  },
  "#the-nfc-reading-algorithm": {
    "current": {
      "number": "9.14.2",
      "spec": "Web NFC API",
      "text": "The NFC reading algorithm",
      "url": "https://w3c.github.io/web-nfc/#the-nfc-reading-algorithm"
    }
  },
  "#the-nfc-standard": {
    "current": {
      "number": "4",
      "spec": "Web NFC API",
      "text": "The NFC Standard",
      "url": "https://w3c.github.io/web-nfc/#the-nfc-standard"
    }
  },
  "#the-record-type-string": {
    "current": {
      "number": "8.3",
      "spec": "Web NFC API",
      "text": "The record type string",
      "url": "https://w3c.github.io/web-nfc/#the-record-type-string"
    }
  },
  "#the-scan-method": {
    "current": {
      "number": "9.14.1",
      "spec": "Web NFC API",
      "text": "The scan() method",
      "url": "https://w3c.github.io/web-nfc/#the-scan-method"
    }
  },
  "#the-write-method": {
    "current": {
      "number": "9.11.1",
      "spec": "Web NFC API",
      "text": "The write() method",
      "url": "https://w3c.github.io/web-nfc/#the-write-method"
    }
  },
  "#things-that-users-should-be-made-aware-of-when-using-nfc": {
    "current": {
      "number": "11.3",
      "spec": "Web NFC API",
      "text": "Things that users should be made aware of when using NFC",
      "url": "https://w3c.github.io/web-nfc/#things-that-users-should-be-made-aware-of-when-using-nfc"
    }
  },
  "#threats": {
    "current": {
      "number": "11.6",
      "spec": "Web NFC API",
      "text": "Threats",
      "url": "https://w3c.github.io/web-nfc/#threats"
    }
  },
  "#title": {
    "current": {
      "number": "",
      "spec": "Web NFC API",
      "text": "Web NFC",
      "url": "https://w3c.github.io/web-nfc/#title"
    }
  },
  "#toc": {
    "current": {
      "number": "",
      "spec": "Web NFC API",
      "text": "Table of Contents",
      "url": "https://w3c.github.io/web-nfc/#toc"
    }
  },
  "#unchanged-type-records-tnf-6": {
    "current": {
      "number": "4.3.8",
      "spec": "Web NFC API",
      "text": "Unchanged type records (TNF 6)",
      "url": "https://w3c.github.io/web-nfc/#unchanged-type-records-tnf-6"
    }
  },
  "#unknown-type-records-tnf-5": {
    "current": {
      "number": "4.3.7",
      "spec": "Web NFC API",
      "text": "Unknown type records (TNF 5)",
      "url": "https://w3c.github.io/web-nfc/#unknown-type-records-tnf-5"
    }
  },
  "#uri-record": {
    "current": {
      "number": "4.3.3.2",
      "spec": "Web NFC API",
      "text": "URI record",
      "url": "https://w3c.github.io/web-nfc/#uri-record"
    }
  },
  "#use-cases": {
    "current": {
      "number": "5",
      "spec": "Web NFC API",
      "text": "Use Cases",
      "url": "https://w3c.github.io/web-nfc/#use-cases"
    }
  },
  "#validating-external-type": {
    "current": {
      "number": "9.12.3",
      "spec": "Web NFC API",
      "text": "Validating external type",
      "url": "https://w3c.github.io/web-nfc/#validating-external-type"
    }
  },
  "#validating-local-type": {
    "current": {
      "number": "9.12.4",
      "spec": "Web NFC API",
      "text": "Validating local type",
      "url": "https://w3c.github.io/web-nfc/#validating-local-type"
    }
  },
  "#visible-document": {
    "current": {
      "number": "11.9.2",
      "spec": "Web NFC API",
      "text": "Visible document",
      "url": "https://w3c.github.io/web-nfc/#visible-document"
    }
  },
  "#warn-about-risk-of-physical-location-leak": {
    "current": {
      "number": "11.9.5",
      "spec": "Web NFC API",
      "text": "Warn about risk of physical location leak",
      "url": "https://w3c.github.io/web-nfc/#warn-about-risk-of-physical-location-leak"
    }
  },
  "#warning-user-during-nfc-operations": {
    "current": {
      "number": "11.7.2",
      "spec": "Web NFC API",
      "text": "Warning user during NFC operations",
      "url": "https://w3c.github.io/web-nfc/#warning-user-during-nfc-operations"
    }
  },
  "#well-known-global-types": {
    "current": {
      "number": "4.3.3",
      "spec": "Web NFC API",
      "text": "Well-known global types",
      "url": "https://w3c.github.io/web-nfc/#well-known-global-types"
    }
  },
  "#well-known-local-types": {
    "current": {
      "number": "4.3.2.1",
      "spec": "Web NFC API",
      "text": "Well-known local types",
      "url": "https://w3c.github.io/web-nfc/#well-known-local-types"
    }
  },
  "#well-known-type-records-tnf-1": {
    "current": {
      "number": "4.3.2",
      "spec": "Web NFC API",
      "text": "Well-known type records (TNF 1)",
      "url": "https://w3c.github.io/web-nfc/#well-known-type-records-tnf-1"
    }
  },
  "#write-a-smart-poster-message": {
    "current": {
      "number": "7.14",
      "spec": "Web NFC API",
      "text": "Write a smart poster message",
      "url": "https://w3c.github.io/web-nfc/#write-a-smart-poster-message"
    }
  },
  "#write-a-text-string": {
    "current": {
      "number": "7.3",
      "spec": "Web NFC API",
      "text": "Write a text string",
      "url": "https://w3c.github.io/web-nfc/#write-a-text-string"
    }
  },
  "#write-a-url": {
    "current": {
      "number": "7.4",
      "spec": "Web NFC API",
      "text": "Write a URL",
      "url": "https://w3c.github.io/web-nfc/#write-a-url"
    }
  },
  "#write-an-external-record-with-an-ndef-message-as-payload": {
    "current": {
      "number": "7.16",
      "spec": "Web NFC API",
      "text": "Write an external record with an NDEF message as payload",
      "url": "https://w3c.github.io/web-nfc/#write-an-external-record-with-an-ndef-message-as-payload"
    }
  },
  "#write-and-read-json-serialized-and-deserialized": {
    "current": {
      "number": "7.11",
      "spec": "Web NFC API",
      "text": "Write and read JSON (serialized and deserialized)",
      "url": "https://w3c.github.io/web-nfc/#write-and-read-json-serialized-and-deserialized"
    }
  },
  "#write-and-read-unknown-records-inside-an-external-record": {
    "current": {
      "number": "7.17",
      "spec": "Web NFC API",
      "text": "Write and read unknown records inside an external record",
      "url": "https://w3c.github.io/web-nfc/#write-and-read-unknown-records-inside-an-external-record"
    }
  },
  "#write-data-and-print-out-existing-data": {
    "current": {
      "number": "7.12",
      "spec": "Web NFC API",
      "text": "Write data and print out existing data",
      "url": "https://w3c.github.io/web-nfc/#write-data-and-print-out-existing-data"
    }
  },
  "#writing-content": {
    "current": {
      "number": "9.11",
      "spec": "Web NFC API",
      "text": "Writing content",
      "url": "https://w3c.github.io/web-nfc/#writing-content"
    }
  },
  "#writing-to-an-nfc-tag": {
    "current": {
      "number": "5.2",
      "spec": "Web NFC API",
      "text": "Writing to an NFC tag",
      "url": "https://w3c.github.io/web-nfc/#writing-to-an-nfc-tag"
    }
  }
}