{
  "#abstract": {
    "current": {
      "number": "",
      "spec": "CSS Display 4",
      "text": "Abstract",
      "url": "https://drafts.csswg.org/css-display-4/#abstract"
    }
  },
  "#acknowledgments": {
    "current": {
      "number": "",
      "spec": "CSS Display 4",
      "text": "Acknowledgments",
      "url": "https://drafts.csswg.org/css-display-4/#acknowledgments"
    }
  },
  "#box-generation": {
    "current": {
      "number": "2.5",
      "spec": "CSS Display 4",
      "text": "Box Generation: the none and contents keywords",
      "url": "https://drafts.csswg.org/css-display-4/#box-generation"
    }
  },
  "#box-guidelines": {
    "current": {
      "number": "C",
      "spec": "CSS Display 4",
      "text": "Box Construction Guidelines for Spec Authors",
      "url": "https://drafts.csswg.org/css-display-4/#box-guidelines"
    }
  },
  "#changes": {
    "current": {
      "number": "",
      "spec": "CSS Display 4",
      "text": "Changes",
      "url": "https://drafts.csswg.org/css-display-4/#changes"
    }
  },
  "#changes-2020": {
    "current": {
      "number": "",
      "spec": "CSS Display 4",
      "text": "Additions since Level 3",
      "url": "https://drafts.csswg.org/css-display-4/#changes-2020"
    }
  },
  "#display-animation": {
    "current": {
      "number": "2.9",
      "spec": "CSS Display 4",
      "text": "Animating and Interpolating display",
      "url": "https://drafts.csswg.org/css-display-4/#display-animation"
    }
  },
  "#glossary": {
    "current": {
      "number": "A",
      "spec": "CSS Display 4",
      "text": "Glossary",
      "url": "https://drafts.csswg.org/css-display-4/#glossary"
    }
  },
  "#index": {
    "current": {
      "number": "",
      "spec": "CSS Display 4",
      "text": "Index",
      "url": "https://drafts.csswg.org/css-display-4/#index"
    }
  },
  "#index-defined-elsewhere": {
    "current": {
      "number": "",
      "spec": "CSS Display 4",
      "text": "Terms defined by reference",
      "url": "https://drafts.csswg.org/css-display-4/#index-defined-elsewhere"
    }
  },
  "#index-defined-here": {
    "current": {
      "number": "",
      "spec": "CSS Display 4",
      "text": "Terms defined by this specification",
      "url": "https://drafts.csswg.org/css-display-4/#index-defined-here"
    }
  },
  "#informative": {
    "current": {
      "number": "",
      "spec": "CSS Display 4",
      "text": "Informative References",
      "url": "https://drafts.csswg.org/css-display-4/#informative"
    }
  },
  "#inner-model": {
    "current": {
      "number": "2.2",
      "spec": "CSS Display 4",
      "text": "Inner Display Layout Models: the flow, flow-root, table, flex, grid, and ruby keywords",
      "url": "https://drafts.csswg.org/css-display-4/#inner-model"
    }
  },
  "#intro": {
    "current": {
      "number": "1",
      "spec": "CSS Display 4",
      "text": "Introduction",
      "url": "https://drafts.csswg.org/css-display-4/#intro"
    }
  },
  "#issues-index": {
    "current": {
      "number": "",
      "spec": "CSS Display 4",
      "text": "Issues Index",
      "url": "https://drafts.csswg.org/css-display-4/#issues-index"
    }
  },
  "#layout-specific-display": {
    "current": {
      "number": "2.4",
      "spec": "CSS Display 4",
      "text": "Layout-Internal Display Types: the table-* and ruby-* keywords",
      "url": "https://drafts.csswg.org/css-display-4/#layout-specific-display"
    }
  },
  "#legacy-display": {
    "current": {
      "number": "2.6",
      "spec": "CSS Display 4",
      "text": "Precomposed Inline-level Display Values",
      "url": "https://drafts.csswg.org/css-display-4/#legacy-display"
    }
  },
  "#list-items": {
    "current": {
      "number": "2.3",
      "spec": "CSS Display 4",
      "text": "Generating Marker Boxes: the list-item keyword",
      "url": "https://drafts.csswg.org/css-display-4/#list-items"
    }
  },
  "#normative": {
    "current": {
      "number": "",
      "spec": "CSS Display 4",
      "text": "Normative References",
      "url": "https://drafts.csswg.org/css-display-4/#normative"
    }
  },
  "#order-accessibility": {
    "current": {
      "number": "3.1",
      "spec": "CSS Display 4",
      "text": "Reordering and Accessibility",
      "url": "https://drafts.csswg.org/css-display-4/#order-accessibility"
    }
  },
  "#order-property": {
    "current": {
      "number": "3",
      "spec": "CSS Display 4",
      "text": "Display Order: the order property",
      "url": "https://drafts.csswg.org/css-display-4/#order-property"
    }
  },
  "#outer-role": {
    "current": {
      "number": "2.1",
      "spec": "CSS Display 4",
      "text": "Outer Display Roles for Flow Layout: the block, inline, and run-in keywords",
      "url": "https://drafts.csswg.org/css-display-4/#outer-role"
    }
  },
  "#placement": {
    "current": {
      "number": "1.1",
      "spec": "CSS Display 4",
      "text": "Module interactions",
      "url": "https://drafts.csswg.org/css-display-4/#placement"
    }
  },
  "#priv": {
    "current": {
      "number": "",
      "spec": "CSS Display 4",
      "text": "Privacy Considerations",
      "url": "https://drafts.csswg.org/css-display-4/#priv"
    }
  },
  "#property-index": {
    "current": {
      "number": "",
      "spec": "CSS Display 4",
      "text": "Property Index",
      "url": "https://drafts.csswg.org/css-display-4/#property-index"
    }
  },
  "#quiet-pubrules-1": {
    "current": {
      "number": "",
      "spec": "CSS Display 4",
      "text": "Computer Starter Kit",
      "url": "https://drafts.csswg.org/css-display-4/#quiet-pubrules-1"
    }
  },
  "#reading-order-items": {
    "current": {
      "number": "4",
      "spec": "CSS Display 4",
      "text": "Reading Order: the reading-order-items property",
      "url": "https://drafts.csswg.org/css-display-4/#reading-order-items"
    }
  },
  "#references": {
    "current": {
      "number": "",
      "spec": "CSS Display 4",
      "text": "References",
      "url": "https://drafts.csswg.org/css-display-4/#references"
    }
  },
  "#root": {
    "current": {
      "number": "2.8",
      "spec": "CSS Display 4",
      "text": "The Root Element’s Principal Box",
      "url": "https://drafts.csswg.org/css-display-4/#root"
    }
  },
  "#run-in-layout": {
    "current": {
      "number": "6",
      "spec": "CSS Display 4",
      "text": "Run-In Layout",
      "url": "https://drafts.csswg.org/css-display-4/#run-in-layout"
    }
  },
  "#sec": {
    "current": {
      "number": "",
      "spec": "CSS Display 4",
      "text": "Security Considerations",
      "url": "https://drafts.csswg.org/css-display-4/#sec"
    }
  },
  "#sotd": {
    "current": {
      "number": "",
      "spec": "CSS Display 4",
      "text": "Status of this document",
      "url": "https://drafts.csswg.org/css-display-4/#sotd"
    }
  },
  "#the-display-properties": {
    "current": {
      "number": "2",
      "spec": "CSS Display 4",
      "text": "Box Layout Modes: the display property",
      "url": "https://drafts.csswg.org/css-display-4/#the-display-properties"
    }
  },
  "#title": {
    "current": {
      "number": "",
      "spec": "CSS Display 4",
      "text": "CSS Display Module Level 4",
      "url": "https://drafts.csswg.org/css-display-4/#title"
    }
  },
  "#toc": {
    "current": {
      "number": "",
      "spec": "CSS Display 4",
      "text": "Table of Contents",
      "url": "https://drafts.csswg.org/css-display-4/#toc"
    }
  },
  "#transformations": {
    "current": {
      "number": "2.7",
      "spec": "CSS Display 4",
      "text": "Automatic Box Type Transformations",
      "url": "https://drafts.csswg.org/css-display-4/#transformations"
    }
  },
  "#unbox": {
    "current": {
      "number": "B",
      "spec": "CSS Display 4",
      "text": "Effects of display: contents on Unusual Elements",
      "url": "https://drafts.csswg.org/css-display-4/#unbox"
    }
  },
  "#unbox-html": {
    "current": {
      "number": "",
      "spec": "CSS Display 4",
      "text": "HTML Elements",
      "url": "https://drafts.csswg.org/css-display-4/#unbox-html"
    }
  },
  "#unbox-mathml": {
    "current": {
      "number": "",
      "spec": "CSS Display 4",
      "text": "MathML Elements",
      "url": "https://drafts.csswg.org/css-display-4/#unbox-mathml"
    }
  },
  "#unbox-svg": {
    "current": {
      "number": "",
      "spec": "CSS Display 4",
      "text": "SVG Elements",
      "url": "https://drafts.csswg.org/css-display-4/#unbox-svg"
    }
  },
  "#values": {
    "current": {
      "number": "1.2",
      "spec": "CSS Display 4",
      "text": "Value Definitions",
      "url": "https://drafts.csswg.org/css-display-4/#values"
    }
  },
  "#visibility": {
    "current": {
      "number": "5",
      "spec": "CSS Display 4",
      "text": "Invisibility: the visibility property",
      "url": "https://drafts.csswg.org/css-display-4/#visibility"
    }
  },
  "#w3c-conform-future-proofing": {
    "current": {
      "number": "",
      "spec": "CSS Display 4",
      "text": "Implementations of Unstable and Proprietary Features",
      "url": "https://drafts.csswg.org/css-display-4/#w3c-conform-future-proofing"
    }
  },
  "#w3c-conformance": {
    "current": {
      "number": "",
      "spec": "CSS Display 4",
      "text": "Conformance",
      "url": "https://drafts.csswg.org/css-display-4/#w3c-conformance"
    }
  },
  "#w3c-conformance-classes": {
    "current": {
      "number": "",
      "spec": "CSS Display 4",
      "text": "Conformance classes",
      "url": "https://drafts.csswg.org/css-display-4/#w3c-conformance-classes"
    }
  },
  "#w3c-conventions": {
    "current": {
      "number": "",
      "spec": "CSS Display 4",
      "text": "Document conventions",
      "url": "https://drafts.csswg.org/css-display-4/#w3c-conventions"
    }
  },
  "#w3c-partial": {
    "current": {
      "number": "",
      "spec": "CSS Display 4",
      "text": "Partial implementations",
      "url": "https://drafts.csswg.org/css-display-4/#w3c-partial"
    }
  },
  "#w3c-testing": {
    "current": {
      "number": "",
      "spec": "CSS Display 4",
      "text": "Non-experimental implementations",
      "url": "https://drafts.csswg.org/css-display-4/#w3c-testing"
    }
  }
}