{
  "#TSV-!": {
    "current": {
      "number": "7.2.2",
      "spec": "DNT",
      "text": "Under Construction (!)",
      "url": "https://w3c.github.io/dnt/drafts/tracking-dnt.html#TSV-!"
    }
  },
  "#TSV-%3F": {
    "current": {
      "number": "7.2.3",
      "spec": "DNT",
      "text": "Dynamic (?)",
      "url": "https://w3c.github.io/dnt/drafts/tracking-dnt.html#TSV-%3F"
    }
  },
  "#TSV-C": {
    "current": {
      "number": "7.2.7",
      "spec": "DNT",
      "text": "Consent (C)",
      "url": "https://w3c.github.io/dnt/drafts/tracking-dnt.html#TSV-C"
    }
  },
  "#TSV-D": {
    "current": {
      "number": "7.2.9",
      "spec": "DNT",
      "text": "Disregarding (D)",
      "url": "https://w3c.github.io/dnt/drafts/tracking-dnt.html#TSV-D"
    }
  },
  "#TSV-G": {
    "current": {
      "number": "7.2.4",
      "spec": "DNT",
      "text": "Gateway (G)",
      "url": "https://w3c.github.io/dnt/drafts/tracking-dnt.html#TSV-G"
    }
  },
  "#TSV-N": {
    "current": {
      "number": "7.2.5",
      "spec": "DNT",
      "text": "Not Tracking (N)",
      "url": "https://w3c.github.io/dnt/drafts/tracking-dnt.html#TSV-N"
    }
  },
  "#TSV-P": {
    "current": {
      "number": "7.2.8",
      "spec": "DNT",
      "text": "Potential Consent (P)",
      "url": "https://w3c.github.io/dnt/drafts/tracking-dnt.html#TSV-P"
    }
  },
  "#TSV-T": {
    "current": {
      "number": "7.2.6",
      "spec": "DNT",
      "text": "Tracking (T)",
      "url": "https://w3c.github.io/dnt/drafts/tracking-dnt.html#TSV-T"
    }
  },
  "#TSV-U": {
    "current": {
      "number": "7.2.10",
      "spec": "DNT",
      "text": "Updated (U)",
      "url": "https://w3c.github.io/dnt/drafts/tracking-dnt.html#TSV-U"
    }
  },
  "#TSV-defn": {
    "current": {
      "number": "7.2.1",
      "spec": "DNT",
      "text": "Definition",
      "url": "https://w3c.github.io/dnt/drafts/tracking-dnt.html#TSV-defn"
    }
  },
  "#TSV.extension": {
    "current": {
      "number": "7.2.11",
      "spec": "DNT",
      "text": "Extensions to the Tracking Status Value",
      "url": "https://w3c.github.io/dnt/drafts/tracking-dnt.html#TSV.extension"
    }
  },
  "#Tk-header-defn": {
    "current": {
      "number": "7.3.1",
      "spec": "DNT",
      "text": "Definition",
      "url": "https://w3c.github.io/dnt/drafts/tracking-dnt.html#Tk-header-defn"
    }
  },
  "#acks": {
    "current": {
      "number": "A",
      "spec": "DNT",
      "text": "Acknowledgements",
      "url": "https://w3c.github.io/dnt/drafts/tracking-dnt.html#acks"
    }
  },
  "#changes": {
    "current": {
      "number": "C",
      "spec": "DNT",
      "text": "Changes",
      "url": "https://w3c.github.io/dnt/drafts/tracking-dnt.html#changes"
    }
  },
  "#changes-CR1": {
    "current": {
      "number": "C.2",
      "spec": "DNT",
      "text": "Since First CR",
      "url": "https://w3c.github.io/dnt/drafts/tracking-dnt.html#changes-CR1"
    }
  },
  "#changes-CR2": {
    "current": {
      "number": "C.1",
      "spec": "DNT",
      "text": "Since Second CR",
      "url": "https://w3c.github.io/dnt/drafts/tracking-dnt.html#changes-CR2"
    }
  },
  "#determining": {
    "current": {
      "number": "4",
      "spec": "DNT",
      "text": "Determining User Preference",
      "url": "https://w3c.github.io/dnt/drafts/tracking-dnt.html#determining"
    }
  },
  "#dnt-extensions": {
    "current": {
      "number": "5.2.1",
      "spec": "DNT",
      "text": "Extensions to the DNT Field Value",
      "url": "https://w3c.github.io/dnt/drafts/tracking-dnt.html#dnt-extensions"
    }
  },
  "#dnt-header-field": {
    "current": {
      "number": "5.2",
      "spec": "DNT",
      "text": "DNT Header Field for HTTP Requests",
      "url": "https://w3c.github.io/dnt/drafts/tracking-dnt.html#dnt-header-field"
    }
  },
  "#exception-checking": {
    "current": {
      "number": "6.4",
      "spec": "DNT",
      "text": "Checking for an Exception",
      "url": "https://w3c.github.io/dnt/drafts/tracking-dnt.html#exception-checking"
    }
  },
  "#exception-granting": {
    "current": {
      "number": "6.3",
      "spec": "DNT",
      "text": "Granting an Exception",
      "url": "https://w3c.github.io/dnt/drafts/tracking-dnt.html#exception-granting"
    }
  },
  "#exception-javascript-api": {
    "current": {
      "number": "6.6",
      "spec": "DNT",
      "text": "Client-side Scripting API",
      "url": "https://w3c.github.io/dnt/drafts/tracking-dnt.html#exception-javascript-api"
    }
  },
  "#exception-javascript-api-cancel": {
    "current": {
      "number": "6.6.2",
      "spec": "DNT",
      "text": "API to Remove a Tracking Exception",
      "url": "https://w3c.github.io/dnt/drafts/tracking-dnt.html#exception-javascript-api-cancel"
    }
  },
  "#exception-javascript-api-confirm": {
    "current": {
      "number": "6.6.3",
      "spec": "DNT",
      "text": "API to Confirm a Tracking Exception",
      "url": "https://w3c.github.io/dnt/drafts/tracking-dnt.html#exception-javascript-api-confirm"
    }
  },
  "#exception-javascript-api-store": {
    "current": {
      "number": "6.6.1",
      "spec": "DNT",
      "text": "API to Store a Tracking Exception",
      "url": "https://w3c.github.io/dnt/drafts/tracking-dnt.html#exception-javascript-api-store"
    }
  },
  "#exception-management": {
    "current": {
      "number": "6.7",
      "spec": "DNT",
      "text": "User Agent Management of Exceptions",
      "url": "https://w3c.github.io/dnt/drafts/tracking-dnt.html#exception-management"
    }
  },
  "#exception-overview": {
    "current": {
      "number": "6.1",
      "spec": "DNT",
      "text": "Overview",
      "url": "https://w3c.github.io/dnt/drafts/tracking-dnt.html#exception-overview"
    }
  },
  "#exception-revoking": {
    "current": {
      "number": "6.5",
      "spec": "DNT",
      "text": "Revoking an Exception",
      "url": "https://w3c.github.io/dnt/drafts/tracking-dnt.html#exception-revoking"
    }
  },
  "#exception-scope": {
    "current": {
      "number": "6.2",
      "spec": "DNT",
      "text": "Site-specific or Web-wide",
      "url": "https://w3c.github.io/dnt/drafts/tracking-dnt.html#exception-scope"
    }
  },
  "#exceptions": {
    "current": {
      "number": "6",
      "spec": "DNT",
      "text": "User-Granted Exceptions",
      "url": "https://w3c.github.io/dnt/drafts/tracking-dnt.html#exceptions"
    }
  },
  "#expressing": {
    "current": {
      "number": "5",
      "spec": "DNT",
      "text": "Expressing a Tracking Preference",
      "url": "https://w3c.github.io/dnt/drafts/tracking-dnt.html#expressing"
    }
  },
  "#expression-format": {
    "current": {
      "number": "5.1",
      "spec": "DNT",
      "text": "Expression Format",
      "url": "https://w3c.github.io/dnt/drafts/tracking-dnt.html#expression-format"
    }
  },
  "#informative-references": {
    "current": {
      "number": "D.2",
      "spec": "DNT",
      "text": "Informative references",
      "url": "https://w3c.github.io/dnt/drafts/tracking-dnt.html#informative-references"
    }
  },
  "#interactive-status-change": {
    "current": {
      "number": "7.3.3",
      "spec": "DNT",
      "text": "Indicating an Interactive Status Change",
      "url": "https://w3c.github.io/dnt/drafts/tracking-dnt.html#interactive-status-change"
    }
  },
  "#introduction": {
    "current": {
      "number": "1",
      "spec": "DNT",
      "text": "Introduction",
      "url": "https://w3c.github.io/dnt/drafts/tracking-dnt.html#introduction"
    }
  },
  "#js-dom": {
    "current": {
      "number": "5.3",
      "spec": "DNT",
      "text": "JavaScript Property to Detect Preference",
      "url": "https://w3c.github.io/dnt/drafts/tracking-dnt.html#js-dom"
    }
  },
  "#normative-references": {
    "current": {
      "number": "D.1",
      "spec": "DNT",
      "text": "Normative references",
      "url": "https://w3c.github.io/dnt/drafts/tracking-dnt.html#normative-references"
    }
  },
  "#notation": {
    "current": {
      "number": "3.2",
      "spec": "DNT",
      "text": "Formal Syntax",
      "url": "https://w3c.github.io/dnt/drafts/tracking-dnt.html#notation"
    }
  },
  "#notational": {
    "current": {
      "number": "3",
      "spec": "DNT",
      "text": "Notational Conventions",
      "url": "https://w3c.github.io/dnt/drafts/tracking-dnt.html#notational"
    }
  },
  "#other-protocols": {
    "current": {
      "number": "5.4",
      "spec": "DNT",
      "text": "Tracking Preference Expressed in Other Protocols",
      "url": "https://w3c.github.io/dnt/drafts/tracking-dnt.html#other-protocols"
    }
  },
  "#privacy": {
    "current": {
      "number": "",
      "spec": "DNT",
      "text": "10. Privacy Considerations",
      "url": "https://w3c.github.io/dnt/drafts/tracking-dnt.html#privacy"
    }
  },
  "#privacy.fingerprinting": {
    "current": {
      "number": "10.2",
      "spec": "DNT",
      "text": "Fingerprinting",
      "url": "https://w3c.github.io/dnt/drafts/tracking-dnt.html#privacy.fingerprinting"
    }
  },
  "#privacy.history": {
    "current": {
      "number": "10.3",
      "spec": "DNT",
      "text": "Stored Exceptions are Stored History",
      "url": "https://w3c.github.io/dnt/drafts/tracking-dnt.html#privacy.history"
    }
  },
  "#privacy.not-preconfigured": {
    "current": {
      "number": "10.1",
      "spec": "DNT",
      "text": "Why DNT:1 is Not Preconfigured by Default",
      "url": "https://w3c.github.io/dnt/drafts/tracking-dnt.html#privacy.not-preconfigured"
    }
  },
  "#references": {
    "current": {
      "number": "D",
      "spec": "DNT",
      "text": "References",
      "url": "https://w3c.github.io/dnt/drafts/tracking-dnt.html#references"
    }
  },
  "#referring-status-id": {
    "current": {
      "number": "7.3.2",
      "spec": "DNT",
      "text": "Referring to a Request-specific Tracking Status Resource",
      "url": "https://w3c.github.io/dnt/drafts/tracking-dnt.html#referring-status-id"
    }
  },
  "#reg.DNT": {
    "current": {
      "number": "B.2",
      "spec": "DNT",
      "text": "Registration of DNT Header Field",
      "url": "https://w3c.github.io/dnt/drafts/tracking-dnt.html#reg.DNT"
    }
  },
  "#reg.Tk": {
    "current": {
      "number": "B.3",
      "spec": "DNT",
      "text": "Registration of Tk Header Field",
      "url": "https://w3c.github.io/dnt/drafts/tracking-dnt.html#reg.Tk"
    }
  },
  "#reg.tracking-status.json": {
    "current": {
      "number": "B.1",
      "spec": "DNT",
      "text": "Registration of application/tracking-status+json",
      "url": "https://w3c.github.io/dnt/drafts/tracking-dnt.html#reg.tracking-status.json"
    }
  },
  "#reg.well-known.dnt": {
    "current": {
      "number": "B.4",
      "spec": "DNT",
      "text": "Registration of URI /.well-known/dnt",
      "url": "https://w3c.github.io/dnt/drafts/tracking-dnt.html#reg.well-known.dnt"
    }
  },
  "#registrations": {
    "current": {
      "number": "B",
      "spec": "DNT",
      "text": "Registrations",
      "url": "https://w3c.github.io/dnt/drafts/tracking-dnt.html#registrations"
    }
  },
  "#rep.audit": {
    "current": {
      "number": "7.5.7",
      "spec": "DNT",
      "text": "Audit Property",
      "url": "https://w3c.github.io/dnt/drafts/tracking-dnt.html#rep.audit"
    }
  },
  "#rep.compliance": {
    "current": {
      "number": "7.5.3",
      "spec": "DNT",
      "text": "Compliance Property",
      "url": "https://w3c.github.io/dnt/drafts/tracking-dnt.html#rep.compliance"
    }
  },
  "#rep.config": {
    "current": {
      "number": "7.5.9",
      "spec": "DNT",
      "text": "Config Property",
      "url": "https://w3c.github.io/dnt/drafts/tracking-dnt.html#rep.config"
    }
  },
  "#rep.controller": {
    "current": {
      "number": "7.5.5",
      "spec": "DNT",
      "text": "Controller Property",
      "url": "https://w3c.github.io/dnt/drafts/tracking-dnt.html#rep.controller"
    }
  },
  "#rep.extension": {
    "current": {
      "number": "7.5.10",
      "spec": "DNT",
      "text": "Extensions to the Status Object",
      "url": "https://w3c.github.io/dnt/drafts/tracking-dnt.html#rep.extension"
    }
  },
  "#rep.policy": {
    "current": {
      "number": "7.5.8",
      "spec": "DNT",
      "text": "Policy Property",
      "url": "https://w3c.github.io/dnt/drafts/tracking-dnt.html#rep.policy"
    }
  },
  "#rep.qualifiers": {
    "current": {
      "number": "7.5.4",
      "spec": "DNT",
      "text": "Qualifiers Property",
      "url": "https://w3c.github.io/dnt/drafts/tracking-dnt.html#rep.qualifiers"
    }
  },
  "#rep.same-party": {
    "current": {
      "number": "7.5.6",
      "spec": "DNT",
      "text": "Same-party Property",
      "url": "https://w3c.github.io/dnt/drafts/tracking-dnt.html#rep.same-party"
    }
  },
  "#rep.status-object": {
    "current": {
      "number": "7.5.1",
      "spec": "DNT",
      "text": "Status Object",
      "url": "https://w3c.github.io/dnt/drafts/tracking-dnt.html#rep.status-object"
    }
  },
  "#rep.tracking": {
    "current": {
      "number": "7.5.2",
      "spec": "DNT",
      "text": "Tracking Property",
      "url": "https://w3c.github.io/dnt/drafts/tracking-dnt.html#rep.tracking"
    }
  },
  "#request-specific-status-resource": {
    "current": {
      "number": "7.4.2",
      "spec": "DNT",
      "text": "Request-specific Tracking Status",
      "url": "https://w3c.github.io/dnt/drafts/tracking-dnt.html#request-specific-status-resource"
    }
  },
  "#requirements": {
    "current": {
      "number": "3.1",
      "spec": "DNT",
      "text": "Requirements",
      "url": "https://w3c.github.io/dnt/drafts/tracking-dnt.html#requirements"
    }
  },
  "#responding": {
    "current": {
      "number": "7",
      "spec": "DNT",
      "text": "Communicating a Tracking Status",
      "url": "https://w3c.github.io/dnt/drafts/tracking-dnt.html#responding"
    }
  },
  "#response-error": {
    "current": {
      "number": "7.6",
      "spec": "DNT",
      "text": "Status Code for Tracking Required",
      "url": "https://w3c.github.io/dnt/drafts/tracking-dnt.html#response-error"
    }
  },
  "#response-header-field": {
    "current": {
      "number": "7.3",
      "spec": "DNT",
      "text": "Tk Header Field for HTTP Responses",
      "url": "https://w3c.github.io/dnt/drafts/tracking-dnt.html#response-header-field"
    }
  },
  "#response-overview": {
    "current": {
      "number": "7.1",
      "spec": "DNT",
      "text": "Overview",
      "url": "https://w3c.github.io/dnt/drafts/tracking-dnt.html#response-overview"
    }
  },
  "#security": {
    "current": {
      "number": "9",
      "spec": "DNT",
      "text": "Security Considerations",
      "url": "https://w3c.github.io/dnt/drafts/tracking-dnt.html#security"
    }
  },
  "#site-wide-status-resource": {
    "current": {
      "number": "7.4.1",
      "spec": "DNT",
      "text": "Site-wide Tracking Status",
      "url": "https://w3c.github.io/dnt/drafts/tracking-dnt.html#site-wide-status-resource"
    }
  },
  "#status-caching": {
    "current": {
      "number": "7.4.4",
      "spec": "DNT",
      "text": "Caching",
      "url": "https://w3c.github.io/dnt/drafts/tracking-dnt.html#status-caching"
    }
  },
  "#status-checks-not-tracked": {
    "current": {
      "number": "7.4.3",
      "spec": "DNT",
      "text": "Status Checks are Not Tracked",
      "url": "https://w3c.github.io/dnt/drafts/tracking-dnt.html#status-checks-not-tracked"
    }
  },
  "#status-representation": {
    "current": {
      "number": "7.5",
      "spec": "DNT",
      "text": "Tracking Status Representation",
      "url": "https://w3c.github.io/dnt/drafts/tracking-dnt.html#status-representation"
    }
  },
  "#status-resource": {
    "current": {
      "number": "7.4",
      "spec": "DNT",
      "text": "Tracking Status Resource",
      "url": "https://w3c.github.io/dnt/drafts/tracking-dnt.html#status-resource"
    }
  },
  "#terminology": {
    "current": {
      "number": "2",
      "spec": "DNT",
      "text": "Terminology",
      "url": "https://w3c.github.io/dnt/drafts/tracking-dnt.html#terminology"
    }
  },
  "#terminology.activity": {
    "current": {
      "number": "2.3",
      "spec": "DNT",
      "text": "Activity",
      "url": "https://w3c.github.io/dnt/drafts/tracking-dnt.html#terminology.activity"
    }
  },
  "#terminology.data": {
    "current": {
      "number": "2.5",
      "spec": "DNT",
      "text": "Data",
      "url": "https://w3c.github.io/dnt/drafts/tracking-dnt.html#terminology.data"
    }
  },
  "#terminology.html": {
    "current": {
      "number": "2.2",
      "spec": "DNT",
      "text": "HTML",
      "url": "https://w3c.github.io/dnt/drafts/tracking-dnt.html#terminology.html"
    }
  },
  "#terminology.http": {
    "current": {
      "number": "2.1",
      "spec": "DNT",
      "text": "HTTP",
      "url": "https://w3c.github.io/dnt/drafts/tracking-dnt.html#terminology.http"
    }
  },
  "#terminology.participants": {
    "current": {
      "number": "2.4",
      "spec": "DNT",
      "text": "Participants",
      "url": "https://w3c.github.io/dnt/drafts/tracking-dnt.html#terminology.participants"
    }
  },
  "#title": {
    "current": {
      "number": "",
      "spec": "DNT",
      "text": "Tracking Preference Expression (DNT)",
      "url": "https://w3c.github.io/dnt/drafts/tracking-dnt.html#title"
    }
  },
  "#toc": {
    "current": {
      "number": "",
      "spec": "DNT",
      "text": "Table of Contents",
      "url": "https://w3c.github.io/dnt/drafts/tracking-dnt.html#toc"
    }
  },
  "#tracking-status-value": {
    "current": {
      "number": "7.2",
      "spec": "DNT",
      "text": "Tracking Status Value",
      "url": "https://w3c.github.io/dnt/drafts/tracking-dnt.html#tracking-status-value"
    }
  },
  "#use-cases": {
    "current": {
      "number": "8",
      "spec": "DNT",
      "text": "Use Cases",
      "url": "https://w3c.github.io/dnt/drafts/tracking-dnt.html#use-cases"
    }
  },
  "#using-deployment": {
    "current": {
      "number": "8.1",
      "spec": "DNT",
      "text": "Discovering Deployment",
      "url": "https://w3c.github.io/dnt/drafts/tracking-dnt.html#using-deployment"
    }
  },
  "#using-preflight": {
    "current": {
      "number": "8.2",
      "spec": "DNT",
      "text": "Preflight Checks",
      "url": "https://w3c.github.io/dnt/drafts/tracking-dnt.html#using-preflight"
    }
  }
}