{
  "#API": {
    "current": {
      "number": "2",
      "spec": "WebOTP API",
      "text": "Client Side API",
      "url": "https://wicg.github.io/web-otp/#API"
    }
  },
  "#CredentialRequestOptions": {
    "current": {
      "number": "2.2",
      "spec": "WebOTP API",
      "text": "CredentialRequestOptions",
      "url": "https://wicg.github.io/web-otp/#CredentialRequestOptions"
    }
  },
  "#OTPCredential": {
    "current": {
      "number": "2.1",
      "spec": "WebOTP API",
      "text": "The OTPCredential Interface",
      "url": "https://wicg.github.io/web-otp/#OTPCredential"
    }
  },
  "#OTPCredentialRequestOptions": {
    "current": {
      "number": "2.3",
      "spec": "WebOTP API",
      "text": "OTPCredentialRequestOptions",
      "url": "https://wicg.github.io/web-otp/#OTPCredentialRequestOptions"
    }
  },
  "#abstract": {
    "current": {
      "number": "",
      "spec": "WebOTP API",
      "text": "Abstract",
      "url": "https://wicg.github.io/web-otp/#abstract"
    }
  },
  "#acknowledgements": {
    "current": {
      "number": "6",
      "spec": "WebOTP API",
      "text": "Acknowledgements",
      "url": "https://wicg.github.io/web-otp/#acknowledgements"
    }
  },
  "#enum-transport": {
    "current": {
      "number": "2.4",
      "spec": "WebOTP API",
      "text": "OTPCredentialTransportType",
      "url": "https://wicg.github.io/web-otp/#enum-transport"
    }
  },
  "#idl-index": {
    "current": {
      "number": "",
      "spec": "WebOTP API",
      "text": "IDL Index",
      "url": "https://wicg.github.io/web-otp/#idl-index"
    }
  },
  "#index": {
    "current": {
      "number": "",
      "spec": "WebOTP API",
      "text": "Index",
      "url": "https://wicg.github.io/web-otp/#index"
    }
  },
  "#index-defined-elsewhere": {
    "current": {
      "number": "",
      "spec": "WebOTP API",
      "text": "Terms defined by reference",
      "url": "https://wicg.github.io/web-otp/#index-defined-elsewhere"
    }
  },
  "#index-defined-here": {
    "current": {
      "number": "",
      "spec": "WebOTP API",
      "text": "Terms defined by this specification",
      "url": "https://wicg.github.io/web-otp/#index-defined-here"
    }
  },
  "#informative": {
    "current": {
      "number": "",
      "spec": "WebOTP API",
      "text": "Informative References",
      "url": "https://wicg.github.io/web-otp/#informative"
    }
  },
  "#intro": {
    "current": {
      "number": "1",
      "spec": "WebOTP API",
      "text": "Introduction",
      "url": "https://wicg.github.io/web-otp/#intro"
    }
  },
  "#intro-abort": {
    "current": {
      "number": "1.5",
      "spec": "WebOTP API",
      "text": "Abort API",
      "url": "https://wicg.github.io/web-otp/#intro-abort"
    }
  },
  "#intro-client": {
    "current": {
      "number": "1.1",
      "spec": "WebOTP API",
      "text": "The client side API",
      "url": "https://wicg.github.io/web-otp/#intro-client"
    }
  },
  "#intro-feature-detection": {
    "current": {
      "number": "1.3",
      "spec": "WebOTP API",
      "text": "Feature Detection",
      "url": "https://wicg.github.io/web-otp/#intro-feature-detection"
    }
  },
  "#intro-server": {
    "current": {
      "number": "1.2",
      "spec": "WebOTP API",
      "text": "The server side API",
      "url": "https://wicg.github.io/web-otp/#intro-server"
    }
  },
  "#intro-wc": {
    "current": {
      "number": "1.4",
      "spec": "WebOTP API",
      "text": "Web Components",
      "url": "https://wicg.github.io/web-otp/#intro-wc"
    }
  },
  "#normative": {
    "current": {
      "number": "",
      "spec": "WebOTP API",
      "text": "Normative References",
      "url": "https://wicg.github.io/web-otp/#normative"
    }
  },
  "#privacy": {
    "current": {
      "number": "5",
      "spec": "WebOTP API",
      "text": "Privacy",
      "url": "https://wicg.github.io/web-otp/#privacy"
    }
  },
  "#references": {
    "current": {
      "number": "",
      "spec": "WebOTP API",
      "text": "References",
      "url": "https://wicg.github.io/web-otp/#references"
    }
  },
  "#sctn-discover-from-external-source": {
    "current": {
      "number": "2.1.1",
      "spec": "WebOTP API",
      "text": "The [[DiscoverFromExternalSource]](origin, options, sameOriginWithAncestors) Method",
      "url": "https://wicg.github.io/web-otp/#sctn-discover-from-external-source"
    }
  },
  "#sctn-iframe-guidance": {
    "current": {
      "number": "2.6",
      "spec": "WebOTP API",
      "text": "Using WebOTP within iframe elements",
      "url": "https://wicg.github.io/web-otp/#sctn-iframe-guidance"
    }
  },
  "#sctn-permissions-policy": {
    "current": {
      "number": "2.5",
      "spec": "WebOTP API",
      "text": "Permissions Policy integration",
      "url": "https://wicg.github.io/web-otp/#sctn-permissions-policy"
    }
  },
  "#sctn-seccons-visibility": {
    "current": {
      "number": "4.4",
      "spec": "WebOTP API",
      "text": "Visibility Considerations for Embedded Usage",
      "url": "https://wicg.github.io/web-otp/#sctn-seccons-visibility"
    }
  },
  "#security": {
    "current": {
      "number": "4",
      "spec": "WebOTP API",
      "text": "Security",
      "url": "https://wicg.github.io/web-otp/#security"
    }
  },
  "#security-addressing": {
    "current": {
      "number": "4.2",
      "spec": "WebOTP API",
      "text": "Addressing",
      "url": "https://wicg.github.io/web-otp/#security-addressing"
    }
  },
  "#security-availability": {
    "current": {
      "number": "4.1",
      "spec": "WebOTP API",
      "text": "Availability",
      "url": "https://wicg.github.io/web-otp/#security-availability"
    }
  },
  "#security-tampering": {
    "current": {
      "number": "4.3",
      "spec": "WebOTP API",
      "text": "Tampering",
      "url": "https://wicg.github.io/web-otp/#security-tampering"
    }
  },
  "#status": {
    "current": {
      "number": "",
      "spec": "WebOTP API",
      "text": "Status of this document",
      "url": "https://wicg.github.io/web-otp/#status"
    }
  },
  "#subtitle": {
    "current": {
      "number": "",
      "spec": "WebOTP API",
      "text": "Draft Community Group Report, 13 April 2021",
      "url": "https://wicg.github.io/web-otp/#subtitle"
    }
  },
  "#title": {
    "current": {
      "number": "",
      "spec": "WebOTP API",
      "text": "WebOTP API",
      "url": "https://wicg.github.io/web-otp/#title"
    }
  },
  "#toc": {
    "current": {
      "number": "",
      "spec": "WebOTP API",
      "text": "Table of Contents",
      "url": "https://wicg.github.io/web-otp/#toc"
    }
  },
  "#transports": {
    "current": {
      "number": "3",
      "spec": "WebOTP API",
      "text": "Transports",
      "url": "https://wicg.github.io/web-otp/#transports"
    }
  },
  "#transports-sms": {
    "current": {
      "number": "3.1",
      "spec": "WebOTP API",
      "text": "SMS",
      "url": "https://wicg.github.io/web-otp/#transports-sms"
    }
  },
  "#w3c-conformance": {
    "current": {
      "number": "",
      "spec": "WebOTP API",
      "text": "Conformance",
      "url": "https://wicg.github.io/web-otp/#w3c-conformance"
    }
  },
  "#w3c-conformant-algorithms": {
    "current": {
      "number": "",
      "spec": "WebOTP API",
      "text": "Conformant Algorithms",
      "url": "https://wicg.github.io/web-otp/#w3c-conformant-algorithms"
    }
  },
  "#w3c-conventions": {
    "current": {
      "number": "",
      "spec": "WebOTP API",
      "text": "Document conventions",
      "url": "https://wicg.github.io/web-otp/#w3c-conventions"
    }
  }
}