{
  "#abstract": {
    "current": {
      "number": "",
      "spec": "Custom State Pseudo Class",
      "text": "Abstract",
      "url": "https://wicg.github.io/custom-state-pseudo-class/#abstract"
    }
  },
  "#exposing": {
    "current": {
      "number": "2",
      "spec": "Custom State Pseudo Class",
      "text": "Exposing custom element states",
      "url": "https://wicg.github.io/custom-state-pseudo-class/#exposing"
    }
  },
  "#idl-index": {
    "current": {
      "number": "",
      "spec": "Custom State Pseudo Class",
      "text": "IDL Index",
      "url": "https://wicg.github.io/custom-state-pseudo-class/#idl-index"
    }
  },
  "#index": {
    "current": {
      "number": "",
      "spec": "Custom State Pseudo Class",
      "text": "Index",
      "url": "https://wicg.github.io/custom-state-pseudo-class/#index"
    }
  },
  "#index-defined-elsewhere": {
    "current": {
      "number": "",
      "spec": "Custom State Pseudo Class",
      "text": "Terms defined by reference",
      "url": "https://wicg.github.io/custom-state-pseudo-class/#index-defined-elsewhere"
    }
  },
  "#index-defined-here": {
    "current": {
      "number": "",
      "spec": "Custom State Pseudo Class",
      "text": "Terms defined by this specification",
      "url": "https://wicg.github.io/custom-state-pseudo-class/#index-defined-here"
    }
  },
  "#introduction": {
    "current": {
      "number": "1",
      "spec": "Custom State Pseudo Class",
      "text": "Introduction",
      "url": "https://wicg.github.io/custom-state-pseudo-class/#introduction"
    }
  },
  "#issues-index": {
    "current": {
      "number": "",
      "spec": "Custom State Pseudo Class",
      "text": "Issues Index",
      "url": "https://wicg.github.io/custom-state-pseudo-class/#issues-index"
    }
  },
  "#motivation": {
    "current": {
      "number": "1.1",
      "spec": "Custom State Pseudo Class",
      "text": "Motivation",
      "url": "https://wicg.github.io/custom-state-pseudo-class/#motivation"
    }
  },
  "#normative": {
    "current": {
      "number": "",
      "spec": "Custom State Pseudo Class",
      "text": "Normative References",
      "url": "https://wicg.github.io/custom-state-pseudo-class/#normative"
    }
  },
  "#references": {
    "current": {
      "number": "",
      "spec": "Custom State Pseudo Class",
      "text": "References",
      "url": "https://wicg.github.io/custom-state-pseudo-class/#references"
    }
  },
  "#selecting": {
    "current": {
      "number": "3",
      "spec": "Custom State Pseudo Class",
      "text": "Selecting a custom element with a specific state",
      "url": "https://wicg.github.io/custom-state-pseudo-class/#selecting"
    }
  },
  "#solution": {
    "current": {
      "number": "1.2",
      "spec": "Custom State Pseudo Class",
      "text": "Solution",
      "url": "https://wicg.github.io/custom-state-pseudo-class/#solution"
    }
  },
  "#status": {
    "current": {
      "number": "",
      "spec": "Custom State Pseudo Class",
      "text": "Status of this document",
      "url": "https://wicg.github.io/custom-state-pseudo-class/#status"
    }
  },
  "#subtitle": {
    "current": {
      "number": "",
      "spec": "Custom State Pseudo Class",
      "text": "Draft Community Group Report, 18 January 2021",
      "url": "https://wicg.github.io/custom-state-pseudo-class/#subtitle"
    }
  },
  "#title": {
    "current": {
      "number": "",
      "spec": "Custom State Pseudo Class",
      "text": "Custom State Pseudo Class",
      "url": "https://wicg.github.io/custom-state-pseudo-class/#title"
    }
  },
  "#toc": {
    "current": {
      "number": "",
      "spec": "Custom State Pseudo Class",
      "text": "Table of Contents",
      "url": "https://wicg.github.io/custom-state-pseudo-class/#toc"
    }
  },
  "#w3c-conformance": {
    "current": {
      "number": "",
      "spec": "Custom State Pseudo Class",
      "text": "Conformance",
      "url": "https://wicg.github.io/custom-state-pseudo-class/#w3c-conformance"
    }
  },
  "#w3c-conformant-algorithms": {
    "current": {
      "number": "",
      "spec": "Custom State Pseudo Class",
      "text": "Conformant Algorithms",
      "url": "https://wicg.github.io/custom-state-pseudo-class/#w3c-conformant-algorithms"
    }
  },
  "#w3c-conventions": {
    "current": {
      "number": "",
      "spec": "Custom State Pseudo Class",
      "text": "Document conventions",
      "url": "https://wicg.github.io/custom-state-pseudo-class/#w3c-conventions"
    }
  }
}