{
  "#abstract": {
    "snapshot": {
      "number": "",
      "spec": "Identity for WebRTC 1.0",
      "text": "Abstract",
      "url": "https://www.w3.org/TR/webrtc-identity/#abstract"
    }
  },
  "#acknowledgements": {
    "current": {
      "number": "A",
      "spec": "Identity for WebRTC 1.0",
      "text": "Acknowledgements",
      "url": "https://w3c.github.io/webrtc-identity/#acknowledgements"
    },
    "snapshot": {
      "number": "A",
      "spec": "Identity for WebRTC 1.0",
      "text": "Acknowledgements",
      "url": "https://www.w3.org/TR/webrtc-identity/#acknowledgements"
    }
  },
  "#attributes": {
    "current": {
      "number": "10.1",
      "spec": "Identity for WebRTC 1.0",
      "text": "Attributes",
      "url": "https://w3c.github.io/webrtc-identity/#attributes"
    },
    "snapshot": {
      "number": "",
      "spec": "Identity for WebRTC 1.0",
      "text": "Attributes",
      "url": "https://www.w3.org/TR/webrtc-identity/#attributes"
    }
  },
  "#attributes-0": {
    "current": {
      "number": "",
      "spec": "Identity for WebRTC 1.0",
      "text": "Attributes",
      "url": "https://w3c.github.io/webrtc-identity/#attributes-0"
    },
    "snapshot": {
      "number": "",
      "spec": "Identity for WebRTC 1.0",
      "text": "Attributes",
      "url": "https://www.w3.org/TR/webrtc-identity/#attributes-0"
    }
  },
  "#attributes-1": {
    "current": {
      "number": "",
      "spec": "Identity for WebRTC 1.0",
      "text": "Attributes",
      "url": "https://w3c.github.io/webrtc-identity/#attributes-1"
    },
    "snapshot": {
      "number": "",
      "spec": "Identity for WebRTC 1.0",
      "text": "Attributes",
      "url": "https://www.w3.org/TR/webrtc-identity/#attributes-1"
    }
  },
  "#attributes-2": {
    "current": {
      "number": "",
      "spec": "Identity for WebRTC 1.0",
      "text": "Attributes",
      "url": "https://w3c.github.io/webrtc-identity/#attributes-2"
    }
  },
  "#callback-generateassertioncallback-parameters": {
    "current": {
      "number": "",
      "spec": "Identity for WebRTC 1.0",
      "text": "Callback GenerateAssertionCallback Parameters",
      "url": "https://w3c.github.io/webrtc-identity/#callback-generateassertioncallback-parameters"
    },
    "snapshot": {
      "number": "",
      "spec": "Identity for WebRTC 1.0",
      "text": "Callback GenerateAssertionCallback Parameters",
      "url": "https://www.w3.org/TR/webrtc-identity/#callback-generateassertioncallback-parameters"
    }
  },
  "#callback-validateassertioncallback-parameters": {
    "current": {
      "number": "",
      "spec": "Identity for WebRTC 1.0",
      "text": "Callback ValidateAssertionCallback Parameters",
      "url": "https://w3c.github.io/webrtc-identity/#callback-validateassertioncallback-parameters"
    },
    "snapshot": {
      "number": "",
      "spec": "Identity for WebRTC 1.0",
      "text": "Callback ValidateAssertionCallback Parameters",
      "url": "https://www.w3.org/TR/webrtc-identity/#callback-validateassertioncallback-parameters"
    }
  },
  "#change-log": {
    "current": {
      "number": "",
      "spec": "Identity for WebRTC 1.0",
      "text": "15. Change Log",
      "url": "https://w3c.github.io/webrtc-identity/#change-log"
    },
    "snapshot": {
      "number": "",
      "spec": "Identity for WebRTC 1.0",
      "text": "12. Change Log",
      "url": "https://www.w3.org/TR/webrtc-identity/#change-log"
    }
  },
  "#changes-since-june-21-2018": {
    "current": {
      "number": "",
      "spec": "Identity for WebRTC 1.0",
      "text": "Changes since June 21, 2018",
      "url": "https://w3c.github.io/webrtc-identity/#changes-since-june-21-2018"
    },
    "snapshot": {
      "number": "",
      "spec": "Identity for WebRTC 1.0",
      "text": "Changes since June 21, 2018",
      "url": "https://www.w3.org/TR/webrtc-identity/#changes-since-june-21-2018"
    }
  },
  "#confidentiality-of-communications": {
    "current": {
      "number": "14.2",
      "spec": "Identity for WebRTC 1.0",
      "text": "Confidentiality of Communications",
      "url": "https://w3c.github.io/webrtc-identity/#confidentiality-of-communications"
    }
  },
  "#conformance": {
    "current": {
      "number": "2",
      "spec": "Identity for WebRTC 1.0",
      "text": "Conformance",
      "url": "https://w3c.github.io/webrtc-identity/#conformance"
    },
    "snapshot": {
      "number": "2",
      "spec": "Identity for WebRTC 1.0",
      "text": "Conformance",
      "url": "https://www.w3.org/TR/webrtc-identity/#conformance"
    }
  },
  "#creating-an-answer": {
    "current": {
      "number": "9.6",
      "spec": "Identity for WebRTC 1.0",
      "text": "Creating an Answer",
      "url": "https://w3c.github.io/webrtc-identity/#creating-an-answer"
    }
  },
  "#creating-an-offer": {
    "current": {
      "number": "9.5",
      "spec": "Identity for WebRTC 1.0",
      "text": "Creating an Offer",
      "url": "https://w3c.github.io/webrtc-identity/#creating-an-offer"
    }
  },
  "#dictionary-mediastreamconstraints-members": {
    "current": {
      "number": "",
      "spec": "Identity for WebRTC 1.0",
      "text": "Dictionary MediaStreamConstraints Members",
      "url": "https://w3c.github.io/webrtc-identity/#dictionary-mediastreamconstraints-members"
    },
    "snapshot": {
      "number": "",
      "spec": "Identity for WebRTC 1.0",
      "text": "Dictionary MediaStreamConstraints Members",
      "url": "https://www.w3.org/TR/webrtc-identity/#dictionary-mediastreamconstraints-members"
    }
  },
  "#dictionary-rtcconfiguration-members": {
    "current": {
      "number": "",
      "spec": "Identity for WebRTC 1.0",
      "text": "Dictionary RTCConfiguration Members",
      "url": "https://w3c.github.io/webrtc-identity/#dictionary-rtcconfiguration-members"
    }
  },
  "#dictionary-rtcerror-members": {
    "current": {
      "number": "10.2",
      "spec": "Identity for WebRTC 1.0",
      "text": "Dictionary RTCError Members",
      "url": "https://w3c.github.io/webrtc-identity/#dictionary-rtcerror-members"
    }
  },
  "#dictionary-rtcidentityassertionresult-members": {
    "current": {
      "number": "",
      "spec": "Identity for WebRTC 1.0",
      "text": "Dictionary RTCIdentityAssertionResult Members",
      "url": "https://w3c.github.io/webrtc-identity/#dictionary-rtcidentityassertionresult-members"
    },
    "snapshot": {
      "number": "",
      "spec": "Identity for WebRTC 1.0",
      "text": "Dictionary RTCIdentityAssertionResult Members",
      "url": "https://www.w3.org/TR/webrtc-identity/#dictionary-rtcidentityassertionresult-members"
    }
  },
  "#dictionary-rtcidentityprovider-members": {
    "current": {
      "number": "",
      "spec": "Identity for WebRTC 1.0",
      "text": "Dictionary RTCIdentityProvider Members",
      "url": "https://w3c.github.io/webrtc-identity/#dictionary-rtcidentityprovider-members"
    },
    "snapshot": {
      "number": "",
      "spec": "Identity for WebRTC 1.0",
      "text": "Dictionary RTCIdentityProvider Members",
      "url": "https://www.w3.org/TR/webrtc-identity/#dictionary-rtcidentityprovider-members"
    }
  },
  "#dictionary-rtcidentityproviderdetails-members": {
    "current": {
      "number": "",
      "spec": "Identity for WebRTC 1.0",
      "text": "Dictionary RTCIdentityProviderDetails Members",
      "url": "https://w3c.github.io/webrtc-identity/#dictionary-rtcidentityproviderdetails-members"
    },
    "snapshot": {
      "number": "",
      "spec": "Identity for WebRTC 1.0",
      "text": "Dictionary RTCIdentityProviderDetails Members",
      "url": "https://www.w3.org/TR/webrtc-identity/#dictionary-rtcidentityproviderdetails-members"
    }
  },
  "#dictionary-rtcidentityvalidationresult-members": {
    "current": {
      "number": "",
      "spec": "Identity for WebRTC 1.0",
      "text": "Dictionary RTCIdentityValidationResult Members",
      "url": "https://w3c.github.io/webrtc-identity/#dictionary-rtcidentityvalidationresult-members"
    },
    "snapshot": {
      "number": "",
      "spec": "Identity for WebRTC 1.0",
      "text": "Dictionary RTCIdentityValidationResult Members",
      "url": "https://www.w3.org/TR/webrtc-identity/#dictionary-rtcidentityvalidationresult-members"
    }
  },
  "#event-summary": {
    "current": {
      "number": "",
      "spec": "Identity for WebRTC 1.0",
      "text": "13. Event summary",
      "url": "https://w3c.github.io/webrtc-identity/#event-summary"
    }
  },
  "#identity-assertion-and-validation-results": {
    "current": {
      "number": "5.2",
      "spec": "Identity for WebRTC 1.0",
      "text": "Identity Assertion and Validation Results",
      "url": "https://w3c.github.io/webrtc-identity/#identity-assertion-and-validation-results"
    },
    "snapshot": {
      "number": "5.2",
      "spec": "Identity for WebRTC 1.0",
      "text": "Identity Assertion and Validation Results",
      "url": "https://www.w3.org/TR/webrtc-identity/#identity-assertion-and-validation-results"
    }
  },
  "#identity-examples": {
    "current": {
      "number": "",
      "spec": "Identity for WebRTC 1.0",
      "text": "12. Identity Examples",
      "url": "https://w3c.github.io/webrtc-identity/#identity-examples"
    },
    "snapshot": {
      "number": "",
      "spec": "Identity for WebRTC 1.0",
      "text": "11. Identity Examples",
      "url": "https://www.w3.org/TR/webrtc-identity/#identity-examples"
    }
  },
  "#identity-provider-interaction": {
    "current": {
      "number": "4",
      "spec": "Identity for WebRTC 1.0",
      "text": "Identity Provider Interaction",
      "url": "https://w3c.github.io/webrtc-identity/#identity-provider-interaction"
    },
    "snapshot": {
      "number": "4",
      "spec": "Identity for WebRTC 1.0",
      "text": "Identity Provider Interaction",
      "url": "https://www.w3.org/TR/webrtc-identity/#identity-provider-interaction"
    }
  },
  "#identity-provider-selection": {
    "current": {
      "number": "4.1",
      "spec": "Identity for WebRTC 1.0",
      "text": "Identity Provider Selection",
      "url": "https://w3c.github.io/webrtc-identity/#identity-provider-selection"
    }
  },
  "#idp-error-handling": {
    "current": {
      "number": "8",
      "spec": "Identity for WebRTC 1.0",
      "text": "IdP Error Handling",
      "url": "https://w3c.github.io/webrtc-identity/#idp-error-handling"
    }
  },
  "#impact-on-same-origin-policy": {
    "current": {
      "number": "14.1",
      "spec": "Identity for WebRTC 1.0",
      "text": "Impact on same origin policy",
      "url": "https://w3c.github.io/webrtc-identity/#impact-on-same-origin-policy"
    }
  },
  "#implementing-an-idp-securely": {
    "current": {
      "number": "4.2.1",
      "spec": "Identity for WebRTC 1.0",
      "text": "Implementing an IdP Securely",
      "url": "https://w3c.github.io/webrtc-identity/#implementing-an-idp-securely"
    }
  },
  "#informative-references": {
    "current": {
      "number": "B.2",
      "spec": "Identity for WebRTC 1.0",
      "text": "Informative references",
      "url": "https://w3c.github.io/webrtc-identity/#informative-references"
    },
    "snapshot": {
      "number": "B.2",
      "spec": "Identity for WebRTC 1.0",
      "text": "Informative references",
      "url": "https://www.w3.org/TR/webrtc-identity/#informative-references"
    }
  },
  "#instantiating-an-idp-proxy": {
    "current": {
      "number": "4.2",
      "spec": "Identity for WebRTC 1.0",
      "text": "Instantiating an IdP Proxy",
      "url": "https://w3c.github.io/webrtc-identity/#instantiating-an-idp-proxy"
    }
  },
  "#interface-exposed-by-identity-providers": {
    "current": {
      "number": "5.1",
      "spec": "Identity for WebRTC 1.0",
      "text": "Interface Exposed by Identity Providers",
      "url": "https://w3c.github.io/webrtc-identity/#interface-exposed-by-identity-providers"
    },
    "snapshot": {
      "number": "5.1",
      "spec": "Identity for WebRTC 1.0",
      "text": "Interface Exposed by Identity Providers",
      "url": "https://www.w3.org/TR/webrtc-identity/#interface-exposed-by-identity-providers"
    }
  },
  "#intro": {
    "current": {
      "number": "1",
      "spec": "Identity for WebRTC 1.0",
      "text": "Introduction",
      "url": "https://w3c.github.io/webrtc-identity/#intro"
    },
    "snapshot": {
      "number": "1",
      "spec": "Identity for WebRTC 1.0",
      "text": "Introduction",
      "url": "https://www.w3.org/TR/webrtc-identity/#intro"
    }
  },
  "#isolated-media-streams": {
    "current": {
      "number": "11.1",
      "spec": "Identity for WebRTC 1.0",
      "text": "Isolated Media Streams",
      "url": "https://w3c.github.io/webrtc-identity/#isolated-media-streams"
    },
    "snapshot": {
      "number": "10.1",
      "spec": "Identity for WebRTC 1.0",
      "text": "Isolated Media Streams",
      "url": "https://www.w3.org/TR/webrtc-identity/#isolated-media-streams"
    }
  },
  "#isolated-pc": {
    "current": {
      "number": "11.1.2",
      "spec": "Identity for WebRTC 1.0",
      "text": "Isolated Streams and RTCPeerConnection",
      "url": "https://w3c.github.io/webrtc-identity/#isolated-pc"
    },
    "snapshot": {
      "number": "10.1.2",
      "spec": "Identity for WebRTC 1.0",
      "text": "Isolated Streams and RTCPeerConnection",
      "url": "https://www.w3.org/TR/webrtc-identity/#isolated-pc"
    }
  },
  "#isolated-track": {
    "current": {
      "number": "11.1.1",
      "spec": "Identity for WebRTC 1.0",
      "text": "Extended MediaStreamTrack Properties",
      "url": "https://w3c.github.io/webrtc-identity/#isolated-track"
    },
    "snapshot": {
      "number": "10.1.1",
      "spec": "Identity for WebRTC 1.0",
      "text": "Extended MediaStreamTrack Properties",
      "url": "https://www.w3.org/TR/webrtc-identity/#isolated-track"
    }
  },
  "#isolation-protection": {
    "current": {
      "number": "11.1.3",
      "spec": "Identity for WebRTC 1.0",
      "text": "Protection Afforded by Media Isolation",
      "url": "https://w3c.github.io/webrtc-identity/#isolation-protection"
    },
    "snapshot": {
      "number": "10.1.3",
      "spec": "Identity for WebRTC 1.0",
      "text": "Protection Afforded by Media Isolation",
      "url": "https://www.w3.org/TR/webrtc-identity/#isolation-protection"
    }
  },
  "#media-stream-api-extensions-for-network-use": {
    "current": {
      "number": "",
      "spec": "Identity for WebRTC 1.0",
      "text": "11. Media Stream API Extensions for Network Use",
      "url": "https://w3c.github.io/webrtc-identity/#media-stream-api-extensions-for-network-use"
    },
    "snapshot": {
      "number": "",
      "spec": "Identity for WebRTC 1.0",
      "text": "10. Media Stream API Extensions for Network Use",
      "url": "https://www.w3.org/TR/webrtc-identity/#media-stream-api-extensions-for-network-use"
    }
  },
  "#methods": {
    "current": {
      "number": "",
      "spec": "Identity for WebRTC 1.0",
      "text": "Methods",
      "url": "https://w3c.github.io/webrtc-identity/#methods"
    },
    "snapshot": {
      "number": "",
      "spec": "Identity for WebRTC 1.0",
      "text": "Methods",
      "url": "https://www.w3.org/TR/webrtc-identity/#methods"
    }
  },
  "#methods-0": {
    "current": {
      "number": "",
      "spec": "Identity for WebRTC 1.0",
      "text": "Methods",
      "url": "https://w3c.github.io/webrtc-identity/#methods-0"
    },
    "snapshot": {
      "number": "",
      "spec": "Identity for WebRTC 1.0",
      "text": "Methods",
      "url": "https://www.w3.org/TR/webrtc-identity/#methods-0"
    }
  },
  "#normative-references": {
    "current": {
      "number": "B.1",
      "spec": "Identity for WebRTC 1.0",
      "text": "Normative references",
      "url": "https://w3c.github.io/webrtc-identity/#normative-references"
    },
    "snapshot": {
      "number": "B.1",
      "spec": "Identity for WebRTC 1.0",
      "text": "Normative references",
      "url": "https://www.w3.org/TR/webrtc-identity/#normative-references"
    }
  },
  "#privacy-and-security-considerations": {
    "current": {
      "number": "",
      "spec": "Identity for WebRTC 1.0",
      "text": "14. Privacy and Security Considerations",
      "url": "https://w3c.github.io/webrtc-identity/#privacy-and-security-considerations"
    }
  },
  "#references": {
    "current": {
      "number": "B",
      "spec": "Identity for WebRTC 1.0",
      "text": "References",
      "url": "https://w3c.github.io/webrtc-identity/#references"
    },
    "snapshot": {
      "number": "B",
      "spec": "Identity for WebRTC 1.0",
      "text": "References",
      "url": "https://www.w3.org/TR/webrtc-identity/#references"
    }
  },
  "#registering-an-idp-proxy": {
    "current": {
      "number": "5",
      "spec": "Identity for WebRTC 1.0",
      "text": "Registering an IdP Proxy",
      "url": "https://w3c.github.io/webrtc-identity/#registering-an-idp-proxy"
    }
  },
  "#requesting-identity-assertions": {
    "current": {
      "number": "6",
      "spec": "Identity for WebRTC 1.0",
      "text": "Requesting Identity Assertions",
      "url": "https://w3c.github.io/webrtc-identity/#requesting-identity-assertions"
    }
  },
  "#rtcconfiguration-dictionary-extensions": {
    "current": {
      "number": "9.1",
      "spec": "Identity for WebRTC 1.0",
      "text": "RTCConfiguration Dictionary Extensions",
      "url": "https://w3c.github.io/webrtc-identity/#rtcconfiguration-dictionary-extensions"
    }
  },
  "#rtcerror-interface-extensions": {
    "current": {
      "number": "",
      "spec": "Identity for WebRTC 1.0",
      "text": "10. RTCError Interface Extensions",
      "url": "https://w3c.github.io/webrtc-identity/#rtcerror-interface-extensions"
    }
  },
  "#rtcerrordetailtypeidp-enum": {
    "current": {
      "number": "10.3",
      "spec": "Identity for WebRTC 1.0",
      "text": "RTCErrorDetailTypeIdp Enum",
      "url": "https://w3c.github.io/webrtc-identity/#rtcerrordetailtypeidp-enum"
    }
  },
  "#rtcerrorinit-dictionary": {
    "current": {
      "number": "",
      "spec": "Identity for WebRTC 1.0",
      "text": "RTCErrorInit Dictionary",
      "url": "https://w3c.github.io/webrtc-identity/#rtcerrorinit-dictionary"
    }
  },
  "#rtcidentityassertion-attributes": {
    "current": {
      "number": "",
      "spec": "Identity for WebRTC 1.0",
      "text": "RTCIdentityAssertion Attributes",
      "url": "https://w3c.github.io/webrtc-identity/#rtcidentityassertion-attributes"
    },
    "snapshot": {
      "number": "",
      "spec": "Identity for WebRTC 1.0",
      "text": "RTCIdentityAssertion Attributes",
      "url": "https://www.w3.org/TR/webrtc-identity/#rtcidentityassertion-attributes"
    }
  },
  "#rtcidentityassertion-interface": {
    "current": {
      "number": "9.3",
      "spec": "Identity for WebRTC 1.0",
      "text": "RTCIdentityAssertion Interface",
      "url": "https://w3c.github.io/webrtc-identity/#rtcidentityassertion-interface"
    }
  },
  "#rtcidentityprovideroptions-dictionary": {
    "current": {
      "number": "9.2",
      "spec": "Identity for WebRTC 1.0",
      "text": "RTCIdentityProviderOptions Dictionary",
      "url": "https://w3c.github.io/webrtc-identity/#rtcidentityprovideroptions-dictionary"
    }
  },
  "#rtcidentityprovideroptions-members": {
    "current": {
      "number": "",
      "spec": "Identity for WebRTC 1.0",
      "text": "RTCIdentityProviderOptions Members",
      "url": "https://w3c.github.io/webrtc-identity/#rtcidentityprovideroptions-members"
    },
    "snapshot": {
      "number": "",
      "spec": "Identity for WebRTC 1.0",
      "text": "RTCIdentityProviderOptions Members",
      "url": "https://www.w3.org/TR/webrtc-identity/#rtcidentityprovideroptions-members"
    }
  },
  "#rtcpeerconnection-interface-extensions": {
    "current": {
      "number": "9",
      "spec": "Identity for WebRTC 1.0",
      "text": "RTCPeerConnection Interface Extensions",
      "url": "https://w3c.github.io/webrtc-identity/#rtcpeerconnection-interface-extensions"
    },
    "snapshot": {
      "number": "9",
      "spec": "Identity for WebRTC 1.0",
      "text": "RTCPeerConnection Interface Extensions",
      "url": "https://www.w3.org/TR/webrtc-identity/#rtcpeerconnection-interface-extensions"
    }
  },
  "#sec.create-identity-proxy": {
    "snapshot": {
      "number": "4.2",
      "spec": "Identity for WebRTC 1.0",
      "text": "Instantiating an IdP Proxy",
      "url": "https://www.w3.org/TR/webrtc-identity/#sec.create-identity-proxy"
    }
  },
  "#sec.identity-proxy": {
    "current": {
      "number": "",
      "spec": "Identity for WebRTC 1.0",
      "text": "Identity",
      "url": "https://w3c.github.io/webrtc-identity/#sec.identity-proxy"
    },
    "snapshot": {
      "number": "",
      "spec": "Identity for WebRTC 1.0",
      "text": "Identity",
      "url": "https://www.w3.org/TR/webrtc-identity/#sec.identity-proxy"
    }
  },
  "#sec.identity-proxy-assertion-request": {
    "snapshot": {
      "number": "6",
      "spec": "Identity for WebRTC 1.0",
      "text": "Requesting Identity Assertions",
      "url": "https://www.w3.org/TR/webrtc-identity/#sec.identity-proxy-assertion-request"
    }
  },
  "#sec.identity-proxy-communications": {
    "snapshot": {
      "number": "4.1",
      "spec": "Identity for WebRTC 1.0",
      "text": "Identity Provider Selection",
      "url": "https://www.w3.org/TR/webrtc-identity/#sec.identity-proxy-communications"
    }
  },
  "#sec.identity-verify-assertion": {
    "snapshot": {
      "number": "7",
      "spec": "Identity for WebRTC 1.0",
      "text": "Verifying Identity Assertions",
      "url": "https://www.w3.org/TR/webrtc-identity/#sec.identity-verify-assertion"
    }
  },
  "#sec.idp-error-handling": {
    "snapshot": {
      "number": "8",
      "spec": "Identity for WebRTC 1.0",
      "text": "IdP Error Handling",
      "url": "https://www.w3.org/TR/webrtc-identity/#sec.idp-error-handling"
    }
  },
  "#sec.idp-loginneeded": {
    "snapshot": {
      "number": "6.1",
      "spec": "Identity for WebRTC 1.0",
      "text": "User Login Procedure",
      "url": "https://www.w3.org/TR/webrtc-identity/#sec.idp-loginneeded"
    }
  },
  "#sec.implement-idp": {
    "snapshot": {
      "number": "4.2.1",
      "spec": "Identity for WebRTC 1.0",
      "text": "Implementing an IdP Securely",
      "url": "https://www.w3.org/TR/webrtc-identity/#sec.implement-idp"
    }
  },
  "#sec.register-idp": {
    "snapshot": {
      "number": "5",
      "spec": "Identity for WebRTC 1.0",
      "text": "Registering an IdP Proxy",
      "url": "https://www.w3.org/TR/webrtc-identity/#sec.register-idp"
    }
  },
  "#setting-a-remote-description": {
    "current": {
      "number": "9.7",
      "spec": "Identity for WebRTC 1.0",
      "text": "Setting a Remote Description",
      "url": "https://w3c.github.io/webrtc-identity/#setting-a-remote-description"
    }
  },
  "#setting-the-rtcpeerconnection-configuration": {
    "current": {
      "number": "9.4",
      "spec": "Identity for WebRTC 1.0",
      "text": "Setting the RTCPeerConnection Configuration",
      "url": "https://w3c.github.io/webrtc-identity/#setting-the-rtcpeerconnection-configuration"
    }
  },
  "#sotd": {
    "snapshot": {
      "number": "",
      "spec": "Identity for WebRTC 1.0",
      "text": "Status of This Document",
      "url": "https://www.w3.org/TR/webrtc-identity/#sotd"
    }
  },
  "#terminology": {
    "current": {
      "number": "3",
      "spec": "Identity for WebRTC 1.0",
      "text": "Terminology",
      "url": "https://w3c.github.io/webrtc-identity/#terminology"
    },
    "snapshot": {
      "number": "3",
      "spec": "Identity for WebRTC 1.0",
      "text": "Terminology",
      "url": "https://www.w3.org/TR/webrtc-identity/#terminology"
    }
  },
  "#title": {
    "current": {
      "number": "",
      "spec": "Identity for WebRTC 1.0",
      "text": "Identity for WebRTC 1.0",
      "url": "https://w3c.github.io/webrtc-identity/#title"
    },
    "snapshot": {
      "number": "",
      "spec": "Identity for WebRTC 1.0",
      "text": "Identity for WebRTC 1.0",
      "url": "https://www.w3.org/TR/webrtc-identity/#title"
    }
  },
  "#toc": {
    "current": {
      "number": "",
      "spec": "Identity for WebRTC 1.0",
      "text": "Table of Contents",
      "url": "https://w3c.github.io/webrtc-identity/#toc"
    },
    "snapshot": {
      "number": "",
      "spec": "Identity for WebRTC 1.0",
      "text": "Table of Contents",
      "url": "https://www.w3.org/TR/webrtc-identity/#toc"
    }
  },
  "#user-login-procedure": {
    "current": {
      "number": "6.1",
      "spec": "Identity for WebRTC 1.0",
      "text": "User Login Procedure",
      "url": "https://w3c.github.io/webrtc-identity/#user-login-procedure"
    }
  },
  "#verifying-identity-assertions": {
    "current": {
      "number": "7",
      "spec": "Identity for WebRTC 1.0",
      "text": "Verifying Identity Assertions",
      "url": "https://w3c.github.io/webrtc-identity/#verifying-identity-assertions"
    }
  },
  "#w3c-candidate-recommendation-27-september-2018": {
    "snapshot": {
      "number": "",
      "spec": "Identity for WebRTC 1.0",
      "text": "W3C Candidate Recommendation 27 September 2018",
      "url": "https://www.w3.org/TR/webrtc-identity/#w3c-candidate-recommendation-27-september-2018"
    }
  }
}