{
  "#abstract": {
    "current": {
      "number": "",
      "spec": "CSS Multicol 2",
      "text": "Abstract",
      "url": "https://drafts.csswg.org/css-multicol-2/#abstract"
    }
  },
  "#acknowledgments": {
    "current": {
      "number": "",
      "spec": "CSS Multicol 2",
      "text": "Acknowledgments",
      "url": "https://drafts.csswg.org/css-multicol-2/#acknowledgments"
    }
  },
  "#break-before-break-after-break-inside": {
    "current": {
      "number": "6.1",
      "spec": "CSS Multicol 2",
      "text": "break-before, break-after, break-inside",
      "url": "https://drafts.csswg.org/css-multicol-2/#break-before-break-after-break-inside"
    }
  },
  "#cc": {
    "current": {
      "number": "4.2",
      "spec": "CSS Multicol 2",
      "text": "column-count",
      "url": "https://drafts.csswg.org/css-multicol-2/#cc"
    }
  },
  "#cf": {
    "current": {
      "number": "8.1",
      "spec": "CSS Multicol 2",
      "text": "column-fill",
      "url": "https://drafts.csswg.org/css-multicol-2/#cf"
    }
  },
  "#column-breaks": {
    "current": {
      "number": "6",
      "spec": "CSS Multicol 2",
      "text": "Column breaks",
      "url": "https://drafts.csswg.org/css-multicol-2/#column-breaks"
    }
  },
  "#column-gap": {
    "current": {
      "number": "5.1",
      "spec": "CSS Multicol 2",
      "text": "column-gap",
      "url": "https://drafts.csswg.org/css-multicol-2/#column-gap"
    }
  },
  "#column-gaps-and-rules": {
    "current": {
      "number": "5",
      "spec": "CSS Multicol 2",
      "text": "Column gaps and rules",
      "url": "https://drafts.csswg.org/css-multicol-2/#column-gaps-and-rules"
    }
  },
  "#column-rule": {
    "current": {
      "number": "5.5",
      "spec": "CSS Multicol 2",
      "text": "column-rule",
      "url": "https://drafts.csswg.org/css-multicol-2/#column-rule"
    }
  },
  "#column-span": {
    "current": {
      "number": "7.1",
      "spec": "CSS Multicol 2",
      "text": "column-span",
      "url": "https://drafts.csswg.org/css-multicol-2/#column-span"
    }
  },
  "#columns": {
    "current": {
      "number": "4.3",
      "spec": "CSS Multicol 2",
      "text": "columns",
      "url": "https://drafts.csswg.org/css-multicol-2/#columns"
    }
  },
  "#crc": {
    "current": {
      "number": "5.2",
      "spec": "CSS Multicol 2",
      "text": "column-rule-color",
      "url": "https://drafts.csswg.org/css-multicol-2/#crc"
    }
  },
  "#crs": {
    "current": {
      "number": "5.3",
      "spec": "CSS Multicol 2",
      "text": "column-rule-style",
      "url": "https://drafts.csswg.org/css-multicol-2/#crs"
    }
  },
  "#crw": {
    "current": {
      "number": "5.4",
      "spec": "CSS Multicol 2",
      "text": "column-rule-width",
      "url": "https://drafts.csswg.org/css-multicol-2/#crw"
    }
  },
  "#cw": {
    "current": {
      "number": "4.1",
      "spec": "CSS Multicol 2",
      "text": "column-width",
      "url": "https://drafts.csswg.org/css-multicol-2/#cw"
    }
  },
  "#filling-columns": {
    "current": {
      "number": "8",
      "spec": "CSS Multicol 2",
      "text": "Filling columns",
      "url": "https://drafts.csswg.org/css-multicol-2/#filling-columns"
    }
  },
  "#index": {
    "current": {
      "number": "",
      "spec": "CSS Multicol 2",
      "text": "Index",
      "url": "https://drafts.csswg.org/css-multicol-2/#index"
    }
  },
  "#index-defined-elsewhere": {
    "current": {
      "number": "",
      "spec": "CSS Multicol 2",
      "text": "Terms defined by reference",
      "url": "https://drafts.csswg.org/css-multicol-2/#index-defined-elsewhere"
    }
  },
  "#index-defined-here": {
    "current": {
      "number": "",
      "spec": "CSS Multicol 2",
      "text": "Terms defined by this specification",
      "url": "https://drafts.csswg.org/css-multicol-2/#index-defined-here"
    }
  },
  "#interaction": {
    "current": {
      "number": "2",
      "spec": "CSS Multicol 2",
      "text": "Module Interactions",
      "url": "https://drafts.csswg.org/css-multicol-2/#interaction"
    }
  },
  "#introduction": {
    "current": {
      "number": "1",
      "spec": "CSS Multicol 2",
      "text": "Introduction",
      "url": "https://drafts.csswg.org/css-multicol-2/#introduction"
    }
  },
  "#issues-index": {
    "current": {
      "number": "",
      "spec": "CSS Multicol 2",
      "text": "Issues Index",
      "url": "https://drafts.csswg.org/css-multicol-2/#issues-index"
    }
  },
  "#normative": {
    "current": {
      "number": "",
      "spec": "CSS Multicol 2",
      "text": "Normative References",
      "url": "https://drafts.csswg.org/css-multicol-2/#normative"
    }
  },
  "#overflow": {
    "current": {
      "number": "9",
      "spec": "CSS Multicol 2",
      "text": "Overflow",
      "url": "https://drafts.csswg.org/css-multicol-2/#overflow"
    }
  },
  "#overflow-inside-multicol-elements": {
    "current": {
      "number": "9.1",
      "spec": "CSS Multicol 2",
      "text": "Overflow inside multicol elements",
      "url": "https://drafts.csswg.org/css-multicol-2/#overflow-inside-multicol-elements"
    }
  },
  "#pagination-and-overflow-outside-multicol": {
    "current": {
      "number": "9.2",
      "spec": "CSS Multicol 2",
      "text": "Pagination and overflow outside multicol elements",
      "url": "https://drafts.csswg.org/css-multicol-2/#pagination-and-overflow-outside-multicol"
    }
  },
  "#priv-sec": {
    "current": {
      "number": "",
      "spec": "CSS Multicol 2",
      "text": "Privacy and Security Considerations",
      "url": "https://drafts.csswg.org/css-multicol-2/#priv-sec"
    }
  },
  "#property-index": {
    "current": {
      "number": "",
      "spec": "CSS Multicol 2",
      "text": "Property Index",
      "url": "https://drafts.csswg.org/css-multicol-2/#property-index"
    }
  },
  "#pseudo-algorithm": {
    "current": {
      "number": "4.4",
      "spec": "CSS Multicol 2",
      "text": "Pseudo-algorithm",
      "url": "https://drafts.csswg.org/css-multicol-2/#pseudo-algorithm"
    }
  },
  "#references": {
    "current": {
      "number": "",
      "spec": "CSS Multicol 2",
      "text": "References",
      "url": "https://drafts.csswg.org/css-multicol-2/#references"
    }
  },
  "#sotd": {
    "current": {
      "number": "",
      "spec": "CSS Multicol 2",
      "text": "Status of this document",
      "url": "https://drafts.csswg.org/css-multicol-2/#sotd"
    }
  },
  "#spanning-columns": {
    "current": {
      "number": "7",
      "spec": "CSS Multicol 2",
      "text": "Spanning columns",
      "url": "https://drafts.csswg.org/css-multicol-2/#spanning-columns"
    }
  },
  "#stacking-context": {
    "current": {
      "number": "4.5",
      "spec": "CSS Multicol 2",
      "text": "Stacking context",
      "url": "https://drafts.csswg.org/css-multicol-2/#stacking-context"
    }
  },
  "#the-multi-column-model": {
    "current": {
      "number": "3",
      "spec": "CSS Multicol 2",
      "text": "The multi-column model",
      "url": "https://drafts.csswg.org/css-multicol-2/#the-multi-column-model"
    }
  },
  "#the-number-and-width-of-columns": {
    "current": {
      "number": "4",
      "spec": "CSS Multicol 2",
      "text": "The number and width of columns",
      "url": "https://drafts.csswg.org/css-multicol-2/#the-number-and-width-of-columns"
    }
  },
  "#title": {
    "current": {
      "number": "",
      "spec": "CSS Multicol 2",
      "text": "CSS Multi-column Layout Module Level 2",
      "url": "https://drafts.csswg.org/css-multicol-2/#title"
    }
  },
  "#toc": {
    "current": {
      "number": "",
      "spec": "CSS Multicol 2",
      "text": "Table of Contents",
      "url": "https://drafts.csswg.org/css-multicol-2/#toc"
    }
  },
  "#w3c-conform-future-proofing": {
    "current": {
      "number": "",
      "spec": "CSS Multicol 2",
      "text": "Implementations of Unstable and Proprietary Features",
      "url": "https://drafts.csswg.org/css-multicol-2/#w3c-conform-future-proofing"
    }
  },
  "#w3c-conformance": {
    "current": {
      "number": "",
      "spec": "CSS Multicol 2",
      "text": "Conformance",
      "url": "https://drafts.csswg.org/css-multicol-2/#w3c-conformance"
    }
  },
  "#w3c-conformance-classes": {
    "current": {
      "number": "",
      "spec": "CSS Multicol 2",
      "text": "Conformance classes",
      "url": "https://drafts.csswg.org/css-multicol-2/#w3c-conformance-classes"
    }
  },
  "#w3c-conventions": {
    "current": {
      "number": "",
      "spec": "CSS Multicol 2",
      "text": "Document conventions",
      "url": "https://drafts.csswg.org/css-multicol-2/#w3c-conventions"
    }
  },
  "#w3c-partial": {
    "current": {
      "number": "",
      "spec": "CSS Multicol 2",
      "text": "Partial implementations",
      "url": "https://drafts.csswg.org/css-multicol-2/#w3c-partial"
    }
  },
  "#w3c-testing": {
    "current": {
      "number": "",
      "spec": "CSS Multicol 2",
      "text": "Non-experimental implementations",
      "url": "https://drafts.csswg.org/css-multicol-2/#w3c-testing"
    }
  }
}