{
  "#acknowledgments": {
    "current": {
      "number": "A",
      "spec": "User Timing",
      "text": "Acknowledgments",
      "url": "https://w3c.github.io/user-timing/#acknowledgments"
    },
    "snapshot": {
      "number": "A",
      "spec": "User Timing",
      "text": "Acknowledgments",
      "url": "https://www.w3.org/TR/user-timing/#acknowledgments"
    }
  },
  "#clearmarks-method": {
    "current": {
      "number": "3.1.2",
      "spec": "User Timing",
      "text": "clearMarks() method",
      "url": "https://w3c.github.io/user-timing/#clearmarks-method"
    },
    "snapshot": {
      "number": "3.1.2",
      "spec": "User Timing",
      "text": "clearMarks() method",
      "url": "https://www.w3.org/TR/user-timing/#clearmarks-method"
    }
  },
  "#clearmeasures-method": {
    "current": {
      "number": "3.1.4",
      "spec": "User Timing",
      "text": "clearMeasures() method",
      "url": "https://w3c.github.io/user-timing/#clearmeasures-method"
    },
    "snapshot": {
      "number": "3.1.4",
      "spec": "User Timing",
      "text": "clearMeasures() method",
      "url": "https://www.w3.org/TR/user-timing/#clearmeasures-method"
    }
  },
  "#conformance": {
    "current": {
      "number": "2",
      "spec": "User Timing",
      "text": "Conformance",
      "url": "https://w3c.github.io/user-timing/#conformance"
    },
    "snapshot": {
      "number": "2",
      "spec": "User Timing",
      "text": "Conformance",
      "url": "https://www.w3.org/TR/user-timing/#conformance"
    }
  },
  "#convert-a-mark-to-a-timestamp": {
    "current": {
      "number": "4.1",
      "spec": "User Timing",
      "text": "Convert a mark to a timestamp",
      "url": "https://w3c.github.io/user-timing/#convert-a-mark-to-a-timestamp"
    },
    "snapshot": {
      "number": "4.1",
      "spec": "User Timing",
      "text": "Convert a mark to a timestamp",
      "url": "https://www.w3.org/TR/user-timing/#convert-a-mark-to-a-timestamp"
    }
  },
  "#convert-a-name-to-a-timestamp": {
    "current": {
      "number": "4.2",
      "spec": "User Timing",
      "text": "Convert a name to a timestamp",
      "url": "https://w3c.github.io/user-timing/#convert-a-name-to-a-timestamp"
    },
    "snapshot": {
      "number": "4.2",
      "spec": "User Timing",
      "text": "Convert a name to a timestamp",
      "url": "https://www.w3.org/TR/user-timing/#convert-a-name-to-a-timestamp"
    }
  },
  "#extensions-performance-interface": {
    "current": {
      "number": "3.1",
      "spec": "User Timing",
      "text": "Extensions to the Performance interface",
      "url": "https://w3c.github.io/user-timing/#extensions-performance-interface"
    },
    "snapshot": {
      "number": "3.1",
      "spec": "User Timing",
      "text": "Extensions to the Performance interface",
      "url": "https://www.w3.org/TR/user-timing/#extensions-performance-interface"
    }
  },
  "#informative-references": {
    "current": {
      "number": "B.2",
      "spec": "User Timing",
      "text": "Informative references",
      "url": "https://w3c.github.io/user-timing/#informative-references"
    },
    "snapshot": {
      "number": "B.2",
      "spec": "User Timing",
      "text": "Informative references",
      "url": "https://www.w3.org/TR/user-timing/#informative-references"
    }
  },
  "#introduction": {
    "current": {
      "number": "1",
      "spec": "User Timing",
      "text": "Introduction",
      "url": "https://w3c.github.io/user-timing/#introduction"
    },
    "snapshot": {
      "number": "1",
      "spec": "User Timing",
      "text": "Introduction",
      "url": "https://www.w3.org/TR/user-timing/#introduction"
    }
  },
  "#mark-method": {
    "current": {
      "number": "3.1.1",
      "spec": "User Timing",
      "text": "mark() method",
      "url": "https://w3c.github.io/user-timing/#mark-method"
    },
    "snapshot": {
      "number": "3.1.1",
      "spec": "User Timing",
      "text": "mark() method",
      "url": "https://www.w3.org/TR/user-timing/#mark-method"
    }
  },
  "#measure-method": {
    "current": {
      "number": "3.1.3",
      "spec": "User Timing",
      "text": "measure() method",
      "url": "https://w3c.github.io/user-timing/#measure-method"
    },
    "snapshot": {
      "number": "3.1.3",
      "spec": "User Timing",
      "text": "measure() method",
      "url": "https://www.w3.org/TR/user-timing/#measure-method"
    }
  },
  "#normative-references": {
    "current": {
      "number": "B.1",
      "spec": "User Timing",
      "text": "Normative references",
      "url": "https://w3c.github.io/user-timing/#normative-references"
    },
    "snapshot": {
      "number": "B.1",
      "spec": "User Timing",
      "text": "Normative references",
      "url": "https://www.w3.org/TR/user-timing/#normative-references"
    }
  },
  "#performancemark": {
    "current": {
      "number": "3.2",
      "spec": "User Timing",
      "text": "The PerformanceMark Interface",
      "url": "https://w3c.github.io/user-timing/#performancemark"
    },
    "snapshot": {
      "number": "3.2",
      "spec": "User Timing",
      "text": "The PerformanceMark Interface",
      "url": "https://www.w3.org/TR/user-timing/#performancemark"
    }
  },
  "#performancemarkoptions-dictionary": {
    "current": {
      "number": "3.1.1.1",
      "spec": "User Timing",
      "text": "PerformanceMarkOptions dictionary",
      "url": "https://w3c.github.io/user-timing/#performancemarkoptions-dictionary"
    },
    "snapshot": {
      "number": "3.1.1.1",
      "spec": "User Timing",
      "text": "PerformanceMarkOptions dictionary",
      "url": "https://www.w3.org/TR/user-timing/#performancemarkoptions-dictionary"
    }
  },
  "#performancemeasure": {
    "current": {
      "number": "3.3",
      "spec": "User Timing",
      "text": "The PerformanceMeasure Interface",
      "url": "https://w3c.github.io/user-timing/#performancemeasure"
    },
    "snapshot": {
      "number": "3.3",
      "spec": "User Timing",
      "text": "The PerformanceMeasure Interface",
      "url": "https://www.w3.org/TR/user-timing/#performancemeasure"
    }
  },
  "#performancemeasureoptions-dictionary": {
    "current": {
      "number": "3.1.3.1",
      "spec": "User Timing",
      "text": "PerformanceMeasureOptions dictionary",
      "url": "https://w3c.github.io/user-timing/#performancemeasureoptions-dictionary"
    },
    "snapshot": {
      "number": "3.1.3.1",
      "spec": "User Timing",
      "text": "PerformanceMeasureOptions dictionary",
      "url": "https://www.w3.org/TR/user-timing/#performancemeasureoptions-dictionary"
    }
  },
  "#privacy-security": {
    "current": {
      "number": "6",
      "spec": "User Timing",
      "text": "Privacy and Security",
      "url": "https://w3c.github.io/user-timing/#privacy-security"
    },
    "snapshot": {
      "number": "6",
      "spec": "User Timing",
      "text": "Privacy and Security",
      "url": "https://www.w3.org/TR/user-timing/#privacy-security"
    }
  },
  "#processing": {
    "current": {
      "number": "4",
      "spec": "User Timing",
      "text": "Processing",
      "url": "https://w3c.github.io/user-timing/#processing"
    },
    "snapshot": {
      "number": "4",
      "spec": "User Timing",
      "text": "Processing",
      "url": "https://www.w3.org/TR/user-timing/#processing"
    }
  },
  "#recommended-mark-names": {
    "current": {
      "number": "5",
      "spec": "User Timing",
      "text": "Recommended mark names",
      "url": "https://w3c.github.io/user-timing/#recommended-mark-names"
    },
    "snapshot": {
      "number": "5",
      "spec": "User Timing",
      "text": "Recommended mark names",
      "url": "https://www.w3.org/TR/user-timing/#recommended-mark-names"
    }
  },
  "#references": {
    "current": {
      "number": "B",
      "spec": "User Timing",
      "text": "References",
      "url": "https://w3c.github.io/user-timing/#references"
    },
    "snapshot": {
      "number": "B",
      "spec": "User Timing",
      "text": "References",
      "url": "https://www.w3.org/TR/user-timing/#references"
    }
  },
  "#the-performancemark-constructor": {
    "current": {
      "number": "3.2.1",
      "spec": "User Timing",
      "text": "The PerformanceMark Constructor",
      "url": "https://w3c.github.io/user-timing/#the-performancemark-constructor"
    },
    "snapshot": {
      "number": "3.2.1",
      "spec": "User Timing",
      "text": "The PerformanceMark Constructor",
      "url": "https://www.w3.org/TR/user-timing/#the-performancemark-constructor"
    }
  },
  "#title": {
    "current": {
      "number": "",
      "spec": "User Timing",
      "text": "User Timing Level 3",
      "url": "https://w3c.github.io/user-timing/#title"
    },
    "snapshot": {
      "number": "",
      "spec": "User Timing",
      "text": "User Timing Level 3",
      "url": "https://www.w3.org/TR/user-timing/#title"
    }
  },
  "#toc": {
    "current": {
      "number": "",
      "spec": "User Timing",
      "text": "Table of Contents",
      "url": "https://w3c.github.io/user-timing/#toc"
    },
    "snapshot": {
      "number": "",
      "spec": "User Timing",
      "text": "Table of Contents",
      "url": "https://www.w3.org/TR/user-timing/#toc"
    }
  },
  "#user-timing": {
    "current": {
      "number": "3",
      "spec": "User Timing",
      "text": "User Timing",
      "url": "https://w3c.github.io/user-timing/#user-timing"
    },
    "snapshot": {
      "number": "3",
      "spec": "User Timing",
      "text": "User Timing",
      "url": "https://www.w3.org/TR/user-timing/#user-timing"
    }
  }
}