{
  "#ack_funders": {
    "current": {
      "number": "A.2.1",
      "spec": "Digital Publishing Accessibility API Mappings 1.1",
      "text": "Enabling funders",
      "url": "https://w3c.github.io/dpub-aam/#ack_funders"
    },
    "snapshot": {
      "number": "A.2.1",
      "spec": "Digital Publishing Accessibility API Mappings 1.1",
      "text": "Enabling funders",
      "url": "https://www.w3.org/TR/dpub-aam-1.1/#ack_funders"
    }
  },
  "#acknowledgements": {
    "current": {
      "number": "A.2",
      "spec": "Digital Publishing Accessibility API Mappings 1.1",
      "text": "Acknowledgments",
      "url": "https://w3c.github.io/dpub-aam/#acknowledgements"
    },
    "snapshot": {
      "number": "A.2",
      "spec": "Digital Publishing Accessibility API Mappings 1.1",
      "text": "Acknowledgments",
      "url": "https://www.w3.org/TR/dpub-aam-1.1/#acknowledgements"
    }
  },
  "#appendices": {
    "current": {
      "number": "A",
      "spec": "Digital Publishing Accessibility API Mappings 1.1",
      "text": "Appendices",
      "url": "https://w3c.github.io/dpub-aam/#appendices"
    },
    "snapshot": {
      "number": "A",
      "spec": "Digital Publishing Accessibility API Mappings 1.1",
      "text": "Appendices",
      "url": "https://www.w3.org/TR/dpub-aam-1.1/#appendices"
    }
  },
  "#changelog": {
    "current": {
      "number": "A.1",
      "spec": "Digital Publishing Accessibility API Mappings 1.1",
      "text": "Change Log",
      "url": "https://w3c.github.io/dpub-aam/#changelog"
    },
    "snapshot": {
      "number": "A.1",
      "spec": "Digital Publishing Accessibility API Mappings 1.1",
      "text": "Change Log",
      "url": "https://www.w3.org/TR/dpub-aam-1.1/#changelog"
    }
  },
  "#conformance": {
    "current": {
      "number": "2",
      "spec": "Digital Publishing Accessibility API Mappings 1.1",
      "text": "Conformance",
      "url": "https://w3c.github.io/dpub-aam/#conformance"
    },
    "snapshot": {
      "number": "2",
      "spec": "Digital Publishing Accessibility API Mappings 1.1",
      "text": "Conformance",
      "url": "https://www.w3.org/TR/dpub-aam-1.1/#conformance"
    }
  },
  "#doc-abstract": {
    "current": {
      "number": "7.2.1",
      "spec": "Digital Publishing Accessibility API Mappings 1.1",
      "text": "doc-abstract",
      "url": "https://w3c.github.io/dpub-aam/#doc-abstract"
    },
    "snapshot": {
      "number": "7.2.1",
      "spec": "Digital Publishing Accessibility API Mappings 1.1",
      "text": "doc-abstract",
      "url": "https://www.w3.org/TR/dpub-aam-1.1/#doc-abstract"
    }
  },
  "#doc-acknowledgments": {
    "current": {
      "number": "7.2.2",
      "spec": "Digital Publishing Accessibility API Mappings 1.1",
      "text": "doc-acknowledgments",
      "url": "https://w3c.github.io/dpub-aam/#doc-acknowledgments"
    },
    "snapshot": {
      "number": "7.2.2",
      "spec": "Digital Publishing Accessibility API Mappings 1.1",
      "text": "doc-acknowledgments",
      "url": "https://www.w3.org/TR/dpub-aam-1.1/#doc-acknowledgments"
    }
  },
  "#doc-afterword": {
    "current": {
      "number": "7.2.3",
      "spec": "Digital Publishing Accessibility API Mappings 1.1",
      "text": "doc-afterword",
      "url": "https://w3c.github.io/dpub-aam/#doc-afterword"
    },
    "snapshot": {
      "number": "7.2.3",
      "spec": "Digital Publishing Accessibility API Mappings 1.1",
      "text": "doc-afterword",
      "url": "https://www.w3.org/TR/dpub-aam-1.1/#doc-afterword"
    }
  },
  "#doc-appendix": {
    "current": {
      "number": "7.2.4",
      "spec": "Digital Publishing Accessibility API Mappings 1.1",
      "text": "doc-appendix",
      "url": "https://w3c.github.io/dpub-aam/#doc-appendix"
    },
    "snapshot": {
      "number": "7.2.4",
      "spec": "Digital Publishing Accessibility API Mappings 1.1",
      "text": "doc-appendix",
      "url": "https://www.w3.org/TR/dpub-aam-1.1/#doc-appendix"
    }
  },
  "#doc-backlink": {
    "current": {
      "number": "7.2.5",
      "spec": "Digital Publishing Accessibility API Mappings 1.1",
      "text": "doc-backlink",
      "url": "https://w3c.github.io/dpub-aam/#doc-backlink"
    },
    "snapshot": {
      "number": "7.2.5",
      "spec": "Digital Publishing Accessibility API Mappings 1.1",
      "text": "doc-backlink",
      "url": "https://www.w3.org/TR/dpub-aam-1.1/#doc-backlink"
    }
  },
  "#doc-biblioentry": {
    "current": {
      "number": "7.2.6",
      "spec": "Digital Publishing Accessibility API Mappings 1.1",
      "text": "doc-biblioentry",
      "url": "https://w3c.github.io/dpub-aam/#doc-biblioentry"
    },
    "snapshot": {
      "number": "7.2.6",
      "spec": "Digital Publishing Accessibility API Mappings 1.1",
      "text": "doc-biblioentry",
      "url": "https://www.w3.org/TR/dpub-aam-1.1/#doc-biblioentry"
    }
  },
  "#doc-bibliography": {
    "current": {
      "number": "7.2.7",
      "spec": "Digital Publishing Accessibility API Mappings 1.1",
      "text": "doc-bibliography",
      "url": "https://w3c.github.io/dpub-aam/#doc-bibliography"
    },
    "snapshot": {
      "number": "7.2.7",
      "spec": "Digital Publishing Accessibility API Mappings 1.1",
      "text": "doc-bibliography",
      "url": "https://www.w3.org/TR/dpub-aam-1.1/#doc-bibliography"
    }
  },
  "#doc-biblioref": {
    "current": {
      "number": "7.2.8",
      "spec": "Digital Publishing Accessibility API Mappings 1.1",
      "text": "doc-biblioref",
      "url": "https://w3c.github.io/dpub-aam/#doc-biblioref"
    },
    "snapshot": {
      "number": "7.2.8",
      "spec": "Digital Publishing Accessibility API Mappings 1.1",
      "text": "doc-biblioref",
      "url": "https://www.w3.org/TR/dpub-aam-1.1/#doc-biblioref"
    }
  },
  "#doc-chapter": {
    "current": {
      "number": "7.2.9",
      "spec": "Digital Publishing Accessibility API Mappings 1.1",
      "text": "doc-chapter",
      "url": "https://w3c.github.io/dpub-aam/#doc-chapter"
    },
    "snapshot": {
      "number": "7.2.9",
      "spec": "Digital Publishing Accessibility API Mappings 1.1",
      "text": "doc-chapter",
      "url": "https://www.w3.org/TR/dpub-aam-1.1/#doc-chapter"
    }
  },
  "#doc-colophon": {
    "current": {
      "number": "7.2.10",
      "spec": "Digital Publishing Accessibility API Mappings 1.1",
      "text": "doc-colophon",
      "url": "https://w3c.github.io/dpub-aam/#doc-colophon"
    },
    "snapshot": {
      "number": "7.2.10",
      "spec": "Digital Publishing Accessibility API Mappings 1.1",
      "text": "doc-colophon",
      "url": "https://www.w3.org/TR/dpub-aam-1.1/#doc-colophon"
    }
  },
  "#doc-conclusion": {
    "current": {
      "number": "7.2.11",
      "spec": "Digital Publishing Accessibility API Mappings 1.1",
      "text": "doc-conclusion",
      "url": "https://w3c.github.io/dpub-aam/#doc-conclusion"
    },
    "snapshot": {
      "number": "7.2.11",
      "spec": "Digital Publishing Accessibility API Mappings 1.1",
      "text": "doc-conclusion",
      "url": "https://www.w3.org/TR/dpub-aam-1.1/#doc-conclusion"
    }
  },
  "#doc-cover": {
    "current": {
      "number": "7.2.12",
      "spec": "Digital Publishing Accessibility API Mappings 1.1",
      "text": "doc-cover",
      "url": "https://w3c.github.io/dpub-aam/#doc-cover"
    },
    "snapshot": {
      "number": "7.2.12",
      "spec": "Digital Publishing Accessibility API Mappings 1.1",
      "text": "doc-cover",
      "url": "https://www.w3.org/TR/dpub-aam-1.1/#doc-cover"
    }
  },
  "#doc-credit": {
    "current": {
      "number": "7.2.13",
      "spec": "Digital Publishing Accessibility API Mappings 1.1",
      "text": "doc-credit",
      "url": "https://w3c.github.io/dpub-aam/#doc-credit"
    },
    "snapshot": {
      "number": "7.2.13",
      "spec": "Digital Publishing Accessibility API Mappings 1.1",
      "text": "doc-credit",
      "url": "https://www.w3.org/TR/dpub-aam-1.1/#doc-credit"
    }
  },
  "#doc-credits": {
    "current": {
      "number": "7.2.14",
      "spec": "Digital Publishing Accessibility API Mappings 1.1",
      "text": "doc-credits",
      "url": "https://w3c.github.io/dpub-aam/#doc-credits"
    },
    "snapshot": {
      "number": "7.2.14",
      "spec": "Digital Publishing Accessibility API Mappings 1.1",
      "text": "doc-credits",
      "url": "https://www.w3.org/TR/dpub-aam-1.1/#doc-credits"
    }
  },
  "#doc-dedication": {
    "current": {
      "number": "7.2.15",
      "spec": "Digital Publishing Accessibility API Mappings 1.1",
      "text": "doc-dedication",
      "url": "https://w3c.github.io/dpub-aam/#doc-dedication"
    },
    "snapshot": {
      "number": "7.2.15",
      "spec": "Digital Publishing Accessibility API Mappings 1.1",
      "text": "doc-dedication",
      "url": "https://www.w3.org/TR/dpub-aam-1.1/#doc-dedication"
    }
  },
  "#doc-endnote": {
    "current": {
      "number": "7.2.16",
      "spec": "Digital Publishing Accessibility API Mappings 1.1",
      "text": "doc-endnote",
      "url": "https://w3c.github.io/dpub-aam/#doc-endnote"
    },
    "snapshot": {
      "number": "7.2.16",
      "spec": "Digital Publishing Accessibility API Mappings 1.1",
      "text": "doc-endnote",
      "url": "https://www.w3.org/TR/dpub-aam-1.1/#doc-endnote"
    }
  },
  "#doc-endnotes": {
    "current": {
      "number": "7.2.17",
      "spec": "Digital Publishing Accessibility API Mappings 1.1",
      "text": "doc-endnotes",
      "url": "https://w3c.github.io/dpub-aam/#doc-endnotes"
    },
    "snapshot": {
      "number": "7.2.17",
      "spec": "Digital Publishing Accessibility API Mappings 1.1",
      "text": "doc-endnotes",
      "url": "https://www.w3.org/TR/dpub-aam-1.1/#doc-endnotes"
    }
  },
  "#doc-epigraph": {
    "current": {
      "number": "7.2.18",
      "spec": "Digital Publishing Accessibility API Mappings 1.1",
      "text": "doc-epigraph",
      "url": "https://w3c.github.io/dpub-aam/#doc-epigraph"
    },
    "snapshot": {
      "number": "7.2.18",
      "spec": "Digital Publishing Accessibility API Mappings 1.1",
      "text": "doc-epigraph",
      "url": "https://www.w3.org/TR/dpub-aam-1.1/#doc-epigraph"
    }
  },
  "#doc-epilogue": {
    "current": {
      "number": "7.2.19",
      "spec": "Digital Publishing Accessibility API Mappings 1.1",
      "text": "doc-epilogue",
      "url": "https://w3c.github.io/dpub-aam/#doc-epilogue"
    },
    "snapshot": {
      "number": "7.2.19",
      "spec": "Digital Publishing Accessibility API Mappings 1.1",
      "text": "doc-epilogue",
      "url": "https://www.w3.org/TR/dpub-aam-1.1/#doc-epilogue"
    }
  },
  "#doc-errata": {
    "current": {
      "number": "7.2.20",
      "spec": "Digital Publishing Accessibility API Mappings 1.1",
      "text": "doc-errata",
      "url": "https://w3c.github.io/dpub-aam/#doc-errata"
    },
    "snapshot": {
      "number": "7.2.20",
      "spec": "Digital Publishing Accessibility API Mappings 1.1",
      "text": "doc-errata",
      "url": "https://www.w3.org/TR/dpub-aam-1.1/#doc-errata"
    }
  },
  "#doc-example": {
    "current": {
      "number": "7.2.21",
      "spec": "Digital Publishing Accessibility API Mappings 1.1",
      "text": "doc-example",
      "url": "https://w3c.github.io/dpub-aam/#doc-example"
    },
    "snapshot": {
      "number": "7.2.21",
      "spec": "Digital Publishing Accessibility API Mappings 1.1",
      "text": "doc-example",
      "url": "https://www.w3.org/TR/dpub-aam-1.1/#doc-example"
    }
  },
  "#doc-footnote": {
    "current": {
      "number": "7.2.22",
      "spec": "Digital Publishing Accessibility API Mappings 1.1",
      "text": "doc-footnote",
      "url": "https://w3c.github.io/dpub-aam/#doc-footnote"
    },
    "snapshot": {
      "number": "7.2.22",
      "spec": "Digital Publishing Accessibility API Mappings 1.1",
      "text": "doc-footnote",
      "url": "https://www.w3.org/TR/dpub-aam-1.1/#doc-footnote"
    }
  },
  "#doc-foreword": {
    "current": {
      "number": "7.2.23",
      "spec": "Digital Publishing Accessibility API Mappings 1.1",
      "text": "doc-foreword",
      "url": "https://w3c.github.io/dpub-aam/#doc-foreword"
    },
    "snapshot": {
      "number": "7.2.23",
      "spec": "Digital Publishing Accessibility API Mappings 1.1",
      "text": "doc-foreword",
      "url": "https://www.w3.org/TR/dpub-aam-1.1/#doc-foreword"
    }
  },
  "#doc-glossary": {
    "current": {
      "number": "7.2.24",
      "spec": "Digital Publishing Accessibility API Mappings 1.1",
      "text": "doc-glossary",
      "url": "https://w3c.github.io/dpub-aam/#doc-glossary"
    },
    "snapshot": {
      "number": "7.2.24",
      "spec": "Digital Publishing Accessibility API Mappings 1.1",
      "text": "doc-glossary",
      "url": "https://www.w3.org/TR/dpub-aam-1.1/#doc-glossary"
    }
  },
  "#doc-glossref": {
    "current": {
      "number": "7.2.25",
      "spec": "Digital Publishing Accessibility API Mappings 1.1",
      "text": "doc-glossref",
      "url": "https://w3c.github.io/dpub-aam/#doc-glossref"
    },
    "snapshot": {
      "number": "7.2.25",
      "spec": "Digital Publishing Accessibility API Mappings 1.1",
      "text": "doc-glossref",
      "url": "https://www.w3.org/TR/dpub-aam-1.1/#doc-glossref"
    }
  },
  "#doc-index": {
    "current": {
      "number": "7.2.26",
      "spec": "Digital Publishing Accessibility API Mappings 1.1",
      "text": "doc-index",
      "url": "https://w3c.github.io/dpub-aam/#doc-index"
    },
    "snapshot": {
      "number": "7.2.26",
      "spec": "Digital Publishing Accessibility API Mappings 1.1",
      "text": "doc-index",
      "url": "https://www.w3.org/TR/dpub-aam-1.1/#doc-index"
    }
  },
  "#doc-introduction": {
    "current": {
      "number": "7.2.27",
      "spec": "Digital Publishing Accessibility API Mappings 1.1",
      "text": "doc-introduction",
      "url": "https://w3c.github.io/dpub-aam/#doc-introduction"
    },
    "snapshot": {
      "number": "7.2.27",
      "spec": "Digital Publishing Accessibility API Mappings 1.1",
      "text": "doc-introduction",
      "url": "https://www.w3.org/TR/dpub-aam-1.1/#doc-introduction"
    }
  },
  "#doc-noteref": {
    "current": {
      "number": "7.2.28",
      "spec": "Digital Publishing Accessibility API Mappings 1.1",
      "text": "doc-noteref",
      "url": "https://w3c.github.io/dpub-aam/#doc-noteref"
    },
    "snapshot": {
      "number": "7.2.28",
      "spec": "Digital Publishing Accessibility API Mappings 1.1",
      "text": "doc-noteref",
      "url": "https://www.w3.org/TR/dpub-aam-1.1/#doc-noteref"
    }
  },
  "#doc-notice": {
    "current": {
      "number": "7.2.29",
      "spec": "Digital Publishing Accessibility API Mappings 1.1",
      "text": "doc-notice",
      "url": "https://w3c.github.io/dpub-aam/#doc-notice"
    },
    "snapshot": {
      "number": "7.2.29",
      "spec": "Digital Publishing Accessibility API Mappings 1.1",
      "text": "doc-notice",
      "url": "https://www.w3.org/TR/dpub-aam-1.1/#doc-notice"
    }
  },
  "#doc-pagebreak": {
    "current": {
      "number": "7.2.30",
      "spec": "Digital Publishing Accessibility API Mappings 1.1",
      "text": "doc-pagebreak",
      "url": "https://w3c.github.io/dpub-aam/#doc-pagebreak"
    },
    "snapshot": {
      "number": "7.2.30",
      "spec": "Digital Publishing Accessibility API Mappings 1.1",
      "text": "doc-pagebreak",
      "url": "https://www.w3.org/TR/dpub-aam-1.1/#doc-pagebreak"
    }
  },
  "#doc-pagefooter": {
    "current": {
      "number": "7.2.31",
      "spec": "Digital Publishing Accessibility API Mappings 1.1",
      "text": "doc-pagefooter",
      "url": "https://w3c.github.io/dpub-aam/#doc-pagefooter"
    },
    "snapshot": {
      "number": "7.2.31",
      "spec": "Digital Publishing Accessibility API Mappings 1.1",
      "text": "doc-pagefooter",
      "url": "https://www.w3.org/TR/dpub-aam-1.1/#doc-pagefooter"
    }
  },
  "#doc-pageheader": {
    "current": {
      "number": "7.2.32",
      "spec": "Digital Publishing Accessibility API Mappings 1.1",
      "text": "doc-pageheader",
      "url": "https://w3c.github.io/dpub-aam/#doc-pageheader"
    },
    "snapshot": {
      "number": "7.2.32",
      "spec": "Digital Publishing Accessibility API Mappings 1.1",
      "text": "doc-pageheader",
      "url": "https://www.w3.org/TR/dpub-aam-1.1/#doc-pageheader"
    }
  },
  "#doc-pagelist": {
    "current": {
      "number": "7.2.33",
      "spec": "Digital Publishing Accessibility API Mappings 1.1",
      "text": "doc-pagelist",
      "url": "https://w3c.github.io/dpub-aam/#doc-pagelist"
    },
    "snapshot": {
      "number": "7.2.33",
      "spec": "Digital Publishing Accessibility API Mappings 1.1",
      "text": "doc-pagelist",
      "url": "https://www.w3.org/TR/dpub-aam-1.1/#doc-pagelist"
    }
  },
  "#doc-part": {
    "current": {
      "number": "7.2.34",
      "spec": "Digital Publishing Accessibility API Mappings 1.1",
      "text": "doc-part",
      "url": "https://w3c.github.io/dpub-aam/#doc-part"
    },
    "snapshot": {
      "number": "7.2.34",
      "spec": "Digital Publishing Accessibility API Mappings 1.1",
      "text": "doc-part",
      "url": "https://www.w3.org/TR/dpub-aam-1.1/#doc-part"
    }
  },
  "#doc-preface": {
    "current": {
      "number": "7.2.35",
      "spec": "Digital Publishing Accessibility API Mappings 1.1",
      "text": "doc-preface",
      "url": "https://w3c.github.io/dpub-aam/#doc-preface"
    },
    "snapshot": {
      "number": "7.2.35",
      "spec": "Digital Publishing Accessibility API Mappings 1.1",
      "text": "doc-preface",
      "url": "https://www.w3.org/TR/dpub-aam-1.1/#doc-preface"
    }
  },
  "#doc-prologue": {
    "current": {
      "number": "7.2.36",
      "spec": "Digital Publishing Accessibility API Mappings 1.1",
      "text": "doc-prologue",
      "url": "https://w3c.github.io/dpub-aam/#doc-prologue"
    },
    "snapshot": {
      "number": "7.2.36",
      "spec": "Digital Publishing Accessibility API Mappings 1.1",
      "text": "doc-prologue",
      "url": "https://www.w3.org/TR/dpub-aam-1.1/#doc-prologue"
    }
  },
  "#doc-pullquote": {
    "current": {
      "number": "7.2.37",
      "spec": "Digital Publishing Accessibility API Mappings 1.1",
      "text": "doc-pullquote",
      "url": "https://w3c.github.io/dpub-aam/#doc-pullquote"
    },
    "snapshot": {
      "number": "7.2.37",
      "spec": "Digital Publishing Accessibility API Mappings 1.1",
      "text": "doc-pullquote",
      "url": "https://www.w3.org/TR/dpub-aam-1.1/#doc-pullquote"
    }
  },
  "#doc-qna": {
    "current": {
      "number": "7.2.38",
      "spec": "Digital Publishing Accessibility API Mappings 1.1",
      "text": "doc-qna",
      "url": "https://w3c.github.io/dpub-aam/#doc-qna"
    },
    "snapshot": {
      "number": "7.2.38",
      "spec": "Digital Publishing Accessibility API Mappings 1.1",
      "text": "doc-qna",
      "url": "https://www.w3.org/TR/dpub-aam-1.1/#doc-qna"
    }
  },
  "#doc-subtitle": {
    "current": {
      "number": "7.2.39",
      "spec": "Digital Publishing Accessibility API Mappings 1.1",
      "text": "doc-subtitle",
      "url": "https://w3c.github.io/dpub-aam/#doc-subtitle"
    },
    "snapshot": {
      "number": "7.2.39",
      "spec": "Digital Publishing Accessibility API Mappings 1.1",
      "text": "doc-subtitle",
      "url": "https://www.w3.org/TR/dpub-aam-1.1/#doc-subtitle"
    }
  },
  "#doc-tip": {
    "current": {
      "number": "7.2.40",
      "spec": "Digital Publishing Accessibility API Mappings 1.1",
      "text": "doc-tip",
      "url": "https://w3c.github.io/dpub-aam/#doc-tip"
    },
    "snapshot": {
      "number": "7.2.40",
      "spec": "Digital Publishing Accessibility API Mappings 1.1",
      "text": "doc-tip",
      "url": "https://www.w3.org/TR/dpub-aam-1.1/#doc-tip"
    }
  },
  "#doc-toc": {
    "current": {
      "number": "7.2.41",
      "spec": "Digital Publishing Accessibility API Mappings 1.1",
      "text": "doc-toc",
      "url": "https://w3c.github.io/dpub-aam/#doc-toc"
    },
    "snapshot": {
      "number": "7.2.41",
      "spec": "Digital Publishing Accessibility API Mappings 1.1",
      "text": "doc-toc",
      "url": "https://www.w3.org/TR/dpub-aam-1.1/#doc-toc"
    }
  },
  "#dpub-deprecated-roles": {
    "current": {
      "number": "2.3",
      "spec": "Digital Publishing Accessibility API Mappings 1.1",
      "text": "Roles deprecated in DPUB-ARIA",
      "url": "https://w3c.github.io/dpub-aam/#dpub-deprecated-roles"
    },
    "snapshot": {
      "number": "2.3",
      "spec": "Digital Publishing Accessibility API Mappings 1.1",
      "text": "Roles deprecated in DPUB-ARIA",
      "url": "https://www.w3.org/TR/dpub-aam-1.1/#dpub-deprecated-roles"
    }
  },
  "#informative-references": {
    "current": {
      "number": "B.2",
      "spec": "Digital Publishing Accessibility API Mappings 1.1",
      "text": "Informative references",
      "url": "https://w3c.github.io/dpub-aam/#informative-references"
    },
    "snapshot": {
      "number": "B.2",
      "spec": "Digital Publishing Accessibility API Mappings 1.1",
      "text": "Informative references",
      "url": "https://www.w3.org/TR/dpub-aam-1.1/#informative-references"
    }
  },
  "#intro": {
    "current": {
      "number": "1",
      "spec": "Digital Publishing Accessibility API Mappings 1.1",
      "text": "Introduction",
      "url": "https://w3c.github.io/dpub-aam/#intro"
    },
    "snapshot": {
      "number": "1",
      "spec": "Digital Publishing Accessibility API Mappings 1.1",
      "text": "Introduction",
      "url": "https://www.w3.org/TR/dpub-aam-1.1/#intro"
    }
  },
  "#keyboard-focus": {
    "current": {
      "number": "3",
      "spec": "Digital Publishing Accessibility API Mappings 1.1",
      "text": "Supporting keyboard navigation",
      "url": "https://w3c.github.io/dpub-aam/#keyboard-focus"
    },
    "snapshot": {
      "number": "3",
      "spec": "Digital Publishing Accessibility API Mappings 1.1",
      "text": "Supporting keyboard navigation",
      "url": "https://www.w3.org/TR/dpub-aam-1.1/#keyboard-focus"
    }
  },
  "#mapping": {
    "current": {
      "number": "4",
      "spec": "Digital Publishing Accessibility API Mappings 1.1",
      "text": "Mapping WAI-ARIA to accessibility APIs",
      "url": "https://w3c.github.io/dpub-aam/#mapping"
    },
    "snapshot": {
      "number": "4",
      "spec": "Digital Publishing Accessibility API Mappings 1.1",
      "text": "Mapping WAI-ARIA to accessibility APIs",
      "url": "https://www.w3.org/TR/dpub-aam-1.1/#mapping"
    }
  },
  "#mapping_actions": {
    "current": {
      "number": "",
      "spec": "Digital Publishing Accessibility API Mappings 1.1",
      "text": "11. Actions",
      "url": "https://w3c.github.io/dpub-aam/#mapping_actions"
    },
    "snapshot": {
      "number": "",
      "spec": "Digital Publishing Accessibility API Mappings 1.1",
      "text": "11. Actions",
      "url": "https://www.w3.org/TR/dpub-aam-1.1/#mapping_actions"
    }
  },
  "#mapping_additional": {
    "current": {
      "number": "",
      "spec": "Digital Publishing Accessibility API Mappings 1.1",
      "text": "10. Special Processing Requiring Additional Computation",
      "url": "https://w3c.github.io/dpub-aam/#mapping_additional"
    },
    "snapshot": {
      "number": "",
      "spec": "Digital Publishing Accessibility API Mappings 1.1",
      "text": "10. Special Processing Requiring Additional Computation",
      "url": "https://www.w3.org/TR/dpub-aam-1.1/#mapping_additional"
    }
  },
  "#mapping_additional_nd": {
    "current": {
      "number": "10.1",
      "spec": "Digital Publishing Accessibility API Mappings 1.1",
      "text": "Name and Description",
      "url": "https://w3c.github.io/dpub-aam/#mapping_additional_nd"
    },
    "snapshot": {
      "number": "10.1",
      "spec": "Digital Publishing Accessibility API Mappings 1.1",
      "text": "Name and Description",
      "url": "https://www.w3.org/TR/dpub-aam-1.1/#mapping_additional_nd"
    }
  },
  "#mapping_additional_position": {
    "current": {
      "number": "10.3",
      "spec": "Digital Publishing Accessibility API Mappings 1.1",
      "text": "Group Position",
      "url": "https://w3c.github.io/dpub-aam/#mapping_additional_position"
    },
    "snapshot": {
      "number": "10.3",
      "spec": "Digital Publishing Accessibility API Mappings 1.1",
      "text": "Group Position",
      "url": "https://www.w3.org/TR/dpub-aam-1.1/#mapping_additional_position"
    }
  },
  "#mapping_additional_relations": {
    "current": {
      "number": "10.2",
      "spec": "Digital Publishing Accessibility API Mappings 1.1",
      "text": "Relations",
      "url": "https://w3c.github.io/dpub-aam/#mapping_additional_relations"
    },
    "snapshot": {
      "number": "10.2",
      "spec": "Digital Publishing Accessibility API Mappings 1.1",
      "text": "Relations",
      "url": "https://www.w3.org/TR/dpub-aam-1.1/#mapping_additional_relations"
    }
  },
  "#mapping_conflicts": {
    "current": {
      "number": "5",
      "spec": "Digital Publishing Accessibility API Mappings 1.1",
      "text": "Conflicts between native markup semantics and WAI-ARIA",
      "url": "https://w3c.github.io/dpub-aam/#mapping_conflicts"
    },
    "snapshot": {
      "number": "5",
      "spec": "Digital Publishing Accessibility API Mappings 1.1",
      "text": "Conflicts between native markup semantics and WAI-ARIA",
      "url": "https://www.w3.org/TR/dpub-aam-1.1/#mapping_conflicts"
    }
  },
  "#mapping_events": {
    "current": {
      "number": "",
      "spec": "Digital Publishing Accessibility API Mappings 1.1",
      "text": "12. Events",
      "url": "https://w3c.github.io/dpub-aam/#mapping_events"
    },
    "snapshot": {
      "number": "",
      "spec": "Digital Publishing Accessibility API Mappings 1.1",
      "text": "12. Events",
      "url": "https://www.w3.org/TR/dpub-aam-1.1/#mapping_events"
    }
  },
  "#mapping_general": {
    "current": {
      "number": "4.1",
      "spec": "Digital Publishing Accessibility API Mappings 1.1",
      "text": "General rules for exposing WAI-ARIA semantics",
      "url": "https://w3c.github.io/dpub-aam/#mapping_general"
    },
    "snapshot": {
      "number": "4.1",
      "spec": "Digital Publishing Accessibility API Mappings 1.1",
      "text": "General rules for exposing WAI-ARIA semantics",
      "url": "https://www.w3.org/TR/dpub-aam-1.1/#mapping_general"
    }
  },
  "#mapping_nodirect": {
    "current": {
      "number": "6",
      "spec": "Digital Publishing Accessibility API Mappings 1.1",
      "text": "Exposing attributes that do not directly map to accessibility API properties",
      "url": "https://w3c.github.io/dpub-aam/#mapping_nodirect"
    },
    "snapshot": {
      "number": "6",
      "spec": "Digital Publishing Accessibility API Mappings 1.1",
      "text": "Exposing attributes that do not directly map to accessibility API properties",
      "url": "https://www.w3.org/TR/dpub-aam-1.1/#mapping_nodirect"
    }
  },
  "#mapping_role": {
    "current": {
      "number": "7",
      "spec": "Digital Publishing Accessibility API Mappings 1.1",
      "text": "Role mapping",
      "url": "https://w3c.github.io/dpub-aam/#mapping_role"
    },
    "snapshot": {
      "number": "7",
      "spec": "Digital Publishing Accessibility API Mappings 1.1",
      "text": "Role mapping",
      "url": "https://www.w3.org/TR/dpub-aam-1.1/#mapping_role"
    }
  },
  "#mapping_role_table": {
    "current": {
      "number": "7.2",
      "spec": "Digital Publishing Accessibility API Mappings 1.1",
      "text": "Role Mapping Tables",
      "url": "https://w3c.github.io/dpub-aam/#mapping_role_table"
    },
    "snapshot": {
      "number": "7.2",
      "spec": "Digital Publishing Accessibility API Mappings 1.1",
      "text": "Role Mapping Tables",
      "url": "https://www.w3.org/TR/dpub-aam-1.1/#mapping_role_table"
    }
  },
  "#mapping_state-property": {
    "current": {
      "number": "9",
      "spec": "Digital Publishing Accessibility API Mappings 1.1",
      "text": "State and Property Mapping",
      "url": "https://w3c.github.io/dpub-aam/#mapping_state-property"
    },
    "snapshot": {
      "number": "9",
      "spec": "Digital Publishing Accessibility API Mappings 1.1",
      "text": "State and Property Mapping",
      "url": "https://www.w3.org/TR/dpub-aam-1.1/#mapping_state-property"
    }
  },
  "#normative-and-informative-sections": {
    "current": {
      "number": "2.2",
      "spec": "Digital Publishing Accessibility API Mappings 1.1",
      "text": "Normative and Informative Sections",
      "url": "https://w3c.github.io/dpub-aam/#normative-and-informative-sections"
    },
    "snapshot": {
      "number": "2.2",
      "spec": "Digital Publishing Accessibility API Mappings 1.1",
      "text": "Normative and Informative Sections",
      "url": "https://www.w3.org/TR/dpub-aam-1.1/#normative-and-informative-sections"
    }
  },
  "#normative-references": {
    "current": {
      "number": "B.1",
      "spec": "Digital Publishing Accessibility API Mappings 1.1",
      "text": "Normative references",
      "url": "https://w3c.github.io/dpub-aam/#normative-references"
    },
    "snapshot": {
      "number": "B.1",
      "spec": "Digital Publishing Accessibility API Mappings 1.1",
      "text": "Normative references",
      "url": "https://www.w3.org/TR/dpub-aam-1.1/#normative-references"
    }
  },
  "#older-changes": {
    "current": {
      "number": "A.1.2",
      "spec": "Digital Publishing Accessibility API Mappings 1.1",
      "text": "Other substantive changes since Digital Publishing Accessibility API Mappings 1.0",
      "url": "https://w3c.github.io/dpub-aam/#older-changes"
    },
    "snapshot": {
      "number": "A.1.2",
      "spec": "Digital Publishing Accessibility API Mappings 1.1",
      "text": "Other substantive changes since Digital Publishing Accessibility API Mappings 1.0",
      "url": "https://www.w3.org/TR/dpub-aam-1.1/#older-changes"
    }
  },
  "#privacy-considerations": {
    "current": {
      "number": "",
      "spec": "Digital Publishing Accessibility API Mappings 1.1",
      "text": "14. Privacy Considerations",
      "url": "https://w3c.github.io/dpub-aam/#privacy-considerations"
    },
    "snapshot": {
      "number": "",
      "spec": "Digital Publishing Accessibility API Mappings 1.1",
      "text": "14. Privacy Considerations",
      "url": "https://www.w3.org/TR/dpub-aam-1.1/#privacy-considerations"
    }
  },
  "#recent-changes": {
    "current": {
      "number": "A.1.1",
      "spec": "Digital Publishing Accessibility API Mappings 1.1",
      "text": "Substantive changes since the First Public Working Draft",
      "url": "https://w3c.github.io/dpub-aam/#recent-changes"
    },
    "snapshot": {
      "number": "A.1.1",
      "spec": "Digital Publishing Accessibility API Mappings 1.1",
      "text": "Substantive changes since the First Public Working Draft",
      "url": "https://www.w3.org/TR/dpub-aam-1.1/#recent-changes"
    }
  },
  "#references": {
    "current": {
      "number": "B",
      "spec": "Digital Publishing Accessibility API Mappings 1.1",
      "text": "References",
      "url": "https://w3c.github.io/dpub-aam/#references"
    },
    "snapshot": {
      "number": "B",
      "spec": "Digital Publishing Accessibility API Mappings 1.1",
      "text": "References",
      "url": "https://www.w3.org/TR/dpub-aam-1.1/#references"
    }
  },
  "#rfc-2119-keywords": {
    "current": {
      "number": "2.1",
      "spec": "Digital Publishing Accessibility API Mappings 1.1",
      "text": "RFC-2119 Keywords",
      "url": "https://w3c.github.io/dpub-aam/#rfc-2119-keywords"
    },
    "snapshot": {
      "number": "2.1",
      "spec": "Digital Publishing Accessibility API Mappings 1.1",
      "text": "RFC-2119 Keywords",
      "url": "https://www.w3.org/TR/dpub-aam-1.1/#rfc-2119-keywords"
    }
  },
  "#roleMappingGeneralRules": {
    "current": {
      "number": "7.1",
      "spec": "Digital Publishing Accessibility API Mappings 1.1",
      "text": "General Rules",
      "url": "https://w3c.github.io/dpub-aam/#roleMappingGeneralRules"
    },
    "snapshot": {
      "number": "7.1",
      "spec": "Digital Publishing Accessibility API Mappings 1.1",
      "text": "General Rules",
      "url": "https://www.w3.org/TR/dpub-aam-1.1/#roleMappingGeneralRules"
    }
  },
  "#security-considerations": {
    "current": {
      "number": "",
      "spec": "Digital Publishing Accessibility API Mappings 1.1",
      "text": "13. Security Considerations",
      "url": "https://w3c.github.io/dpub-aam/#security-considerations"
    },
    "snapshot": {
      "number": "",
      "spec": "Digital Publishing Accessibility API Mappings 1.1",
      "text": "13. Security Considerations",
      "url": "https://www.w3.org/TR/dpub-aam-1.1/#security-considerations"
    }
  },
  "#title": {
    "current": {
      "number": "",
      "spec": "Digital Publishing Accessibility API Mappings 1.1",
      "text": "Digital Publishing Accessibility API Mappings 1.1",
      "url": "https://w3c.github.io/dpub-aam/#title"
    },
    "snapshot": {
      "number": "",
      "spec": "Digital Publishing Accessibility API Mappings 1.1",
      "text": "Digital Publishing Accessibility API Mappings 1.1",
      "url": "https://www.w3.org/TR/dpub-aam-1.1/#title"
    }
  },
  "#toc": {
    "current": {
      "number": "",
      "spec": "Digital Publishing Accessibility API Mappings 1.1",
      "text": "Table of Contents",
      "url": "https://w3c.github.io/dpub-aam/#toc"
    },
    "snapshot": {
      "number": "",
      "spec": "Digital Publishing Accessibility API Mappings 1.1",
      "text": "Table of Contents",
      "url": "https://www.w3.org/TR/dpub-aam-1.1/#toc"
    }
  },
  "#translatable-values": {
    "current": {
      "number": "8",
      "spec": "Digital Publishing Accessibility API Mappings 1.1",
      "text": "Translatable Values",
      "url": "https://w3c.github.io/dpub-aam/#translatable-values"
    },
    "snapshot": {
      "number": "8",
      "spec": "Digital Publishing Accessibility API Mappings 1.1",
      "text": "Translatable Values",
      "url": "https://www.w3.org/TR/dpub-aam-1.1/#translatable-values"
    }
  }
}