{
  "#accessibility": {
    "current": {
      "number": "6",
      "spec": "Web App Launch Handler API",
      "text": "Accessibility",
      "url": "https://wicg.github.io/web-app-launch/#accessibility"
    }
  },
  "#client_mode-member": {
    "current": {
      "number": "3.2",
      "spec": "Web App Launch Handler API",
      "text": "client_mode member",
      "url": "https://wicg.github.io/web-app-launch/#client_mode-member"
    }
  },
  "#conformance": {
    "current": {
      "number": "8",
      "spec": "Web App Launch Handler API",
      "text": "Conformance",
      "url": "https://wicg.github.io/web-app-launch/#conformance"
    }
  },
  "#extension-to-the-web-app-manifest": {
    "current": {
      "number": "3",
      "spec": "Web App Launch Handler API",
      "text": "Extension to the Web App Manifest",
      "url": "https://wicg.github.io/web-app-launch/#extension-to-the-web-app-manifest"
    }
  },
  "#handling-web-app-launches": {
    "current": {
      "number": "4",
      "spec": "Web App Launch Handler API",
      "text": "Handling Web App Launches",
      "url": "https://wicg.github.io/web-app-launch/#handling-web-app-launches"
    }
  },
  "#launch_handler-member": {
    "current": {
      "number": "3.1",
      "spec": "Web App Launch Handler API",
      "text": "launch_handler member",
      "url": "https://wicg.github.io/web-app-launch/#launch_handler-member"
    }
  },
  "#launchconsumer-function": {
    "current": {
      "number": "5.2",
      "spec": "Web App Launch Handler API",
      "text": "LaunchConsumer function",
      "url": "https://wicg.github.io/web-app-launch/#launchconsumer-function"
    }
  },
  "#launching-a-web-app-with-handling": {
    "current": {
      "number": "4.1",
      "spec": "Web App Launch Handler API",
      "text": "Launching a Web App with Handling",
      "url": "https://wicg.github.io/web-app-launch/#launching-a-web-app-with-handling"
    }
  },
  "#launchparams-interface": {
    "current": {
      "number": "5.1",
      "spec": "Web App Launch Handler API",
      "text": "LaunchParams interface",
      "url": "https://wicg.github.io/web-app-launch/#launchparams-interface"
    }
  },
  "#launchqueue-interface": {
    "current": {
      "number": "5.3",
      "spec": "Web App Launch Handler API",
      "text": "LaunchQueue interface",
      "url": "https://wicg.github.io/web-app-launch/#launchqueue-interface"
    }
  },
  "#normative-references": {
    "current": {
      "number": "A.1",
      "spec": "Web App Launch Handler API",
      "text": "Normative references",
      "url": "https://wicg.github.io/web-app-launch/#normative-references"
    }
  },
  "#prerequisites": {
    "current": {
      "number": "1",
      "spec": "Web App Launch Handler API",
      "text": "Prerequisites",
      "url": "https://wicg.github.io/web-app-launch/#prerequisites"
    }
  },
  "#priv-sec": {
    "current": {
      "number": "7",
      "spec": "Web App Launch Handler API",
      "text": "Privacy and Security Considerations",
      "url": "https://wicg.github.io/web-app-launch/#priv-sec"
    }
  },
  "#processing-unconsumed-launch-params": {
    "current": {
      "number": "4.2",
      "spec": "Web App Launch Handler API",
      "text": "Processing unconsumed launch params",
      "url": "https://wicg.github.io/web-app-launch/#processing-unconsumed-launch-params"
    }
  },
  "#references": {
    "current": {
      "number": "A",
      "spec": "Web App Launch Handler API",
      "text": "References",
      "url": "https://wicg.github.io/web-app-launch/#references"
    }
  },
  "#script-interfaces-to-app-launches": {
    "current": {
      "number": "5",
      "spec": "Web App Launch Handler API",
      "text": "Script Interfaces to App Launches",
      "url": "https://wicg.github.io/web-app-launch/#script-interfaces-to-app-launches"
    }
  },
  "#setconsumer-method": {
    "current": {
      "number": "5.3.1",
      "spec": "Web App Launch Handler API",
      "text": "setConsumer method",
      "url": "https://wicg.github.io/web-app-launch/#setconsumer-method"
    }
  },
  "#title": {
    "current": {
      "number": "",
      "spec": "Web App Launch Handler API",
      "text": "Web App Launch Handler API",
      "url": "https://wicg.github.io/web-app-launch/#title"
    }
  },
  "#toc": {
    "current": {
      "number": "",
      "spec": "Web App Launch Handler API",
      "text": "Table of Contents",
      "url": "https://wicg.github.io/web-app-launch/#toc"
    }
  },
  "#usage-example": {
    "current": {
      "number": "2",
      "spec": "Web App Launch Handler API",
      "text": "Usage Example",
      "url": "https://wicg.github.io/web-app-launch/#usage-example"
    }
  }
}