{
  "#acknowledgements": {
    "current": {
      "number": "A",
      "spec": "requestIdleCallback() Cooperative Scheduling of Background Tasks",
      "text": "Acknowledgments",
      "url": "https://w3c.github.io/requestidlecallback/#acknowledgements"
    },
    "snapshot": {
      "number": "A",
      "spec": "requestIdleCallback() Cooperative Scheduling of Background Tasks",
      "text": "Acknowledgments",
      "url": "https://www.w3.org/TR/requestidlecallback/#acknowledgements"
    }
  },
  "#conformance": {
    "current": {
      "number": "3",
      "spec": "requestIdleCallback() Cooperative Scheduling of Background Tasks",
      "text": "Conformance",
      "url": "https://w3c.github.io/requestidlecallback/#conformance"
    },
    "snapshot": {
      "number": "3",
      "spec": "requestIdleCallback() Cooperative Scheduling of Background Tasks",
      "text": "Conformance",
      "url": "https://www.w3.org/TR/requestidlecallback/#conformance"
    }
  },
  "#idle-periods": {
    "current": {
      "number": "2",
      "spec": "requestIdleCallback() Cooperative Scheduling of Background Tasks",
      "text": "Idle Periods",
      "url": "https://w3c.github.io/requestidlecallback/#idle-periods"
    },
    "snapshot": {
      "number": "2",
      "spec": "requestIdleCallback() Cooperative Scheduling of Background Tasks",
      "text": "Idle Periods",
      "url": "https://www.w3.org/TR/requestidlecallback/#idle-periods"
    }
  },
  "#informative-references": {
    "current": {
      "number": "B.2",
      "spec": "requestIdleCallback() Cooperative Scheduling of Background Tasks",
      "text": "Informative references",
      "url": "https://w3c.github.io/requestidlecallback/#informative-references"
    },
    "snapshot": {
      "number": "B.2",
      "spec": "requestIdleCallback() Cooperative Scheduling of Background Tasks",
      "text": "Informative references",
      "url": "https://www.w3.org/TR/requestidlecallback/#informative-references"
    }
  },
  "#introduction": {
    "current": {
      "number": "1",
      "spec": "requestIdleCallback() Cooperative Scheduling of Background Tasks",
      "text": "Introduction",
      "url": "https://w3c.github.io/requestidlecallback/#introduction"
    },
    "snapshot": {
      "number": "1",
      "spec": "requestIdleCallback() Cooperative Scheduling of Background Tasks",
      "text": "Introduction",
      "url": "https://www.w3.org/TR/requestidlecallback/#introduction"
    }
  },
  "#invoke-idle-callback-timeout-algorithm": {
    "current": {
      "number": "5.3",
      "spec": "requestIdleCallback() Cooperative Scheduling of Background Tasks",
      "text": "Invoke idle callback timeout algorithm",
      "url": "https://w3c.github.io/requestidlecallback/#invoke-idle-callback-timeout-algorithm"
    },
    "snapshot": {
      "number": "5.3",
      "spec": "requestIdleCallback() Cooperative Scheduling of Background Tasks",
      "text": "Invoke idle callback timeout algorithm",
      "url": "https://www.w3.org/TR/requestidlecallback/#invoke-idle-callback-timeout-algorithm"
    }
  },
  "#invoke-idle-callbacks-algorithm": {
    "current": {
      "number": "5.2",
      "spec": "requestIdleCallback() Cooperative Scheduling of Background Tasks",
      "text": "Invoke idle callbacks algorithm",
      "url": "https://w3c.github.io/requestidlecallback/#invoke-idle-callbacks-algorithm"
    },
    "snapshot": {
      "number": "5.2",
      "spec": "requestIdleCallback() Cooperative Scheduling of Background Tasks",
      "text": "Invoke idle callbacks algorithm",
      "url": "https://www.w3.org/TR/requestidlecallback/#invoke-idle-callbacks-algorithm"
    }
  },
  "#normative-references": {
    "current": {
      "number": "B.1",
      "spec": "requestIdleCallback() Cooperative Scheduling of Background Tasks",
      "text": "Normative references",
      "url": "https://w3c.github.io/requestidlecallback/#normative-references"
    },
    "snapshot": {
      "number": "B.1",
      "spec": "requestIdleCallback() Cooperative Scheduling of Background Tasks",
      "text": "Normative references",
      "url": "https://www.w3.org/TR/requestidlecallback/#normative-references"
    }
  },
  "#privacy-considerations": {
    "current": {
      "number": "6",
      "spec": "requestIdleCallback() Cooperative Scheduling of Background Tasks",
      "text": "Privacy Considerations",
      "url": "https://w3c.github.io/requestidlecallback/#privacy-considerations"
    },
    "snapshot": {
      "number": "6",
      "spec": "requestIdleCallback() Cooperative Scheduling of Background Tasks",
      "text": "Privacy Considerations",
      "url": "https://www.w3.org/TR/requestidlecallback/#privacy-considerations"
    }
  },
  "#processing": {
    "current": {
      "number": "5",
      "spec": "requestIdleCallback() Cooperative Scheduling of Background Tasks",
      "text": "Processing",
      "url": "https://w3c.github.io/requestidlecallback/#processing"
    },
    "snapshot": {
      "number": "5",
      "spec": "requestIdleCallback() Cooperative Scheduling of Background Tasks",
      "text": "Processing",
      "url": "https://www.w3.org/TR/requestidlecallback/#processing"
    }
  },
  "#references": {
    "current": {
      "number": "B",
      "spec": "requestIdleCallback() Cooperative Scheduling of Background Tasks",
      "text": "References",
      "url": "https://w3c.github.io/requestidlecallback/#references"
    },
    "snapshot": {
      "number": "B",
      "spec": "requestIdleCallback() Cooperative Scheduling of Background Tasks",
      "text": "References",
      "url": "https://www.w3.org/TR/requestidlecallback/#references"
    }
  },
  "#security-considerations": {
    "current": {
      "number": "7",
      "spec": "requestIdleCallback() Cooperative Scheduling of Background Tasks",
      "text": "Security Considerations",
      "url": "https://w3c.github.io/requestidlecallback/#security-considerations"
    },
    "snapshot": {
      "number": "7",
      "spec": "requestIdleCallback() Cooperative Scheduling of Background Tasks",
      "text": "Security Considerations",
      "url": "https://www.w3.org/TR/requestidlecallback/#security-considerations"
    }
  },
  "#start-an-idle-period-algorithm": {
    "current": {
      "number": "5.1",
      "spec": "requestIdleCallback() Cooperative Scheduling of Background Tasks",
      "text": "Start an idle period algorithm",
      "url": "https://w3c.github.io/requestidlecallback/#start-an-idle-period-algorithm"
    },
    "snapshot": {
      "number": "5.1",
      "spec": "requestIdleCallback() Cooperative Scheduling of Background Tasks",
      "text": "Start an idle period algorithm",
      "url": "https://www.w3.org/TR/requestidlecallback/#start-an-idle-period-algorithm"
    }
  },
  "#subtitle": {
    "current": {
      "number": "",
      "spec": "requestIdleCallback() Cooperative Scheduling of Background Tasks",
      "text": "Cooperative Scheduling of Background Tasks",
      "url": "https://w3c.github.io/requestidlecallback/#subtitle"
    },
    "snapshot": {
      "number": "",
      "spec": "requestIdleCallback() Cooperative Scheduling of Background Tasks",
      "text": "Cooperative Scheduling of Background Tasks",
      "url": "https://www.w3.org/TR/requestidlecallback/#subtitle"
    }
  },
  "#the-cancelidlecallback-method": {
    "current": {
      "number": "4.2",
      "spec": "requestIdleCallback() Cooperative Scheduling of Background Tasks",
      "text": "The cancelIdleCallback() method",
      "url": "https://w3c.github.io/requestidlecallback/#the-cancelidlecallback-method"
    },
    "snapshot": {
      "number": "4.2",
      "spec": "requestIdleCallback() Cooperative Scheduling of Background Tasks",
      "text": "The cancelIdleCallback() method",
      "url": "https://www.w3.org/TR/requestidlecallback/#the-cancelidlecallback-method"
    }
  },
  "#the-idledeadline-interface": {
    "current": {
      "number": "4.3",
      "spec": "requestIdleCallback() Cooperative Scheduling of Background Tasks",
      "text": "The IdleDeadline interface",
      "url": "https://w3c.github.io/requestidlecallback/#the-idledeadline-interface"
    },
    "snapshot": {
      "number": "4.3",
      "spec": "requestIdleCallback() Cooperative Scheduling of Background Tasks",
      "text": "The IdleDeadline interface",
      "url": "https://www.w3.org/TR/requestidlecallback/#the-idledeadline-interface"
    }
  },
  "#the-requestidlecallback-method": {
    "current": {
      "number": "4.1",
      "spec": "requestIdleCallback() Cooperative Scheduling of Background Tasks",
      "text": "The requestIdleCallback() method",
      "url": "https://w3c.github.io/requestidlecallback/#the-requestidlecallback-method"
    },
    "snapshot": {
      "number": "4.1",
      "spec": "requestIdleCallback() Cooperative Scheduling of Background Tasks",
      "text": "The requestIdleCallback() method",
      "url": "https://www.w3.org/TR/requestidlecallback/#the-requestidlecallback-method"
    }
  },
  "#title": {
    "current": {
      "number": "",
      "spec": "requestIdleCallback() Cooperative Scheduling of Background Tasks",
      "text": "requestIdleCallback()",
      "url": "https://w3c.github.io/requestidlecallback/#title"
    },
    "snapshot": {
      "number": "",
      "spec": "requestIdleCallback() Cooperative Scheduling of Background Tasks",
      "text": "requestIdleCallback()",
      "url": "https://www.w3.org/TR/requestidlecallback/#title"
    }
  },
  "#toc": {
    "current": {
      "number": "",
      "spec": "requestIdleCallback() Cooperative Scheduling of Background Tasks",
      "text": "Table of Contents",
      "url": "https://w3c.github.io/requestidlecallback/#toc"
    },
    "snapshot": {
      "number": "",
      "spec": "requestIdleCallback() Cooperative Scheduling of Background Tasks",
      "text": "Table of Contents",
      "url": "https://www.w3.org/TR/requestidlecallback/#toc"
    }
  },
  "#window_extensions": {
    "current": {
      "number": "4",
      "spec": "requestIdleCallback() Cooperative Scheduling of Background Tasks",
      "text": "Window interface extensions",
      "url": "https://w3c.github.io/requestidlecallback/#window_extensions"
    },
    "snapshot": {
      "number": "4",
      "spec": "requestIdleCallback() Cooperative Scheduling of Background Tasks",
      "text": "Window interface extensions",
      "url": "https://www.w3.org/TR/requestidlecallback/#window_extensions"
    }
  }
}