{
  "#abstract": {
    "current": {
      "number": "",
      "spec": "CSS User Interface 4",
      "text": "Abstract",
      "url": "https://drafts.csswg.org/css-ui-4/#abstract"
    },
    "snapshot": {
      "number": "",
      "spec": "CSS User Interface 4",
      "text": "Abstract",
      "url": "https://www.w3.org/TR/css-ui-4/#abstract"
    }
  },
  "#acknowledgments": {
    "current": {
      "number": "A",
      "spec": "CSS User Interface 4",
      "text": "Acknowledgments",
      "url": "https://drafts.csswg.org/css-ui-4/#acknowledgments"
    },
    "snapshot": {
      "number": "A",
      "spec": "CSS User Interface 4",
      "text": "Acknowledgments",
      "url": "https://www.w3.org/TR/css-ui-4/#acknowledgments"
    }
  },
  "#appearance-decorative": {
    "current": {
      "number": "7.2.2",
      "spec": "CSS User Interface 4",
      "text": "Effects of appearance on Decorative Aspects of Elements",
      "url": "https://drafts.csswg.org/css-ui-4/#appearance-decorative"
    },
    "snapshot": {
      "number": "7.2.1",
      "spec": "CSS User Interface 4",
      "text": "Effects of appearance on Decorative Aspects of Elements",
      "url": "https://www.w3.org/TR/css-ui-4/#appearance-decorative"
    }
  },
  "#appearance-disabling-properties": {
    "current": {
      "number": "7.2.1",
      "spec": "CSS User Interface 4",
      "text": "Properties Disabling Native Appearance",
      "url": "https://drafts.csswg.org/css-ui-4/#appearance-disabling-properties"
    }
  },
  "#appearance-semantics": {
    "current": {
      "number": "7.2.3",
      "spec": "CSS User Interface 4",
      "text": "Effects of appearance on Semantic Aspects of Elements",
      "url": "https://drafts.csswg.org/css-ui-4/#appearance-semantics"
    },
    "snapshot": {
      "number": "7.2.2",
      "spec": "CSS User Interface 4",
      "text": "Effects of appearance on Semantic Aspects of Elements",
      "url": "https://www.w3.org/TR/css-ui-4/#appearance-semantics"
    }
  },
  "#appearance-switching": {
    "current": {
      "number": "7.2",
      "spec": "CSS User Interface 4",
      "text": "Switching appearance: the appearance property",
      "url": "https://drafts.csswg.org/css-ui-4/#appearance-switching"
    },
    "snapshot": {
      "number": "7.2",
      "spec": "CSS User Interface 4",
      "text": "Switching appearance: the appearance property",
      "url": "https://www.w3.org/TR/css-ui-4/#appearance-switching"
    }
  },
  "#canvas_cursor": {
    "current": {
      "number": "5.1.1.1",
      "spec": "CSS User Interface 4",
      "text": "Cursor of the canvas",
      "url": "https://drafts.csswg.org/css-ui-4/#canvas_cursor"
    },
    "snapshot": {
      "number": "5.1.1.1",
      "spec": "CSS User Interface 4",
      "text": "Cursor of the canvas",
      "url": "https://www.w3.org/TR/css-ui-4/#canvas_cursor"
    }
  },
  "#caret": {
    "current": {
      "number": "5.2.4",
      "spec": "CSS User Interface 4",
      "text": "Insertion caret shorthand: caret",
      "url": "https://drafts.csswg.org/css-ui-4/#caret"
    },
    "snapshot": {
      "number": "5.2.3",
      "spec": "CSS User Interface 4",
      "text": "Insertion caret shorthand: caret",
      "url": "https://www.w3.org/TR/css-ui-4/#caret"
    }
  },
  "#caret-animation": {
    "current": {
      "number": "5.2.2",
      "spec": "CSS User Interface 4",
      "text": "Animation of the insertion caret: caret-animation",
      "url": "https://drafts.csswg.org/css-ui-4/#caret-animation"
    }
  },
  "#caret-color": {
    "current": {
      "number": "5.2.1",
      "spec": "CSS User Interface 4",
      "text": "Coloring the Insertion Caret: the caret-color property",
      "url": "https://drafts.csswg.org/css-ui-4/#caret-color"
    },
    "snapshot": {
      "number": "5.2.1",
      "spec": "CSS User Interface 4",
      "text": "Coloring the Insertion Caret: the caret-color property",
      "url": "https://www.w3.org/TR/css-ui-4/#caret-color"
    }
  },
  "#caret-shape": {
    "current": {
      "number": "5.2.3",
      "spec": "CSS User Interface 4",
      "text": "Shape of the insertion caret: caret-shape",
      "url": "https://drafts.csswg.org/css-ui-4/#caret-shape"
    },
    "snapshot": {
      "number": "5.2.2",
      "spec": "CSS User Interface 4",
      "text": "Shape of the insertion caret: caret-shape",
      "url": "https://www.w3.org/TR/css-ui-4/#caret-shape"
    }
  },
  "#changes": {
    "current": {
      "number": "B",
      "spec": "CSS User Interface 4",
      "text": "Changes",
      "url": "https://drafts.csswg.org/css-ui-4/#changes"
    },
    "snapshot": {
      "number": "B",
      "spec": "CSS User Interface 4",
      "text": "Changes",
      "url": "https://www.w3.org/TR/css-ui-4/#changes"
    }
  },
  "#changes-2-1-2020": {
    "current": {
      "number": "",
      "spec": "CSS User Interface 4",
      "text": "Changes from the 2 January 2020 Working Draft",
      "url": "https://drafts.csswg.org/css-ui-4/#changes-2-1-2020"
    },
    "snapshot": {
      "number": "",
      "spec": "CSS User Interface 4",
      "text": "Changes from the 2 January 2020 Working Draft",
      "url": "https://www.w3.org/TR/css-ui-4/#changes-2-1-2020"
    }
  },
  "#changes-2021-03-16": {
    "current": {
      "number": "",
      "spec": "CSS User Interface 4",
      "text": "Changes from the 16 March 2021 Working Draft",
      "url": "https://drafts.csswg.org/css-ui-4/#changes-2021-03-16"
    }
  },
  "#changes-22-09-2015": {
    "current": {
      "number": "",
      "spec": "CSS User Interface 4",
      "text": "Changes from the 22 Sep 2015 First Public Working Draft",
      "url": "https://drafts.csswg.org/css-ui-4/#changes-22-09-2015"
    },
    "snapshot": {
      "number": "",
      "spec": "CSS User Interface 4",
      "text": "Changes from the 22 Sep 2015 First Public Working Draft",
      "url": "https://www.w3.org/TR/css-ui-4/#changes-22-09-2015"
    }
  },
  "#changes-22-12-2017": {
    "current": {
      "number": "",
      "spec": "CSS User Interface 4",
      "text": "Changes from the 22 December 2017 Working Draft",
      "url": "https://drafts.csswg.org/css-ui-4/#changes-22-12-2017"
    },
    "snapshot": {
      "number": "",
      "spec": "CSS User Interface 4",
      "text": "Changes from the 22 December 2017 Working Draft",
      "url": "https://www.w3.org/TR/css-ui-4/#changes-22-12-2017"
    }
  },
  "#changes-24-1-2020": {
    "current": {
      "number": "",
      "spec": "CSS User Interface 4",
      "text": "Changes from the 24 January 2020 Working Draft",
      "url": "https://drafts.csswg.org/css-ui-4/#changes-24-1-2020"
    },
    "snapshot": {
      "number": "",
      "spec": "CSS User Interface 4",
      "text": "Changes from the 24 January 2020 Working Draft",
      "url": "https://www.w3.org/TR/css-ui-4/#changes-24-1-2020"
    }
  },
  "#content-selection": {
    "current": {
      "number": "6.1",
      "spec": "CSS User Interface 4",
      "text": "Controlling content selection",
      "url": "https://drafts.csswg.org/css-ui-4/#content-selection"
    },
    "snapshot": {
      "number": "6.1",
      "spec": "CSS User Interface 4",
      "text": "Controlling content selection",
      "url": "https://www.w3.org/TR/css-ui-4/#content-selection"
    }
  },
  "#control-specific-rules": {
    "current": {
      "number": "7.5",
      "spec": "CSS User Interface 4",
      "text": "Control Specific Rules",
      "url": "https://drafts.csswg.org/css-ui-4/#control-specific-rules"
    },
    "snapshot": {
      "number": "7.3",
      "spec": "CSS User Interface 4",
      "text": "Control Specific Rules",
      "url": "https://www.w3.org/TR/css-ui-4/#control-specific-rules"
    }
  },
  "#cursor": {
    "current": {
      "number": "5.1.1",
      "spec": "CSS User Interface 4",
      "text": "Styling the Cursor: the cursor property",
      "url": "https://drafts.csswg.org/css-ui-4/#cursor"
    },
    "snapshot": {
      "number": "5.1.1",
      "spec": "CSS User Interface 4",
      "text": "Styling the Cursor: the cursor property",
      "url": "https://www.w3.org/TR/css-ui-4/#cursor"
    }
  },
  "#default-style-sheet": {
    "current": {
      "number": "D",
      "spec": "CSS User Interface 4",
      "text": "Default style sheet additions for HTML",
      "url": "https://drafts.csswg.org/css-ui-4/#default-style-sheet"
    },
    "snapshot": {
      "number": "D",
      "spec": "CSS User Interface 4",
      "text": "Default style sheet additions for HTML",
      "url": "https://www.w3.org/TR/css-ui-4/#default-style-sheet"
    }
  },
  "#example-moving-focus-to-inside-a-frame": {
    "current": {
      "number": "5.3.1.2",
      "spec": "CSS User Interface 4",
      "text": "Example: moving focus to inside a frame",
      "url": "https://drafts.csswg.org/css-ui-4/#example-moving-focus-to-inside-a-frame"
    },
    "snapshot": {
      "number": "5.3.1.2",
      "spec": "CSS User Interface 4",
      "text": "Example: moving focus to inside a frame",
      "url": "https://www.w3.org/TR/css-ui-4/#example-moving-focus-to-inside-a-frame"
    }
  },
  "#example-positioned-buttons": {
    "current": {
      "number": "5.3.1.1",
      "spec": "CSS User Interface 4",
      "text": "Example: positioned buttons",
      "url": "https://drafts.csswg.org/css-ui-4/#example-positioned-buttons"
    },
    "snapshot": {
      "number": "5.3.1.1",
      "spec": "CSS User Interface 4",
      "text": "Example: positioned buttons",
      "url": "https://www.w3.org/TR/css-ui-4/#example-positioned-buttons"
    }
  },
  "#field-sizing": {
    "current": {
      "number": "7.3",
      "spec": "CSS User Interface 4",
      "text": "Switching form control sizing: the field-sizing property",
      "url": "https://drafts.csswg.org/css-ui-4/#field-sizing"
    }
  },
  "#index": {
    "current": {
      "number": "",
      "spec": "CSS User Interface 4",
      "text": "Index",
      "url": "https://drafts.csswg.org/css-ui-4/#index"
    },
    "snapshot": {
      "number": "",
      "spec": "CSS User Interface 4",
      "text": "Index",
      "url": "https://www.w3.org/TR/css-ui-4/#index"
    }
  },
  "#index-defined-elsewhere": {
    "current": {
      "number": "",
      "spec": "CSS User Interface 4",
      "text": "Terms defined by reference",
      "url": "https://drafts.csswg.org/css-ui-4/#index-defined-elsewhere"
    },
    "snapshot": {
      "number": "",
      "spec": "CSS User Interface 4",
      "text": "Terms defined by reference",
      "url": "https://www.w3.org/TR/css-ui-4/#index-defined-elsewhere"
    }
  },
  "#index-defined-here": {
    "current": {
      "number": "",
      "spec": "CSS User Interface 4",
      "text": "Terms defined by this specification",
      "url": "https://drafts.csswg.org/css-ui-4/#index-defined-here"
    },
    "snapshot": {
      "number": "",
      "spec": "CSS User Interface 4",
      "text": "Terms defined by this specification",
      "url": "https://www.w3.org/TR/css-ui-4/#index-defined-here"
    }
  },
  "#informative": {
    "current": {
      "number": "",
      "spec": "CSS User Interface 4",
      "text": "Informative References",
      "url": "https://drafts.csswg.org/css-ui-4/#informative"
    },
    "snapshot": {
      "number": "",
      "spec": "CSS User Interface 4",
      "text": "Informative References",
      "url": "https://www.w3.org/TR/css-ui-4/#informative"
    }
  },
  "#input-method-editor": {
    "current": {
      "number": "5.3.2",
      "spec": "CSS User Interface 4",
      "text": "Obsolete: the ime-mode property",
      "url": "https://drafts.csswg.org/css-ui-4/#input-method-editor"
    },
    "snapshot": {
      "number": "5.3.2",
      "spec": "CSS User Interface 4",
      "text": "Obsolete: the ime-mode property",
      "url": "https://www.w3.org/TR/css-ui-4/#input-method-editor"
    }
  },
  "#input-rules": {
    "current": {
      "number": "7.5.1",
      "spec": "CSS User Interface 4",
      "text": "Single-Line Text Input Controls",
      "url": "https://drafts.csswg.org/css-ui-4/#input-rules"
    },
    "snapshot": {
      "number": "7.3.1",
      "spec": "CSS User Interface 4",
      "text": "Single-Line Text Input Controls",
      "url": "https://www.w3.org/TR/css-ui-4/#input-rules"
    }
  },
  "#input-security": {
    "current": {
      "number": "7.4",
      "spec": "CSS User Interface 4",
      "text": "Obscuring sensitive input: the input-security property",
      "url": "https://drafts.csswg.org/css-ui-4/#input-security"
    }
  },
  "#insertion-caret": {
    "current": {
      "number": "5.2",
      "spec": "CSS User Interface 4",
      "text": "Insertion caret",
      "url": "https://drafts.csswg.org/css-ui-4/#insertion-caret"
    },
    "snapshot": {
      "number": "5.2",
      "spec": "CSS User Interface 4",
      "text": "Insertion caret",
      "url": "https://www.w3.org/TR/css-ui-4/#insertion-caret"
    }
  },
  "#interaction": {
    "current": {
      "number": "2",
      "spec": "CSS User Interface 4",
      "text": "Module Interactions",
      "url": "https://drafts.csswg.org/css-ui-4/#interaction"
    },
    "snapshot": {
      "number": "2",
      "spec": "CSS User Interface 4",
      "text": "Module Interactions",
      "url": "https://www.w3.org/TR/css-ui-4/#interaction"
    }
  },
  "#intro": {
    "current": {
      "number": "1",
      "spec": "CSS User Interface 4",
      "text": "Introduction",
      "url": "https://drafts.csswg.org/css-ui-4/#intro"
    },
    "snapshot": {
      "number": "1",
      "spec": "CSS User Interface 4",
      "text": "Introduction",
      "url": "https://www.w3.org/TR/css-ui-4/#intro"
    }
  },
  "#issues-index": {
    "current": {
      "number": "",
      "spec": "CSS User Interface 4",
      "text": "Issues Index",
      "url": "https://drafts.csswg.org/css-ui-4/#issues-index"
    },
    "snapshot": {
      "number": "",
      "spec": "CSS User Interface 4",
      "text": "Issues Index",
      "url": "https://www.w3.org/TR/css-ui-4/#issues-index"
    }
  },
  "#keyboard": {
    "current": {
      "number": "5.3",
      "spec": "CSS User Interface 4",
      "text": "Keyboard control",
      "url": "https://drafts.csswg.org/css-ui-4/#keyboard"
    },
    "snapshot": {
      "number": "5.3",
      "spec": "CSS User Interface 4",
      "text": "Keyboard control",
      "url": "https://www.w3.org/TR/css-ui-4/#keyboard"
    }
  },
  "#nav-dir": {
    "current": {
      "number": "5.3.1",
      "spec": "CSS User Interface 4",
      "text": "Directional Focus Navigation: the nav-up, nav-right, nav-down, nav-left properties",
      "url": "https://drafts.csswg.org/css-ui-4/#nav-dir"
    },
    "snapshot": {
      "number": "5.3.1",
      "spec": "CSS User Interface 4",
      "text": "Directional Focus Navigation: the nav-up, nav-right, nav-down, nav-left properties",
      "url": "https://www.w3.org/TR/css-ui-4/#nav-dir"
    }
  },
  "#normative": {
    "current": {
      "number": "",
      "spec": "CSS User Interface 4",
      "text": "Normative References",
      "url": "https://drafts.csswg.org/css-ui-4/#normative"
    },
    "snapshot": {
      "number": "",
      "spec": "CSS User Interface 4",
      "text": "Normative References",
      "url": "https://www.w3.org/TR/css-ui-4/#normative"
    }
  },
  "#outline": {
    "current": {
      "number": "3.1",
      "spec": "CSS User Interface 4",
      "text": "Outlines Shorthand: the outline property",
      "url": "https://drafts.csswg.org/css-ui-4/#outline"
    },
    "snapshot": {
      "number": "3.1",
      "spec": "CSS User Interface 4",
      "text": "Outlines Shorthand: the outline property",
      "url": "https://www.w3.org/TR/css-ui-4/#outline"
    }
  },
  "#outline-color": {
    "current": {
      "number": "3.4",
      "spec": "CSS User Interface 4",
      "text": "Outline Colors: the outline-color property",
      "url": "https://drafts.csswg.org/css-ui-4/#outline-color"
    },
    "snapshot": {
      "number": "3.4",
      "spec": "CSS User Interface 4",
      "text": "Outline Colors: the outline-color property",
      "url": "https://www.w3.org/TR/css-ui-4/#outline-color"
    }
  },
  "#outline-offset": {
    "current": {
      "number": "3.5",
      "spec": "CSS User Interface 4",
      "text": "Offsetting the Outline: the outline-offset property",
      "url": "https://drafts.csswg.org/css-ui-4/#outline-offset"
    },
    "snapshot": {
      "number": "3.5",
      "spec": "CSS User Interface 4",
      "text": "Offsetting the Outline: the outline-offset property",
      "url": "https://www.w3.org/TR/css-ui-4/#outline-offset"
    }
  },
  "#outline-props": {
    "current": {
      "number": "3",
      "spec": "CSS User Interface 4",
      "text": "Outline properties",
      "url": "https://drafts.csswg.org/css-ui-4/#outline-props"
    },
    "snapshot": {
      "number": "3",
      "spec": "CSS User Interface 4",
      "text": "Outline properties",
      "url": "https://www.w3.org/TR/css-ui-4/#outline-props"
    }
  },
  "#outline-style": {
    "current": {
      "number": "3.3",
      "spec": "CSS User Interface 4",
      "text": "Outline Patterns: the outline-style property",
      "url": "https://drafts.csswg.org/css-ui-4/#outline-style"
    },
    "snapshot": {
      "number": "3.3",
      "spec": "CSS User Interface 4",
      "text": "Outline Patterns: the outline-style property",
      "url": "https://www.w3.org/TR/css-ui-4/#outline-style"
    }
  },
  "#outline-width": {
    "current": {
      "number": "3.2",
      "spec": "CSS User Interface 4",
      "text": "Outline Thickness: the outline-width property",
      "url": "https://drafts.csswg.org/css-ui-4/#outline-width"
    },
    "snapshot": {
      "number": "3.2",
      "spec": "CSS User Interface 4",
      "text": "Outline Thickness: the outline-width property",
      "url": "https://www.w3.org/TR/css-ui-4/#outline-width"
    }
  },
  "#pointer-events-control": {
    "current": {
      "number": "6.2",
      "spec": "CSS User Interface 4",
      "text": "Exclusion from Hit-testing: the pointer-events property",
      "url": "https://drafts.csswg.org/css-ui-4/#pointer-events-control"
    }
  },
  "#pointer-interaction": {
    "current": {
      "number": "5.1",
      "spec": "CSS User Interface 4",
      "text": "Pointer interaction",
      "url": "https://drafts.csswg.org/css-ui-4/#pointer-interaction"
    },
    "snapshot": {
      "number": "5.1",
      "spec": "CSS User Interface 4",
      "text": "Pointer interaction",
      "url": "https://www.w3.org/TR/css-ui-4/#pointer-interaction"
    }
  },
  "#pointing-keyboard": {
    "current": {
      "number": "5",
      "spec": "CSS User Interface 4",
      "text": "Pointing Devices and Keyboards",
      "url": "https://drafts.csswg.org/css-ui-4/#pointing-keyboard"
    },
    "snapshot": {
      "number": "5",
      "spec": "CSS User Interface 4",
      "text": "Pointing Devices and Keyboards",
      "url": "https://www.w3.org/TR/css-ui-4/#pointing-keyboard"
    }
  },
  "#property-index": {
    "current": {
      "number": "",
      "spec": "CSS User Interface 4",
      "text": "Property Index",
      "url": "https://drafts.csswg.org/css-ui-4/#property-index"
    },
    "snapshot": {
      "number": "",
      "spec": "CSS User Interface 4",
      "text": "Property Index",
      "url": "https://www.w3.org/TR/css-ui-4/#property-index"
    }
  },
  "#purpose": {
    "current": {
      "number": "1.1",
      "spec": "CSS User Interface 4",
      "text": "Purpose",
      "url": "https://drafts.csswg.org/css-ui-4/#purpose"
    },
    "snapshot": {
      "number": "1.1",
      "spec": "CSS User Interface 4",
      "text": "Purpose",
      "url": "https://www.w3.org/TR/css-ui-4/#purpose"
    }
  },
  "#references": {
    "current": {
      "number": "",
      "spec": "CSS User Interface 4",
      "text": "References",
      "url": "https://drafts.csswg.org/css-ui-4/#references"
    },
    "snapshot": {
      "number": "",
      "spec": "CSS User Interface 4",
      "text": "References",
      "url": "https://www.w3.org/TR/css-ui-4/#references"
    }
  },
  "#resize": {
    "current": {
      "number": "4.1",
      "spec": "CSS User Interface 4",
      "text": "Resizing Boxes: the resize property",
      "url": "https://drafts.csswg.org/css-ui-4/#resize"
    },
    "snapshot": {
      "number": "4.1",
      "spec": "CSS User Interface 4",
      "text": "Resizing Boxes: the resize property",
      "url": "https://www.w3.org/TR/css-ui-4/#resize"
    }
  },
  "#resizing": {
    "current": {
      "number": "4",
      "spec": "CSS User Interface 4",
      "text": "Resizing",
      "url": "https://drafts.csswg.org/css-ui-4/#resizing"
    },
    "snapshot": {
      "number": "4",
      "spec": "CSS User Interface 4",
      "text": "Resizing",
      "url": "https://www.w3.org/TR/css-ui-4/#resizing"
    }
  },
  "#security-privacy-considerations": {
    "current": {
      "number": "C",
      "spec": "CSS User Interface 4",
      "text": "Considerations for Security and Privacy",
      "url": "https://drafts.csswg.org/css-ui-4/#security-privacy-considerations"
    },
    "snapshot": {
      "number": "C",
      "spec": "CSS User Interface 4",
      "text": "Considerations for Security and Privacy",
      "url": "https://www.w3.org/TR/css-ui-4/#security-privacy-considerations"
    }
  },
  "#sotd": {
    "current": {
      "number": "",
      "spec": "CSS User Interface 4",
      "text": "Status of this document",
      "url": "https://drafts.csswg.org/css-ui-4/#sotd"
    }
  },
  "#status": {
    "snapshot": {
      "number": "",
      "spec": "CSS User Interface 4",
      "text": "Status of this document",
      "url": "https://www.w3.org/TR/css-ui-4/#status"
    }
  },
  "#styling-widgets": {
    "current": {
      "number": "7",
      "spec": "CSS User Interface 4",
      "text": "Styling Widgets",
      "url": "https://drafts.csswg.org/css-ui-4/#styling-widgets"
    },
    "snapshot": {
      "number": "7",
      "spec": "CSS User Interface 4",
      "text": "Styling Widgets",
      "url": "https://www.w3.org/TR/css-ui-4/#styling-widgets"
    }
  },
  "#subtitle": {
    "snapshot": {
      "number": "",
      "spec": "CSS User Interface 4",
      "text": "W3C Working Draft, 16 March 2021",
      "url": "https://www.w3.org/TR/css-ui-4/#subtitle"
    }
  },
  "#title": {
    "current": {
      "number": "",
      "spec": "CSS User Interface 4",
      "text": "CSS Basic User Interface Module Level 4",
      "url": "https://drafts.csswg.org/css-ui-4/#title"
    },
    "snapshot": {
      "number": "",
      "spec": "CSS User Interface 4",
      "text": "CSS Basic User Interface Module Level 4",
      "url": "https://www.w3.org/TR/css-ui-4/#title"
    }
  },
  "#toc": {
    "current": {
      "number": "",
      "spec": "CSS User Interface 4",
      "text": "Table of Contents",
      "url": "https://drafts.csswg.org/css-ui-4/#toc"
    },
    "snapshot": {
      "number": "",
      "spec": "CSS User Interface 4",
      "text": "Table of Contents",
      "url": "https://www.w3.org/TR/css-ui-4/#toc"
    }
  },
  "#user-interaction": {
    "current": {
      "number": "6",
      "spec": "CSS User Interface 4",
      "text": "User Interaction",
      "url": "https://drafts.csswg.org/css-ui-4/#user-interaction"
    },
    "snapshot": {
      "number": "6",
      "spec": "CSS User Interface 4",
      "text": "User Interaction",
      "url": "https://www.w3.org/TR/css-ui-4/#user-interaction"
    }
  },
  "#values": {
    "current": {
      "number": "2.1",
      "spec": "CSS User Interface 4",
      "text": "Value Definitions",
      "url": "https://drafts.csswg.org/css-ui-4/#values"
    },
    "snapshot": {
      "number": "2.1",
      "spec": "CSS User Interface 4",
      "text": "Value Definitions",
      "url": "https://www.w3.org/TR/css-ui-4/#values"
    }
  },
  "#w3c-conform-future-proofing": {
    "current": {
      "number": "",
      "spec": "CSS User Interface 4",
      "text": "Implementations of Unstable and Proprietary Features",
      "url": "https://drafts.csswg.org/css-ui-4/#w3c-conform-future-proofing"
    },
    "snapshot": {
      "number": "",
      "spec": "CSS User Interface 4",
      "text": "Implementations of Unstable and Proprietary Features",
      "url": "https://www.w3.org/TR/css-ui-4/#w3c-conform-future-proofing"
    }
  },
  "#w3c-conformance": {
    "current": {
      "number": "",
      "spec": "CSS User Interface 4",
      "text": "Conformance",
      "url": "https://drafts.csswg.org/css-ui-4/#w3c-conformance"
    },
    "snapshot": {
      "number": "",
      "spec": "CSS User Interface 4",
      "text": "Conformance",
      "url": "https://www.w3.org/TR/css-ui-4/#w3c-conformance"
    }
  },
  "#w3c-conformance-classes": {
    "current": {
      "number": "",
      "spec": "CSS User Interface 4",
      "text": "Conformance classes",
      "url": "https://drafts.csswg.org/css-ui-4/#w3c-conformance-classes"
    },
    "snapshot": {
      "number": "",
      "spec": "CSS User Interface 4",
      "text": "Conformance classes",
      "url": "https://www.w3.org/TR/css-ui-4/#w3c-conformance-classes"
    }
  },
  "#w3c-conventions": {
    "current": {
      "number": "",
      "spec": "CSS User Interface 4",
      "text": "Document conventions",
      "url": "https://drafts.csswg.org/css-ui-4/#w3c-conventions"
    },
    "snapshot": {
      "number": "",
      "spec": "CSS User Interface 4",
      "text": "Document conventions",
      "url": "https://www.w3.org/TR/css-ui-4/#w3c-conventions"
    }
  },
  "#w3c-partial": {
    "current": {
      "number": "",
      "spec": "CSS User Interface 4",
      "text": "Partial implementations",
      "url": "https://drafts.csswg.org/css-ui-4/#w3c-partial"
    },
    "snapshot": {
      "number": "",
      "spec": "CSS User Interface 4",
      "text": "Partial implementations",
      "url": "https://www.w3.org/TR/css-ui-4/#w3c-partial"
    }
  },
  "#w3c-testing": {
    "current": {
      "number": "",
      "spec": "CSS User Interface 4",
      "text": "Non-experimental implementations",
      "url": "https://drafts.csswg.org/css-ui-4/#w3c-testing"
    },
    "snapshot": {
      "number": "",
      "spec": "CSS User Interface 4",
      "text": "Non-experimental implementations",
      "url": "https://www.w3.org/TR/css-ui-4/#w3c-testing"
    }
  },
  "#widget-accent": {
    "current": {
      "number": "7.1",
      "spec": "CSS User Interface 4",
      "text": "Widget Accent Colors: the accent-color property",
      "url": "https://drafts.csswg.org/css-ui-4/#widget-accent"
    },
    "snapshot": {
      "number": "7.1",
      "spec": "CSS User Interface 4",
      "text": "Widget Accent Colors: the accent-color property",
      "url": "https://www.w3.org/TR/css-ui-4/#widget-accent"
    }
  }
}