{
  "#abstract": {
    "current": {
      "number": "",
      "spec": "WebXR Plane Detection",
      "text": "Abstract",
      "url": "https://immersive-web.github.io/real-world-geometry/plane-detection.html#abstract"
    }
  },
  "#ack": {
    "current": {
      "number": "7",
      "spec": "WebXR Plane Detection",
      "text": "Acknowledgements",
      "url": "https://immersive-web.github.io/real-world-geometry/plane-detection.html#ack"
    }
  },
  "#anchor-feature-descriptor": {
    "current": {
      "number": "2.1",
      "spec": "WebXR Plane Detection",
      "text": "Feature descriptor",
      "url": "https://immersive-web.github.io/real-world-geometry/plane-detection.html#anchor-feature-descriptor"
    }
  },
  "#anchor-feature-initialization": {
    "current": {
      "number": "2",
      "spec": "WebXR Plane Detection",
      "text": "Initialization",
      "url": "https://immersive-web.github.io/real-world-geometry/plane-detection.html#anchor-feature-initialization"
    }
  },
  "#idl-index": {
    "current": {
      "number": "",
      "spec": "WebXR Plane Detection",
      "text": "IDL Index",
      "url": "https://immersive-web.github.io/real-world-geometry/plane-detection.html#idl-index"
    }
  },
  "#index": {
    "current": {
      "number": "",
      "spec": "WebXR Plane Detection",
      "text": "Index",
      "url": "https://immersive-web.github.io/real-world-geometry/plane-detection.html#index"
    }
  },
  "#index-defined-elsewhere": {
    "current": {
      "number": "",
      "spec": "WebXR Plane Detection",
      "text": "Terms defined by reference",
      "url": "https://immersive-web.github.io/real-world-geometry/plane-detection.html#index-defined-elsewhere"
    }
  },
  "#index-defined-here": {
    "current": {
      "number": "",
      "spec": "WebXR Plane Detection",
      "text": "Terms defined by this specification",
      "url": "https://immersive-web.github.io/real-world-geometry/plane-detection.html#index-defined-here"
    }
  },
  "#informative": {
    "current": {
      "number": "",
      "spec": "WebXR Plane Detection",
      "text": "Informative References",
      "url": "https://immersive-web.github.io/real-world-geometry/plane-detection.html#informative"
    }
  },
  "#intro": {
    "current": {
      "number": "1",
      "spec": "WebXR Plane Detection",
      "text": "Introduction",
      "url": "https://immersive-web.github.io/real-world-geometry/plane-detection.html#intro"
    }
  },
  "#native-device-concepts": {
    "current": {
      "number": "5",
      "spec": "WebXR Plane Detection",
      "text": "Native device concepts",
      "url": "https://immersive-web.github.io/real-world-geometry/plane-detection.html#native-device-concepts"
    }
  },
  "#native-plane-detection-section": {
    "current": {
      "number": "5.1",
      "spec": "WebXR Plane Detection",
      "text": "Native plane detection",
      "url": "https://immersive-web.github.io/real-world-geometry/plane-detection.html#native-plane-detection-section"
    }
  },
  "#normative": {
    "current": {
      "number": "",
      "spec": "WebXR Plane Detection",
      "text": "Normative References",
      "url": "https://immersive-web.github.io/real-world-geometry/plane-detection.html#normative"
    }
  },
  "#obtaining-planes": {
    "current": {
      "number": "4",
      "spec": "WebXR Plane Detection",
      "text": "Obtaining detected planes",
      "url": "https://immersive-web.github.io/real-world-geometry/plane-detection.html#obtaining-planes"
    }
  },
  "#plane": {
    "current": {
      "number": "3.2",
      "spec": "WebXR Plane Detection",
      "text": "XRPlane",
      "url": "https://immersive-web.github.io/real-world-geometry/plane-detection.html#plane"
    }
  },
  "#plane-orientation": {
    "current": {
      "number": "3.1",
      "spec": "WebXR Plane Detection",
      "text": "XRPlaneOrientation",
      "url": "https://immersive-web.github.io/real-world-geometry/plane-detection.html#plane-orientation"
    }
  },
  "#plane-set": {
    "current": {
      "number": "4.1",
      "spec": "WebXR Plane Detection",
      "text": "XRPlaneSet",
      "url": "https://immersive-web.github.io/real-world-geometry/plane-detection.html#plane-set"
    }
  },
  "#planes-section": {
    "current": {
      "number": "3",
      "spec": "WebXR Plane Detection",
      "text": "Planes",
      "url": "https://immersive-web.github.io/real-world-geometry/plane-detection.html#planes-section"
    }
  },
  "#privacy-security": {
    "current": {
      "number": "6",
      "spec": "WebXR Plane Detection",
      "text": "Privacy & Security Considerations",
      "url": "https://immersive-web.github.io/real-world-geometry/plane-detection.html#privacy-security"
    }
  },
  "#references": {
    "current": {
      "number": "",
      "spec": "WebXR Plane Detection",
      "text": "References",
      "url": "https://immersive-web.github.io/real-world-geometry/plane-detection.html#references"
    }
  },
  "#sotd": {
    "current": {
      "number": "",
      "spec": "WebXR Plane Detection",
      "text": "Status of this document",
      "url": "https://immersive-web.github.io/real-world-geometry/plane-detection.html#sotd"
    }
  },
  "#title": {
    "current": {
      "number": "",
      "spec": "WebXR Plane Detection",
      "text": "WebXR Plane Detection Module",
      "url": "https://immersive-web.github.io/real-world-geometry/plane-detection.html#title"
    }
  },
  "#toc": {
    "current": {
      "number": "",
      "spec": "WebXR Plane Detection",
      "text": "Table of Contents",
      "url": "https://immersive-web.github.io/real-world-geometry/plane-detection.html#toc"
    }
  },
  "#w3c-conformance": {
    "current": {
      "number": "",
      "spec": "WebXR Plane Detection",
      "text": "Conformance",
      "url": "https://immersive-web.github.io/real-world-geometry/plane-detection.html#w3c-conformance"
    }
  },
  "#w3c-conventions": {
    "current": {
      "number": "",
      "spec": "WebXR Plane Detection",
      "text": "Document conventions",
      "url": "https://immersive-web.github.io/real-world-geometry/plane-detection.html#w3c-conventions"
    }
  }
}