{
  "#abstract": {
    "current": {
      "number": "",
      "spec": "Page Lifecycle",
      "text": "Abstract",
      "url": "https://wicg.github.io/page-lifecycle/#abstract"
    }
  },
  "#acknowledgements": {
    "current": {
      "number": "6",
      "spec": "Page Lifecycle",
      "text": "Acknowledgements",
      "url": "https://wicg.github.io/page-lifecycle/#acknowledgements"
    }
  },
  "#changing-frozenness": {
    "current": {
      "number": "5.4.2",
      "spec": "Page Lifecycle",
      "text": "Changing the frozenness of documents",
      "url": "https://wicg.github.io/page-lifecycle/#changing-frozenness"
    }
  },
  "#discarding": {
    "current": {
      "number": "5.4.3",
      "spec": "Page Lifecycle",
      "text": "Discarding",
      "url": "https://wicg.github.io/page-lifecycle/#discarding"
    }
  },
  "#example": {
    "current": {
      "number": "3.1",
      "spec": "Page Lifecycle",
      "text": "Usage example",
      "url": "https://wicg.github.io/page-lifecycle/#example"
    }
  },
  "#feature-policies": {
    "current": {
      "number": "4",
      "spec": "Page Lifecycle",
      "text": "Feature Policies",
      "url": "https://wicg.github.io/page-lifecycle/#feature-policies"
    }
  },
  "#frozenness-state": {
    "current": {
      "number": "5.4.1",
      "spec": "Page Lifecycle",
      "text": "FROZENNESS state",
      "url": "https://wicg.github.io/page-lifecycle/#frozenness-state"
    }
  },
  "#get-client-lifecycle-state-algorithm": {
    "current": {
      "number": "5.3.2.1",
      "spec": "Page Lifecycle",
      "text": "Get Client Lifecycle State",
      "url": "https://wicg.github.io/page-lifecycle/#get-client-lifecycle-state-algorithm"
    }
  },
  "#html-bfcache-dfn": {
    "current": {
      "number": "5.2.1",
      "spec": "Page Lifecycle",
      "text": "Unloading documents and history traversal",
      "url": "https://wicg.github.io/page-lifecycle/#html-bfcache-dfn"
    }
  },
  "#html-discarding": {
    "current": {
      "number": "5.2.4",
      "spec": "Page Lifecycle",
      "text": "Discarding browsing contexts",
      "url": "https://wicg.github.io/page-lifecycle/#html-discarding"
    }
  },
  "#html-event-loop": {
    "current": {
      "number": "5.2.3",
      "spec": "Page Lifecycle",
      "text": "Event loop: processing model",
      "url": "https://wicg.github.io/page-lifecycle/#html-event-loop"
    }
  },
  "#html-html-event-loop-definitions": {
    "current": {
      "number": "5.2.2",
      "spec": "Page Lifecycle",
      "text": "Event loop: definitions",
      "url": "https://wicg.github.io/page-lifecycle/#html-html-event-loop-definitions"
    }
  },
  "#html-iframe-load": {
    "current": {
      "number": "5.2.6",
      "spec": "Page Lifecycle",
      "text": "iframe load event steps",
      "url": "https://wicg.github.io/page-lifecycle/#html-iframe-load"
    }
  },
  "#html-initialize-doc": {
    "current": {
      "number": "5.2.5",
      "spec": "Page Lifecycle",
      "text": "Initialize the document",
      "url": "https://wicg.github.io/page-lifecycle/#html-initialize-doc"
    }
  },
  "#html-media-elements": {
    "current": {
      "number": "5.2.7",
      "spec": "Page Lifecycle",
      "text": "HTMLMediaElement",
      "url": "https://wicg.github.io/page-lifecycle/#html-media-elements"
    }
  },
  "#html-post-message": {
    "current": {
      "number": "5.2.8",
      "spec": "Page Lifecycle",
      "text": "Posting messages",
      "url": "https://wicg.github.io/page-lifecycle/#html-post-message"
    }
  },
  "#idl-index": {
    "current": {
      "number": "",
      "spec": "Page Lifecycle",
      "text": "IDL Index",
      "url": "https://wicg.github.io/page-lifecycle/#idl-index"
    }
  },
  "#index": {
    "current": {
      "number": "",
      "spec": "Page Lifecycle",
      "text": "Index",
      "url": "https://wicg.github.io/page-lifecycle/#index"
    }
  },
  "#index-defined-elsewhere": {
    "current": {
      "number": "",
      "spec": "Page Lifecycle",
      "text": "Terms defined by reference",
      "url": "https://wicg.github.io/page-lifecycle/#index-defined-elsewhere"
    }
  },
  "#index-defined-here": {
    "current": {
      "number": "",
      "spec": "Page Lifecycle",
      "text": "Terms defined by this specification",
      "url": "https://wicg.github.io/page-lifecycle/#index-defined-here"
    }
  },
  "#informative": {
    "current": {
      "number": "",
      "spec": "Page Lifecycle",
      "text": "Informative References",
      "url": "https://wicg.github.io/page-lifecycle/#informative"
    }
  },
  "#intro": {
    "current": {
      "number": "1",
      "spec": "Page Lifecycle",
      "text": "Introduction",
      "url": "https://wicg.github.io/page-lifecycle/#intro"
    }
  },
  "#mod": {
    "current": {
      "number": "5.2",
      "spec": "Page Lifecycle",
      "text": "Modifications to the HTML Standard",
      "url": "https://wicg.github.io/page-lifecycle/#mod"
    }
  },
  "#normative": {
    "current": {
      "number": "",
      "spec": "Page Lifecycle",
      "text": "Normative References",
      "url": "https://wicg.github.io/page-lifecycle/#normative"
    }
  },
  "#page-lifecycle": {
    "current": {
      "number": "5.4",
      "spec": "Page Lifecycle",
      "text": "Page lifecycle processing model",
      "url": "https://wicg.github.io/page-lifecycle/#page-lifecycle"
    }
  },
  "#references": {
    "current": {
      "number": "",
      "spec": "Page Lifecycle",
      "text": "References",
      "url": "https://wicg.github.io/page-lifecycle/#references"
    }
  },
  "#sec-api": {
    "current": {
      "number": "3",
      "spec": "Page Lifecycle",
      "text": "API",
      "url": "https://wicg.github.io/page-lifecycle/#sec-api"
    }
  },
  "#sec-lifecycle-states": {
    "current": {
      "number": "2",
      "spec": "Page Lifecycle",
      "text": "Page Lifecycle States",
      "url": "https://wicg.github.io/page-lifecycle/#sec-lifecycle-states"
    }
  },
  "#sec-processing-model": {
    "current": {
      "number": "5",
      "spec": "Page Lifecycle",
      "text": "Processing model",
      "url": "https://wicg.github.io/page-lifecycle/#sec-processing-model"
    }
  },
  "#service-worker-client-lifecycle-state": {
    "current": {
      "number": "5.3.1.1",
      "spec": "Page Lifecycle",
      "text": "lifecycleState",
      "url": "https://wicg.github.io/page-lifecycle/#service-worker-client-lifecycle-state"
    }
  },
  "#serviceworker-algorithms-dfn": {
    "current": {
      "number": "5.3.2",
      "spec": "Page Lifecycle",
      "text": "Algorithms",
      "url": "https://wicg.github.io/page-lifecycle/#serviceworker-algorithms-dfn"
    }
  },
  "#serviceworker-client-dfn": {
    "current": {
      "number": "5.3.1",
      "spec": "Page Lifecycle",
      "text": "Client",
      "url": "https://wicg.github.io/page-lifecycle/#serviceworker-client-dfn"
    }
  },
  "#serviceworker-createclient-dfn": {
    "current": {
      "number": "5.3.2.2",
      "spec": "Page Lifecycle",
      "text": "Create Client",
      "url": "https://wicg.github.io/page-lifecycle/#serviceworker-createclient-dfn"
    }
  },
  "#serviceworker-createwindowclient-dfn": {
    "current": {
      "number": "5.3.2.3",
      "spec": "Page Lifecycle",
      "text": "Create Window Client",
      "url": "https://wicg.github.io/page-lifecycle/#serviceworker-createwindowclient-dfn"
    }
  },
  "#serviceworker-matchall-dfn": {
    "current": {
      "number": "5.3.1.2",
      "spec": "Page Lifecycle",
      "text": "matchAll(options)",
      "url": "https://wicg.github.io/page-lifecycle/#serviceworker-matchall-dfn"
    }
  },
  "#serviceworker-mod": {
    "current": {
      "number": "5.3",
      "spec": "Page Lifecycle",
      "text": "Modifications to the Service Worker Standard",
      "url": "https://wicg.github.io/page-lifecycle/#serviceworker-mod"
    }
  },
  "#serviceworker-openwindow-dfn": {
    "current": {
      "number": "5.3.1.3",
      "spec": "Page Lifecycle",
      "text": "openWindow(url)",
      "url": "https://wicg.github.io/page-lifecycle/#serviceworker-openwindow-dfn"
    }
  },
  "#status": {
    "current": {
      "number": "",
      "spec": "Page Lifecycle",
      "text": "Status of this document",
      "url": "https://wicg.github.io/page-lifecycle/#status"
    }
  },
  "#title": {
    "current": {
      "number": "",
      "spec": "Page Lifecycle",
      "text": "Page Lifecycle",
      "url": "https://wicg.github.io/page-lifecycle/#title"
    }
  },
  "#toc": {
    "current": {
      "number": "",
      "spec": "Page Lifecycle",
      "text": "Table of Contents",
      "url": "https://wicg.github.io/page-lifecycle/#toc"
    }
  },
  "#w3c-conformance": {
    "current": {
      "number": "",
      "spec": "Page Lifecycle",
      "text": "Conformance",
      "url": "https://wicg.github.io/page-lifecycle/#w3c-conformance"
    }
  },
  "#w3c-conformant-algorithms": {
    "current": {
      "number": "",
      "spec": "Page Lifecycle",
      "text": "Conformant Algorithms",
      "url": "https://wicg.github.io/page-lifecycle/#w3c-conformant-algorithms"
    }
  },
  "#w3c-conventions": {
    "current": {
      "number": "",
      "spec": "Page Lifecycle",
      "text": "Document conventions",
      "url": "https://wicg.github.io/page-lifecycle/#w3c-conventions"
    }
  },
  "#worklets-workers": {
    "current": {
      "number": "5.1",
      "spec": "Page Lifecycle",
      "text": "Modifications to worklet and worker behavior",
      "url": "https://wicg.github.io/page-lifecycle/#worklets-workers"
    }
  }
}