{
  "#abstract": {
    "current": {
      "number": "",
      "spec": "Ink API",
      "text": "Abstract",
      "url": "https://wicg.github.io/ink-enhancement/#abstract"
    }
  },
  "#idl-index": {
    "current": {
      "number": "",
      "spec": "Ink API",
      "text": "IDL Index",
      "url": "https://wicg.github.io/ink-enhancement/#idl-index"
    }
  },
  "#index": {
    "current": {
      "number": "",
      "spec": "Ink API",
      "text": "Index",
      "url": "https://wicg.github.io/ink-enhancement/#index"
    }
  },
  "#index-defined-elsewhere": {
    "current": {
      "number": "",
      "spec": "Ink API",
      "text": "Terms defined by reference",
      "url": "https://wicg.github.io/ink-enhancement/#index-defined-elsewhere"
    }
  },
  "#index-defined-here": {
    "current": {
      "number": "",
      "spec": "Ink API",
      "text": "Terms defined by this specification",
      "url": "https://wicg.github.io/ink-enhancement/#index-defined-here"
    }
  },
  "#ink-api": {
    "current": {
      "number": "3",
      "spec": "Ink API",
      "text": "Ink API",
      "url": "https://wicg.github.io/ink-enhancement/#ink-api"
    }
  },
  "#ink-api-introduction": {
    "current": {
      "number": "3.1",
      "spec": "Ink API",
      "text": "Introduction",
      "url": "https://wicg.github.io/ink-enhancement/#ink-api-introduction"
    }
  },
  "#ink-interface": {
    "current": {
      "number": "3.2",
      "spec": "Ink API",
      "text": "Ink interface",
      "url": "https://wicg.github.io/ink-enhancement/#ink-interface"
    }
  },
  "#ink-presenter": {
    "current": {
      "number": "3.4",
      "spec": "Ink API",
      "text": "InkPresenter interface",
      "url": "https://wicg.github.io/ink-enhancement/#ink-presenter"
    }
  },
  "#ink-presenter-param": {
    "current": {
      "number": "3.3",
      "spec": "Ink API",
      "text": "InkPresenterParam dictionary",
      "url": "https://wicg.github.io/ink-enhancement/#ink-presenter-param"
    }
  },
  "#ink-trail-style": {
    "current": {
      "number": "3.5",
      "spec": "Ink API",
      "text": "InkTrailStyle dictionary",
      "url": "https://wicg.github.io/ink-enhancement/#ink-trail-style"
    }
  },
  "#intro": {
    "current": {
      "number": "1",
      "spec": "Ink API",
      "text": "Introduction",
      "url": "https://wicg.github.io/ink-enhancement/#intro"
    }
  },
  "#navigator-interface-extensions": {
    "current": {
      "number": "3.6",
      "spec": "Ink API",
      "text": "Ink Navigator interface extension",
      "url": "https://wicg.github.io/ink-enhancement/#navigator-interface-extensions"
    }
  },
  "#normative": {
    "current": {
      "number": "",
      "spec": "Ink API",
      "text": "Normative References",
      "url": "https://wicg.github.io/ink-enhancement/#normative"
    }
  },
  "#profile-and-date": {
    "current": {
      "number": "",
      "spec": "Ink API",
      "text": "Draft Community Group Report, 13 July 2021",
      "url": "https://wicg.github.io/ink-enhancement/#profile-and-date"
    }
  },
  "#references": {
    "current": {
      "number": "",
      "spec": "Ink API",
      "text": "References",
      "url": "https://wicg.github.io/ink-enhancement/#references"
    }
  },
  "#scope": {
    "current": {
      "number": "2",
      "spec": "Ink API",
      "text": "Scope",
      "url": "https://wicg.github.io/ink-enhancement/#scope"
    }
  },
  "#status": {
    "current": {
      "number": "",
      "spec": "Ink API",
      "text": "Status of this document",
      "url": "https://wicg.github.io/ink-enhancement/#status"
    }
  },
  "#title": {
    "current": {
      "number": "",
      "spec": "Ink API",
      "text": "Ink API",
      "url": "https://wicg.github.io/ink-enhancement/#title"
    }
  },
  "#toc": {
    "current": {
      "number": "",
      "spec": "Ink API",
      "text": "Table of Contents",
      "url": "https://wicg.github.io/ink-enhancement/#toc"
    }
  },
  "#usage-examples": {
    "current": {
      "number": "4",
      "spec": "Ink API",
      "text": "Usage Examples",
      "url": "https://wicg.github.io/ink-enhancement/#usage-examples"
    }
  },
  "#w3c-conformance": {
    "current": {
      "number": "",
      "spec": "Ink API",
      "text": "Conformance",
      "url": "https://wicg.github.io/ink-enhancement/#w3c-conformance"
    }
  },
  "#w3c-conformant-algorithms": {
    "current": {
      "number": "",
      "spec": "Ink API",
      "text": "Conformant Algorithms",
      "url": "https://wicg.github.io/ink-enhancement/#w3c-conformant-algorithms"
    }
  },
  "#w3c-conventions": {
    "current": {
      "number": "",
      "spec": "Ink API",
      "text": "Document conventions",
      "url": "https://wicg.github.io/ink-enhancement/#w3c-conventions"
    }
  }
}