{
  "#abstract": {
    "current": {
      "number": "",
      "spec": "CSS Anchor Positioning",
      "text": "Abstract",
      "url": "https://drafts.csswg.org/css-anchor-position-1/#abstract"
    },
    "snapshot": {
      "number": "",
      "spec": "CSS Anchor Positioning",
      "text": "Abstract",
      "url": "https://www.w3.org/TR/css-anchor-position-1/#abstract"
    }
  },
  "#anchor-auto": {
    "snapshot": {
      "number": "3.1.1",
      "spec": "CSS Anchor Positioning",
      "text": "Automatic Anchor Positioning",
      "url": "https://www.w3.org/TR/css-anchor-position-1/#anchor-auto"
    }
  },
  "#anchor-center": {
    "current": {
      "number": "3.3",
      "spec": "CSS Anchor Positioning",
      "text": "Centering on the Anchor: the anchor-center value",
      "url": "https://drafts.csswg.org/css-anchor-position-1/#anchor-center"
    }
  },
  "#anchor-default": {
    "current": {
      "number": "2.3",
      "spec": "CSS Anchor Positioning",
      "text": "Default Anchors: the anchor-default property",
      "url": "https://drafts.csswg.org/css-anchor-position-1/#anchor-default"
    },
    "snapshot": {
      "number": "2.3",
      "spec": "CSS Anchor Positioning",
      "text": "Default Anchors: the anchor-default property",
      "url": "https://www.w3.org/TR/css-anchor-position-1/#anchor-default"
    }
  },
  "#anchor-pos": {
    "current": {
      "number": "3.2",
      "spec": "CSS Anchor Positioning",
      "text": "The anchor() Function",
      "url": "https://drafts.csswg.org/css-anchor-position-1/#anchor-pos"
    },
    "snapshot": {
      "number": "3.1",
      "spec": "CSS Anchor Positioning",
      "text": "The anchor() Function",
      "url": "https://www.w3.org/TR/css-anchor-position-1/#anchor-pos"
    }
  },
  "#anchor-size-fn": {
    "current": {
      "number": "4.1",
      "spec": "CSS Anchor Positioning",
      "text": "The anchor-size() Function",
      "url": "https://drafts.csswg.org/css-anchor-position-1/#anchor-size-fn"
    },
    "snapshot": {
      "number": "4.1",
      "spec": "CSS Anchor Positioning",
      "text": "The anchor-size() Function",
      "url": "https://www.w3.org/TR/css-anchor-position-1/#anchor-size-fn"
    }
  },
  "#anchor-size-valid": {
    "current": {
      "number": "4.2",
      "spec": "CSS Anchor Positioning",
      "text": "Validity",
      "url": "https://drafts.csswg.org/css-anchor-position-1/#anchor-size-valid"
    },
    "snapshot": {
      "number": "4.2",
      "spec": "CSS Anchor Positioning",
      "text": "Validity",
      "url": "https://www.w3.org/TR/css-anchor-position-1/#anchor-size-valid"
    }
  },
  "#anchor-valid": {
    "current": {
      "number": "3.5",
      "spec": "CSS Anchor Positioning",
      "text": "Validity",
      "url": "https://drafts.csswg.org/css-anchor-position-1/#anchor-valid"
    },
    "snapshot": {
      "number": "3.3",
      "spec": "CSS Anchor Positioning",
      "text": "Validity",
      "url": "https://www.w3.org/TR/css-anchor-position-1/#anchor-valid"
    }
  },
  "#animating": {
    "current": {
      "number": "6",
      "spec": "CSS Anchor Positioning",
      "text": "Animating Position",
      "url": "https://drafts.csswg.org/css-anchor-position-1/#animating"
    }
  },
  "#determining": {
    "current": {
      "number": "2",
      "spec": "CSS Anchor Positioning",
      "text": "Determining the Anchor",
      "url": "https://drafts.csswg.org/css-anchor-position-1/#determining"
    },
    "snapshot": {
      "number": "2",
      "spec": "CSS Anchor Positioning",
      "text": "Determining The Anchor",
      "url": "https://www.w3.org/TR/css-anchor-position-1/#determining"
    }
  },
  "#fallback": {
    "current": {
      "number": "5",
      "spec": "CSS Anchor Positioning",
      "text": "Overflow Management",
      "url": "https://drafts.csswg.org/css-anchor-position-1/#fallback"
    },
    "snapshot": {
      "number": "5",
      "spec": "CSS Anchor Positioning",
      "text": "Fallback Sizing/Positioning",
      "url": "https://www.w3.org/TR/css-anchor-position-1/#fallback"
    }
  },
  "#fallback-apply": {
    "current": {
      "number": "5.5",
      "spec": "CSS Anchor Positioning",
      "text": "Applying Position Fallback",
      "url": "https://drafts.csswg.org/css-anchor-position-1/#fallback-apply"
    },
    "snapshot": {
      "number": "5.4",
      "spec": "CSS Anchor Positioning",
      "text": "Applying Position Fallback",
      "url": "https://www.w3.org/TR/css-anchor-position-1/#fallback-apply"
    }
  },
  "#fallback-automatic": {
    "snapshot": {
      "number": "5.5",
      "spec": "CSS Anchor Positioning",
      "text": "Fallback and Automatic Positioning",
      "url": "https://www.w3.org/TR/css-anchor-position-1/#fallback-automatic"
    }
  },
  "#fallback-bounds": {
    "snapshot": {
      "number": "5.3",
      "spec": "CSS Anchor Positioning",
      "text": "Applying Stronger Fallback Bounds: the position-fallback-bounds property",
      "url": "https://www.w3.org/TR/css-anchor-position-1/#fallback-bounds"
    }
  },
  "#fallback-property": {
    "snapshot": {
      "number": "5.1",
      "spec": "CSS Anchor Positioning",
      "text": "The position-fallback Property",
      "url": "https://www.w3.org/TR/css-anchor-position-1/#fallback-property"
    }
  },
  "#fallback-rule": {
    "current": {
      "number": "5.4",
      "spec": "CSS Anchor Positioning",
      "text": "The @position-try Rule",
      "url": "https://drafts.csswg.org/css-anchor-position-1/#fallback-rule"
    },
    "snapshot": {
      "number": "5.2",
      "spec": "CSS Anchor Positioning",
      "text": "The @position-fallback Rule",
      "url": "https://www.w3.org/TR/css-anchor-position-1/#fallback-rule"
    }
  },
  "#idl-index": {
    "current": {
      "number": "",
      "spec": "CSS Anchor Positioning",
      "text": "IDL Index",
      "url": "https://drafts.csswg.org/css-anchor-position-1/#idl-index"
    }
  },
  "#implicit": {
    "current": {
      "number": "2.1.1",
      "spec": "CSS Anchor Positioning",
      "text": "Implicit Anchor Elements",
      "url": "https://drafts.csswg.org/css-anchor-position-1/#implicit"
    },
    "snapshot": {
      "number": "2.1.1",
      "spec": "CSS Anchor Positioning",
      "text": "Implicit Anchor Elements",
      "url": "https://www.w3.org/TR/css-anchor-position-1/#implicit"
    }
  },
  "#index": {
    "current": {
      "number": "",
      "spec": "CSS Anchor Positioning",
      "text": "Index",
      "url": "https://drafts.csswg.org/css-anchor-position-1/#index"
    },
    "snapshot": {
      "number": "",
      "spec": "CSS Anchor Positioning",
      "text": "Index",
      "url": "https://www.w3.org/TR/css-anchor-position-1/#index"
    }
  },
  "#index-defined-elsewhere": {
    "current": {
      "number": "",
      "spec": "CSS Anchor Positioning",
      "text": "Terms defined by reference",
      "url": "https://drafts.csswg.org/css-anchor-position-1/#index-defined-elsewhere"
    },
    "snapshot": {
      "number": "",
      "spec": "CSS Anchor Positioning",
      "text": "Terms defined by reference",
      "url": "https://www.w3.org/TR/css-anchor-position-1/#index-defined-elsewhere"
    }
  },
  "#index-defined-here": {
    "current": {
      "number": "",
      "spec": "CSS Anchor Positioning",
      "text": "Terms defined by this specification",
      "url": "https://drafts.csswg.org/css-anchor-position-1/#index-defined-here"
    },
    "snapshot": {
      "number": "",
      "spec": "CSS Anchor Positioning",
      "text": "Terms defined by this specification",
      "url": "https://www.w3.org/TR/css-anchor-position-1/#index-defined-here"
    }
  },
  "#informative": {
    "current": {
      "number": "",
      "spec": "CSS Anchor Positioning",
      "text": "Informative References",
      "url": "https://drafts.csswg.org/css-anchor-position-1/#informative"
    },
    "snapshot": {
      "number": "",
      "spec": "CSS Anchor Positioning",
      "text": "Informative References",
      "url": "https://www.w3.org/TR/css-anchor-position-1/#informative"
    }
  },
  "#inset-area": {
    "current": {
      "number": "3.1",
      "spec": "CSS Anchor Positioning",
      "text": "The inset-area Property",
      "url": "https://drafts.csswg.org/css-anchor-position-1/#inset-area"
    }
  },
  "#interfaces": {
    "current": {
      "number": "7",
      "spec": "CSS Anchor Positioning",
      "text": "DOM Interfaces",
      "url": "https://drafts.csswg.org/css-anchor-position-1/#interfaces"
    }
  },
  "#interleaving": {
    "current": {
      "number": "8",
      "spec": "CSS Anchor Positioning",
      "text": "Appendix: Style & Layout Interleaving",
      "url": "https://drafts.csswg.org/css-anchor-position-1/#interleaving"
    }
  },
  "#intro": {
    "current": {
      "number": "1",
      "spec": "CSS Anchor Positioning",
      "text": "Introduction",
      "url": "https://drafts.csswg.org/css-anchor-position-1/#intro"
    },
    "snapshot": {
      "number": "1",
      "spec": "CSS Anchor Positioning",
      "text": "Introduction",
      "url": "https://www.w3.org/TR/css-anchor-position-1/#intro"
    }
  },
  "#issues-index": {
    "current": {
      "number": "",
      "spec": "CSS Anchor Positioning",
      "text": "Issues Index",
      "url": "https://drafts.csswg.org/css-anchor-position-1/#issues-index"
    },
    "snapshot": {
      "number": "",
      "spec": "CSS Anchor Positioning",
      "text": "Issues Index",
      "url": "https://www.w3.org/TR/css-anchor-position-1/#issues-index"
    }
  },
  "#name": {
    "current": {
      "number": "2.1",
      "spec": "CSS Anchor Positioning",
      "text": "Creating an Anchor: the anchor-name property",
      "url": "https://drafts.csswg.org/css-anchor-position-1/#name"
    },
    "snapshot": {
      "number": "2.1",
      "spec": "CSS Anchor Positioning",
      "text": "Creating An Anchor: the anchor-name property",
      "url": "https://www.w3.org/TR/css-anchor-position-1/#name"
    }
  },
  "#normative": {
    "current": {
      "number": "",
      "spec": "CSS Anchor Positioning",
      "text": "Normative References",
      "url": "https://drafts.csswg.org/css-anchor-position-1/#normative"
    },
    "snapshot": {
      "number": "",
      "spec": "CSS Anchor Positioning",
      "text": "Normative References",
      "url": "https://www.w3.org/TR/css-anchor-position-1/#normative"
    }
  },
  "#om-position-try": {
    "current": {
      "number": "7.1",
      "spec": "CSS Anchor Positioning",
      "text": "The CSSPositionTryRule interface",
      "url": "https://drafts.csswg.org/css-anchor-position-1/#om-position-try"
    }
  },
  "#position-try-options": {
    "current": {
      "number": "5.1",
      "spec": "CSS Anchor Positioning",
      "text": "Giving Fallback Options: the position-try-options property",
      "url": "https://drafts.csswg.org/css-anchor-position-1/#position-try-options"
    }
  },
  "#position-try-order-property": {
    "current": {
      "number": "5.2",
      "spec": "CSS Anchor Positioning",
      "text": "Determining Fallback Order: the position-try-order property",
      "url": "https://drafts.csswg.org/css-anchor-position-1/#position-try-order-property"
    }
  },
  "#position-try-prop": {
    "current": {
      "number": "5.3",
      "spec": "CSS Anchor Positioning",
      "text": "The position-try Shorthand",
      "url": "https://drafts.csswg.org/css-anchor-position-1/#position-try-prop"
    }
  },
  "#positioning": {
    "current": {
      "number": "3",
      "spec": "CSS Anchor Positioning",
      "text": "Anchor-Based Positioning",
      "url": "https://drafts.csswg.org/css-anchor-position-1/#positioning"
    },
    "snapshot": {
      "number": "3",
      "spec": "CSS Anchor Positioning",
      "text": "Anchor-Based Positioning",
      "url": "https://www.w3.org/TR/css-anchor-position-1/#positioning"
    }
  },
  "#priv": {
    "current": {
      "number": "",
      "spec": "CSS Anchor Positioning",
      "text": "10. Privacy Considerations",
      "url": "https://drafts.csswg.org/css-anchor-position-1/#priv"
    },
    "snapshot": {
      "number": "7",
      "spec": "CSS Anchor Positioning",
      "text": "Privacy Considerations",
      "url": "https://www.w3.org/TR/css-anchor-position-1/#priv"
    }
  },
  "#property-index": {
    "current": {
      "number": "",
      "spec": "CSS Anchor Positioning",
      "text": "Property Index",
      "url": "https://drafts.csswg.org/css-anchor-position-1/#property-index"
    },
    "snapshot": {
      "number": "",
      "spec": "CSS Anchor Positioning",
      "text": "Property Index",
      "url": "https://www.w3.org/TR/css-anchor-position-1/#property-index"
    }
  },
  "#references": {
    "current": {
      "number": "",
      "spec": "CSS Anchor Positioning",
      "text": "References",
      "url": "https://drafts.csswg.org/css-anchor-position-1/#references"
    },
    "snapshot": {
      "number": "",
      "spec": "CSS Anchor Positioning",
      "text": "References",
      "url": "https://www.w3.org/TR/css-anchor-position-1/#references"
    }
  },
  "#resolving-spans": {
    "current": {
      "number": "3.1.1",
      "spec": "CSS Anchor Positioning",
      "text": "Resolving <inset-area>s",
      "url": "https://drafts.csswg.org/css-anchor-position-1/#resolving-spans"
    }
  },
  "#scroll": {
    "current": {
      "number": "3.4",
      "spec": "CSS Anchor Positioning",
      "text": "Taking Scroll Into Account",
      "url": "https://drafts.csswg.org/css-anchor-position-1/#scroll"
    },
    "snapshot": {
      "number": "3.2",
      "spec": "CSS Anchor Positioning",
      "text": "Taking Scroll Into Account: the anchor-scroll property",
      "url": "https://www.w3.org/TR/css-anchor-position-1/#scroll"
    }
  },
  "#sec": {
    "current": {
      "number": "9",
      "spec": "CSS Anchor Positioning",
      "text": "Security Considerations",
      "url": "https://drafts.csswg.org/css-anchor-position-1/#sec"
    },
    "snapshot": {
      "number": "6",
      "spec": "CSS Anchor Positioning",
      "text": "Security Considerations",
      "url": "https://www.w3.org/TR/css-anchor-position-1/#sec"
    }
  },
  "#sizing": {
    "current": {
      "number": "4",
      "spec": "CSS Anchor Positioning",
      "text": "Anchor-Based Sizing",
      "url": "https://drafts.csswg.org/css-anchor-position-1/#sizing"
    },
    "snapshot": {
      "number": "4",
      "spec": "CSS Anchor Positioning",
      "text": "Anchor-based Sizing",
      "url": "https://www.w3.org/TR/css-anchor-position-1/#sizing"
    }
  },
  "#sotd": {
    "current": {
      "number": "",
      "spec": "CSS Anchor Positioning",
      "text": "Status of this document",
      "url": "https://drafts.csswg.org/css-anchor-position-1/#sotd"
    },
    "snapshot": {
      "number": "",
      "spec": "CSS Anchor Positioning",
      "text": "Status of this document",
      "url": "https://www.w3.org/TR/css-anchor-position-1/#sotd"
    }
  },
  "#target": {
    "current": {
      "number": "2.2",
      "spec": "CSS Anchor Positioning",
      "text": "Finding an Anchor",
      "url": "https://drafts.csswg.org/css-anchor-position-1/#target"
    },
    "snapshot": {
      "number": "2.2",
      "spec": "CSS Anchor Positioning",
      "text": "Finding An Anchor",
      "url": "https://www.w3.org/TR/css-anchor-position-1/#target"
    }
  },
  "#title": {
    "current": {
      "number": "",
      "spec": "CSS Anchor Positioning",
      "text": "CSS Anchor Positioning",
      "url": "https://drafts.csswg.org/css-anchor-position-1/#title"
    },
    "snapshot": {
      "number": "",
      "spec": "CSS Anchor Positioning",
      "text": "CSS Anchor Positioning",
      "url": "https://www.w3.org/TR/css-anchor-position-1/#title"
    }
  },
  "#toc": {
    "current": {
      "number": "",
      "spec": "CSS Anchor Positioning",
      "text": "Table of Contents",
      "url": "https://drafts.csswg.org/css-anchor-position-1/#toc"
    },
    "snapshot": {
      "number": "",
      "spec": "CSS Anchor Positioning",
      "text": "Table of Contents",
      "url": "https://www.w3.org/TR/css-anchor-position-1/#toc"
    }
  },
  "#w3c-conform-future-proofing": {
    "current": {
      "number": "",
      "spec": "CSS Anchor Positioning",
      "text": "Implementations of Unstable and Proprietary Features",
      "url": "https://drafts.csswg.org/css-anchor-position-1/#w3c-conform-future-proofing"
    },
    "snapshot": {
      "number": "",
      "spec": "CSS Anchor Positioning",
      "text": "Implementations of Unstable and Proprietary Features",
      "url": "https://www.w3.org/TR/css-anchor-position-1/#w3c-conform-future-proofing"
    }
  },
  "#w3c-conformance": {
    "current": {
      "number": "",
      "spec": "CSS Anchor Positioning",
      "text": "Conformance",
      "url": "https://drafts.csswg.org/css-anchor-position-1/#w3c-conformance"
    },
    "snapshot": {
      "number": "",
      "spec": "CSS Anchor Positioning",
      "text": "Conformance",
      "url": "https://www.w3.org/TR/css-anchor-position-1/#w3c-conformance"
    }
  },
  "#w3c-conformance-classes": {
    "current": {
      "number": "",
      "spec": "CSS Anchor Positioning",
      "text": "Conformance classes",
      "url": "https://drafts.csswg.org/css-anchor-position-1/#w3c-conformance-classes"
    },
    "snapshot": {
      "number": "",
      "spec": "CSS Anchor Positioning",
      "text": "Conformance classes",
      "url": "https://www.w3.org/TR/css-anchor-position-1/#w3c-conformance-classes"
    }
  },
  "#w3c-conventions": {
    "current": {
      "number": "",
      "spec": "CSS Anchor Positioning",
      "text": "Document conventions",
      "url": "https://drafts.csswg.org/css-anchor-position-1/#w3c-conventions"
    },
    "snapshot": {
      "number": "",
      "spec": "CSS Anchor Positioning",
      "text": "Document conventions",
      "url": "https://www.w3.org/TR/css-anchor-position-1/#w3c-conventions"
    }
  },
  "#w3c-partial": {
    "current": {
      "number": "",
      "spec": "CSS Anchor Positioning",
      "text": "Partial implementations",
      "url": "https://drafts.csswg.org/css-anchor-position-1/#w3c-partial"
    },
    "snapshot": {
      "number": "",
      "spec": "CSS Anchor Positioning",
      "text": "Partial implementations",
      "url": "https://www.w3.org/TR/css-anchor-position-1/#w3c-partial"
    }
  },
  "#w3c-testing": {
    "current": {
      "number": "",
      "spec": "CSS Anchor Positioning",
      "text": "Non-experimental implementations",
      "url": "https://drafts.csswg.org/css-anchor-position-1/#w3c-testing"
    },
    "snapshot": {
      "number": "",
      "spec": "CSS Anchor Positioning",
      "text": "Non-experimental implementations",
      "url": "https://www.w3.org/TR/css-anchor-position-1/#w3c-testing"
    }
  }
}