{
  "#abstract": {
    "current": {
      "number": "",
      "spec": "CSS Paged Media 3",
      "text": "Abstract",
      "url": "https://drafts.csswg.org/css-page-3/#abstract"
    },
    "snapshot": {
      "number": "",
      "spec": "CSS Paged Media 3",
      "text": "Abstract",
      "url": "https://www.w3.org/TR/css-page-3/#abstract"
    }
  },
  "#acknowledgements": {
    "current": {
      "number": "",
      "spec": "CSS Paged Media 3",
      "text": "Acknowledgements",
      "url": "https://drafts.csswg.org/css-page-3/#acknowledgements"
    },
    "snapshot": {
      "number": "",
      "spec": "CSS Paged Media 3",
      "text": "Acknowledgements",
      "url": "https://www.w3.org/TR/css-page-3/#acknowledgements"
    }
  },
  "#at-page-rule": {
    "current": {
      "number": "4.1",
      "spec": "CSS Paged Media 3",
      "text": "The @page Rule",
      "url": "https://drafts.csswg.org/css-page-3/#at-page-rule"
    },
    "snapshot": {
      "number": "4.1",
      "spec": "CSS Paged Media 3",
      "text": "The @page Rule",
      "url": "https://www.w3.org/TR/css-page-3/#at-page-rule"
    }
  },
  "#blank-pseudo": {
    "current": {
      "number": "4.2.3",
      "spec": "CSS Paged Media 3",
      "text": "Blank-page pseudo-class: :blank",
      "url": "https://drafts.csswg.org/css-page-3/#blank-pseudo"
    },
    "snapshot": {
      "number": "4.2.3",
      "spec": "CSS Paged Media 3",
      "text": "Blank-page pseudo-class: :blank",
      "url": "https://www.w3.org/TR/css-page-3/#blank-pseudo"
    }
  },
  "#bleed": {
    "current": {
      "number": "7.3",
      "spec": "CSS Paged Media 3",
      "text": "Bleed Area: the bleed property",
      "url": "https://drafts.csswg.org/css-page-3/#bleed"
    },
    "snapshot": {
      "number": "7.3",
      "spec": "CSS Paged Media 3",
      "text": "Bleed Area: the bleed property",
      "url": "https://www.w3.org/TR/css-page-3/#bleed"
    }
  },
  "#cascading-and-page-context": {
    "current": {
      "number": "4.4",
      "spec": "CSS Paged Media 3",
      "text": "Cascading in the page context",
      "url": "https://drafts.csswg.org/css-page-3/#cascading-and-page-context"
    },
    "snapshot": {
      "number": "4.4",
      "spec": "CSS Paged Media 3",
      "text": "Cascading in the page context",
      "url": "https://www.w3.org/TR/css-page-3/#cascading-and-page-context"
    }
  },
  "#changes": {
    "current": {
      "number": "",
      "spec": "CSS Paged Media 3",
      "text": "Changes",
      "url": "https://drafts.csswg.org/css-page-3/#changes"
    },
    "snapshot": {
      "number": "",
      "spec": "CSS Paged Media 3",
      "text": "Changes",
      "url": "https://www.w3.org/TR/css-page-3/#changes"
    }
  },
  "#content-outside-box": {
    "current": {
      "number": "3.2",
      "spec": "CSS Paged Media 3",
      "text": "Content outside the page box",
      "url": "https://drafts.csswg.org/css-page-3/#content-outside-box"
    },
    "snapshot": {
      "number": "3.2",
      "spec": "CSS Paged Media 3",
      "text": "Content outside the page box",
      "url": "https://www.w3.org/TR/css-page-3/#content-outside-box"
    }
  },
  "#first-pseudo": {
    "current": {
      "number": "4.2.2",
      "spec": "CSS Paged Media 3",
      "text": "First-page pseudo-class: :first",
      "url": "https://drafts.csswg.org/css-page-3/#first-pseudo"
    },
    "snapshot": {
      "number": "4.2.2",
      "spec": "CSS Paged Media 3",
      "text": "First-page pseudo-class: :first",
      "url": "https://www.w3.org/TR/css-page-3/#first-pseudo"
    }
  },
  "#fixed-sizing": {
    "current": {
      "number": "5.3.3",
      "spec": "CSS Paged Media 3",
      "text": "Page-Margin Box Fixed Dimension Computation Rules",
      "url": "https://drafts.csswg.org/css-page-3/#fixed-sizing"
    },
    "snapshot": {
      "number": "5.3.3",
      "spec": "CSS Paged Media 3",
      "text": "Page-Margin Box Fixed Dimension Computation Rules",
      "url": "https://www.w3.org/TR/css-page-3/#fixed-sizing"
    }
  },
  "#image-properties": {
    "current": {
      "number": "9",
      "spec": "CSS Paged Media 3",
      "text": "Image Properties",
      "url": "https://drafts.csswg.org/css-page-3/#image-properties"
    },
    "snapshot": {
      "number": "9",
      "spec": "CSS Paged Media 3",
      "text": "Image Properties",
      "url": "https://www.w3.org/TR/css-page-3/#image-properties"
    }
  },
  "#index": {
    "current": {
      "number": "",
      "spec": "CSS Paged Media 3",
      "text": "Index",
      "url": "https://drafts.csswg.org/css-page-3/#index"
    },
    "snapshot": {
      "number": "",
      "spec": "CSS Paged Media 3",
      "text": "Index",
      "url": "https://www.w3.org/TR/css-page-3/#index"
    }
  },
  "#index-defined-elsewhere": {
    "current": {
      "number": "",
      "spec": "CSS Paged Media 3",
      "text": "Terms defined by reference",
      "url": "https://drafts.csswg.org/css-page-3/#index-defined-elsewhere"
    },
    "snapshot": {
      "number": "",
      "spec": "CSS Paged Media 3",
      "text": "Terms defined by reference",
      "url": "https://www.w3.org/TR/css-page-3/#index-defined-elsewhere"
    }
  },
  "#index-defined-here": {
    "current": {
      "number": "",
      "spec": "CSS Paged Media 3",
      "text": "Terms defined by this specification",
      "url": "https://drafts.csswg.org/css-page-3/#index-defined-here"
    },
    "snapshot": {
      "number": "",
      "spec": "CSS Paged Media 3",
      "text": "Terms defined by this specification",
      "url": "https://www.w3.org/TR/css-page-3/#index-defined-here"
    }
  },
  "#informative": {
    "current": {
      "number": "",
      "spec": "CSS Paged Media 3",
      "text": "Informative References",
      "url": "https://drafts.csswg.org/css-page-3/#informative"
    },
    "snapshot": {
      "number": "",
      "spec": "CSS Paged Media 3",
      "text": "Informative References",
      "url": "https://www.w3.org/TR/css-page-3/#informative"
    }
  },
  "#intro": {
    "current": {
      "number": "1",
      "spec": "CSS Paged Media 3",
      "text": "Introduction",
      "url": "https://drafts.csswg.org/css-page-3/#intro"
    },
    "snapshot": {
      "number": "1",
      "spec": "CSS Paged Media 3",
      "text": "Introduction",
      "url": "https://www.w3.org/TR/css-page-3/#intro"
    }
  },
  "#issues-index": {
    "current": {
      "number": "",
      "spec": "CSS Paged Media 3",
      "text": "Issues Index",
      "url": "https://drafts.csswg.org/css-page-3/#issues-index"
    },
    "snapshot": {
      "number": "",
      "spec": "CSS Paged Media 3",
      "text": "Issues Index",
      "url": "https://www.w3.org/TR/css-page-3/#issues-index"
    }
  },
  "#margin-at-rules": {
    "current": {
      "number": "5.1",
      "spec": "CSS Paged Media 3",
      "text": "At-rules for page-margin boxes",
      "url": "https://drafts.csswg.org/css-page-3/#margin-at-rules"
    },
    "snapshot": {
      "number": "5.1",
      "spec": "CSS Paged Media 3",
      "text": "At-rules for page-margin boxes",
      "url": "https://www.w3.org/TR/css-page-3/#margin-at-rules"
    }
  },
  "#margin-box-ex": {
    "current": {
      "number": "5.4",
      "spec": "CSS Paged Media 3",
      "text": "Page-margin box examples",
      "url": "https://drafts.csswg.org/css-page-3/#margin-box-ex"
    },
    "snapshot": {
      "number": "5.4",
      "spec": "CSS Paged Media 3",
      "text": "Page-margin box examples",
      "url": "https://www.w3.org/TR/css-page-3/#margin-box-ex"
    }
  },
  "#margin-box-terms": {
    "current": {
      "number": "5.3.1",
      "spec": "CSS Paged Media 3",
      "text": "Page-Margin Box Layout Terminology",
      "url": "https://drafts.csswg.org/css-page-3/#margin-box-terms"
    },
    "snapshot": {
      "number": "5.3.1",
      "spec": "CSS Paged Media 3",
      "text": "Page-Margin Box Layout Terminology",
      "url": "https://www.w3.org/TR/css-page-3/#margin-box-terms"
    }
  },
  "#margin-boxes": {
    "current": {
      "number": "5",
      "spec": "CSS Paged Media 3",
      "text": "Page-Margin Boxes",
      "url": "https://drafts.csswg.org/css-page-3/#margin-boxes"
    },
    "snapshot": {
      "number": "5",
      "spec": "CSS Paged Media 3",
      "text": "Page-Margin Boxes",
      "url": "https://www.w3.org/TR/css-page-3/#margin-boxes"
    }
  },
  "#margin-dimension": {
    "current": {
      "number": "5.3",
      "spec": "CSS Paged Media 3",
      "text": "Computing Page-margin Box Dimensions",
      "url": "https://drafts.csswg.org/css-page-3/#margin-dimension"
    },
    "snapshot": {
      "number": "5.3",
      "spec": "CSS Paged Media 3",
      "text": "Computing Page-margin Box Dimensions",
      "url": "https://www.w3.org/TR/css-page-3/#margin-dimension"
    }
  },
  "#margin-property-list": {
    "current": {
      "number": "",
      "spec": "CSS Paged Media 3",
      "text": "CSS 2.1 properties that apply within the margin contexts",
      "url": "https://drafts.csswg.org/css-page-3/#margin-property-list"
    },
    "snapshot": {
      "number": "",
      "spec": "CSS Paged Media 3",
      "text": "CSS 2.1 properties that apply within the margin contexts",
      "url": "https://www.w3.org/TR/css-page-3/#margin-property-list"
    }
  },
  "#margin-text-alignment": {
    "current": {
      "number": "6.2",
      "spec": "CSS Paged Media 3",
      "text": "Page-margin boxes and default values",
      "url": "https://drafts.csswg.org/css-page-3/#margin-text-alignment"
    },
    "snapshot": {
      "number": "6.2",
      "spec": "CSS Paged Media 3",
      "text": "Page-margin boxes and default values",
      "url": "https://www.w3.org/TR/css-page-3/#margin-text-alignment"
    }
  },
  "#marks": {
    "current": {
      "number": "7.2",
      "spec": "CSS Paged Media 3",
      "text": "Crop and Registration Marks: the marks property",
      "url": "https://drafts.csswg.org/css-page-3/#marks"
    },
    "snapshot": {
      "number": "7.2",
      "spec": "CSS Paged Media 3",
      "text": "Crop and Registration Marks: the marks property",
      "url": "https://www.w3.org/TR/css-page-3/#marks"
    }
  },
  "#normative": {
    "current": {
      "number": "",
      "spec": "CSS Paged Media 3",
      "text": "Normative References",
      "url": "https://drafts.csswg.org/css-page-3/#normative"
    },
    "snapshot": {
      "number": "",
      "spec": "CSS Paged Media 3",
      "text": "Normative References",
      "url": "https://www.w3.org/TR/css-page-3/#normative"
    }
  },
  "#page-based-counters": {
    "current": {
      "number": "6.1",
      "spec": "CSS Paged Media 3",
      "text": "Page-based counters",
      "url": "https://drafts.csswg.org/css-page-3/#page-based-counters"
    },
    "snapshot": {
      "number": "6.1",
      "spec": "CSS Paged Media 3",
      "text": "Page-based counters",
      "url": "https://www.w3.org/TR/css-page-3/#page-based-counters"
    }
  },
  "#page-breaks": {
    "current": {
      "number": "8",
      "spec": "CSS Paged Media 3",
      "text": "Page Breaks",
      "url": "https://drafts.csswg.org/css-page-3/#page-breaks"
    },
    "snapshot": {
      "number": "8",
      "spec": "CSS Paged Media 3",
      "text": "Page Breaks",
      "url": "https://www.w3.org/TR/css-page-3/#page-breaks"
    }
  },
  "#page-descriptor-table": {
    "current": {
      "number": "",
      "spec": "CSS Paged Media 3",
      "text": "@page Descriptors",
      "url": "https://drafts.csswg.org/css-page-3/#page-descriptor-table"
    },
    "snapshot": {
      "number": "",
      "spec": "CSS Paged Media 3",
      "text": "@page Descriptors",
      "url": "https://www.w3.org/TR/css-page-3/#page-descriptor-table"
    }
  },
  "#page-model": {
    "current": {
      "number": "3",
      "spec": "CSS Paged Media 3",
      "text": "The Page Model",
      "url": "https://drafts.csswg.org/css-page-3/#page-model"
    },
    "snapshot": {
      "number": "3",
      "spec": "CSS Paged Media 3",
      "text": "The Page Model",
      "url": "https://www.w3.org/TR/css-page-3/#page-model"
    }
  },
  "#page-orientation-prop": {
    "current": {
      "number": "7.1.2",
      "spec": "CSS Paged Media 3",
      "text": "Rotating The Printed Page: the page-orientation property",
      "url": "https://drafts.csswg.org/css-page-3/#page-orientation-prop"
    },
    "snapshot": {
      "number": "7.1.2",
      "spec": "CSS Paged Media 3",
      "text": "Rotating The Printed Page: the page-orientation property",
      "url": "https://www.w3.org/TR/css-page-3/#page-orientation-prop"
    }
  },
  "#page-properties": {
    "current": {
      "number": "6",
      "spec": "CSS Paged Media 3",
      "text": "Page Properties",
      "url": "https://drafts.csswg.org/css-page-3/#page-properties"
    },
    "snapshot": {
      "number": "6",
      "spec": "CSS Paged Media 3",
      "text": "Page Properties",
      "url": "https://www.w3.org/TR/css-page-3/#page-properties"
    }
  },
  "#page-property-list": {
    "current": {
      "number": "",
      "spec": "CSS Paged Media 3",
      "text": "CSS 2.1 Properties that apply within the page context",
      "url": "https://drafts.csswg.org/css-page-3/#page-property-list"
    },
    "snapshot": {
      "number": "",
      "spec": "CSS Paged Media 3",
      "text": "CSS 2.1 Properties that apply within the page context",
      "url": "https://www.w3.org/TR/css-page-3/#page-property-list"
    }
  },
  "#page-selector-and-context": {
    "current": {
      "number": "4",
      "spec": "CSS Paged Media 3",
      "text": "Page Selectors and the Page Context",
      "url": "https://drafts.csswg.org/css-page-3/#page-selector-and-context"
    },
    "snapshot": {
      "number": "4",
      "spec": "CSS Paged Media 3",
      "text": "Page Selectors and the Page Context",
      "url": "https://www.w3.org/TR/css-page-3/#page-selector-and-context"
    }
  },
  "#page-selectors": {
    "current": {
      "number": "4.2",
      "spec": "CSS Paged Media 3",
      "text": "Page selectors",
      "url": "https://drafts.csswg.org/css-page-3/#page-selectors"
    },
    "snapshot": {
      "number": "4.2",
      "spec": "CSS Paged Media 3",
      "text": "Page selectors",
      "url": "https://www.w3.org/TR/css-page-3/#page-selectors"
    }
  },
  "#page-size": {
    "current": {
      "number": "7",
      "spec": "CSS Paged Media 3",
      "text": "Page Size",
      "url": "https://drafts.csswg.org/css-page-3/#page-size"
    },
    "snapshot": {
      "number": "7",
      "spec": "CSS Paged Media 3",
      "text": "Page Size",
      "url": "https://www.w3.org/TR/css-page-3/#page-size"
    }
  },
  "#page-size-media-query": {
    "current": {
      "number": "7.1.1",
      "spec": "CSS Paged Media 3",
      "text": "Media Queries",
      "url": "https://drafts.csswg.org/css-page-3/#page-size-media-query"
    },
    "snapshot": {
      "number": "7.1.1",
      "spec": "CSS Paged Media 3",
      "text": "Media Queries",
      "url": "https://www.w3.org/TR/css-page-3/#page-size-media-query"
    }
  },
  "#page-size-prop": {
    "current": {
      "number": "7.1",
      "spec": "CSS Paged Media 3",
      "text": "Page size: the size property",
      "url": "https://drafts.csswg.org/css-page-3/#page-size-prop"
    },
    "snapshot": {
      "number": "7.1",
      "spec": "CSS Paged Media 3",
      "text": "Page size: the size property",
      "url": "https://www.w3.org/TR/css-page-3/#page-size-prop"
    }
  },
  "#page-terms": {
    "current": {
      "number": "2",
      "spec": "CSS Paged Media 3",
      "text": "Page Terminology",
      "url": "https://drafts.csswg.org/css-page-3/#page-terms"
    },
    "snapshot": {
      "number": "2",
      "spec": "CSS Paged Media 3",
      "text": "Page Terminology",
      "url": "https://www.w3.org/TR/css-page-3/#page-terms"
    }
  },
  "#painting": {
    "current": {
      "number": "3.1",
      "spec": "CSS Paged Media 3",
      "text": "Page Backgrounds and Painting Order",
      "url": "https://drafts.csswg.org/css-page-3/#painting"
    },
    "snapshot": {
      "number": "3.1",
      "spec": "CSS Paged Media 3",
      "text": "Page Backgrounds and Painting Order",
      "url": "https://www.w3.org/TR/css-page-3/#painting"
    }
  },
  "#populating-margin-boxes": {
    "current": {
      "number": "5.2",
      "spec": "CSS Paged Media 3",
      "text": "Populating page-margin boxes",
      "url": "https://drafts.csswg.org/css-page-3/#populating-margin-boxes"
    },
    "snapshot": {
      "number": "5.2",
      "spec": "CSS Paged Media 3",
      "text": "Populating page-margin boxes",
      "url": "https://www.w3.org/TR/css-page-3/#populating-margin-boxes"
    }
  },
  "#positioning-page-box": {
    "current": {
      "number": "7.5",
      "spec": "CSS Paged Media 3",
      "text": "Positioning the page box on the sheet",
      "url": "https://drafts.csswg.org/css-page-3/#positioning-page-box"
    },
    "snapshot": {
      "number": "7.5",
      "spec": "CSS Paged Media 3",
      "text": "Positioning the page box on the sheet",
      "url": "https://www.w3.org/TR/css-page-3/#positioning-page-box"
    }
  },
  "#priv-sec": {
    "current": {
      "number": "",
      "spec": "CSS Paged Media 3",
      "text": "Privacy and Security Considerations",
      "url": "https://drafts.csswg.org/css-page-3/#priv-sec"
    },
    "snapshot": {
      "number": "",
      "spec": "CSS Paged Media 3",
      "text": "Privacy and Security Considerations",
      "url": "https://www.w3.org/TR/css-page-3/#priv-sec"
    }
  },
  "#progression": {
    "current": {
      "number": "3.3",
      "spec": "CSS Paged Media 3",
      "text": "Page Progression",
      "url": "https://drafts.csswg.org/css-page-3/#progression"
    },
    "snapshot": {
      "number": "3.3",
      "spec": "CSS Paged Media 3",
      "text": "Page Progression",
      "url": "https://www.w3.org/TR/css-page-3/#progression"
    }
  },
  "#properties-list": {
    "current": {
      "number": "A",
      "spec": "CSS Paged Media 3",
      "text": "Applicable CSS2.1 Properties",
      "url": "https://drafts.csswg.org/css-page-3/#properties-list"
    },
    "snapshot": {
      "number": "A",
      "spec": "CSS Paged Media 3",
      "text": "Applicable CSS2.1 Properties",
      "url": "https://www.w3.org/TR/css-page-3/#properties-list"
    }
  },
  "#property-index": {
    "current": {
      "number": "",
      "spec": "CSS Paged Media 3",
      "text": "Property Index",
      "url": "https://drafts.csswg.org/css-page-3/#property-index"
    },
    "snapshot": {
      "number": "",
      "spec": "CSS Paged Media 3",
      "text": "Property Index",
      "url": "https://www.w3.org/TR/css-page-3/#property-index"
    }
  },
  "#references": {
    "current": {
      "number": "",
      "spec": "CSS Paged Media 3",
      "text": "References",
      "url": "https://drafts.csswg.org/css-page-3/#references"
    },
    "snapshot": {
      "number": "",
      "spec": "CSS Paged Media 3",
      "text": "References",
      "url": "https://www.w3.org/TR/css-page-3/#references"
    }
  },
  "#renderingpages": {
    "current": {
      "number": "7.4",
      "spec": "CSS Paged Media 3",
      "text": "Rendering page boxes that do not fit a page sheet",
      "url": "https://drafts.csswg.org/css-page-3/#renderingpages"
    },
    "snapshot": {
      "number": "7.4",
      "spec": "CSS Paged Media 3",
      "text": "Rendering page boxes that do not fit a page sheet",
      "url": "https://www.w3.org/TR/css-page-3/#renderingpages"
    }
  },
  "#sotd": {
    "current": {
      "number": "",
      "spec": "CSS Paged Media 3",
      "text": "Status of this document",
      "url": "https://drafts.csswg.org/css-page-3/#sotd"
    },
    "snapshot": {
      "number": "",
      "spec": "CSS Paged Media 3",
      "text": "Status of this document",
      "url": "https://www.w3.org/TR/css-page-3/#sotd"
    }
  },
  "#spread-pseudos": {
    "current": {
      "number": "4.2.1",
      "spec": "CSS Paged Media 3",
      "text": "Spread pseudo-classes: :left, :right",
      "url": "https://drafts.csswg.org/css-page-3/#spread-pseudos"
    },
    "snapshot": {
      "number": "4.2.1",
      "spec": "CSS Paged Media 3",
      "text": "Spread pseudo-classes: :left, :right",
      "url": "https://www.w3.org/TR/css-page-3/#spread-pseudos"
    }
  },
  "#syntax-page-selector": {
    "current": {
      "number": "4.3",
      "spec": "CSS Paged Media 3",
      "text": "@page rule grammar",
      "url": "https://drafts.csswg.org/css-page-3/#syntax-page-selector"
    },
    "snapshot": {
      "number": "4.3",
      "spec": "CSS Paged Media 3",
      "text": "@page rule grammar",
      "url": "https://www.w3.org/TR/css-page-3/#syntax-page-selector"
    }
  },
  "#title": {
    "current": {
      "number": "",
      "spec": "CSS Paged Media 3",
      "text": "CSS Paged Media Module Level 3",
      "url": "https://drafts.csswg.org/css-page-3/#title"
    },
    "snapshot": {
      "number": "",
      "spec": "CSS Paged Media 3",
      "text": "CSS Paged Media Module Level 3",
      "url": "https://www.w3.org/TR/css-page-3/#title"
    }
  },
  "#toc": {
    "current": {
      "number": "",
      "spec": "CSS Paged Media 3",
      "text": "Table of Contents",
      "url": "https://drafts.csswg.org/css-page-3/#toc"
    },
    "snapshot": {
      "number": "",
      "spec": "CSS Paged Media 3",
      "text": "Table of Contents",
      "url": "https://www.w3.org/TR/css-page-3/#toc"
    }
  },
  "#transfer-possibilities": {
    "current": {
      "number": "B",
      "spec": "CSS Paged Media 3",
      "text": "Transfer Possibilities",
      "url": "https://drafts.csswg.org/css-page-3/#transfer-possibilities"
    },
    "snapshot": {
      "number": "B",
      "spec": "CSS Paged Media 3",
      "text": "Transfer Possibilities",
      "url": "https://www.w3.org/TR/css-page-3/#transfer-possibilities"
    }
  },
  "#using-named-pages": {
    "current": {
      "number": "8.1",
      "spec": "CSS Paged Media 3",
      "text": "Using named pages: page",
      "url": "https://drafts.csswg.org/css-page-3/#using-named-pages"
    },
    "snapshot": {
      "number": "8.1",
      "spec": "CSS Paged Media 3",
      "text": "Using named pages: page",
      "url": "https://www.w3.org/TR/css-page-3/#using-named-pages"
    }
  },
  "#values": {
    "current": {
      "number": "1.1",
      "spec": "CSS Paged Media 3",
      "text": "Value Definitions",
      "url": "https://drafts.csswg.org/css-page-3/#values"
    },
    "snapshot": {
      "number": "1.1",
      "spec": "CSS Paged Media 3",
      "text": "Value Definitions",
      "url": "https://www.w3.org/TR/css-page-3/#values"
    }
  },
  "#variable-auto-margins": {
    "current": {
      "number": "5.3.2.1",
      "spec": "CSS Paged Media 3",
      "text": "Margins",
      "url": "https://drafts.csswg.org/css-page-3/#variable-auto-margins"
    },
    "snapshot": {
      "number": "5.3.2.1",
      "spec": "CSS Paged Media 3",
      "text": "Margins",
      "url": "https://www.w3.org/TR/css-page-3/#variable-auto-margins"
    }
  },
  "#variable-auto-sizing": {
    "current": {
      "number": "5.3.2.2",
      "spec": "CSS Paged Media 3",
      "text": "Resolving auto widths",
      "url": "https://drafts.csswg.org/css-page-3/#variable-auto-sizing"
    },
    "snapshot": {
      "number": "5.3.2.2",
      "spec": "CSS Paged Media 3",
      "text": "Resolving auto widths",
      "url": "https://www.w3.org/TR/css-page-3/#variable-auto-sizing"
    }
  },
  "#variable-mapping": {
    "current": {
      "number": "5.3.2.5",
      "spec": "CSS Paged Media 3",
      "text": "Boxes on other sides",
      "url": "https://drafts.csswg.org/css-page-3/#variable-mapping"
    },
    "snapshot": {
      "number": "5.3.2.5",
      "spec": "CSS Paged Media 3",
      "text": "Boxes on other sides",
      "url": "https://www.w3.org/TR/css-page-3/#variable-mapping"
    }
  },
  "#variable-minmax": {
    "current": {
      "number": "5.3.2.3",
      "spec": "CSS Paged Media 3",
      "text": "Handling min-width and max-width",
      "url": "https://drafts.csswg.org/css-page-3/#variable-minmax"
    },
    "snapshot": {
      "number": "5.3.2.3",
      "spec": "CSS Paged Media 3",
      "text": "Handling min-width and max-width",
      "url": "https://www.w3.org/TR/css-page-3/#variable-minmax"
    }
  },
  "#variable-position": {
    "current": {
      "number": "5.3.2.4",
      "spec": "CSS Paged Media 3",
      "text": "Positioning",
      "url": "https://drafts.csswg.org/css-page-3/#variable-position"
    },
    "snapshot": {
      "number": "5.3.2.4",
      "spec": "CSS Paged Media 3",
      "text": "Positioning",
      "url": "https://www.w3.org/TR/css-page-3/#variable-position"
    }
  },
  "#variable-sizing": {
    "current": {
      "number": "5.3.2",
      "spec": "CSS Paged Media 3",
      "text": "Page-Margin Box Variable Dimension Computation Rules",
      "url": "https://drafts.csswg.org/css-page-3/#variable-sizing"
    },
    "snapshot": {
      "number": "5.3.2",
      "spec": "CSS Paged Media 3",
      "text": "Page-Margin Box Variable Dimension Computation Rules",
      "url": "https://www.w3.org/TR/css-page-3/#variable-sizing"
    }
  },
  "#w3c-conform-future-proofing": {
    "current": {
      "number": "",
      "spec": "CSS Paged Media 3",
      "text": "Implementations of Unstable and Proprietary Features",
      "url": "https://drafts.csswg.org/css-page-3/#w3c-conform-future-proofing"
    },
    "snapshot": {
      "number": "",
      "spec": "CSS Paged Media 3",
      "text": "Implementations of Unstable and Proprietary Features",
      "url": "https://www.w3.org/TR/css-page-3/#w3c-conform-future-proofing"
    }
  },
  "#w3c-conformance": {
    "current": {
      "number": "",
      "spec": "CSS Paged Media 3",
      "text": "Conformance",
      "url": "https://drafts.csswg.org/css-page-3/#w3c-conformance"
    },
    "snapshot": {
      "number": "",
      "spec": "CSS Paged Media 3",
      "text": "Conformance",
      "url": "https://www.w3.org/TR/css-page-3/#w3c-conformance"
    }
  },
  "#w3c-conformance-classes": {
    "current": {
      "number": "",
      "spec": "CSS Paged Media 3",
      "text": "Conformance classes",
      "url": "https://drafts.csswg.org/css-page-3/#w3c-conformance-classes"
    },
    "snapshot": {
      "number": "",
      "spec": "CSS Paged Media 3",
      "text": "Conformance classes",
      "url": "https://www.w3.org/TR/css-page-3/#w3c-conformance-classes"
    }
  },
  "#w3c-conventions": {
    "current": {
      "number": "",
      "spec": "CSS Paged Media 3",
      "text": "Document conventions",
      "url": "https://drafts.csswg.org/css-page-3/#w3c-conventions"
    },
    "snapshot": {
      "number": "",
      "spec": "CSS Paged Media 3",
      "text": "Document conventions",
      "url": "https://www.w3.org/TR/css-page-3/#w3c-conventions"
    }
  },
  "#w3c-partial": {
    "current": {
      "number": "",
      "spec": "CSS Paged Media 3",
      "text": "Partial implementations",
      "url": "https://drafts.csswg.org/css-page-3/#w3c-partial"
    },
    "snapshot": {
      "number": "",
      "spec": "CSS Paged Media 3",
      "text": "Partial implementations",
      "url": "https://www.w3.org/TR/css-page-3/#w3c-partial"
    }
  },
  "#w3c-testing": {
    "current": {
      "number": "",
      "spec": "CSS Paged Media 3",
      "text": "Non-experimental implementations",
      "url": "https://drafts.csswg.org/css-page-3/#w3c-testing"
    },
    "snapshot": {
      "number": "",
      "spec": "CSS Paged Media 3",
      "text": "Non-experimental implementations",
      "url": "https://www.w3.org/TR/css-page-3/#w3c-testing"
    }
  }
}