{
  "#abstract": {
    "current": {
      "number": "",
      "spec": "CSS Environment Variables 1",
      "text": "Abstract",
      "url": "https://drafts.csswg.org/css-env-1/#abstract"
    }
  },
  "#env-function": {
    "current": {
      "number": "3",
      "spec": "CSS Environment Variables 1",
      "text": "Using Environment Variables: the env() notation",
      "url": "https://drafts.csswg.org/css-env-1/#env-function"
    }
  },
  "#env-in-shorthands": {
    "current": {
      "number": "3.1",
      "spec": "CSS Environment Variables 1",
      "text": "Environment Variables in Shorthand Properties",
      "url": "https://drafts.csswg.org/css-env-1/#env-in-shorthands"
    }
  },
  "#environment": {
    "current": {
      "number": "2",
      "spec": "CSS Environment Variables 1",
      "text": "Environment Variables",
      "url": "https://drafts.csswg.org/css-env-1/#environment"
    }
  },
  "#index": {
    "current": {
      "number": "",
      "spec": "CSS Environment Variables 1",
      "text": "Index",
      "url": "https://drafts.csswg.org/css-env-1/#index"
    }
  },
  "#index-defined-elsewhere": {
    "current": {
      "number": "",
      "spec": "CSS Environment Variables 1",
      "text": "Terms defined by reference",
      "url": "https://drafts.csswg.org/css-env-1/#index-defined-elsewhere"
    }
  },
  "#index-defined-here": {
    "current": {
      "number": "",
      "spec": "CSS Environment Variables 1",
      "text": "Terms defined by this specification",
      "url": "https://drafts.csswg.org/css-env-1/#index-defined-here"
    }
  },
  "#intro": {
    "current": {
      "number": "1",
      "spec": "CSS Environment Variables 1",
      "text": "Introduction",
      "url": "https://drafts.csswg.org/css-env-1/#intro"
    }
  },
  "#issues-index": {
    "current": {
      "number": "",
      "spec": "CSS Environment Variables 1",
      "text": "Issues Index",
      "url": "https://drafts.csswg.org/css-env-1/#issues-index"
    }
  },
  "#normative": {
    "current": {
      "number": "",
      "spec": "CSS Environment Variables 1",
      "text": "Normative References",
      "url": "https://drafts.csswg.org/css-env-1/#normative"
    }
  },
  "#references": {
    "current": {
      "number": "",
      "spec": "CSS Environment Variables 1",
      "text": "References",
      "url": "https://drafts.csswg.org/css-env-1/#references"
    }
  },
  "#safe-area-insets": {
    "current": {
      "number": "2.1",
      "spec": "CSS Environment Variables 1",
      "text": "Safe area inset variables",
      "url": "https://drafts.csswg.org/css-env-1/#safe-area-insets"
    }
  },
  "#sotd": {
    "current": {
      "number": "",
      "spec": "CSS Environment Variables 1",
      "text": "Status of this document",
      "url": "https://drafts.csswg.org/css-env-1/#sotd"
    }
  },
  "#title": {
    "current": {
      "number": "",
      "spec": "CSS Environment Variables 1",
      "text": "CSS Environment Variables Module Level 1",
      "url": "https://drafts.csswg.org/css-env-1/#title"
    }
  },
  "#toc": {
    "current": {
      "number": "",
      "spec": "CSS Environment Variables 1",
      "text": "Table of Contents",
      "url": "https://drafts.csswg.org/css-env-1/#toc"
    }
  },
  "#viewport-segments": {
    "current": {
      "number": "2.2",
      "spec": "CSS Environment Variables 1",
      "text": "Viewport segment variables",
      "url": "https://drafts.csswg.org/css-env-1/#viewport-segments"
    }
  },
  "#w3c-conform-future-proofing": {
    "current": {
      "number": "",
      "spec": "CSS Environment Variables 1",
      "text": "Implementations of Unstable and Proprietary Features",
      "url": "https://drafts.csswg.org/css-env-1/#w3c-conform-future-proofing"
    }
  },
  "#w3c-conformance": {
    "current": {
      "number": "",
      "spec": "CSS Environment Variables 1",
      "text": "Conformance",
      "url": "https://drafts.csswg.org/css-env-1/#w3c-conformance"
    }
  },
  "#w3c-conformance-classes": {
    "current": {
      "number": "",
      "spec": "CSS Environment Variables 1",
      "text": "Conformance classes",
      "url": "https://drafts.csswg.org/css-env-1/#w3c-conformance-classes"
    }
  },
  "#w3c-conventions": {
    "current": {
      "number": "",
      "spec": "CSS Environment Variables 1",
      "text": "Document conventions",
      "url": "https://drafts.csswg.org/css-env-1/#w3c-conventions"
    }
  },
  "#w3c-partial": {
    "current": {
      "number": "",
      "spec": "CSS Environment Variables 1",
      "text": "Partial implementations",
      "url": "https://drafts.csswg.org/css-env-1/#w3c-partial"
    }
  },
  "#w3c-testing": {
    "current": {
      "number": "",
      "spec": "CSS Environment Variables 1",
      "text": "Non-experimental implementations",
      "url": "https://drafts.csswg.org/css-env-1/#w3c-testing"
    }
  }
}