{
  "#FontFaceSet-events": {
    "current": {
      "number": "3.1",
      "spec": "CSS Font Loading 3",
      "text": "Events",
      "url": "https://drafts.csswg.org/css-font-loading-3/#FontFaceSet-events"
    },
    "snapshot": {
      "number": "3.1",
      "spec": "CSS Font Loading 3",
      "text": "Events",
      "url": "https://www.w3.org/TR/css-font-loading-3/#FontFaceSet-events"
    }
  },
  "#FontFaceSet-interface": {
    "current": {
      "number": "3",
      "spec": "CSS Font Loading 3",
      "text": "The FontFaceSet Interface",
      "url": "https://drafts.csswg.org/css-font-loading-3/#FontFaceSet-interface"
    },
    "snapshot": {
      "number": "3",
      "spec": "CSS Font Loading 3",
      "text": "The FontFaceSet Interface",
      "url": "https://www.w3.org/TR/css-font-loading-3/#FontFaceSet-interface"
    }
  },
  "#abstract": {
    "current": {
      "number": "",
      "spec": "CSS Font Loading 3",
      "text": "Abstract",
      "url": "https://drafts.csswg.org/css-font-loading-3/#abstract"
    },
    "snapshot": {
      "number": "",
      "spec": "CSS Font Loading 3",
      "text": "Abstract",
      "url": "https://www.w3.org/TR/css-font-loading-3/#abstract"
    }
  },
  "#acknowledgments": {
    "current": {
      "number": "",
      "spec": "CSS Font Loading 3",
      "text": "Acknowledgments",
      "url": "https://drafts.csswg.org/css-font-loading-3/#acknowledgments"
    },
    "snapshot": {
      "number": "",
      "spec": "CSS Font Loading 3",
      "text": "Acknowledgments",
      "url": "https://www.w3.org/TR/css-font-loading-3/#acknowledgments"
    }
  },
  "#changes": {
    "current": {
      "number": "",
      "spec": "CSS Font Loading 3",
      "text": "Changes",
      "url": "https://drafts.csswg.org/css-font-loading-3/#changes"
    },
    "snapshot": {
      "number": "",
      "spec": "CSS Font Loading 3",
      "text": "Changes",
      "url": "https://www.w3.org/TR/css-font-loading-3/#changes"
    }
  },
  "#discovery": {
    "current": {
      "number": "2.4",
      "spec": "CSS Font Loading 3",
      "text": "Discovery of information about a font",
      "url": "https://drafts.csswg.org/css-font-loading-3/#discovery"
    },
    "snapshot": {
      "number": "2.4",
      "spec": "CSS Font Loading 3",
      "text": "Discovery of information about a font",
      "url": "https://www.w3.org/TR/css-font-loading-3/#discovery"
    }
  },
  "#document-font-face-set": {
    "current": {
      "number": "4.2",
      "spec": "CSS Font Loading 3",
      "text": "Interaction with CSS’s @font-face Rule",
      "url": "https://drafts.csswg.org/css-font-loading-3/#document-font-face-set"
    },
    "snapshot": {
      "number": "4.2",
      "spec": "CSS Font Loading 3",
      "text": "Interaction with CSS’s @font-face Rule",
      "url": "https://www.w3.org/TR/css-font-loading-3/#document-font-face-set"
    }
  },
  "#font-face-constructor": {
    "current": {
      "number": "2.1",
      "spec": "CSS Font Loading 3",
      "text": "The Constructor",
      "url": "https://drafts.csswg.org/css-font-loading-3/#font-face-constructor"
    },
    "snapshot": {
      "number": "2.1",
      "spec": "CSS Font Loading 3",
      "text": "The Constructor",
      "url": "https://www.w3.org/TR/css-font-loading-3/#font-face-constructor"
    }
  },
  "#font-face-css-connection": {
    "current": {
      "number": "2.3",
      "spec": "CSS Font Loading 3",
      "text": "Interaction with CSS’s @font-face Rule",
      "url": "https://drafts.csswg.org/css-font-loading-3/#font-face-css-connection"
    },
    "snapshot": {
      "number": "2.3",
      "spec": "CSS Font Loading 3",
      "text": "Interaction with CSS’s @font-face Rule",
      "url": "https://www.w3.org/TR/css-font-loading-3/#font-face-css-connection"
    }
  },
  "#font-face-load": {
    "current": {
      "number": "2.2",
      "spec": "CSS Font Loading 3",
      "text": "The load() method",
      "url": "https://drafts.csswg.org/css-font-loading-3/#font-face-load"
    },
    "snapshot": {
      "number": "2.2",
      "spec": "CSS Font Loading 3",
      "text": "The load() method",
      "url": "https://www.w3.org/TR/css-font-loading-3/#font-face-load"
    }
  },
  "#font-face-set-check": {
    "current": {
      "number": "3.3",
      "spec": "CSS Font Loading 3",
      "text": "The check() method",
      "url": "https://drafts.csswg.org/css-font-loading-3/#font-face-set-check"
    },
    "snapshot": {
      "number": "3.3",
      "spec": "CSS Font Loading 3",
      "text": "The check() method",
      "url": "https://www.w3.org/TR/css-font-loading-3/#font-face-set-check"
    }
  },
  "#font-face-set-css": {
    "current": {
      "number": "3.5",
      "spec": "CSS Font Loading 3",
      "text": "Interaction with CSS Font Loading and Matching",
      "url": "https://drafts.csswg.org/css-font-loading-3/#font-face-set-css"
    },
    "snapshot": {
      "number": "3.5",
      "spec": "CSS Font Loading 3",
      "text": "Interaction with CSS Font Loading and Matching",
      "url": "https://www.w3.org/TR/css-font-loading-3/#font-face-set-css"
    }
  },
  "#font-face-set-load": {
    "current": {
      "number": "3.2",
      "spec": "CSS Font Loading 3",
      "text": "The load() method",
      "url": "https://drafts.csswg.org/css-font-loading-3/#font-face-set-load"
    },
    "snapshot": {
      "number": "3.2",
      "spec": "CSS Font Loading 3",
      "text": "The load() method",
      "url": "https://www.w3.org/TR/css-font-loading-3/#font-face-set-load"
    }
  },
  "#font-face-set-ready": {
    "current": {
      "number": "3.4",
      "spec": "CSS Font Loading 3",
      "text": "The ready attribute",
      "url": "https://drafts.csswg.org/css-font-loading-3/#font-face-set-ready"
    },
    "snapshot": {
      "number": "3.4",
      "spec": "CSS Font Loading 3",
      "text": "The ready attribute",
      "url": "https://www.w3.org/TR/css-font-loading-3/#font-face-set-ready"
    }
  },
  "#font-face-source": {
    "current": {
      "number": "4",
      "spec": "CSS Font Loading 3",
      "text": "The FontFaceSource Mixin",
      "url": "https://drafts.csswg.org/css-font-loading-3/#font-face-source"
    },
    "snapshot": {
      "number": "4",
      "spec": "CSS Font Loading 3",
      "text": "The FontFaceSource Mixin",
      "url": "https://www.w3.org/TR/css-font-loading-3/#font-face-source"
    }
  },
  "#font-load-event-examples": {
    "current": {
      "number": "5",
      "spec": "CSS Font Loading 3",
      "text": "API Examples",
      "url": "https://drafts.csswg.org/css-font-loading-3/#font-load-event-examples"
    },
    "snapshot": {
      "number": "5",
      "spec": "CSS Font Loading 3",
      "text": "API Examples",
      "url": "https://www.w3.org/TR/css-font-loading-3/#font-load-event-examples"
    }
  },
  "#fontface-interface": {
    "current": {
      "number": "2",
      "spec": "CSS Font Loading 3",
      "text": "The FontFace Interface",
      "url": "https://drafts.csswg.org/css-font-loading-3/#fontface-interface"
    },
    "snapshot": {
      "number": "2",
      "spec": "CSS Font Loading 3",
      "text": "The FontFace Interface",
      "url": "https://www.w3.org/TR/css-font-loading-3/#fontface-interface"
    }
  },
  "#fontfacesource-workers": {
    "current": {
      "number": "4.1",
      "spec": "CSS Font Loading 3",
      "text": "Worker FontFaceSources",
      "url": "https://drafts.csswg.org/css-font-loading-3/#fontfacesource-workers"
    },
    "snapshot": {
      "number": "4.1",
      "spec": "CSS Font Loading 3",
      "text": "Worker FontFaceSources",
      "url": "https://www.w3.org/TR/css-font-loading-3/#fontfacesource-workers"
    }
  },
  "#idl-index": {
    "current": {
      "number": "",
      "spec": "CSS Font Loading 3",
      "text": "IDL Index",
      "url": "https://drafts.csswg.org/css-font-loading-3/#idl-index"
    },
    "snapshot": {
      "number": "",
      "spec": "CSS Font Loading 3",
      "text": "IDL Index",
      "url": "https://www.w3.org/TR/css-font-loading-3/#idl-index"
    }
  },
  "#index": {
    "current": {
      "number": "",
      "spec": "CSS Font Loading 3",
      "text": "Index",
      "url": "https://drafts.csswg.org/css-font-loading-3/#index"
    },
    "snapshot": {
      "number": "",
      "spec": "CSS Font Loading 3",
      "text": "Index",
      "url": "https://www.w3.org/TR/css-font-loading-3/#index"
    }
  },
  "#index-defined-elsewhere": {
    "current": {
      "number": "",
      "spec": "CSS Font Loading 3",
      "text": "Terms defined by reference",
      "url": "https://drafts.csswg.org/css-font-loading-3/#index-defined-elsewhere"
    },
    "snapshot": {
      "number": "",
      "spec": "CSS Font Loading 3",
      "text": "Terms defined by reference",
      "url": "https://www.w3.org/TR/css-font-loading-3/#index-defined-elsewhere"
    }
  },
  "#index-defined-here": {
    "current": {
      "number": "",
      "spec": "CSS Font Loading 3",
      "text": "Terms defined by this specification",
      "url": "https://drafts.csswg.org/css-font-loading-3/#index-defined-here"
    },
    "snapshot": {
      "number": "",
      "spec": "CSS Font Loading 3",
      "text": "Terms defined by this specification",
      "url": "https://www.w3.org/TR/css-font-loading-3/#index-defined-here"
    }
  },
  "#introduction": {
    "current": {
      "number": "1",
      "spec": "CSS Font Loading 3",
      "text": "Introduction",
      "url": "https://drafts.csswg.org/css-font-loading-3/#introduction"
    },
    "snapshot": {
      "number": "1",
      "spec": "CSS Font Loading 3",
      "text": "Introduction",
      "url": "https://www.w3.org/TR/css-font-loading-3/#introduction"
    }
  },
  "#issues-index": {
    "current": {
      "number": "",
      "spec": "CSS Font Loading 3",
      "text": "Issues Index",
      "url": "https://drafts.csswg.org/css-font-loading-3/#issues-index"
    },
    "snapshot": {
      "number": "",
      "spec": "CSS Font Loading 3",
      "text": "Issues Index",
      "url": "https://www.w3.org/TR/css-font-loading-3/#issues-index"
    }
  },
  "#normative": {
    "current": {
      "number": "",
      "spec": "CSS Font Loading 3",
      "text": "Normative References",
      "url": "https://drafts.csswg.org/css-font-loading-3/#normative"
    },
    "snapshot": {
      "number": "",
      "spec": "CSS Font Loading 3",
      "text": "Normative References",
      "url": "https://www.w3.org/TR/css-font-loading-3/#normative"
    }
  },
  "#privacy": {
    "current": {
      "number": "",
      "spec": "CSS Font Loading 3",
      "text": "Privacy Considerations",
      "url": "https://drafts.csswg.org/css-font-loading-3/#privacy"
    },
    "snapshot": {
      "number": "",
      "spec": "CSS Font Loading 3",
      "text": "Privacy Considerations",
      "url": "https://www.w3.org/TR/css-font-loading-3/#privacy"
    }
  },
  "#references": {
    "current": {
      "number": "",
      "spec": "CSS Font Loading 3",
      "text": "References",
      "url": "https://drafts.csswg.org/css-font-loading-3/#references"
    },
    "snapshot": {
      "number": "",
      "spec": "CSS Font Loading 3",
      "text": "References",
      "url": "https://www.w3.org/TR/css-font-loading-3/#references"
    }
  },
  "#security": {
    "current": {
      "number": "",
      "spec": "CSS Font Loading 3",
      "text": "Security Considerations",
      "url": "https://drafts.csswg.org/css-font-loading-3/#security"
    },
    "snapshot": {
      "number": "",
      "spec": "CSS Font Loading 3",
      "text": "Security Considerations",
      "url": "https://www.w3.org/TR/css-font-loading-3/#security"
    }
  },
  "#sotd": {
    "current": {
      "number": "",
      "spec": "CSS Font Loading 3",
      "text": "Status of this document",
      "url": "https://drafts.csswg.org/css-font-loading-3/#sotd"
    },
    "snapshot": {
      "number": "",
      "spec": "CSS Font Loading 3",
      "text": "Status of this document",
      "url": "https://www.w3.org/TR/css-font-loading-3/#sotd"
    }
  },
  "#task-source": {
    "current": {
      "number": "1.2",
      "spec": "CSS Font Loading 3",
      "text": "Task Sources",
      "url": "https://drafts.csswg.org/css-font-loading-3/#task-source"
    },
    "snapshot": {
      "number": "1.2",
      "spec": "CSS Font Loading 3",
      "text": "Task Sources",
      "url": "https://www.w3.org/TR/css-font-loading-3/#task-source"
    }
  },
  "#title": {
    "current": {
      "number": "",
      "spec": "CSS Font Loading 3",
      "text": "CSS Font Loading Module Level 3",
      "url": "https://drafts.csswg.org/css-font-loading-3/#title"
    },
    "snapshot": {
      "number": "",
      "spec": "CSS Font Loading 3",
      "text": "CSS Font Loading Module Level 3",
      "url": "https://www.w3.org/TR/css-font-loading-3/#title"
    }
  },
  "#toc": {
    "current": {
      "number": "",
      "spec": "CSS Font Loading 3",
      "text": "Table of Contents",
      "url": "https://drafts.csswg.org/css-font-loading-3/#toc"
    },
    "snapshot": {
      "number": "",
      "spec": "CSS Font Loading 3",
      "text": "Table of Contents",
      "url": "https://www.w3.org/TR/css-font-loading-3/#toc"
    }
  },
  "#values": {
    "current": {
      "number": "1.1",
      "spec": "CSS Font Loading 3",
      "text": "Values",
      "url": "https://drafts.csswg.org/css-font-loading-3/#values"
    },
    "snapshot": {
      "number": "1.1",
      "spec": "CSS Font Loading 3",
      "text": "Values",
      "url": "https://www.w3.org/TR/css-font-loading-3/#values"
    }
  },
  "#w3c-conform-future-proofing": {
    "current": {
      "number": "",
      "spec": "CSS Font Loading 3",
      "text": "Implementations of Unstable and Proprietary Features",
      "url": "https://drafts.csswg.org/css-font-loading-3/#w3c-conform-future-proofing"
    },
    "snapshot": {
      "number": "",
      "spec": "CSS Font Loading 3",
      "text": "Implementations of Unstable and Proprietary Features",
      "url": "https://www.w3.org/TR/css-font-loading-3/#w3c-conform-future-proofing"
    }
  },
  "#w3c-conformance": {
    "current": {
      "number": "",
      "spec": "CSS Font Loading 3",
      "text": "Conformance",
      "url": "https://drafts.csswg.org/css-font-loading-3/#w3c-conformance"
    },
    "snapshot": {
      "number": "",
      "spec": "CSS Font Loading 3",
      "text": "Conformance",
      "url": "https://www.w3.org/TR/css-font-loading-3/#w3c-conformance"
    }
  },
  "#w3c-conformance-classes": {
    "current": {
      "number": "",
      "spec": "CSS Font Loading 3",
      "text": "Conformance classes",
      "url": "https://drafts.csswg.org/css-font-loading-3/#w3c-conformance-classes"
    },
    "snapshot": {
      "number": "",
      "spec": "CSS Font Loading 3",
      "text": "Conformance classes",
      "url": "https://www.w3.org/TR/css-font-loading-3/#w3c-conformance-classes"
    }
  },
  "#w3c-conventions": {
    "current": {
      "number": "",
      "spec": "CSS Font Loading 3",
      "text": "Document conventions",
      "url": "https://drafts.csswg.org/css-font-loading-3/#w3c-conventions"
    },
    "snapshot": {
      "number": "",
      "spec": "CSS Font Loading 3",
      "text": "Document conventions",
      "url": "https://www.w3.org/TR/css-font-loading-3/#w3c-conventions"
    }
  },
  "#w3c-partial": {
    "current": {
      "number": "",
      "spec": "CSS Font Loading 3",
      "text": "Partial implementations",
      "url": "https://drafts.csswg.org/css-font-loading-3/#w3c-partial"
    },
    "snapshot": {
      "number": "",
      "spec": "CSS Font Loading 3",
      "text": "Partial implementations",
      "url": "https://www.w3.org/TR/css-font-loading-3/#w3c-partial"
    }
  },
  "#w3c-testing": {
    "current": {
      "number": "",
      "spec": "CSS Font Loading 3",
      "text": "Non-experimental implementations",
      "url": "https://drafts.csswg.org/css-font-loading-3/#w3c-testing"
    },
    "snapshot": {
      "number": "",
      "spec": "CSS Font Loading 3",
      "text": "Non-experimental implementations",
      "url": "https://www.w3.org/TR/css-font-loading-3/#w3c-testing"
    }
  }
}