{
  "#acknowledgments": {
    "current": {
      "number": "G",
      "spec": "Permissions",
      "text": "Acknowledgments",
      "url": "https://w3c.github.io/permissions/#acknowledgments"
    },
    "snapshot": {
      "number": "G",
      "spec": "Permissions",
      "text": "Acknowledgments",
      "url": "https://www.w3.org/TR/permissions/#acknowledgments"
    }
  },
  "#algorithms-to-interface-with-permissions": {
    "current": {
      "number": "5",
      "spec": "Permissions",
      "text": "Algorithms to interface with permissions",
      "url": "https://w3c.github.io/permissions/#algorithms-to-interface-with-permissions"
    },
    "snapshot": {
      "number": "5",
      "spec": "Permissions",
      "text": "Algorithms to interface with permissions",
      "url": "https://www.w3.org/TR/permissions/#algorithms-to-interface-with-permissions"
    }
  },
  "#aspects": {
    "current": {
      "number": "3.3.1",
      "spec": "Permissions",
      "text": "Aspects",
      "url": "https://w3c.github.io/permissions/#aspects"
    },
    "snapshot": {
      "number": "3.3.1",
      "spec": "Permissions",
      "text": "Aspects",
      "url": "https://www.w3.org/TR/permissions/#aspects"
    }
  },
  "#automated-testing": {
    "current": {
      "number": "B",
      "spec": "Permissions",
      "text": "Automated testing",
      "url": "https://w3c.github.io/permissions/#automated-testing"
    },
    "snapshot": {
      "number": "B",
      "spec": "Permissions",
      "text": "Automated testing",
      "url": "https://www.w3.org/TR/permissions/#automated-testing"
    }
  },
  "#automated-testing-with-webdriver": {
    "current": {
      "number": "B.1",
      "spec": "Permissions",
      "text": "Automated testing with [WebDriver]",
      "url": "https://w3c.github.io/permissions/#automated-testing-with-webdriver"
    },
    "snapshot": {
      "number": "B.1",
      "spec": "Permissions",
      "text": "Automated testing with [WebDriver]",
      "url": "https://www.w3.org/TR/permissions/#automated-testing-with-webdriver"
    }
  },
  "#automated-testing-with-webdriver-bidi": {
    "current": {
      "number": "B.2",
      "spec": "Permissions",
      "text": "Automated testing with [WebDriver-BiDi]",
      "url": "https://w3c.github.io/permissions/#automated-testing-with-webdriver-bidi"
    },
    "snapshot": {
      "number": "B.2",
      "spec": "Permissions",
      "text": "Automated testing with [WebDriver-BiDi]",
      "url": "https://www.w3.org/TR/permissions/#automated-testing-with-webdriver-bidi"
    }
  },
  "#change-process": {
    "current": {
      "number": "C.2",
      "spec": "Permissions",
      "text": "Change Process",
      "url": "https://w3c.github.io/permissions/#change-process"
    },
    "snapshot": {
      "number": "C.2",
      "spec": "Permissions",
      "text": "Change Process",
      "url": "https://www.w3.org/TR/permissions/#change-process"
    }
  },
  "#commands": {
    "current": {
      "number": "B.2.1.3",
      "spec": "Permissions",
      "text": "Commands",
      "url": "https://w3c.github.io/permissions/#commands"
    },
    "snapshot": {
      "number": "B.2.1.3",
      "spec": "Permissions",
      "text": "Commands",
      "url": "https://www.w3.org/TR/permissions/#commands"
    }
  },
  "#conformance": {
    "current": {
      "number": "7",
      "spec": "Permissions",
      "text": "Conformance",
      "url": "https://w3c.github.io/permissions/#conformance"
    },
    "snapshot": {
      "number": "7",
      "spec": "Permissions",
      "text": "Conformance",
      "url": "https://www.w3.org/TR/permissions/#conformance"
    }
  },
  "#creating-instances": {
    "current": {
      "number": "6.3.1",
      "spec": "Permissions",
      "text": "Creating instances",
      "url": "https://w3c.github.io/permissions/#creating-instances"
    },
    "snapshot": {
      "number": "6.3.1",
      "spec": "Permissions",
      "text": "Creating instances",
      "url": "https://www.w3.org/TR/permissions/#creating-instances"
    }
  },
  "#definition": {
    "current": {
      "number": "B.2.1.1",
      "spec": "Permissions",
      "text": "Definition",
      "url": "https://w3c.github.io/permissions/#definition"
    },
    "snapshot": {
      "number": "B.2.1.1",
      "spec": "Permissions",
      "text": "Definition",
      "url": "https://www.w3.org/TR/permissions/#definition"
    }
  },
  "#examples-of-usage": {
    "current": {
      "number": "2",
      "spec": "Permissions",
      "text": "Examples of usage",
      "url": "https://w3c.github.io/permissions/#examples-of-usage"
    },
    "snapshot": {
      "number": "2",
      "spec": "Permissions",
      "text": "Examples of usage",
      "url": "https://www.w3.org/TR/permissions/#examples-of-usage"
    }
  },
  "#extensions-to-the-navigator-and-workernavigator-interfaces": {
    "current": {
      "number": "6.1",
      "spec": "Permissions",
      "text": "Extensions to the Navigator and WorkerNavigator interfaces",
      "url": "https://w3c.github.io/permissions/#extensions-to-the-navigator-and-workernavigator-interfaces"
    },
    "snapshot": {
      "number": "6.1",
      "spec": "Permissions",
      "text": "Extensions to the Navigator and WorkerNavigator interfaces",
      "url": "https://www.w3.org/TR/permissions/#extensions-to-the-navigator-and-workernavigator-interfaces"
    }
  },
  "#garbage-collection": {
    "current": {
      "number": "6.3.5",
      "spec": "Permissions",
      "text": "Garbage collection",
      "url": "https://w3c.github.io/permissions/#garbage-collection"
    },
    "snapshot": {
      "number": "6.3.5",
      "spec": "Permissions",
      "text": "Garbage collection",
      "url": "https://www.w3.org/TR/permissions/#garbage-collection"
    }
  },
  "#idl-index": {
    "current": {
      "number": "F",
      "spec": "Permissions",
      "text": "IDL Index",
      "url": "https://w3c.github.io/permissions/#idl-index"
    },
    "snapshot": {
      "number": "F",
      "spec": "Permissions",
      "text": "IDL Index",
      "url": "https://www.w3.org/TR/permissions/#idl-index"
    }
  },
  "#informative-references": {
    "current": {
      "number": "H.2",
      "spec": "Permissions",
      "text": "Informative references",
      "url": "https://w3c.github.io/permissions/#informative-references"
    },
    "snapshot": {
      "number": "H.2",
      "spec": "Permissions",
      "text": "Informative references",
      "url": "https://www.w3.org/TR/permissions/#informative-references"
    }
  },
  "#introduction": {
    "current": {
      "number": "1",
      "spec": "Permissions",
      "text": "Introduction",
      "url": "https://w3c.github.io/permissions/#introduction"
    },
    "snapshot": {
      "number": "1",
      "spec": "Permissions",
      "text": "Introduction",
      "url": "https://www.w3.org/TR/permissions/#introduction"
    }
  },
  "#model": {
    "current": {
      "number": "3",
      "spec": "Permissions",
      "text": "Model",
      "url": "https://w3c.github.io/permissions/#model"
    },
    "snapshot": {
      "number": "3",
      "spec": "Permissions",
      "text": "Model",
      "url": "https://www.w3.org/TR/permissions/#model"
    }
  },
  "#name-attribute": {
    "current": {
      "number": "6.3.2",
      "spec": "Permissions",
      "text": "name attribute",
      "url": "https://w3c.github.io/permissions/#name-attribute"
    },
    "snapshot": {
      "number": "6.3.2",
      "spec": "Permissions",
      "text": "name attribute",
      "url": "https://www.w3.org/TR/permissions/#name-attribute"
    }
  },
  "#normative-references": {
    "current": {
      "number": "H.1",
      "spec": "Permissions",
      "text": "Normative references",
      "url": "https://w3c.github.io/permissions/#normative-references"
    },
    "snapshot": {
      "number": "H.1",
      "spec": "Permissions",
      "text": "Normative references",
      "url": "https://www.w3.org/TR/permissions/#normative-references"
    }
  },
  "#onchange-attribute": {
    "current": {
      "number": "6.3.4",
      "spec": "Permissions",
      "text": "onchange attribute",
      "url": "https://w3c.github.io/permissions/#onchange-attribute"
    },
    "snapshot": {
      "number": "6.3.4",
      "spec": "Permissions",
      "text": "onchange attribute",
      "url": "https://www.w3.org/TR/permissions/#onchange-attribute"
    }
  },
  "#permission-store": {
    "current": {
      "number": "3.2",
      "spec": "Permissions",
      "text": "Permission Store",
      "url": "https://w3c.github.io/permissions/#permission-store"
    },
    "snapshot": {
      "number": "3.2",
      "spec": "Permissions",
      "text": "Permission Store",
      "url": "https://www.w3.org/TR/permissions/#permission-store"
    }
  },
  "#permissions": {
    "current": {
      "number": "3.1",
      "spec": "Permissions",
      "text": "Permissions",
      "url": "https://w3c.github.io/permissions/#permissions"
    },
    "snapshot": {
      "number": "3.1",
      "spec": "Permissions",
      "text": "Permissions",
      "url": "https://www.w3.org/TR/permissions/#permissions"
    }
  },
  "#permissions-api": {
    "current": {
      "number": "6",
      "spec": "Permissions",
      "text": "Permissions API",
      "url": "https://w3c.github.io/permissions/#permissions-api"
    },
    "snapshot": {
      "number": "6",
      "spec": "Permissions",
      "text": "Permissions API",
      "url": "https://www.w3.org/TR/permissions/#permissions-api"
    }
  },
  "#permissions-interface-0": {
    "current": {
      "number": "6.2",
      "spec": "Permissions",
      "text": "Permissions interface",
      "url": "https://w3c.github.io/permissions/#permissions-interface-0"
    },
    "snapshot": {
      "number": "6.2",
      "spec": "Permissions",
      "text": "Permissions interface",
      "url": "https://www.w3.org/TR/permissions/#permissions-interface-0"
    }
  },
  "#permissions-registry": {
    "current": {
      "number": "C",
      "spec": "Permissions",
      "text": "Permissions Registry",
      "url": "https://w3c.github.io/permissions/#permissions-registry"
    },
    "snapshot": {
      "number": "C",
      "spec": "Permissions",
      "text": "Permissions Registry",
      "url": "https://www.w3.org/TR/permissions/#permissions-registry"
    }
  },
  "#permissions-task-source": {
    "current": {
      "number": "3.4",
      "spec": "Permissions",
      "text": "Permissions task source",
      "url": "https://w3c.github.io/permissions/#permissions-task-source"
    },
    "snapshot": {
      "number": "3.4",
      "spec": "Permissions",
      "text": "Permissions task source",
      "url": "https://www.w3.org/TR/permissions/#permissions-task-source"
    }
  },
  "#permissionstatus-interface-0": {
    "current": {
      "number": "6.3",
      "spec": "Permissions",
      "text": "PermissionStatus interface",
      "url": "https://w3c.github.io/permissions/#permissionstatus-interface-0"
    },
    "snapshot": {
      "number": "6.3",
      "spec": "Permissions",
      "text": "PermissionStatus interface",
      "url": "https://www.w3.org/TR/permissions/#permissionstatus-interface-0"
    }
  },
  "#powerful-features": {
    "current": {
      "number": "3.3",
      "spec": "Permissions",
      "text": "Powerful features",
      "url": "https://w3c.github.io/permissions/#powerful-features"
    },
    "snapshot": {
      "number": "3.3",
      "spec": "Permissions",
      "text": "Powerful features",
      "url": "https://www.w3.org/TR/permissions/#powerful-features"
    }
  },
  "#privacy-considerations-0": {
    "current": {
      "number": "D",
      "spec": "Permissions",
      "text": "Privacy considerations",
      "url": "https://w3c.github.io/permissions/#privacy-considerations-0"
    },
    "snapshot": {
      "number": "D",
      "spec": "Permissions",
      "text": "Privacy considerations",
      "url": "https://www.w3.org/TR/permissions/#privacy-considerations-0"
    }
  },
  "#prompt-the-user-to-choose": {
    "current": {
      "number": "5.3",
      "spec": "Permissions",
      "text": "Prompt the user to choose",
      "url": "https://w3c.github.io/permissions/#prompt-the-user-to-choose"
    },
    "snapshot": {
      "number": "5.3",
      "spec": "Permissions",
      "text": "Prompt the user to choose",
      "url": "https://www.w3.org/TR/permissions/#prompt-the-user-to-choose"
    }
  },
  "#purpose": {
    "current": {
      "number": "C.1",
      "spec": "Permissions",
      "text": "Purpose",
      "url": "https://w3c.github.io/permissions/#purpose"
    },
    "snapshot": {
      "number": "C.1",
      "spec": "Permissions",
      "text": "Purpose",
      "url": "https://www.w3.org/TR/permissions/#purpose"
    }
  },
  "#query-method-0": {
    "current": {
      "number": "6.2.1",
      "spec": "Permissions",
      "text": "query() method",
      "url": "https://w3c.github.io/permissions/#query-method-0"
    },
    "snapshot": {
      "number": "6.2.1",
      "spec": "Permissions",
      "text": "query() method",
      "url": "https://www.w3.org/TR/permissions/#query-method-0"
    }
  },
  "#reacting-to-users-revoking-permission": {
    "current": {
      "number": "5.4",
      "spec": "Permissions",
      "text": "Reacting to users revoking permission",
      "url": "https://w3c.github.io/permissions/#reacting-to-users-revoking-permission"
    },
    "snapshot": {
      "number": "5.4",
      "spec": "Permissions",
      "text": "Reacting to users revoking permission",
      "url": "https://www.w3.org/TR/permissions/#reacting-to-users-revoking-permission"
    }
  },
  "#reading-the-current-permission-state": {
    "current": {
      "number": "5.1",
      "spec": "Permissions",
      "text": "Reading the current permission state",
      "url": "https://w3c.github.io/permissions/#reading-the-current-permission-state"
    },
    "snapshot": {
      "number": "5.1",
      "spec": "Permissions",
      "text": "Reading the current permission state",
      "url": "https://www.w3.org/TR/permissions/#reading-the-current-permission-state"
    }
  },
  "#references": {
    "current": {
      "number": "H",
      "spec": "Permissions",
      "text": "References",
      "url": "https://w3c.github.io/permissions/#references"
    },
    "snapshot": {
      "number": "H",
      "spec": "Permissions",
      "text": "References",
      "url": "https://www.w3.org/TR/permissions/#references"
    }
  },
  "#registry-table-of-provisional-permissions": {
    "current": {
      "number": "C.4",
      "spec": "Permissions",
      "text": "Registry table of provisional permissions",
      "url": "https://w3c.github.io/permissions/#registry-table-of-provisional-permissions"
    },
    "snapshot": {
      "number": "C.4",
      "spec": "Permissions",
      "text": "Registry table of provisional permissions",
      "url": "https://www.w3.org/TR/permissions/#registry-table-of-provisional-permissions"
    }
  },
  "#registry-table-of-standardized-permissions": {
    "current": {
      "number": "C.3",
      "spec": "Permissions",
      "text": "Registry table of standardized permissions",
      "url": "https://w3c.github.io/permissions/#registry-table-of-standardized-permissions"
    },
    "snapshot": {
      "number": "C.3",
      "spec": "Permissions",
      "text": "Registry table of standardized permissions",
      "url": "https://www.w3.org/TR/permissions/#registry-table-of-standardized-permissions"
    }
  },
  "#relationship-to-the-permissions-policy-specification": {
    "current": {
      "number": "A",
      "spec": "Permissions",
      "text": "Relationship to the Permissions Policy specification",
      "url": "https://w3c.github.io/permissions/#relationship-to-the-permissions-policy-specification"
    },
    "snapshot": {
      "number": "A",
      "spec": "Permissions",
      "text": "Relationship to the Permissions Policy specification",
      "url": "https://www.w3.org/TR/permissions/#relationship-to-the-permissions-policy-specification"
    }
  },
  "#requesting-permission-to-use-a-powerful-feature": {
    "current": {
      "number": "5.2",
      "spec": "Permissions",
      "text": "Requesting permission to use a powerful feature",
      "url": "https://w3c.github.io/permissions/#requesting-permission-to-use-a-powerful-feature"
    },
    "snapshot": {
      "number": "5.2",
      "spec": "Permissions",
      "text": "Requesting permission to use a powerful feature",
      "url": "https://www.w3.org/TR/permissions/#requesting-permission-to-use-a-powerful-feature"
    }
  },
  "#security-considerations": {
    "current": {
      "number": "E",
      "spec": "Permissions",
      "text": "Security considerations",
      "url": "https://w3c.github.io/permissions/#security-considerations"
    },
    "snapshot": {
      "number": "E",
      "spec": "Permissions",
      "text": "Security considerations",
      "url": "https://www.w3.org/TR/permissions/#security-considerations"
    }
  },
  "#set-permission": {
    "current": {
      "number": "B.1.1",
      "spec": "Permissions",
      "text": "Set Permission",
      "url": "https://w3c.github.io/permissions/#set-permission"
    },
    "snapshot": {
      "number": "B.1.1",
      "spec": "Permissions",
      "text": "Set Permission",
      "url": "https://www.w3.org/TR/permissions/#set-permission"
    }
  },
  "#specifying-a-powerful-feature": {
    "current": {
      "number": "4",
      "spec": "Permissions",
      "text": "Specifying a powerful feature",
      "url": "https://w3c.github.io/permissions/#specifying-a-powerful-feature"
    },
    "snapshot": {
      "number": "4",
      "spec": "Permissions",
      "text": "Specifying a powerful feature",
      "url": "https://www.w3.org/TR/permissions/#specifying-a-powerful-feature"
    }
  },
  "#state-attribute": {
    "current": {
      "number": "6.3.3",
      "spec": "Permissions",
      "text": "state attribute",
      "url": "https://w3c.github.io/permissions/#state-attribute"
    },
    "snapshot": {
      "number": "6.3.3",
      "spec": "Permissions",
      "text": "state attribute",
      "url": "https://www.w3.org/TR/permissions/#state-attribute"
    }
  },
  "#subtitle": {
    "current": {
      "number": "",
      "spec": "Permissions",
      "text": "Interacting with Permissions for Powerful Features",
      "url": "https://w3c.github.io/permissions/#subtitle"
    },
    "snapshot": {
      "number": "",
      "spec": "Permissions",
      "text": "Interacting with Permissions for Powerful Features",
      "url": "https://www.w3.org/TR/permissions/#subtitle"
    }
  },
  "#the-permissions-module": {
    "current": {
      "number": "B.2.1",
      "spec": "Permissions",
      "text": "The permissions Module",
      "url": "https://w3c.github.io/permissions/#the-permissions-module"
    },
    "snapshot": {
      "number": "B.2.1",
      "spec": "Permissions",
      "text": "The permissions Module",
      "url": "https://www.w3.org/TR/permissions/#the-permissions-module"
    }
  },
  "#the-permissions-permissiondescriptor-type": {
    "current": {
      "number": "B.2.1.2.1",
      "spec": "Permissions",
      "text": "The permissions.PermissionDescriptor Type",
      "url": "https://w3c.github.io/permissions/#the-permissions-permissiondescriptor-type"
    },
    "snapshot": {
      "number": "B.2.1.2.1",
      "spec": "Permissions",
      "text": "The permissions.PermissionDescriptor Type",
      "url": "https://www.w3.org/TR/permissions/#the-permissions-permissiondescriptor-type"
    }
  },
  "#the-permissions-permissionstate-type": {
    "current": {
      "number": "B.2.1.2.2",
      "spec": "Permissions",
      "text": "The permissions.PermissionState Type",
      "url": "https://w3c.github.io/permissions/#the-permissions-permissionstate-type"
    },
    "snapshot": {
      "number": "B.2.1.2.2",
      "spec": "Permissions",
      "text": "The permissions.PermissionState Type",
      "url": "https://www.w3.org/TR/permissions/#the-permissions-permissionstate-type"
    }
  },
  "#the-permissions-setpermission-command": {
    "current": {
      "number": "B.2.1.3.1",
      "spec": "Permissions",
      "text": "The permissions.setPermission Command",
      "url": "https://w3c.github.io/permissions/#the-permissions-setpermission-command"
    },
    "snapshot": {
      "number": "B.2.1.3.1",
      "spec": "Permissions",
      "text": "The permissions.setPermission Command",
      "url": "https://www.w3.org/TR/permissions/#the-permissions-setpermission-command"
    }
  },
  "#title": {
    "current": {
      "number": "",
      "spec": "Permissions",
      "text": "Permissions",
      "url": "https://w3c.github.io/permissions/#title"
    },
    "snapshot": {
      "number": "",
      "spec": "Permissions",
      "text": "Permissions",
      "url": "https://www.w3.org/TR/permissions/#title"
    }
  },
  "#toc": {
    "current": {
      "number": "",
      "spec": "Permissions",
      "text": "Table of Contents",
      "url": "https://w3c.github.io/permissions/#toc"
    },
    "snapshot": {
      "number": "",
      "spec": "Permissions",
      "text": "Table of Contents",
      "url": "https://www.w3.org/TR/permissions/#toc"
    }
  },
  "#types": {
    "current": {
      "number": "B.2.1.2",
      "spec": "Permissions",
      "text": "Types",
      "url": "https://w3c.github.io/permissions/#types"
    },
    "snapshot": {
      "number": "B.2.1.2",
      "spec": "Permissions",
      "text": "Types",
      "url": "https://www.w3.org/TR/permissions/#types"
    }
  }
}