{
  "#CONNECT": {
    "current": {
      "number": "4.3.6",
      "spec": "HTTP/1.1 Semantics and Content",
      "text": "CONNECT",
      "url": "https://httpwg.org/specs/rfc7231.html#CONNECT"
    }
  },
  "#DELETE": {
    "current": {
      "number": "4.3.5",
      "spec": "HTTP/1.1 Semantics and Content",
      "text": "DELETE",
      "url": "https://httpwg.org/specs/rfc7231.html#DELETE"
    }
  },
  "#GET": {
    "current": {
      "number": "4.3.1",
      "spec": "HTTP/1.1 Semantics and Content",
      "text": "GET",
      "url": "https://httpwg.org/specs/rfc7231.html#GET"
    }
  },
  "#HEAD": {
    "current": {
      "number": "4.3.2",
      "spec": "HTTP/1.1 Semantics and Content",
      "text": "HEAD",
      "url": "https://httpwg.org/specs/rfc7231.html#HEAD"
    }
  },
  "#IANA.considerations": {
    "current": {
      "number": "8",
      "spec": "HTTP/1.1 Semantics and Content",
      "text": "IANA Considerations",
      "url": "https://httpwg.org/specs/rfc7231.html#IANA.considerations"
    }
  },
  "#OPTIONS": {
    "current": {
      "number": "4.3.7",
      "spec": "HTTP/1.1 Semantics and Content",
      "text": "OPTIONS",
      "url": "https://httpwg.org/specs/rfc7231.html#OPTIONS"
    }
  },
  "#POST": {
    "current": {
      "number": "4.3.3",
      "spec": "HTTP/1.1 Semantics and Content",
      "text": "POST",
      "url": "https://httpwg.org/specs/rfc7231.html#POST"
    }
  },
  "#PUT": {
    "current": {
      "number": "4.3.4",
      "spec": "HTTP/1.1 Semantics and Content",
      "text": "PUT",
      "url": "https://httpwg.org/specs/rfc7231.html#PUT"
    }
  },
  "#TRACE": {
    "current": {
      "number": "4.3.8",
      "spec": "HTTP/1.1 Semantics and Content",
      "text": "TRACE",
      "url": "https://httpwg.org/specs/rfc7231.html#TRACE"
    }
  },
  "#acks": {
    "current": {
      "number": "",
      "spec": "HTTP/1.1 Semantics and Content",
      "text": "10. Acknowledgments",
      "url": "https://httpwg.org/specs/rfc7231.html#acks"
    }
  },
  "#attack.injection": {
    "current": {
      "number": "9.2",
      "spec": "HTTP/1.1 Semantics and Content",
      "text": "Attacks Based on Command, Code, or Query Injection",
      "url": "https://httpwg.org/specs/rfc7231.html#attack.injection"
    }
  },
  "#attack.pathname": {
    "current": {
      "number": "9.1",
      "spec": "HTTP/1.1 Semantics and Content",
      "text": "Attacks Based on File and Path Names",
      "url": "https://httpwg.org/specs/rfc7231.html#attack.pathname"
    }
  },
  "#audience.language": {
    "current": {
      "number": "3.1.3",
      "spec": "HTTP/1.1 Semantics and Content",
      "text": "Audience Language",
      "url": "https://httpwg.org/specs/rfc7231.html#audience.language"
    }
  },
  "#cacheable.methods": {
    "current": {
      "number": "4.2.3",
      "spec": "HTTP/1.1 Semantics and Content",
      "text": "Cacheable Methods",
      "url": "https://httpwg.org/specs/rfc7231.html#cacheable.methods"
    }
  },
  "#canonicalization.and.text.defaults": {
    "current": {
      "number": "3.1.1.3",
      "spec": "HTTP/1.1 Semantics and Content",
      "text": "Canonicalization and Text Defaults",
      "url": "https://httpwg.org/specs/rfc7231.html#canonicalization.and.text.defaults"
    }
  },
  "#changes.from.rfc.2616": {
    "current": {
      "number": "B",
      "spec": "HTTP/1.1 Semantics and Content",
      "text": "Changes from RFC 2616",
      "url": "https://httpwg.org/specs/rfc7231.html#changes.from.rfc.2616"
    }
  },
  "#charset": {
    "current": {
      "number": "3.1.1.2",
      "spec": "HTTP/1.1 Semantics and Content",
      "text": "Charset",
      "url": "https://httpwg.org/specs/rfc7231.html#charset"
    }
  },
  "#collected.abnf": {
    "current": {
      "number": "D",
      "spec": "HTTP/1.1 Semantics and Content",
      "text": "Collected ABNF",
      "url": "https://httpwg.org/specs/rfc7231.html#collected.abnf"
    }
  },
  "#conformance": {
    "current": {
      "number": "1.1",
      "spec": "HTTP/1.1 Semantics and Content",
      "text": "Conformance and Error Handling",
      "url": "https://httpwg.org/specs/rfc7231.html#conformance"
    }
  },
  "#considerations.for.new.header.fields": {
    "current": {
      "number": "8.3.1",
      "spec": "HTTP/1.1 Semantics and Content",
      "text": "Considerations for New Header Fields",
      "url": "https://httpwg.org/specs/rfc7231.html#considerations.for.new.header.fields"
    }
  },
  "#considerations.for.new.methods": {
    "current": {
      "number": "8.1.2",
      "spec": "HTTP/1.1 Semantics and Content",
      "text": "Considerations for New Methods",
      "url": "https://httpwg.org/specs/rfc7231.html#considerations.for.new.methods"
    }
  },
  "#considerations.for.new.status.codes": {
    "current": {
      "number": "8.2.2",
      "spec": "HTTP/1.1 Semantics and Content",
      "text": "Considerations for New Status Codes",
      "url": "https://httpwg.org/specs/rfc7231.html#considerations.for.new.status.codes"
    }
  },
  "#content.coding.procedure": {
    "current": {
      "number": "8.4.1",
      "spec": "HTTP/1.1 Semantics and Content",
      "text": "Procedure",
      "url": "https://httpwg.org/specs/rfc7231.html#content.coding.procedure"
    }
  },
  "#content.coding.registration": {
    "current": {
      "number": "8.4.2",
      "spec": "HTTP/1.1 Semantics and Content",
      "text": "Registrations",
      "url": "https://httpwg.org/specs/rfc7231.html#content.coding.registration"
    }
  },
  "#content.coding.registry": {
    "current": {
      "number": "8.4",
      "spec": "HTTP/1.1 Semantics and Content",
      "text": "Content Coding Registry",
      "url": "https://httpwg.org/specs/rfc7231.html#content.coding.registry"
    }
  },
  "#content.codings": {
    "current": {
      "number": "3.1.2.1",
      "spec": "HTTP/1.1 Semantics and Content",
      "text": "Content Codings",
      "url": "https://httpwg.org/specs/rfc7231.html#content.codings"
    }
  },
  "#content.negotiation": {
    "current": {
      "number": "3.4",
      "spec": "HTTP/1.1 Semantics and Content",
      "text": "Content Negotiation",
      "url": "https://httpwg.org/specs/rfc7231.html#content.negotiation"
    }
  },
  "#conversion.content-encoding": {
    "current": {
      "number": "A.4",
      "spec": "HTTP/1.1 Semantics and Content",
      "text": "Conversion of Content-Encoding",
      "url": "https://httpwg.org/specs/rfc7231.html#conversion.content-encoding"
    }
  },
  "#conversion.content-transfer-encoding": {
    "current": {
      "number": "A.5",
      "spec": "HTTP/1.1 Semantics and Content",
      "text": "Conversion of Content-Transfer-Encoding",
      "url": "https://httpwg.org/specs/rfc7231.html#conversion.content-transfer-encoding"
    }
  },
  "#conversion.of.date.formats": {
    "current": {
      "number": "A.3",
      "spec": "HTTP/1.1 Semantics and Content",
      "text": "Conversion of Date Formats",
      "url": "https://httpwg.org/specs/rfc7231.html#conversion.of.date.formats"
    }
  },
  "#conversion.to.canonical.form": {
    "current": {
      "number": "A.2",
      "spec": "HTTP/1.1 Semantics and Content",
      "text": "Conversion to Canonical Form",
      "url": "https://httpwg.org/specs/rfc7231.html#conversion.to.canonical.form"
    }
  },
  "#data.encoding": {
    "current": {
      "number": "3.1.2",
      "spec": "HTTP/1.1 Semantics and Content",
      "text": "Encoding for Compression or Integrity",
      "url": "https://httpwg.org/specs/rfc7231.html#data.encoding"
    }
  },
  "#data.type": {
    "current": {
      "number": "3.1.1",
      "spec": "HTTP/1.1 Semantics and Content",
      "text": "Processing Representation Data",
      "url": "https://httpwg.org/specs/rfc7231.html#data.type"
    }
  },
  "#differences.between.http.and.mime": {
    "current": {
      "number": "A",
      "spec": "HTTP/1.1 Semantics and Content",
      "text": "Differences between HTTP and MIME",
      "url": "https://httpwg.org/specs/rfc7231.html#differences.between.http.and.mime"
    }
  },
  "#disclosure.product.information": {
    "current": {
      "number": "9.6",
      "spec": "HTTP/1.1 Semantics and Content",
      "text": "Disclosure of Product Information",
      "url": "https://httpwg.org/specs/rfc7231.html#disclosure.product.information"
    }
  },
  "#fingerprinting": {
    "current": {
      "number": "9.7",
      "spec": "HTTP/1.1 Semantics and Content",
      "text": "Browser Fingerprinting",
      "url": "https://httpwg.org/specs/rfc7231.html#fingerprinting"
    }
  },
  "#fragment.disclosure": {
    "current": {
      "number": "9.5",
      "spec": "HTTP/1.1 Semantics and Content",
      "text": "Disclosure of Fragment after Redirects",
      "url": "https://httpwg.org/specs/rfc7231.html#fragment.disclosure"
    }
  },
  "#header.accept": {
    "current": {
      "number": "5.3.2",
      "spec": "HTTP/1.1 Semantics and Content",
      "text": "Accept",
      "url": "https://httpwg.org/specs/rfc7231.html#header.accept"
    }
  },
  "#header.accept-charset": {
    "current": {
      "number": "5.3.3",
      "spec": "HTTP/1.1 Semantics and Content",
      "text": "Accept-Charset",
      "url": "https://httpwg.org/specs/rfc7231.html#header.accept-charset"
    }
  },
  "#header.accept-encoding": {
    "current": {
      "number": "5.3.4",
      "spec": "HTTP/1.1 Semantics and Content",
      "text": "Accept-Encoding",
      "url": "https://httpwg.org/specs/rfc7231.html#header.accept-encoding"
    }
  },
  "#header.accept-language": {
    "current": {
      "number": "5.3.5",
      "spec": "HTTP/1.1 Semantics and Content",
      "text": "Accept-Language",
      "url": "https://httpwg.org/specs/rfc7231.html#header.accept-language"
    }
  },
  "#header.allow": {
    "current": {
      "number": "7.4.1",
      "spec": "HTTP/1.1 Semantics and Content",
      "text": "Allow",
      "url": "https://httpwg.org/specs/rfc7231.html#header.allow"
    }
  },
  "#header.content-encoding": {
    "current": {
      "number": "3.1.2.2",
      "spec": "HTTP/1.1 Semantics and Content",
      "text": "Content-Encoding",
      "url": "https://httpwg.org/specs/rfc7231.html#header.content-encoding"
    }
  },
  "#header.content-language": {
    "current": {
      "number": "3.1.3.2",
      "spec": "HTTP/1.1 Semantics and Content",
      "text": "Content-Language",
      "url": "https://httpwg.org/specs/rfc7231.html#header.content-language"
    }
  },
  "#header.content-location": {
    "current": {
      "number": "3.1.4.2",
      "spec": "HTTP/1.1 Semantics and Content",
      "text": "Content-Location",
      "url": "https://httpwg.org/specs/rfc7231.html#header.content-location"
    }
  },
  "#header.content-type": {
    "current": {
      "number": "3.1.1.5",
      "spec": "HTTP/1.1 Semantics and Content",
      "text": "Content-Type",
      "url": "https://httpwg.org/specs/rfc7231.html#header.content-type"
    }
  },
  "#header.date": {
    "current": {
      "number": "7.1.1.2",
      "spec": "HTTP/1.1 Semantics and Content",
      "text": "Date",
      "url": "https://httpwg.org/specs/rfc7231.html#header.date"
    }
  },
  "#header.expect": {
    "current": {
      "number": "5.1.1",
      "spec": "HTTP/1.1 Semantics and Content",
      "text": "Expect",
      "url": "https://httpwg.org/specs/rfc7231.html#header.expect"
    }
  },
  "#header.field.registration": {
    "current": {
      "number": "8.3.2",
      "spec": "HTTP/1.1 Semantics and Content",
      "text": "Registrations",
      "url": "https://httpwg.org/specs/rfc7231.html#header.field.registration"
    }
  },
  "#header.field.registry": {
    "current": {
      "number": "8.3",
      "spec": "HTTP/1.1 Semantics and Content",
      "text": "Header Field Registry",
      "url": "https://httpwg.org/specs/rfc7231.html#header.field.registry"
    }
  },
  "#header.from": {
    "current": {
      "number": "5.5.1",
      "spec": "HTTP/1.1 Semantics and Content",
      "text": "From",
      "url": "https://httpwg.org/specs/rfc7231.html#header.from"
    }
  },
  "#header.location": {
    "current": {
      "number": "7.1.2",
      "spec": "HTTP/1.1 Semantics and Content",
      "text": "Location",
      "url": "https://httpwg.org/specs/rfc7231.html#header.location"
    }
  },
  "#header.max-forwards": {
    "current": {
      "number": "5.1.2",
      "spec": "HTTP/1.1 Semantics and Content",
      "text": "Max-Forwards",
      "url": "https://httpwg.org/specs/rfc7231.html#header.max-forwards"
    }
  },
  "#header.referer": {
    "current": {
      "number": "5.5.2",
      "spec": "HTTP/1.1 Semantics and Content",
      "text": "Referer",
      "url": "https://httpwg.org/specs/rfc7231.html#header.referer"
    }
  },
  "#header.retry-after": {
    "current": {
      "number": "7.1.3",
      "spec": "HTTP/1.1 Semantics and Content",
      "text": "Retry-After",
      "url": "https://httpwg.org/specs/rfc7231.html#header.retry-after"
    }
  },
  "#header.server": {
    "current": {
      "number": "7.4.2",
      "spec": "HTTP/1.1 Semantics and Content",
      "text": "Server",
      "url": "https://httpwg.org/specs/rfc7231.html#header.server"
    }
  },
  "#header.user-agent": {
    "current": {
      "number": "5.5.3",
      "spec": "HTTP/1.1 Semantics and Content",
      "text": "User-Agent",
      "url": "https://httpwg.org/specs/rfc7231.html#header.user-agent"
    }
  },
  "#header.vary": {
    "current": {
      "number": "7.1.4",
      "spec": "HTTP/1.1 Semantics and Content",
      "text": "Vary",
      "url": "https://httpwg.org/specs/rfc7231.html#header.vary"
    }
  },
  "#http.date": {
    "current": {
      "number": "7.1.1.1",
      "spec": "HTTP/1.1 Semantics and Content",
      "text": "Date/Time Formats",
      "url": "https://httpwg.org/specs/rfc7231.html#http.date"
    }
  },
  "#idempotent.methods": {
    "current": {
      "number": "4.2.2",
      "spec": "HTTP/1.1 Semantics and Content",
      "text": "Idempotent Methods",
      "url": "https://httpwg.org/specs/rfc7231.html#idempotent.methods"
    }
  },
  "#identification": {
    "current": {
      "number": "3.1.4",
      "spec": "HTTP/1.1 Semantics and Content",
      "text": "Identification",
      "url": "https://httpwg.org/specs/rfc7231.html#identification"
    }
  },
  "#identifying.payload": {
    "current": {
      "number": "3.1.4.1",
      "spec": "HTTP/1.1 Semantics and Content",
      "text": "Identifying a Representation",
      "url": "https://httpwg.org/specs/rfc7231.html#identifying.payload"
    }
  },
  "#imported.abnf": {
    "current": {
      "number": "C",
      "spec": "HTTP/1.1 Semantics and Content",
      "text": "Imported ABNF",
      "url": "https://httpwg.org/specs/rfc7231.html#imported.abnf"
    }
  },
  "#introduction": {
    "current": {
      "number": "1",
      "spec": "HTTP/1.1 Semantics and Content",
      "text": "Introduction",
      "url": "https://httpwg.org/specs/rfc7231.html#introduction"
    }
  },
  "#language.tags": {
    "current": {
      "number": "3.1.3.1",
      "spec": "HTTP/1.1 Semantics and Content",
      "text": "Language Tags",
      "url": "https://httpwg.org/specs/rfc7231.html#language.tags"
    }
  },
  "#media.type": {
    "current": {
      "number": "3.1.1.1",
      "spec": "HTTP/1.1 Semantics and Content",
      "text": "Media Type",
      "url": "https://httpwg.org/specs/rfc7231.html#media.type"
    }
  },
  "#method.definitions": {
    "current": {
      "number": "4.3",
      "spec": "HTTP/1.1 Semantics and Content",
      "text": "Method Definitions",
      "url": "https://httpwg.org/specs/rfc7231.html#method.definitions"
    }
  },
  "#method.overview": {
    "current": {
      "number": "4.1",
      "spec": "HTTP/1.1 Semantics and Content",
      "text": "Overview",
      "url": "https://httpwg.org/specs/rfc7231.html#method.overview"
    }
  },
  "#method.properties": {
    "current": {
      "number": "4.2",
      "spec": "HTTP/1.1 Semantics and Content",
      "text": "Common Method Properties",
      "url": "https://httpwg.org/specs/rfc7231.html#method.properties"
    }
  },
  "#method.registration": {
    "current": {
      "number": "8.1.3",
      "spec": "HTTP/1.1 Semantics and Content",
      "text": "Registrations",
      "url": "https://httpwg.org/specs/rfc7231.html#method.registration"
    }
  },
  "#method.registry": {
    "current": {
      "number": "8.1",
      "spec": "HTTP/1.1 Semantics and Content",
      "text": "Method Registry",
      "url": "https://httpwg.org/specs/rfc7231.html#method.registry"
    }
  },
  "#method.registry.procedure": {
    "current": {
      "number": "8.1.1",
      "spec": "HTTP/1.1 Semantics and Content",
      "text": "Procedure",
      "url": "https://httpwg.org/specs/rfc7231.html#method.registry.procedure"
    }
  },
  "#methods": {
    "current": {
      "number": "4",
      "spec": "HTTP/1.1 Semantics and Content",
      "text": "Request Methods",
      "url": "https://httpwg.org/specs/rfc7231.html#methods"
    }
  },
  "#mhtml.line.length": {
    "current": {
      "number": "A.6",
      "spec": "HTTP/1.1 Semantics and Content",
      "text": "MHTML and Line Length Limitations",
      "url": "https://httpwg.org/specs/rfc7231.html#mhtml.line.length"
    }
  },
  "#mime-version": {
    "current": {
      "number": "A.1",
      "spec": "HTTP/1.1 Semantics and Content",
      "text": "MIME-Version",
      "url": "https://httpwg.org/specs/rfc7231.html#mime-version"
    }
  },
  "#multipart.types": {
    "current": {
      "number": "3.1.1.4",
      "spec": "HTTP/1.1 Semantics and Content",
      "text": "Multipart Types",
      "url": "https://httpwg.org/specs/rfc7231.html#multipart.types"
    }
  },
  "#notation": {
    "current": {
      "number": "1.2",
      "spec": "HTTP/1.1 Semantics and Content",
      "text": "Syntax Notation",
      "url": "https://httpwg.org/specs/rfc7231.html#notation"
    }
  },
  "#origination.date": {
    "current": {
      "number": "7.1.1",
      "spec": "HTTP/1.1 Semantics and Content",
      "text": "Origination Date",
      "url": "https://httpwg.org/specs/rfc7231.html#origination.date"
    }
  },
  "#overview.of.status.codes": {
    "current": {
      "number": "6.1",
      "spec": "HTTP/1.1 Semantics and Content",
      "text": "Overview of Status Codes",
      "url": "https://httpwg.org/specs/rfc7231.html#overview.of.status.codes"
    }
  },
  "#payload": {
    "current": {
      "number": "3.3",
      "spec": "HTTP/1.1 Semantics and Content",
      "text": "Payload Semantics",
      "url": "https://httpwg.org/specs/rfc7231.html#payload"
    }
  },
  "#personal.information": {
    "current": {
      "number": "9.3",
      "spec": "HTTP/1.1 Semantics and Content",
      "text": "Disclosure of Personal Information",
      "url": "https://httpwg.org/specs/rfc7231.html#personal.information"
    }
  },
  "#proactive.negotiation": {
    "current": {
      "number": "3.4.1",
      "spec": "HTTP/1.1 Semantics and Content",
      "text": "Proactive Negotiation",
      "url": "https://httpwg.org/specs/rfc7231.html#proactive.negotiation"
    }
  },
  "#quality.values": {
    "current": {
      "number": "5.3.1",
      "spec": "HTTP/1.1 Semantics and Content",
      "text": "Quality Values",
      "url": "https://httpwg.org/specs/rfc7231.html#quality.values"
    }
  },
  "#reactive.negotiation": {
    "current": {
      "number": "3.4.2",
      "spec": "HTTP/1.1 Semantics and Content",
      "text": "Reactive Negotiation",
      "url": "https://httpwg.org/specs/rfc7231.html#reactive.negotiation"
    }
  },
  "#representation.data": {
    "current": {
      "number": "3.2",
      "spec": "HTTP/1.1 Semantics and Content",
      "text": "Representation Data",
      "url": "https://httpwg.org/specs/rfc7231.html#representation.data"
    }
  },
  "#representation.metadata": {
    "current": {
      "number": "3.1",
      "spec": "HTTP/1.1 Semantics and Content",
      "text": "Representation Metadata",
      "url": "https://httpwg.org/specs/rfc7231.html#representation.metadata"
    }
  },
  "#representations": {
    "current": {
      "number": "3",
      "spec": "HTTP/1.1 Semantics and Content",
      "text": "Representations",
      "url": "https://httpwg.org/specs/rfc7231.html#representations"
    }
  },
  "#request.auth": {
    "current": {
      "number": "5.4",
      "spec": "HTTP/1.1 Semantics and Content",
      "text": "Authentication Credentials",
      "url": "https://httpwg.org/specs/rfc7231.html#request.auth"
    }
  },
  "#request.conditionals": {
    "current": {
      "number": "5.2",
      "spec": "HTTP/1.1 Semantics and Content",
      "text": "Conditionals",
      "url": "https://httpwg.org/specs/rfc7231.html#request.conditionals"
    }
  },
  "#request.conneg": {
    "current": {
      "number": "5.3",
      "spec": "HTTP/1.1 Semantics and Content",
      "text": "Content Negotiation",
      "url": "https://httpwg.org/specs/rfc7231.html#request.conneg"
    }
  },
  "#request.context": {
    "current": {
      "number": "5.5",
      "spec": "HTTP/1.1 Semantics and Content",
      "text": "Request Context",
      "url": "https://httpwg.org/specs/rfc7231.html#request.context"
    }
  },
  "#request.controls": {
    "current": {
      "number": "5.1",
      "spec": "HTTP/1.1 Semantics and Content",
      "text": "Controls",
      "url": "https://httpwg.org/specs/rfc7231.html#request.controls"
    }
  },
  "#request.header.fields": {
    "current": {
      "number": "5",
      "spec": "HTTP/1.1 Semantics and Content",
      "text": "Request Header Fields",
      "url": "https://httpwg.org/specs/rfc7231.html#request.header.fields"
    }
  },
  "#resources": {
    "current": {
      "number": "2",
      "spec": "HTTP/1.1 Semantics and Content",
      "text": "Resources",
      "url": "https://httpwg.org/specs/rfc7231.html#resources"
    }
  },
  "#response.auth": {
    "current": {
      "number": "7.3",
      "spec": "HTTP/1.1 Semantics and Content",
      "text": "Authentication Challenges",
      "url": "https://httpwg.org/specs/rfc7231.html#response.auth"
    }
  },
  "#response.context": {
    "current": {
      "number": "7.4",
      "spec": "HTTP/1.1 Semantics and Content",
      "text": "Response Context",
      "url": "https://httpwg.org/specs/rfc7231.html#response.context"
    }
  },
  "#response.control.data": {
    "current": {
      "number": "7.1",
      "spec": "HTTP/1.1 Semantics and Content",
      "text": "Control Data",
      "url": "https://httpwg.org/specs/rfc7231.html#response.control.data"
    }
  },
  "#response.header.fields": {
    "current": {
      "number": "7",
      "spec": "HTTP/1.1 Semantics and Content",
      "text": "Response Header Fields",
      "url": "https://httpwg.org/specs/rfc7231.html#response.header.fields"
    }
  },
  "#response.validator": {
    "current": {
      "number": "7.2",
      "spec": "HTTP/1.1 Semantics and Content",
      "text": "Validator Header Fields",
      "url": "https://httpwg.org/specs/rfc7231.html#response.validator"
    }
  },
  "#rfc.abstract": {
    "current": {
      "number": "",
      "spec": "HTTP/1.1 Semantics and Content",
      "text": "Abstract",
      "url": "https://httpwg.org/specs/rfc7231.html#rfc.abstract"
    }
  },
  "#rfc.references": {
    "current": {
      "number": "",
      "spec": "HTTP/1.1 Semantics and Content",
      "text": "11. References",
      "url": "https://httpwg.org/specs/rfc7231.html#rfc.references"
    }
  },
  "#rfc.section.11.1": {
    "current": {
      "number": "11.1",
      "spec": "HTTP/1.1 Semantics and Content",
      "text": "Normative References",
      "url": "https://httpwg.org/specs/rfc7231.html#rfc.section.11.1"
    }
  },
  "#rfc.section.11.2": {
    "current": {
      "number": "11.2",
      "spec": "HTTP/1.1 Semantics and Content",
      "text": "Informative References",
      "url": "https://httpwg.org/specs/rfc7231.html#rfc.section.11.2"
    }
  },
  "#safe.methods": {
    "current": {
      "number": "4.2.1",
      "spec": "HTTP/1.1 Semantics and Content",
      "text": "Safe Methods",
      "url": "https://httpwg.org/specs/rfc7231.html#safe.methods"
    }
  },
  "#security.considerations": {
    "current": {
      "number": "9",
      "spec": "HTTP/1.1 Semantics and Content",
      "text": "Security Considerations",
      "url": "https://httpwg.org/specs/rfc7231.html#security.considerations"
    }
  },
  "#sensitive.information.in.uris": {
    "current": {
      "number": "9.4",
      "spec": "HTTP/1.1 Semantics and Content",
      "text": "Disclosure of Sensitive Information in URIs",
      "url": "https://httpwg.org/specs/rfc7231.html#sensitive.information.in.uris"
    }
  },
  "#status.100": {
    "current": {
      "number": "6.2.1",
      "spec": "HTTP/1.1 Semantics and Content",
      "text": "100 Continue",
      "url": "https://httpwg.org/specs/rfc7231.html#status.100"
    }
  },
  "#status.101": {
    "current": {
      "number": "6.2.2",
      "spec": "HTTP/1.1 Semantics and Content",
      "text": "101 Switching Protocols",
      "url": "https://httpwg.org/specs/rfc7231.html#status.101"
    }
  },
  "#status.1xx": {
    "current": {
      "number": "6.2",
      "spec": "HTTP/1.1 Semantics and Content",
      "text": "Informational 1xx",
      "url": "https://httpwg.org/specs/rfc7231.html#status.1xx"
    }
  },
  "#status.200": {
    "current": {
      "number": "6.3.1",
      "spec": "HTTP/1.1 Semantics and Content",
      "text": "200 OK",
      "url": "https://httpwg.org/specs/rfc7231.html#status.200"
    }
  },
  "#status.201": {
    "current": {
      "number": "6.3.2",
      "spec": "HTTP/1.1 Semantics and Content",
      "text": "201 Created",
      "url": "https://httpwg.org/specs/rfc7231.html#status.201"
    }
  },
  "#status.202": {
    "current": {
      "number": "6.3.3",
      "spec": "HTTP/1.1 Semantics and Content",
      "text": "202 Accepted",
      "url": "https://httpwg.org/specs/rfc7231.html#status.202"
    }
  },
  "#status.203": {
    "current": {
      "number": "6.3.4",
      "spec": "HTTP/1.1 Semantics and Content",
      "text": "203 Non-Authoritative Information",
      "url": "https://httpwg.org/specs/rfc7231.html#status.203"
    }
  },
  "#status.204": {
    "current": {
      "number": "6.3.5",
      "spec": "HTTP/1.1 Semantics and Content",
      "text": "204 No Content",
      "url": "https://httpwg.org/specs/rfc7231.html#status.204"
    }
  },
  "#status.205": {
    "current": {
      "number": "6.3.6",
      "spec": "HTTP/1.1 Semantics and Content",
      "text": "205 Reset Content",
      "url": "https://httpwg.org/specs/rfc7231.html#status.205"
    }
  },
  "#status.2xx": {
    "current": {
      "number": "6.3",
      "spec": "HTTP/1.1 Semantics and Content",
      "text": "Successful 2xx",
      "url": "https://httpwg.org/specs/rfc7231.html#status.2xx"
    }
  },
  "#status.300": {
    "current": {
      "number": "6.4.1",
      "spec": "HTTP/1.1 Semantics and Content",
      "text": "300 Multiple Choices",
      "url": "https://httpwg.org/specs/rfc7231.html#status.300"
    }
  },
  "#status.301": {
    "current": {
      "number": "6.4.2",
      "spec": "HTTP/1.1 Semantics and Content",
      "text": "301 Moved Permanently",
      "url": "https://httpwg.org/specs/rfc7231.html#status.301"
    }
  },
  "#status.302": {
    "current": {
      "number": "6.4.3",
      "spec": "HTTP/1.1 Semantics and Content",
      "text": "302 Found",
      "url": "https://httpwg.org/specs/rfc7231.html#status.302"
    }
  },
  "#status.303": {
    "current": {
      "number": "6.4.4",
      "spec": "HTTP/1.1 Semantics and Content",
      "text": "303 See Other",
      "url": "https://httpwg.org/specs/rfc7231.html#status.303"
    }
  },
  "#status.305": {
    "current": {
      "number": "6.4.5",
      "spec": "HTTP/1.1 Semantics and Content",
      "text": "305 Use Proxy",
      "url": "https://httpwg.org/specs/rfc7231.html#status.305"
    }
  },
  "#status.306": {
    "current": {
      "number": "6.4.6",
      "spec": "HTTP/1.1 Semantics and Content",
      "text": "306 (Unused)",
      "url": "https://httpwg.org/specs/rfc7231.html#status.306"
    }
  },
  "#status.307": {
    "current": {
      "number": "6.4.7",
      "spec": "HTTP/1.1 Semantics and Content",
      "text": "307 Temporary Redirect",
      "url": "https://httpwg.org/specs/rfc7231.html#status.307"
    }
  },
  "#status.3xx": {
    "current": {
      "number": "6.4",
      "spec": "HTTP/1.1 Semantics and Content",
      "text": "Redirection 3xx",
      "url": "https://httpwg.org/specs/rfc7231.html#status.3xx"
    }
  },
  "#status.400": {
    "current": {
      "number": "6.5.1",
      "spec": "HTTP/1.1 Semantics and Content",
      "text": "400 Bad Request",
      "url": "https://httpwg.org/specs/rfc7231.html#status.400"
    }
  },
  "#status.402": {
    "current": {
      "number": "6.5.2",
      "spec": "HTTP/1.1 Semantics and Content",
      "text": "402 Payment Required",
      "url": "https://httpwg.org/specs/rfc7231.html#status.402"
    }
  },
  "#status.403": {
    "current": {
      "number": "6.5.3",
      "spec": "HTTP/1.1 Semantics and Content",
      "text": "403 Forbidden",
      "url": "https://httpwg.org/specs/rfc7231.html#status.403"
    }
  },
  "#status.404": {
    "current": {
      "number": "6.5.4",
      "spec": "HTTP/1.1 Semantics and Content",
      "text": "404 Not Found",
      "url": "https://httpwg.org/specs/rfc7231.html#status.404"
    }
  },
  "#status.405": {
    "current": {
      "number": "6.5.5",
      "spec": "HTTP/1.1 Semantics and Content",
      "text": "405 Method Not Allowed",
      "url": "https://httpwg.org/specs/rfc7231.html#status.405"
    }
  },
  "#status.406": {
    "current": {
      "number": "6.5.6",
      "spec": "HTTP/1.1 Semantics and Content",
      "text": "406 Not Acceptable",
      "url": "https://httpwg.org/specs/rfc7231.html#status.406"
    }
  },
  "#status.408": {
    "current": {
      "number": "6.5.7",
      "spec": "HTTP/1.1 Semantics and Content",
      "text": "408 Request Timeout",
      "url": "https://httpwg.org/specs/rfc7231.html#status.408"
    }
  },
  "#status.409": {
    "current": {
      "number": "6.5.8",
      "spec": "HTTP/1.1 Semantics and Content",
      "text": "409 Conflict",
      "url": "https://httpwg.org/specs/rfc7231.html#status.409"
    }
  },
  "#status.410": {
    "current": {
      "number": "6.5.9",
      "spec": "HTTP/1.1 Semantics and Content",
      "text": "410 Gone",
      "url": "https://httpwg.org/specs/rfc7231.html#status.410"
    }
  },
  "#status.411": {
    "current": {
      "number": "6.5.10",
      "spec": "HTTP/1.1 Semantics and Content",
      "text": "411 Length Required",
      "url": "https://httpwg.org/specs/rfc7231.html#status.411"
    }
  },
  "#status.413": {
    "current": {
      "number": "6.5.11",
      "spec": "HTTP/1.1 Semantics and Content",
      "text": "413 Payload Too Large",
      "url": "https://httpwg.org/specs/rfc7231.html#status.413"
    }
  },
  "#status.414": {
    "current": {
      "number": "6.5.12",
      "spec": "HTTP/1.1 Semantics and Content",
      "text": "414 URI Too Long",
      "url": "https://httpwg.org/specs/rfc7231.html#status.414"
    }
  },
  "#status.415": {
    "current": {
      "number": "6.5.13",
      "spec": "HTTP/1.1 Semantics and Content",
      "text": "415 Unsupported Media Type",
      "url": "https://httpwg.org/specs/rfc7231.html#status.415"
    }
  },
  "#status.417": {
    "current": {
      "number": "6.5.14",
      "spec": "HTTP/1.1 Semantics and Content",
      "text": "417 Expectation Failed",
      "url": "https://httpwg.org/specs/rfc7231.html#status.417"
    }
  },
  "#status.426": {
    "current": {
      "number": "6.5.15",
      "spec": "HTTP/1.1 Semantics and Content",
      "text": "426 Upgrade Required",
      "url": "https://httpwg.org/specs/rfc7231.html#status.426"
    }
  },
  "#status.4xx": {
    "current": {
      "number": "6.5",
      "spec": "HTTP/1.1 Semantics and Content",
      "text": "Client Error 4xx",
      "url": "https://httpwg.org/specs/rfc7231.html#status.4xx"
    }
  },
  "#status.500": {
    "current": {
      "number": "6.6.1",
      "spec": "HTTP/1.1 Semantics and Content",
      "text": "500 Internal Server Error",
      "url": "https://httpwg.org/specs/rfc7231.html#status.500"
    }
  },
  "#status.501": {
    "current": {
      "number": "6.6.2",
      "spec": "HTTP/1.1 Semantics and Content",
      "text": "501 Not Implemented",
      "url": "https://httpwg.org/specs/rfc7231.html#status.501"
    }
  },
  "#status.502": {
    "current": {
      "number": "6.6.3",
      "spec": "HTTP/1.1 Semantics and Content",
      "text": "502 Bad Gateway",
      "url": "https://httpwg.org/specs/rfc7231.html#status.502"
    }
  },
  "#status.503": {
    "current": {
      "number": "6.6.4",
      "spec": "HTTP/1.1 Semantics and Content",
      "text": "503 Service Unavailable",
      "url": "https://httpwg.org/specs/rfc7231.html#status.503"
    }
  },
  "#status.504": {
    "current": {
      "number": "6.6.5",
      "spec": "HTTP/1.1 Semantics and Content",
      "text": "504 Gateway Timeout",
      "url": "https://httpwg.org/specs/rfc7231.html#status.504"
    }
  },
  "#status.505": {
    "current": {
      "number": "6.6.6",
      "spec": "HTTP/1.1 Semantics and Content",
      "text": "505 HTTP Version Not Supported",
      "url": "https://httpwg.org/specs/rfc7231.html#status.505"
    }
  },
  "#status.5xx": {
    "current": {
      "number": "6.6",
      "spec": "HTTP/1.1 Semantics and Content",
      "text": "Server Error 5xx",
      "url": "https://httpwg.org/specs/rfc7231.html#status.5xx"
    }
  },
  "#status.code.registration": {
    "current": {
      "number": "8.2.3",
      "spec": "HTTP/1.1 Semantics and Content",
      "text": "Registrations",
      "url": "https://httpwg.org/specs/rfc7231.html#status.code.registration"
    }
  },
  "#status.code.registry": {
    "current": {
      "number": "8.2",
      "spec": "HTTP/1.1 Semantics and Content",
      "text": "Status Code Registry",
      "url": "https://httpwg.org/specs/rfc7231.html#status.code.registry"
    }
  },
  "#status.code.registry.procedure": {
    "current": {
      "number": "8.2.1",
      "spec": "HTTP/1.1 Semantics and Content",
      "text": "Procedure",
      "url": "https://httpwg.org/specs/rfc7231.html#status.code.registry.procedure"
    }
  },
  "#status.codes": {
    "current": {
      "number": "6",
      "spec": "HTTP/1.1 Semantics and Content",
      "text": "Response Status Codes",
      "url": "https://httpwg.org/specs/rfc7231.html#status.codes"
    }
  }
}