{
  "#L1T1*": {
    "current": {
      "number": "10.1",
      "spec": "SVC",
      "text": "L1T1",
      "url": "https://w3c.github.io/webrtc-svc/#L1T1*"
    },
    "snapshot": {
      "number": "10.1",
      "spec": "SVC",
      "text": "L1T1",
      "url": "https://www.w3.org/TR/webrtc-svc/#L1T1*"
    }
  },
  "#L1T2*": {
    "current": {
      "number": "10.2",
      "spec": "SVC",
      "text": "L1T2",
      "url": "https://w3c.github.io/webrtc-svc/#L1T2*"
    },
    "snapshot": {
      "number": "10.2",
      "spec": "SVC",
      "text": "L1T2",
      "url": "https://www.w3.org/TR/webrtc-svc/#L1T2*"
    }
  },
  "#L1T3*": {
    "current": {
      "number": "10.3",
      "spec": "SVC",
      "text": "L1T3",
      "url": "https://w3c.github.io/webrtc-svc/#L1T3*"
    },
    "snapshot": {
      "number": "10.3",
      "spec": "SVC",
      "text": "L1T3",
      "url": "https://www.w3.org/TR/webrtc-svc/#L1T3*"
    }
  },
  "#L2T1*": {
    "current": {
      "number": "10.4",
      "spec": "SVC",
      "text": "L2T1 and L2T1h",
      "url": "https://w3c.github.io/webrtc-svc/#L2T1*"
    },
    "snapshot": {
      "number": "10.4",
      "spec": "SVC",
      "text": "L2T1 and L2T1h",
      "url": "https://www.w3.org/TR/webrtc-svc/#L2T1*"
    }
  },
  "#L2T1_KEY*": {
    "current": {
      "number": "10.5",
      "spec": "SVC",
      "text": "L2T1_KEY",
      "url": "https://w3c.github.io/webrtc-svc/#L2T1_KEY*"
    },
    "snapshot": {
      "number": "10.5",
      "spec": "SVC",
      "text": "L2T1_KEY",
      "url": "https://www.w3.org/TR/webrtc-svc/#L2T1_KEY*"
    }
  },
  "#L2T2*": {
    "current": {
      "number": "10.6",
      "spec": "SVC",
      "text": "L2T2 and L2T2h",
      "url": "https://w3c.github.io/webrtc-svc/#L2T2*"
    },
    "snapshot": {
      "number": "10.6",
      "spec": "SVC",
      "text": "L2T2 and L2T2h",
      "url": "https://www.w3.org/TR/webrtc-svc/#L2T2*"
    }
  },
  "#L2T2_KEY*": {
    "current": {
      "number": "10.7",
      "spec": "SVC",
      "text": "L2T2_KEY",
      "url": "https://w3c.github.io/webrtc-svc/#L2T2_KEY*"
    },
    "snapshot": {
      "number": "10.7",
      "spec": "SVC",
      "text": "L2T2_KEY",
      "url": "https://www.w3.org/TR/webrtc-svc/#L2T2_KEY*"
    }
  },
  "#L2T2_KEY_SHIFT*": {
    "current": {
      "number": "10.8",
      "spec": "SVC",
      "text": "L2T2_KEY_SHIFT",
      "url": "https://w3c.github.io/webrtc-svc/#L2T2_KEY_SHIFT*"
    },
    "snapshot": {
      "number": "10.8",
      "spec": "SVC",
      "text": "L2T2_KEY_SHIFT",
      "url": "https://www.w3.org/TR/webrtc-svc/#L2T2_KEY_SHIFT*"
    }
  },
  "#L2T3*": {
    "current": {
      "number": "10.9",
      "spec": "SVC",
      "text": "L2T3 and L2T3h",
      "url": "https://w3c.github.io/webrtc-svc/#L2T3*"
    },
    "snapshot": {
      "number": "10.9",
      "spec": "SVC",
      "text": "L2T3 and L2T3h",
      "url": "https://www.w3.org/TR/webrtc-svc/#L2T3*"
    }
  },
  "#L2T3_KEY*": {
    "current": {
      "number": "10.10",
      "spec": "SVC",
      "text": "L2T3_KEY",
      "url": "https://w3c.github.io/webrtc-svc/#L2T3_KEY*"
    },
    "snapshot": {
      "number": "10.10",
      "spec": "SVC",
      "text": "L2T3_KEY",
      "url": "https://www.w3.org/TR/webrtc-svc/#L2T3_KEY*"
    }
  },
  "#L2T3_KEY_SHIFT*": {
    "current": {
      "number": "10.11",
      "spec": "SVC",
      "text": "L2T3_KEY_SHIFT",
      "url": "https://w3c.github.io/webrtc-svc/#L2T3_KEY_SHIFT*"
    },
    "snapshot": {
      "number": "10.11",
      "spec": "SVC",
      "text": "L2T3_KEY_SHIFT",
      "url": "https://www.w3.org/TR/webrtc-svc/#L2T3_KEY_SHIFT*"
    }
  },
  "#L3T1*": {
    "current": {
      "number": "10.12",
      "spec": "SVC",
      "text": "L3T1 and L3T1h",
      "url": "https://w3c.github.io/webrtc-svc/#L3T1*"
    },
    "snapshot": {
      "number": "10.12",
      "spec": "SVC",
      "text": "L3T1 and L3T1h",
      "url": "https://www.w3.org/TR/webrtc-svc/#L3T1*"
    }
  },
  "#L3T1_KEY*": {
    "current": {
      "number": "10.13",
      "spec": "SVC",
      "text": "L3T1_KEY",
      "url": "https://w3c.github.io/webrtc-svc/#L3T1_KEY*"
    },
    "snapshot": {
      "number": "10.13",
      "spec": "SVC",
      "text": "L3T1_KEY",
      "url": "https://www.w3.org/TR/webrtc-svc/#L3T1_KEY*"
    }
  },
  "#L3T2*": {
    "current": {
      "number": "10.14",
      "spec": "SVC",
      "text": "L3T2 and L3T2h",
      "url": "https://w3c.github.io/webrtc-svc/#L3T2*"
    },
    "snapshot": {
      "number": "10.14",
      "spec": "SVC",
      "text": "L3T2 and L3T2h",
      "url": "https://www.w3.org/TR/webrtc-svc/#L3T2*"
    }
  },
  "#L3T2_KEY*": {
    "current": {
      "number": "10.15",
      "spec": "SVC",
      "text": "L3T2_KEY",
      "url": "https://w3c.github.io/webrtc-svc/#L3T2_KEY*"
    },
    "snapshot": {
      "number": "10.15",
      "spec": "SVC",
      "text": "L3T2_KEY",
      "url": "https://www.w3.org/TR/webrtc-svc/#L3T2_KEY*"
    }
  },
  "#L3T2_KEY_SHIFT*": {
    "current": {
      "number": "10.16",
      "spec": "SVC",
      "text": "L3T2_KEY_SHIFT",
      "url": "https://w3c.github.io/webrtc-svc/#L3T2_KEY_SHIFT*"
    },
    "snapshot": {
      "number": "10.16",
      "spec": "SVC",
      "text": "L3T2_KEY_SHIFT",
      "url": "https://www.w3.org/TR/webrtc-svc/#L3T2_KEY_SHIFT*"
    }
  },
  "#L3T3*": {
    "current": {
      "number": "10.17",
      "spec": "SVC",
      "text": "L3T3 and L3T3h",
      "url": "https://w3c.github.io/webrtc-svc/#L3T3*"
    },
    "snapshot": {
      "number": "10.17",
      "spec": "SVC",
      "text": "L3T3 and L3T3h",
      "url": "https://www.w3.org/TR/webrtc-svc/#L3T3*"
    }
  },
  "#L3T3_KEY*": {
    "current": {
      "number": "10.18",
      "spec": "SVC",
      "text": "L3T3_KEY",
      "url": "https://w3c.github.io/webrtc-svc/#L3T3_KEY*"
    },
    "snapshot": {
      "number": "10.18",
      "spec": "SVC",
      "text": "L3T3_KEY",
      "url": "https://www.w3.org/TR/webrtc-svc/#L3T3_KEY*"
    }
  },
  "#L3T3_KEY_SHIFT*": {
    "current": {
      "number": "10.19",
      "spec": "SVC",
      "text": "L3T3_KEY_SHIFT",
      "url": "https://w3c.github.io/webrtc-svc/#L3T3_KEY_SHIFT*"
    },
    "snapshot": {
      "number": "10.19",
      "spec": "SVC",
      "text": "L3T3_KEY_SHIFT",
      "url": "https://www.w3.org/TR/webrtc-svc/#L3T3_KEY_SHIFT*"
    }
  },
  "#S2T1*": {
    "current": {
      "number": "10.20",
      "spec": "SVC",
      "text": "S2T1 and S2T1h",
      "url": "https://w3c.github.io/webrtc-svc/#S2T1*"
    },
    "snapshot": {
      "number": "10.20",
      "spec": "SVC",
      "text": "S2T1 and S2T1h",
      "url": "https://www.w3.org/TR/webrtc-svc/#S2T1*"
    }
  },
  "#S2T2*": {
    "current": {
      "number": "10.21",
      "spec": "SVC",
      "text": "S2T2 and S2T2h",
      "url": "https://w3c.github.io/webrtc-svc/#S2T2*"
    },
    "snapshot": {
      "number": "10.21",
      "spec": "SVC",
      "text": "S2T2 and S2T2h",
      "url": "https://www.w3.org/TR/webrtc-svc/#S2T2*"
    }
  },
  "#S2T3*": {
    "current": {
      "number": "10.22",
      "spec": "SVC",
      "text": "S2T3 and S2T3h",
      "url": "https://w3c.github.io/webrtc-svc/#S2T3*"
    },
    "snapshot": {
      "number": "10.22",
      "spec": "SVC",
      "text": "S2T3 and S2T3h",
      "url": "https://www.w3.org/TR/webrtc-svc/#S2T3*"
    }
  },
  "#S3T1*": {
    "current": {
      "number": "10.23",
      "spec": "SVC",
      "text": "S3T1 and S3T1h",
      "url": "https://w3c.github.io/webrtc-svc/#S3T1*"
    },
    "snapshot": {
      "number": "10.23",
      "spec": "SVC",
      "text": "S3T1 and S3T1h",
      "url": "https://www.w3.org/TR/webrtc-svc/#S3T1*"
    }
  },
  "#S3T2*": {
    "current": {
      "number": "10.24",
      "spec": "SVC",
      "text": "S3T2 and S3T2h",
      "url": "https://w3c.github.io/webrtc-svc/#S3T2*"
    },
    "snapshot": {
      "number": "10.24",
      "spec": "SVC",
      "text": "S3T2 and S3T2h",
      "url": "https://www.w3.org/TR/webrtc-svc/#S3T2*"
    }
  },
  "#S3T3*": {
    "current": {
      "number": "10.25",
      "spec": "SVC",
      "text": "S3T3 and S3T3h",
      "url": "https://w3c.github.io/webrtc-svc/#S3T3*"
    },
    "snapshot": {
      "number": "10.25",
      "spec": "SVC",
      "text": "S3T3 and S3T3h",
      "url": "https://www.w3.org/TR/webrtc-svc/#S3T3*"
    }
  },
  "#acknowledgements": {
    "current": {
      "number": "A",
      "spec": "SVC",
      "text": "Acknowledgements",
      "url": "https://w3c.github.io/webrtc-svc/#acknowledgements"
    },
    "snapshot": {
      "number": "A",
      "spec": "SVC",
      "text": "Acknowledgements",
      "url": "https://www.w3.org/TR/webrtc-svc/#acknowledgements"
    }
  },
  "#addTransceiver": {
    "current": {
      "number": "4.2.1",
      "spec": "SVC",
      "text": "addTransceiver()",
      "url": "https://w3c.github.io/webrtc-svc/#addTransceiver"
    },
    "snapshot": {
      "number": "4.2.1",
      "spec": "SVC",
      "text": "addTransceiver()",
      "url": "https://www.w3.org/TR/webrtc-svc/#addTransceiver"
    }
  },
  "#addingmodes*": {
    "current": {
      "number": "6.1",
      "spec": "SVC",
      "text": "Guidelines for addition of scalabilityMode values",
      "url": "https://w3c.github.io/webrtc-svc/#addingmodes*"
    },
    "snapshot": {
      "number": "6.1",
      "spec": "SVC",
      "text": "Guidelines for addition of scalabilityMode values",
      "url": "https://www.w3.org/TR/webrtc-svc/#addingmodes*"
    }
  },
  "#behavior": {
    "current": {
      "number": "4.2",
      "spec": "SVC",
      "text": "Behavior",
      "url": "https://w3c.github.io/webrtc-svc/#behavior"
    },
    "snapshot": {
      "number": "4.2",
      "spec": "SVC",
      "text": "Behavior",
      "url": "https://www.w3.org/TR/webrtc-svc/#behavior"
    }
  },
  "#configuration": {
    "current": {
      "number": "4",
      "spec": "SVC",
      "text": "Configuration",
      "url": "https://w3c.github.io/webrtc-svc/#configuration"
    },
    "snapshot": {
      "number": "4",
      "spec": "SVC",
      "text": "Configuration",
      "url": "https://www.w3.org/TR/webrtc-svc/#configuration"
    }
  },
  "#conformance": {
    "current": {
      "number": "2",
      "spec": "SVC",
      "text": "Conformance",
      "url": "https://w3c.github.io/webrtc-svc/#conformance"
    },
    "snapshot": {
      "number": "2",
      "spec": "SVC",
      "text": "Conformance",
      "url": "https://www.w3.org/TR/webrtc-svc/#conformance"
    }
  },
  "#dependencydiagrams*": {
    "current": {
      "number": "",
      "spec": "SVC",
      "text": "10. Scalability Mode Dependency Diagrams",
      "url": "https://w3c.github.io/webrtc-svc/#dependencydiagrams*"
    },
    "snapshot": {
      "number": "",
      "spec": "SVC",
      "text": "10. Scalability Mode Dependency Diagrams",
      "url": "https://www.w3.org/TR/webrtc-svc/#dependencydiagrams*"
    }
  },
  "#dictionary-rtcrtpencodingparameters-members": {
    "current": {
      "number": "",
      "spec": "SVC",
      "text": "Dictionary RTCRtpEncodingParameters Members",
      "url": "https://w3c.github.io/webrtc-svc/#dictionary-rtcrtpencodingparameters-members"
    },
    "snapshot": {
      "number": "",
      "spec": "SVC",
      "text": "Dictionary RTCRtpEncodingParameters Members",
      "url": "https://www.w3.org/TR/webrtc-svc/#dictionary-rtcrtpencodingparameters-members"
    }
  },
  "#discovery": {
    "current": {
      "number": "5",
      "spec": "SVC",
      "text": "Discovery",
      "url": "https://w3c.github.io/webrtc-svc/#discovery"
    },
    "snapshot": {
      "number": "5",
      "spec": "SVC",
      "text": "Discovery",
      "url": "https://www.w3.org/TR/webrtc-svc/#discovery"
    }
  },
  "#getparameters": {
    "current": {
      "number": "4.2.3",
      "spec": "SVC",
      "text": "getParameters()",
      "url": "https://w3c.github.io/webrtc-svc/#getparameters"
    },
    "snapshot": {
      "number": "4.2.3",
      "spec": "SVC",
      "text": "getParameters()",
      "url": "https://www.w3.org/TR/webrtc-svc/#getparameters"
    }
  },
  "#informative-references": {
    "current": {
      "number": "B.2",
      "spec": "SVC",
      "text": "Informative references",
      "url": "https://w3c.github.io/webrtc-svc/#informative-references"
    },
    "snapshot": {
      "number": "B.2",
      "spec": "SVC",
      "text": "Informative references",
      "url": "https://www.w3.org/TR/webrtc-svc/#informative-references"
    }
  },
  "#intro": {
    "current": {
      "number": "1",
      "spec": "SVC",
      "text": "Introduction",
      "url": "https://w3c.github.io/webrtc-svc/#intro"
    },
    "snapshot": {
      "number": "1",
      "spec": "SVC",
      "text": "Introduction",
      "url": "https://www.w3.org/TR/webrtc-svc/#intro"
    }
  },
  "#media-capabilities-example*": {
    "current": {
      "number": "7.2",
      "spec": "SVC",
      "text": "SVC Encoder Capabilities",
      "url": "https://w3c.github.io/webrtc-svc/#media-capabilities-example*"
    },
    "snapshot": {
      "number": "7.2",
      "spec": "SVC",
      "text": "SVC Encoder Capabilities",
      "url": "https://www.w3.org/TR/webrtc-svc/#media-capabilities-example*"
    }
  },
  "#normative-references": {
    "current": {
      "number": "B.1",
      "spec": "SVC",
      "text": "Normative references",
      "url": "https://w3c.github.io/webrtc-svc/#normative-references"
    },
    "snapshot": {
      "number": "B.1",
      "spec": "SVC",
      "text": "Normative references",
      "url": "https://www.w3.org/TR/webrtc-svc/#normative-references"
    }
  },
  "#persistent-information": {
    "current": {
      "number": "8.1",
      "spec": "SVC",
      "text": "Persistent information",
      "url": "https://w3c.github.io/webrtc-svc/#persistent-information"
    },
    "snapshot": {
      "number": "8.1",
      "spec": "SVC",
      "text": "Persistent information",
      "url": "https://www.w3.org/TR/webrtc-svc/#persistent-information"
    }
  },
  "#privacy": {
    "current": {
      "number": "8",
      "spec": "SVC",
      "text": "Privacy Considerations",
      "url": "https://w3c.github.io/webrtc-svc/#privacy"
    },
    "snapshot": {
      "number": "8",
      "spec": "SVC",
      "text": "Privacy Considerations",
      "url": "https://www.w3.org/TR/webrtc-svc/#privacy"
    }
  },
  "#references": {
    "current": {
      "number": "B",
      "spec": "SVC",
      "text": "References",
      "url": "https://w3c.github.io/webrtc-svc/#references"
    },
    "snapshot": {
      "number": "B",
      "spec": "SVC",
      "text": "References",
      "url": "https://www.w3.org/TR/webrtc-svc/#references"
    }
  },
  "#rtcrtpencodingparameters": {
    "current": {
      "number": "4.1",
      "spec": "SVC",
      "text": "RTCRtpEncodingParameters Dictionary Extensions",
      "url": "https://w3c.github.io/webrtc-svc/#rtcrtpencodingparameters"
    },
    "snapshot": {
      "number": "4.1",
      "spec": "SVC",
      "text": "RTCRtpEncodingParameters Dictionary Extensions",
      "url": "https://www.w3.org/TR/webrtc-svc/#rtcrtpencodingparameters"
    }
  },
  "#rtcrtpencodingparameters-example*": {
    "current": {
      "number": "7",
      "spec": "SVC",
      "text": "Examples",
      "url": "https://w3c.github.io/webrtc-svc/#rtcrtpencodingparameters-example*"
    },
    "snapshot": {
      "number": "7",
      "spec": "SVC",
      "text": "Examples",
      "url": "https://www.w3.org/TR/webrtc-svc/#rtcrtpencodingparameters-example*"
    }
  },
  "#scalabilitymodes*": {
    "current": {
      "number": "6",
      "spec": "SVC",
      "text": "Scalability modes",
      "url": "https://w3c.github.io/webrtc-svc/#scalabilitymodes*"
    },
    "snapshot": {
      "number": "6",
      "spec": "SVC",
      "text": "Scalability modes",
      "url": "https://www.w3.org/TR/webrtc-svc/#scalabilitymodes*"
    }
  },
  "#security": {
    "current": {
      "number": "9",
      "spec": "SVC",
      "text": "Security Considerations",
      "url": "https://w3c.github.io/webrtc-svc/#security"
    },
    "snapshot": {
      "number": "9",
      "spec": "SVC",
      "text": "Security Considerations",
      "url": "https://www.w3.org/TR/webrtc-svc/#security"
    }
  },
  "#setparameters": {
    "current": {
      "number": "4.2.2",
      "spec": "SVC",
      "text": "setParameters()",
      "url": "https://w3c.github.io/webrtc-svc/#setparameters"
    },
    "snapshot": {
      "number": "4.2.2",
      "spec": "SVC",
      "text": "setParameters()",
      "url": "https://www.w3.org/TR/webrtc-svc/#setparameters"
    }
  },
  "#sfm-getcapabilities-example*": {
    "current": {
      "number": "7.3",
      "spec": "SVC",
      "text": "SFM Capabilities",
      "url": "https://w3c.github.io/webrtc-svc/#sfm-getcapabilities-example*"
    },
    "snapshot": {
      "number": "7.3",
      "spec": "SVC",
      "text": "SFM Capabilities",
      "url": "https://www.w3.org/TR/webrtc-svc/#sfm-getcapabilities-example*"
    }
  },
  "#sfmnegotiation": {
    "current": {
      "number": "5.1",
      "spec": "SVC",
      "text": "Negotiation with an SFM",
      "url": "https://w3c.github.io/webrtc-svc/#sfmnegotiation"
    },
    "snapshot": {
      "number": "5.1",
      "spec": "SVC",
      "text": "Negotiation with an SFM",
      "url": "https://www.w3.org/TR/webrtc-svc/#sfmnegotiation"
    }
  },
  "#simulcasttemporal-example*": {
    "current": {
      "number": "7.1",
      "spec": "SVC",
      "text": "Spatial Simulcast and Temporal Scalability",
      "url": "https://w3c.github.io/webrtc-svc/#simulcasttemporal-example*"
    },
    "snapshot": {
      "number": "7.1",
      "spec": "SVC",
      "text": "Spatial Simulcast and Temporal Scalability",
      "url": "https://www.w3.org/TR/webrtc-svc/#simulcasttemporal-example*"
    }
  },
  "#terminology": {
    "current": {
      "number": "3",
      "spec": "SVC",
      "text": "Terminology",
      "url": "https://w3c.github.io/webrtc-svc/#terminology"
    },
    "snapshot": {
      "number": "3",
      "spec": "SVC",
      "text": "Terminology",
      "url": "https://www.w3.org/TR/webrtc-svc/#terminology"
    }
  },
  "#title": {
    "current": {
      "number": "",
      "spec": "SVC",
      "text": "Scalable Video Coding (SVC) Extension for WebRTC",
      "url": "https://w3c.github.io/webrtc-svc/#title"
    },
    "snapshot": {
      "number": "",
      "spec": "SVC",
      "text": "Scalable Video Coding (SVC) Extension for WebRTC",
      "url": "https://www.w3.org/TR/webrtc-svc/#title"
    }
  },
  "#toc": {
    "current": {
      "number": "",
      "spec": "SVC",
      "text": "Table of Contents",
      "url": "https://w3c.github.io/webrtc-svc/#toc"
    },
    "snapshot": {
      "number": "",
      "spec": "SVC",
      "text": "Table of Contents",
      "url": "https://www.w3.org/TR/webrtc-svc/#toc"
    }
  }
}