{
  "#abstract": {
    "current": {
      "number": "",
      "spec": "CSS Typed OM 2",
      "text": "Abstract",
      "url": "https://drafts.css-houdini.org/css-typed-om-2/#abstract"
    }
  },
  "#index": {
    "current": {
      "number": "",
      "spec": "CSS Typed OM 2",
      "text": "Index",
      "url": "https://drafts.css-houdini.org/css-typed-om-2/#index"
    }
  },
  "#index-defined-elsewhere": {
    "current": {
      "number": "",
      "spec": "CSS Typed OM 2",
      "text": "Terms defined by reference",
      "url": "https://drafts.css-houdini.org/css-typed-om-2/#index-defined-elsewhere"
    }
  },
  "#issues-index": {
    "current": {
      "number": "",
      "spec": "CSS Typed OM 2",
      "text": "Issues Index",
      "url": "https://drafts.css-houdini.org/css-typed-om-2/#issues-index"
    }
  },
  "#normative": {
    "current": {
      "number": "",
      "spec": "CSS Typed OM 2",
      "text": "Normative References",
      "url": "https://drafts.css-houdini.org/css-typed-om-2/#normative"
    }
  },
  "#profile-and-date": {
    "current": {
      "number": "",
      "spec": "CSS Typed OM 2",
      "text": "A Collection of Interesting Ideas, 8 February 2021",
      "url": "https://drafts.css-houdini.org/css-typed-om-2/#profile-and-date"
    }
  },
  "#references": {
    "current": {
      "number": "",
      "spec": "CSS Typed OM 2",
      "text": "References",
      "url": "https://drafts.css-houdini.org/css-typed-om-2/#references"
    }
  },
  "#title": {
    "current": {
      "number": "",
      "spec": "CSS Typed OM 2",
      "text": "CSS Typed OM Level 2",
      "url": "https://drafts.css-houdini.org/css-typed-om-2/#title"
    }
  },
  "#toc": {
    "current": {
      "number": "",
      "spec": "CSS Typed OM 2",
      "text": "Table of Contents",
      "url": "https://drafts.css-houdini.org/css-typed-om-2/#toc"
    }
  },
  "#w3c-conform-future-proofing": {
    "current": {
      "number": "",
      "spec": "CSS Typed OM 2",
      "text": "Implementations of Unstable and Proprietary Features",
      "url": "https://drafts.css-houdini.org/css-typed-om-2/#w3c-conform-future-proofing"
    }
  },
  "#w3c-conformance": {
    "current": {
      "number": "",
      "spec": "CSS Typed OM 2",
      "text": "Conformance",
      "url": "https://drafts.css-houdini.org/css-typed-om-2/#w3c-conformance"
    }
  },
  "#w3c-conformance-classes": {
    "current": {
      "number": "",
      "spec": "CSS Typed OM 2",
      "text": "Conformance classes",
      "url": "https://drafts.css-houdini.org/css-typed-om-2/#w3c-conformance-classes"
    }
  },
  "#w3c-conventions": {
    "current": {
      "number": "",
      "spec": "CSS Typed OM 2",
      "text": "Document conventions",
      "url": "https://drafts.css-houdini.org/css-typed-om-2/#w3c-conventions"
    }
  },
  "#w3c-partial": {
    "current": {
      "number": "",
      "spec": "CSS Typed OM 2",
      "text": "Partial implementations",
      "url": "https://drafts.css-houdini.org/css-typed-om-2/#w3c-partial"
    }
  },
  "#w3c-testing": {
    "current": {
      "number": "",
      "spec": "CSS Typed OM 2",
      "text": "Non-experimental implementations",
      "url": "https://drafts.css-houdini.org/css-typed-om-2/#w3c-testing"
    }
  }
}