{
  "#abstract": {
    "current": {
      "number": "",
      "spec": "CSS Images 5",
      "text": "Abstract",
      "url": "https://drafts.csswg.org/css-images-5/#abstract"
    }
  },
  "#index": {
    "current": {
      "number": "",
      "spec": "CSS Images 5",
      "text": "Index",
      "url": "https://drafts.csswg.org/css-images-5/#index"
    }
  },
  "#index-defined-elsewhere": {
    "current": {
      "number": "",
      "spec": "CSS Images 5",
      "text": "Terms defined by reference",
      "url": "https://drafts.csswg.org/css-images-5/#index-defined-elsewhere"
    }
  },
  "#index-defined-here": {
    "current": {
      "number": "",
      "spec": "CSS Images 5",
      "text": "Terms defined by this specification",
      "url": "https://drafts.csswg.org/css-images-5/#index-defined-here"
    }
  },
  "#informative": {
    "current": {
      "number": "",
      "spec": "CSS Images 5",
      "text": "Informative References",
      "url": "https://drafts.csswg.org/css-images-5/#informative"
    }
  },
  "#intro": {
    "current": {
      "number": "1",
      "spec": "CSS Images 5",
      "text": "Introduction",
      "url": "https://drafts.csswg.org/css-images-5/#intro"
    }
  },
  "#issues-index": {
    "current": {
      "number": "",
      "spec": "CSS Images 5",
      "text": "Issues Index",
      "url": "https://drafts.csswg.org/css-images-5/#issues-index"
    }
  },
  "#normative": {
    "current": {
      "number": "",
      "spec": "CSS Images 5",
      "text": "Normative References",
      "url": "https://drafts.csswg.org/css-images-5/#normative"
    }
  },
  "#property-index": {
    "current": {
      "number": "",
      "spec": "CSS Images 5",
      "text": "Property Index",
      "url": "https://drafts.csswg.org/css-images-5/#property-index"
    }
  },
  "#references": {
    "current": {
      "number": "",
      "spec": "CSS Images 5",
      "text": "References",
      "url": "https://drafts.csswg.org/css-images-5/#references"
    }
  },
  "#sizing": {
    "current": {
      "number": "2",
      "spec": "CSS Images 5",
      "text": "Sizing Images and Objects in CSS",
      "url": "https://drafts.csswg.org/css-images-5/#sizing"
    }
  },
  "#sotd": {
    "current": {
      "number": "",
      "spec": "CSS Images 5",
      "text": "Status of this document",
      "url": "https://drafts.csswg.org/css-images-5/#sotd"
    }
  },
  "#the-object-view-box": {
    "current": {
      "number": "2.1",
      "spec": "CSS Images 5",
      "text": "Setting The Viewbox: the object-view-box property",
      "url": "https://drafts.csswg.org/css-images-5/#the-object-view-box"
    }
  },
  "#title": {
    "current": {
      "number": "",
      "spec": "CSS Images 5",
      "text": "CSS Images Module Level 5",
      "url": "https://drafts.csswg.org/css-images-5/#title"
    }
  },
  "#toc": {
    "current": {
      "number": "",
      "spec": "CSS Images 5",
      "text": "Table of Contents",
      "url": "https://drafts.csswg.org/css-images-5/#toc"
    }
  },
  "#w3c-conform-future-proofing": {
    "current": {
      "number": "",
      "spec": "CSS Images 5",
      "text": "Implementations of Unstable and Proprietary Features",
      "url": "https://drafts.csswg.org/css-images-5/#w3c-conform-future-proofing"
    }
  },
  "#w3c-conformance": {
    "current": {
      "number": "",
      "spec": "CSS Images 5",
      "text": "Conformance",
      "url": "https://drafts.csswg.org/css-images-5/#w3c-conformance"
    }
  },
  "#w3c-conformance-classes": {
    "current": {
      "number": "",
      "spec": "CSS Images 5",
      "text": "Conformance classes",
      "url": "https://drafts.csswg.org/css-images-5/#w3c-conformance-classes"
    }
  },
  "#w3c-conventions": {
    "current": {
      "number": "",
      "spec": "CSS Images 5",
      "text": "Document conventions",
      "url": "https://drafts.csswg.org/css-images-5/#w3c-conventions"
    }
  },
  "#w3c-partial": {
    "current": {
      "number": "",
      "spec": "CSS Images 5",
      "text": "Partial implementations",
      "url": "https://drafts.csswg.org/css-images-5/#w3c-partial"
    }
  },
  "#w3c-testing": {
    "current": {
      "number": "",
      "spec": "CSS Images 5",
      "text": "Non-experimental implementations",
      "url": "https://drafts.csswg.org/css-images-5/#w3c-testing"
    }
  }
}