{
  "#abstract": {
    "current": {
      "number": "",
      "spec": "Web Neural Network API",
      "text": "Abstract",
      "url": "https://webmachinelearning.github.io/webnn/#abstract"
    },
    "snapshot": {
      "number": "",
      "spec": "Web Neural Network API",
      "text": "Abstract",
      "url": "https://www.w3.org/TR/webnn/#abstract"
    }
  },
  "#acknowledgements": {
    "current": {
      "number": "",
      "spec": "Web Neural Network API",
      "text": "11. Acknowledgements",
      "url": "https://webmachinelearning.github.io/webnn/#acknowledgements"
    },
    "snapshot": {
      "number": "",
      "spec": "Web Neural Network API",
      "text": "11. Acknowledgements",
      "url": "https://www.w3.org/TR/webnn/#acknowledgements"
    }
  },
  "#algorithms": {
    "current": {
      "number": "8",
      "spec": "Web Neural Network API",
      "text": "Algorithms",
      "url": "https://webmachinelearning.github.io/webnn/#algorithms"
    },
    "snapshot": {
      "number": "8",
      "spec": "Web Neural Network API",
      "text": "Algorithms",
      "url": "https://www.w3.org/TR/webnn/#algorithms"
    }
  },
  "#algorithms-broadcasting": {
    "current": {
      "number": "8.1",
      "spec": "Web Neural Network API",
      "text": "Broadcasting",
      "url": "https://webmachinelearning.github.io/webnn/#algorithms-broadcasting"
    },
    "snapshot": {
      "number": "8.1",
      "spec": "Web Neural Network API",
      "text": "Broadcasting",
      "url": "https://www.w3.org/TR/webnn/#algorithms-broadcasting"
    }
  },
  "#api": {
    "current": {
      "number": "7",
      "spec": "Web Neural Network API",
      "text": "API",
      "url": "https://webmachinelearning.github.io/webnn/#api"
    },
    "snapshot": {
      "number": "7",
      "spec": "Web Neural Network API",
      "text": "API",
      "url": "https://www.w3.org/TR/webnn/#api"
    }
  },
  "#api-ml": {
    "current": {
      "number": "7.2",
      "spec": "Web Neural Network API",
      "text": "ML interface",
      "url": "https://webmachinelearning.github.io/webnn/#api-ml"
    },
    "snapshot": {
      "number": "7.2",
      "spec": "Web Neural Network API",
      "text": "ML interface",
      "url": "https://www.w3.org/TR/webnn/#api-ml"
    }
  },
  "#api-ml-createcontext": {
    "current": {
      "number": "7.2.2",
      "spec": "Web Neural Network API",
      "text": "createContext()",
      "url": "https://webmachinelearning.github.io/webnn/#api-ml-createcontext"
    },
    "snapshot": {
      "number": "7.2.2",
      "spec": "Web Neural Network API",
      "text": "createContext()",
      "url": "https://www.w3.org/TR/webnn/#api-ml-createcontext"
    }
  },
  "#api-mlactivation": {
    "current": {
      "number": "7.7",
      "spec": "Web Neural Network API",
      "text": "MLActivation interface",
      "url": "https://webmachinelearning.github.io/webnn/#api-mlactivation"
    },
    "snapshot": {
      "number": "7.7",
      "spec": "Web Neural Network API",
      "text": "MLActivation interface",
      "url": "https://www.w3.org/TR/webnn/#api-mlactivation"
    }
  },
  "#api-mlactivation-create": {
    "current": {
      "number": "7.7.1",
      "spec": "Web Neural Network API",
      "text": "Creating MLActivation",
      "url": "https://webmachinelearning.github.io/webnn/#api-mlactivation-create"
    },
    "snapshot": {
      "number": "7.7.1",
      "spec": "Web Neural Network API",
      "text": "Creating MLActivation",
      "url": "https://www.w3.org/TR/webnn/#api-mlactivation-create"
    }
  },
  "#api-mlcontext": {
    "current": {
      "number": "7.3",
      "spec": "Web Neural Network API",
      "text": "MLContext interface",
      "url": "https://webmachinelearning.github.io/webnn/#api-mlcontext"
    },
    "snapshot": {
      "number": "7.3",
      "spec": "Web Neural Network API",
      "text": "MLContext interface",
      "url": "https://www.w3.org/TR/webnn/#api-mlcontext"
    }
  },
  "#api-mlcontext-async-execution": {
    "current": {
      "number": "7.3.2",
      "spec": "Web Neural Network API",
      "text": "compute()",
      "url": "https://webmachinelearning.github.io/webnn/#api-mlcontext-async-execution"
    },
    "snapshot": {
      "number": "7.3.2",
      "spec": "Web Neural Network API",
      "text": "compute()",
      "url": "https://www.w3.org/TR/webnn/#api-mlcontext-async-execution"
    }
  },
  "#api-mlcontext-async-execution-examples": {
    "current": {
      "number": "7.3.2.1",
      "spec": "Web Neural Network API",
      "text": "Examples",
      "url": "https://webmachinelearning.github.io/webnn/#api-mlcontext-async-execution-examples"
    },
    "snapshot": {
      "number": "7.3.2.1",
      "spec": "Web Neural Network API",
      "text": "Examples",
      "url": "https://www.w3.org/TR/webnn/#api-mlcontext-async-execution-examples"
    }
  },
  "#api-mlgraph": {
    "current": {
      "number": "7.4",
      "spec": "Web Neural Network API",
      "text": "MLGraph interface",
      "url": "https://webmachinelearning.github.io/webnn/#api-mlgraph"
    },
    "snapshot": {
      "number": "7.4",
      "spec": "Web Neural Network API",
      "text": "MLGraph interface",
      "url": "https://www.w3.org/TR/webnn/#api-mlgraph"
    }
  },
  "#api-mlgraphbuilder": {
    "current": {
      "number": "7.8",
      "spec": "Web Neural Network API",
      "text": "MLGraphBuilder interface",
      "url": "https://webmachinelearning.github.io/webnn/#api-mlgraphbuilder"
    },
    "snapshot": {
      "number": "7.8",
      "spec": "Web Neural Network API",
      "text": "MLGraphBuilder interface",
      "url": "https://www.w3.org/TR/webnn/#api-mlgraphbuilder"
    }
  },
  "#api-mlgraphbuilder-argminmax": {
    "current": {
      "number": "7.8.5",
      "spec": "Web Neural Network API",
      "text": "argMin/argMax operations",
      "url": "https://webmachinelearning.github.io/webnn/#api-mlgraphbuilder-argminmax"
    },
    "snapshot": {
      "number": "7.8.5",
      "spec": "Web Neural Network API",
      "text": "argMin/argMax operations",
      "url": "https://www.w3.org/TR/webnn/#api-mlgraphbuilder-argminmax"
    }
  },
  "#api-mlgraphbuilder-batchnorm": {
    "current": {
      "number": "7.8.6",
      "spec": "Web Neural Network API",
      "text": "batchNormalization",
      "url": "https://webmachinelearning.github.io/webnn/#api-mlgraphbuilder-batchnorm"
    },
    "snapshot": {
      "number": "7.8.6",
      "spec": "Web Neural Network API",
      "text": "batchNormalization",
      "url": "https://www.w3.org/TR/webnn/#api-mlgraphbuilder-batchnorm"
    }
  },
  "#api-mlgraphbuilder-binary": {
    "current": {
      "number": "7.8.12",
      "spec": "Web Neural Network API",
      "text": "Element-wise binary operations",
      "url": "https://webmachinelearning.github.io/webnn/#api-mlgraphbuilder-binary"
    },
    "snapshot": {
      "number": "7.8.12",
      "spec": "Web Neural Network API",
      "text": "Element-wise binary operations",
      "url": "https://www.w3.org/TR/webnn/#api-mlgraphbuilder-binary"
    }
  },
  "#api-mlgraphbuilder-build": {
    "current": {
      "number": "7.8.4",
      "spec": "Web Neural Network API",
      "text": "build method",
      "url": "https://webmachinelearning.github.io/webnn/#api-mlgraphbuilder-build"
    },
    "snapshot": {
      "number": "7.8.4",
      "spec": "Web Neural Network API",
      "text": "build method",
      "url": "https://www.w3.org/TR/webnn/#api-mlgraphbuilder-build"
    }
  },
  "#api-mlgraphbuilder-cast": {
    "current": {
      "number": "7.8.7",
      "spec": "Web Neural Network API",
      "text": "cast",
      "url": "https://webmachinelearning.github.io/webnn/#api-mlgraphbuilder-cast"
    },
    "snapshot": {
      "number": "7.8.7",
      "spec": "Web Neural Network API",
      "text": "cast",
      "url": "https://www.w3.org/TR/webnn/#api-mlgraphbuilder-cast"
    }
  },
  "#api-mlgraphbuilder-clamp": {
    "current": {
      "number": "7.8.8",
      "spec": "Web Neural Network API",
      "text": "clamp",
      "url": "https://webmachinelearning.github.io/webnn/#api-mlgraphbuilder-clamp"
    },
    "snapshot": {
      "number": "7.8.8",
      "spec": "Web Neural Network API",
      "text": "clamp",
      "url": "https://www.w3.org/TR/webnn/#api-mlgraphbuilder-clamp"
    }
  },
  "#api-mlgraphbuilder-clamp-operand-options": {
    "current": {
      "number": "7.8.8.1",
      "spec": "Web Neural Network API",
      "text": "clamp(input, options)",
      "url": "https://webmachinelearning.github.io/webnn/#api-mlgraphbuilder-clamp-operand-options"
    },
    "snapshot": {
      "number": "7.8.8.1",
      "spec": "Web Neural Network API",
      "text": "clamp(input, options)",
      "url": "https://www.w3.org/TR/webnn/#api-mlgraphbuilder-clamp-operand-options"
    }
  },
  "#api-mlgraphbuilder-clamp-options": {
    "current": {
      "number": "7.8.8.2",
      "spec": "Web Neural Network API",
      "text": "clamp(options)",
      "url": "https://webmachinelearning.github.io/webnn/#api-mlgraphbuilder-clamp-options"
    },
    "snapshot": {
      "number": "7.8.8.2",
      "spec": "Web Neural Network API",
      "text": "clamp(options)",
      "url": "https://www.w3.org/TR/webnn/#api-mlgraphbuilder-clamp-options"
    }
  },
  "#api-mlgraphbuilder-concat": {
    "current": {
      "number": "7.8.9",
      "spec": "Web Neural Network API",
      "text": "concat",
      "url": "https://webmachinelearning.github.io/webnn/#api-mlgraphbuilder-concat"
    },
    "snapshot": {
      "number": "7.8.9",
      "spec": "Web Neural Network API",
      "text": "concat",
      "url": "https://www.w3.org/TR/webnn/#api-mlgraphbuilder-concat"
    }
  },
  "#api-mlgraphbuilder-constant": {
    "current": {
      "number": "7.8.3",
      "spec": "Web Neural Network API",
      "text": "constant operands",
      "url": "https://webmachinelearning.github.io/webnn/#api-mlgraphbuilder-constant"
    },
    "snapshot": {
      "number": "7.8.3",
      "spec": "Web Neural Network API",
      "text": "constant operands",
      "url": "https://www.w3.org/TR/webnn/#api-mlgraphbuilder-constant"
    }
  },
  "#api-mlgraphbuilder-constant-bufferview": {
    "current": {
      "number": "7.8.3.1",
      "spec": "Web Neural Network API",
      "text": "constant(descriptor, bufferView)",
      "url": "https://webmachinelearning.github.io/webnn/#api-mlgraphbuilder-constant-bufferview"
    },
    "snapshot": {
      "number": "7.8.3.1",
      "spec": "Web Neural Network API",
      "text": "constant(descriptor, bufferView)",
      "url": "https://www.w3.org/TR/webnn/#api-mlgraphbuilder-constant-bufferview"
    }
  },
  "#api-mlgraphbuilder-constant-range": {
    "current": {
      "number": "7.8.3.3",
      "spec": "Web Neural Network API",
      "text": "constant(start, end, step, type)",
      "url": "https://webmachinelearning.github.io/webnn/#api-mlgraphbuilder-constant-range"
    },
    "snapshot": {
      "number": "7.8.3.3",
      "spec": "Web Neural Network API",
      "text": "constant(start, end, step, type)",
      "url": "https://www.w3.org/TR/webnn/#api-mlgraphbuilder-constant-range"
    }
  },
  "#api-mlgraphbuilder-constant-value-type": {
    "current": {
      "number": "7.8.3.2",
      "spec": "Web Neural Network API",
      "text": "constant(value, type)",
      "url": "https://webmachinelearning.github.io/webnn/#api-mlgraphbuilder-constant-value-type"
    },
    "snapshot": {
      "number": "7.8.3.2",
      "spec": "Web Neural Network API",
      "text": "constant(value, type)",
      "url": "https://www.w3.org/TR/webnn/#api-mlgraphbuilder-constant-value-type"
    }
  },
  "#api-mlgraphbuilder-constructor": {
    "current": {
      "number": "7.8.1",
      "spec": "Web Neural Network API",
      "text": "MLGraphBuilder constructor",
      "url": "https://webmachinelearning.github.io/webnn/#api-mlgraphbuilder-constructor"
    },
    "snapshot": {
      "number": "7.8.1",
      "spec": "Web Neural Network API",
      "text": "MLGraphBuilder constructor",
      "url": "https://www.w3.org/TR/webnn/#api-mlgraphbuilder-constructor"
    }
  },
  "#api-mlgraphbuilder-conv2d": {
    "current": {
      "number": "7.8.10",
      "spec": "Web Neural Network API",
      "text": "conv2d",
      "url": "https://webmachinelearning.github.io/webnn/#api-mlgraphbuilder-conv2d"
    },
    "snapshot": {
      "number": "7.8.10",
      "spec": "Web Neural Network API",
      "text": "conv2d",
      "url": "https://www.w3.org/TR/webnn/#api-mlgraphbuilder-conv2d"
    }
  },
  "#api-mlgraphbuilder-convtranspose2d": {
    "current": {
      "number": "7.8.11",
      "spec": "Web Neural Network API",
      "text": "convTranspose2d",
      "url": "https://webmachinelearning.github.io/webnn/#api-mlgraphbuilder-convtranspose2d"
    },
    "snapshot": {
      "number": "7.8.11",
      "spec": "Web Neural Network API",
      "text": "convTranspose2d",
      "url": "https://www.w3.org/TR/webnn/#api-mlgraphbuilder-convtranspose2d"
    }
  },
  "#api-mlgraphbuilder-elu": {
    "current": {
      "number": "7.8.15",
      "spec": "Web Neural Network API",
      "text": "elu",
      "url": "https://webmachinelearning.github.io/webnn/#api-mlgraphbuilder-elu"
    },
    "snapshot": {
      "number": "7.8.15",
      "spec": "Web Neural Network API",
      "text": "elu",
      "url": "https://www.w3.org/TR/webnn/#api-mlgraphbuilder-elu"
    }
  },
  "#api-mlgraphbuilder-elu-input-options": {
    "current": {
      "number": "7.8.15.1",
      "spec": "Web Neural Network API",
      "text": "elu(input, options)",
      "url": "https://webmachinelearning.github.io/webnn/#api-mlgraphbuilder-elu-input-options"
    },
    "snapshot": {
      "number": "7.8.15.1",
      "spec": "Web Neural Network API",
      "text": "elu(input, options)",
      "url": "https://www.w3.org/TR/webnn/#api-mlgraphbuilder-elu-input-options"
    }
  },
  "#api-mlgraphbuilder-elu-options": {
    "current": {
      "number": "7.8.15.2",
      "spec": "Web Neural Network API",
      "text": "elu(options)",
      "url": "https://webmachinelearning.github.io/webnn/#api-mlgraphbuilder-elu-options"
    },
    "snapshot": {
      "number": "7.8.15.2",
      "spec": "Web Neural Network API",
      "text": "elu(options)",
      "url": "https://www.w3.org/TR/webnn/#api-mlgraphbuilder-elu-options"
    }
  },
  "#api-mlgraphbuilder-expand": {
    "current": {
      "number": "7.8.16",
      "spec": "Web Neural Network API",
      "text": "expand",
      "url": "https://webmachinelearning.github.io/webnn/#api-mlgraphbuilder-expand"
    },
    "snapshot": {
      "number": "7.8.16",
      "spec": "Web Neural Network API",
      "text": "expand",
      "url": "https://www.w3.org/TR/webnn/#api-mlgraphbuilder-expand"
    }
  },
  "#api-mlgraphbuilder-gather": {
    "current": {
      "number": "7.8.17",
      "spec": "Web Neural Network API",
      "text": "gather",
      "url": "https://webmachinelearning.github.io/webnn/#api-mlgraphbuilder-gather"
    },
    "snapshot": {
      "number": "7.8.17",
      "spec": "Web Neural Network API",
      "text": "gather",
      "url": "https://www.w3.org/TR/webnn/#api-mlgraphbuilder-gather"
    }
  },
  "#api-mlgraphbuilder-gemm": {
    "current": {
      "number": "7.8.18",
      "spec": "Web Neural Network API",
      "text": "gemm",
      "url": "https://webmachinelearning.github.io/webnn/#api-mlgraphbuilder-gemm"
    },
    "snapshot": {
      "number": "7.8.18",
      "spec": "Web Neural Network API",
      "text": "gemm",
      "url": "https://www.w3.org/TR/webnn/#api-mlgraphbuilder-gemm"
    }
  },
  "#api-mlgraphbuilder-gru": {
    "current": {
      "number": "7.8.19",
      "spec": "Web Neural Network API",
      "text": "gru",
      "url": "https://webmachinelearning.github.io/webnn/#api-mlgraphbuilder-gru"
    },
    "snapshot": {
      "number": "7.8.19",
      "spec": "Web Neural Network API",
      "text": "gru",
      "url": "https://www.w3.org/TR/webnn/#api-mlgraphbuilder-gru"
    }
  },
  "#api-mlgraphbuilder-grucell": {
    "current": {
      "number": "7.8.20",
      "spec": "Web Neural Network API",
      "text": "gruCell",
      "url": "https://webmachinelearning.github.io/webnn/#api-mlgraphbuilder-grucell"
    },
    "snapshot": {
      "number": "7.8.20",
      "spec": "Web Neural Network API",
      "text": "gruCell",
      "url": "https://www.w3.org/TR/webnn/#api-mlgraphbuilder-grucell"
    }
  },
  "#api-mlgraphbuilder-hard-sigmoid": {
    "current": {
      "number": "7.8.21",
      "spec": "Web Neural Network API",
      "text": "hardSigmoid",
      "url": "https://webmachinelearning.github.io/webnn/#api-mlgraphbuilder-hard-sigmoid"
    },
    "snapshot": {
      "number": "7.8.21",
      "spec": "Web Neural Network API",
      "text": "hardSigmoid",
      "url": "https://www.w3.org/TR/webnn/#api-mlgraphbuilder-hard-sigmoid"
    }
  },
  "#api-mlgraphbuilder-hard-swish": {
    "current": {
      "number": "7.8.22",
      "spec": "Web Neural Network API",
      "text": "hardSwish",
      "url": "https://webmachinelearning.github.io/webnn/#api-mlgraphbuilder-hard-swish"
    },
    "snapshot": {
      "number": "7.8.22",
      "spec": "Web Neural Network API",
      "text": "hardSwish",
      "url": "https://www.w3.org/TR/webnn/#api-mlgraphbuilder-hard-swish"
    }
  },
  "#api-mlgraphbuilder-hardsigmoid-input-options": {
    "current": {
      "number": "7.8.21.1",
      "spec": "Web Neural Network API",
      "text": "hardSigmoid(input, options)",
      "url": "https://webmachinelearning.github.io/webnn/#api-mlgraphbuilder-hardsigmoid-input-options"
    },
    "snapshot": {
      "number": "7.8.21.1",
      "spec": "Web Neural Network API",
      "text": "hardSigmoid(input, options)",
      "url": "https://www.w3.org/TR/webnn/#api-mlgraphbuilder-hardsigmoid-input-options"
    }
  },
  "#api-mlgraphbuilder-hardsigmoid-options": {
    "current": {
      "number": "7.8.21.2",
      "spec": "Web Neural Network API",
      "text": "hardSigmoid(options)",
      "url": "https://webmachinelearning.github.io/webnn/#api-mlgraphbuilder-hardsigmoid-options"
    },
    "snapshot": {
      "number": "7.8.21.2",
      "spec": "Web Neural Network API",
      "text": "hardSigmoid(options)",
      "url": "https://www.w3.org/TR/webnn/#api-mlgraphbuilder-hardsigmoid-options"
    }
  },
  "#api-mlgraphbuilder-hardswish": {
    "current": {
      "number": "7.8.22.2",
      "spec": "Web Neural Network API",
      "text": "hardSwish()",
      "url": "https://webmachinelearning.github.io/webnn/#api-mlgraphbuilder-hardswish"
    },
    "snapshot": {
      "number": "7.8.22.2",
      "spec": "Web Neural Network API",
      "text": "hardSwish()",
      "url": "https://www.w3.org/TR/webnn/#api-mlgraphbuilder-hardswish"
    }
  },
  "#api-mlgraphbuilder-hardswish-input": {
    "current": {
      "number": "7.8.22.1",
      "spec": "Web Neural Network API",
      "text": "hardSwish(input)",
      "url": "https://webmachinelearning.github.io/webnn/#api-mlgraphbuilder-hardswish-input"
    },
    "snapshot": {
      "number": "7.8.22.1",
      "spec": "Web Neural Network API",
      "text": "hardSwish(input)",
      "url": "https://www.w3.org/TR/webnn/#api-mlgraphbuilder-hardswish-input"
    }
  },
  "#api-mlgraphbuilder-input": {
    "current": {
      "number": "7.8.2",
      "spec": "Web Neural Network API",
      "text": "input operands",
      "url": "https://webmachinelearning.github.io/webnn/#api-mlgraphbuilder-input"
    },
    "snapshot": {
      "number": "7.8.2",
      "spec": "Web Neural Network API",
      "text": "input operands",
      "url": "https://www.w3.org/TR/webnn/#api-mlgraphbuilder-input"
    }
  },
  "#api-mlgraphbuilder-instancenorm": {
    "current": {
      "number": "7.8.23",
      "spec": "Web Neural Network API",
      "text": "instanceNormalization",
      "url": "https://webmachinelearning.github.io/webnn/#api-mlgraphbuilder-instancenorm"
    },
    "snapshot": {
      "number": "7.8.23",
      "spec": "Web Neural Network API",
      "text": "instanceNormalization",
      "url": "https://www.w3.org/TR/webnn/#api-mlgraphbuilder-instancenorm"
    }
  },
  "#api-mlgraphbuilder-layernorm": {
    "current": {
      "number": "7.8.24",
      "spec": "Web Neural Network API",
      "text": "layerNormalization",
      "url": "https://webmachinelearning.github.io/webnn/#api-mlgraphbuilder-layernorm"
    },
    "snapshot": {
      "number": "7.8.24",
      "spec": "Web Neural Network API",
      "text": "layerNormalization",
      "url": "https://www.w3.org/TR/webnn/#api-mlgraphbuilder-layernorm"
    }
  },
  "#api-mlgraphbuilder-leaky-relu-input-options": {
    "current": {
      "number": "7.8.25.1",
      "spec": "Web Neural Network API",
      "text": "leakyRelu(input, options)",
      "url": "https://webmachinelearning.github.io/webnn/#api-mlgraphbuilder-leaky-relu-input-options"
    },
    "snapshot": {
      "number": "7.8.25.1",
      "spec": "Web Neural Network API",
      "text": "leakyRelu(input, options)",
      "url": "https://www.w3.org/TR/webnn/#api-mlgraphbuilder-leaky-relu-input-options"
    }
  },
  "#api-mlgraphbuilder-leaky-relu-options": {
    "current": {
      "number": "7.8.25.2",
      "spec": "Web Neural Network API",
      "text": "leakyRelu(options)",
      "url": "https://webmachinelearning.github.io/webnn/#api-mlgraphbuilder-leaky-relu-options"
    },
    "snapshot": {
      "number": "7.8.25.2",
      "spec": "Web Neural Network API",
      "text": "leakyRelu(options)",
      "url": "https://www.w3.org/TR/webnn/#api-mlgraphbuilder-leaky-relu-options"
    }
  },
  "#api-mlgraphbuilder-leakyrelu": {
    "current": {
      "number": "7.8.25",
      "spec": "Web Neural Network API",
      "text": "leakyRelu",
      "url": "https://webmachinelearning.github.io/webnn/#api-mlgraphbuilder-leakyrelu"
    },
    "snapshot": {
      "number": "7.8.25",
      "spec": "Web Neural Network API",
      "text": "leakyRelu",
      "url": "https://www.w3.org/TR/webnn/#api-mlgraphbuilder-leakyrelu"
    }
  },
  "#api-mlgraphbuilder-linear": {
    "current": {
      "number": "7.8.26",
      "spec": "Web Neural Network API",
      "text": "linear",
      "url": "https://webmachinelearning.github.io/webnn/#api-mlgraphbuilder-linear"
    },
    "snapshot": {
      "number": "7.8.26",
      "spec": "Web Neural Network API",
      "text": "linear",
      "url": "https://www.w3.org/TR/webnn/#api-mlgraphbuilder-linear"
    }
  },
  "#api-mlgraphbuilder-linear-input-options": {
    "current": {
      "number": "7.8.26.1",
      "spec": "Web Neural Network API",
      "text": "linear(input, options)",
      "url": "https://webmachinelearning.github.io/webnn/#api-mlgraphbuilder-linear-input-options"
    },
    "snapshot": {
      "number": "7.8.26.1",
      "spec": "Web Neural Network API",
      "text": "linear(input, options)",
      "url": "https://www.w3.org/TR/webnn/#api-mlgraphbuilder-linear-input-options"
    }
  },
  "#api-mlgraphbuilder-linear-options": {
    "current": {
      "number": "7.8.26.2",
      "spec": "Web Neural Network API",
      "text": "linear(options)",
      "url": "https://webmachinelearning.github.io/webnn/#api-mlgraphbuilder-linear-options"
    },
    "snapshot": {
      "number": "7.8.26.2",
      "spec": "Web Neural Network API",
      "text": "linear(options)",
      "url": "https://www.w3.org/TR/webnn/#api-mlgraphbuilder-linear-options"
    }
  },
  "#api-mlgraphbuilder-logical": {
    "current": {
      "number": "7.8.13",
      "spec": "Web Neural Network API",
      "text": "Element-wise logical operations",
      "url": "https://webmachinelearning.github.io/webnn/#api-mlgraphbuilder-logical"
    },
    "snapshot": {
      "number": "7.8.13",
      "spec": "Web Neural Network API",
      "text": "Element-wise logical operations",
      "url": "https://www.w3.org/TR/webnn/#api-mlgraphbuilder-logical"
    }
  },
  "#api-mlgraphbuilder-lstm": {
    "current": {
      "number": "7.8.27",
      "spec": "Web Neural Network API",
      "text": "lstm",
      "url": "https://webmachinelearning.github.io/webnn/#api-mlgraphbuilder-lstm"
    },
    "snapshot": {
      "number": "7.8.27",
      "spec": "Web Neural Network API",
      "text": "lstm",
      "url": "https://www.w3.org/TR/webnn/#api-mlgraphbuilder-lstm"
    }
  },
  "#api-mlgraphbuilder-lstmcell": {
    "current": {
      "number": "7.8.28",
      "spec": "Web Neural Network API",
      "text": "lstmCell",
      "url": "https://webmachinelearning.github.io/webnn/#api-mlgraphbuilder-lstmcell"
    },
    "snapshot": {
      "number": "7.8.28",
      "spec": "Web Neural Network API",
      "text": "lstmCell",
      "url": "https://www.w3.org/TR/webnn/#api-mlgraphbuilder-lstmcell"
    }
  },
  "#api-mlgraphbuilder-matmul": {
    "current": {
      "number": "7.8.29",
      "spec": "Web Neural Network API",
      "text": "matmul",
      "url": "https://webmachinelearning.github.io/webnn/#api-mlgraphbuilder-matmul"
    },
    "snapshot": {
      "number": "7.8.29",
      "spec": "Web Neural Network API",
      "text": "matmul",
      "url": "https://www.w3.org/TR/webnn/#api-mlgraphbuilder-matmul"
    }
  },
  "#api-mlgraphbuilder-pad": {
    "current": {
      "number": "7.8.30",
      "spec": "Web Neural Network API",
      "text": "pad",
      "url": "https://webmachinelearning.github.io/webnn/#api-mlgraphbuilder-pad"
    },
    "snapshot": {
      "number": "7.8.30",
      "spec": "Web Neural Network API",
      "text": "pad",
      "url": "https://www.w3.org/TR/webnn/#api-mlgraphbuilder-pad"
    }
  },
  "#api-mlgraphbuilder-pool2d": {
    "current": {
      "number": "7.8.31",
      "spec": "Web Neural Network API",
      "text": "Pooling operations",
      "url": "https://webmachinelearning.github.io/webnn/#api-mlgraphbuilder-pool2d"
    },
    "snapshot": {
      "number": "7.8.31",
      "spec": "Web Neural Network API",
      "text": "Pooling operations",
      "url": "https://www.w3.org/TR/webnn/#api-mlgraphbuilder-pool2d"
    }
  },
  "#api-mlgraphbuilder-pool2d-average": {
    "current": {
      "number": "7.8.31.1",
      "spec": "Web Neural Network API",
      "text": "averagePool2d",
      "url": "https://webmachinelearning.github.io/webnn/#api-mlgraphbuilder-pool2d-average"
    },
    "snapshot": {
      "number": "7.8.31.1",
      "spec": "Web Neural Network API",
      "text": "averagePool2d",
      "url": "https://www.w3.org/TR/webnn/#api-mlgraphbuilder-pool2d-average"
    }
  },
  "#api-mlgraphbuilder-pool2d-l2": {
    "current": {
      "number": "7.8.31.2",
      "spec": "Web Neural Network API",
      "text": "l2Pool2d",
      "url": "https://webmachinelearning.github.io/webnn/#api-mlgraphbuilder-pool2d-l2"
    },
    "snapshot": {
      "number": "7.8.31.2",
      "spec": "Web Neural Network API",
      "text": "l2Pool2d",
      "url": "https://www.w3.org/TR/webnn/#api-mlgraphbuilder-pool2d-l2"
    }
  },
  "#api-mlgraphbuilder-pool2d-max": {
    "current": {
      "number": "7.8.31.3",
      "spec": "Web Neural Network API",
      "text": "maxPool2d",
      "url": "https://webmachinelearning.github.io/webnn/#api-mlgraphbuilder-pool2d-max"
    },
    "snapshot": {
      "number": "7.8.31.3",
      "spec": "Web Neural Network API",
      "text": "maxPool2d",
      "url": "https://www.w3.org/TR/webnn/#api-mlgraphbuilder-pool2d-max"
    }
  },
  "#api-mlgraphbuilder-prelu": {
    "current": {
      "number": "7.8.32",
      "spec": "Web Neural Network API",
      "text": "prelu",
      "url": "https://webmachinelearning.github.io/webnn/#api-mlgraphbuilder-prelu"
    },
    "snapshot": {
      "number": "7.8.32",
      "spec": "Web Neural Network API",
      "text": "prelu",
      "url": "https://www.w3.org/TR/webnn/#api-mlgraphbuilder-prelu"
    }
  },
  "#api-mlgraphbuilder-reduce": {
    "current": {
      "number": "7.8.33",
      "spec": "Web Neural Network API",
      "text": "Reduction operations",
      "url": "https://webmachinelearning.github.io/webnn/#api-mlgraphbuilder-reduce"
    },
    "snapshot": {
      "number": "7.8.33",
      "spec": "Web Neural Network API",
      "text": "Reduction operations",
      "url": "https://www.w3.org/TR/webnn/#api-mlgraphbuilder-reduce"
    }
  },
  "#api-mlgraphbuilder-relu": {
    "current": {
      "number": "7.8.34.2",
      "spec": "Web Neural Network API",
      "text": "relu()",
      "url": "https://webmachinelearning.github.io/webnn/#api-mlgraphbuilder-relu"
    },
    "snapshot": {
      "number": "7.8.34.2",
      "spec": "Web Neural Network API",
      "text": "relu()",
      "url": "https://www.w3.org/TR/webnn/#api-mlgraphbuilder-relu"
    }
  },
  "#api-mlgraphbuilder-relu-input": {
    "current": {
      "number": "7.8.34.1",
      "spec": "Web Neural Network API",
      "text": "relu(input)",
      "url": "https://webmachinelearning.github.io/webnn/#api-mlgraphbuilder-relu-input"
    },
    "snapshot": {
      "number": "7.8.34.1",
      "spec": "Web Neural Network API",
      "text": "relu(input)",
      "url": "https://www.w3.org/TR/webnn/#api-mlgraphbuilder-relu-input"
    }
  },
  "#api-mlgraphbuilder-relu-method": {
    "current": {
      "number": "7.8.34",
      "spec": "Web Neural Network API",
      "text": "relu",
      "url": "https://webmachinelearning.github.io/webnn/#api-mlgraphbuilder-relu-method"
    },
    "snapshot": {
      "number": "7.8.34",
      "spec": "Web Neural Network API",
      "text": "relu",
      "url": "https://www.w3.org/TR/webnn/#api-mlgraphbuilder-relu-method"
    }
  },
  "#api-mlgraphbuilder-resample2d-method": {
    "current": {
      "number": "7.8.35",
      "spec": "Web Neural Network API",
      "text": "resample2d",
      "url": "https://webmachinelearning.github.io/webnn/#api-mlgraphbuilder-resample2d-method"
    },
    "snapshot": {
      "number": "7.8.35",
      "spec": "Web Neural Network API",
      "text": "resample2d",
      "url": "https://www.w3.org/TR/webnn/#api-mlgraphbuilder-resample2d-method"
    }
  },
  "#api-mlgraphbuilder-reshape-method": {
    "current": {
      "number": "7.8.36",
      "spec": "Web Neural Network API",
      "text": "reshape",
      "url": "https://webmachinelearning.github.io/webnn/#api-mlgraphbuilder-reshape-method"
    },
    "snapshot": {
      "number": "7.8.36",
      "spec": "Web Neural Network API",
      "text": "reshape",
      "url": "https://www.w3.org/TR/webnn/#api-mlgraphbuilder-reshape-method"
    }
  },
  "#api-mlgraphbuilder-sigmoid": {
    "current": {
      "number": "7.8.37.2",
      "spec": "Web Neural Network API",
      "text": "sigmoid()",
      "url": "https://webmachinelearning.github.io/webnn/#api-mlgraphbuilder-sigmoid"
    },
    "snapshot": {
      "number": "7.8.37.2",
      "spec": "Web Neural Network API",
      "text": "sigmoid()",
      "url": "https://www.w3.org/TR/webnn/#api-mlgraphbuilder-sigmoid"
    }
  },
  "#api-mlgraphbuilder-sigmoid-input": {
    "current": {
      "number": "7.8.37.1",
      "spec": "Web Neural Network API",
      "text": "sigmoid(input)",
      "url": "https://webmachinelearning.github.io/webnn/#api-mlgraphbuilder-sigmoid-input"
    },
    "snapshot": {
      "number": "7.8.37.1",
      "spec": "Web Neural Network API",
      "text": "sigmoid(input)",
      "url": "https://www.w3.org/TR/webnn/#api-mlgraphbuilder-sigmoid-input"
    }
  },
  "#api-mlgraphbuilder-sigmoid-method": {
    "current": {
      "number": "7.8.37",
      "spec": "Web Neural Network API",
      "text": "sigmoid",
      "url": "https://webmachinelearning.github.io/webnn/#api-mlgraphbuilder-sigmoid-method"
    },
    "snapshot": {
      "number": "7.8.37",
      "spec": "Web Neural Network API",
      "text": "sigmoid",
      "url": "https://www.w3.org/TR/webnn/#api-mlgraphbuilder-sigmoid-method"
    }
  },
  "#api-mlgraphbuilder-slice": {
    "current": {
      "number": "7.8.38",
      "spec": "Web Neural Network API",
      "text": "slice",
      "url": "https://webmachinelearning.github.io/webnn/#api-mlgraphbuilder-slice"
    },
    "snapshot": {
      "number": "7.8.38",
      "spec": "Web Neural Network API",
      "text": "slice",
      "url": "https://www.w3.org/TR/webnn/#api-mlgraphbuilder-slice"
    }
  },
  "#api-mlgraphbuilder-softmax": {
    "current": {
      "number": "7.8.39.2",
      "spec": "Web Neural Network API",
      "text": "softmax()",
      "url": "https://webmachinelearning.github.io/webnn/#api-mlgraphbuilder-softmax"
    },
    "snapshot": {
      "number": "7.8.39.2",
      "spec": "Web Neural Network API",
      "text": "softmax()",
      "url": "https://www.w3.org/TR/webnn/#api-mlgraphbuilder-softmax"
    }
  },
  "#api-mlgraphbuilder-softmax-input": {
    "current": {
      "number": "7.8.39.1",
      "spec": "Web Neural Network API",
      "text": "softmax(input)",
      "url": "https://webmachinelearning.github.io/webnn/#api-mlgraphbuilder-softmax-input"
    },
    "snapshot": {
      "number": "7.8.39.1",
      "spec": "Web Neural Network API",
      "text": "softmax(input)",
      "url": "https://www.w3.org/TR/webnn/#api-mlgraphbuilder-softmax-input"
    }
  },
  "#api-mlgraphbuilder-softmax-method": {
    "current": {
      "number": "7.8.39",
      "spec": "Web Neural Network API",
      "text": "softmax",
      "url": "https://webmachinelearning.github.io/webnn/#api-mlgraphbuilder-softmax-method"
    },
    "snapshot": {
      "number": "7.8.39",
      "spec": "Web Neural Network API",
      "text": "softmax",
      "url": "https://www.w3.org/TR/webnn/#api-mlgraphbuilder-softmax-method"
    }
  },
  "#api-mlgraphbuilder-softplus-input-options": {
    "current": {
      "number": "7.8.40.1",
      "spec": "Web Neural Network API",
      "text": "softplus(input, options)",
      "url": "https://webmachinelearning.github.io/webnn/#api-mlgraphbuilder-softplus-input-options"
    },
    "snapshot": {
      "number": "7.8.40.1",
      "spec": "Web Neural Network API",
      "text": "softplus(input, options)",
      "url": "https://www.w3.org/TR/webnn/#api-mlgraphbuilder-softplus-input-options"
    }
  },
  "#api-mlgraphbuilder-softplus-method": {
    "current": {
      "number": "7.8.40",
      "spec": "Web Neural Network API",
      "text": "softplus",
      "url": "https://webmachinelearning.github.io/webnn/#api-mlgraphbuilder-softplus-method"
    },
    "snapshot": {
      "number": "7.8.40",
      "spec": "Web Neural Network API",
      "text": "softplus",
      "url": "https://www.w3.org/TR/webnn/#api-mlgraphbuilder-softplus-method"
    }
  },
  "#api-mlgraphbuilder-softplus-options": {
    "current": {
      "number": "7.8.40.2",
      "spec": "Web Neural Network API",
      "text": "softplus(options)",
      "url": "https://webmachinelearning.github.io/webnn/#api-mlgraphbuilder-softplus-options"
    },
    "snapshot": {
      "number": "7.8.40.2",
      "spec": "Web Neural Network API",
      "text": "softplus(options)",
      "url": "https://www.w3.org/TR/webnn/#api-mlgraphbuilder-softplus-options"
    }
  },
  "#api-mlgraphbuilder-softsign": {
    "current": {
      "number": "7.8.41.2",
      "spec": "Web Neural Network API",
      "text": "softsign()",
      "url": "https://webmachinelearning.github.io/webnn/#api-mlgraphbuilder-softsign"
    },
    "snapshot": {
      "number": "7.8.41.2",
      "spec": "Web Neural Network API",
      "text": "softsign()",
      "url": "https://www.w3.org/TR/webnn/#api-mlgraphbuilder-softsign"
    }
  },
  "#api-mlgraphbuilder-softsign-input": {
    "current": {
      "number": "7.8.41.1",
      "spec": "Web Neural Network API",
      "text": "softsign(input)",
      "url": "https://webmachinelearning.github.io/webnn/#api-mlgraphbuilder-softsign-input"
    },
    "snapshot": {
      "number": "7.8.41.1",
      "spec": "Web Neural Network API",
      "text": "softsign(input)",
      "url": "https://www.w3.org/TR/webnn/#api-mlgraphbuilder-softsign-input"
    }
  },
  "#api-mlgraphbuilder-softsign-method": {
    "current": {
      "number": "7.8.41",
      "spec": "Web Neural Network API",
      "text": "softsign",
      "url": "https://webmachinelearning.github.io/webnn/#api-mlgraphbuilder-softsign-method"
    },
    "snapshot": {
      "number": "7.8.41",
      "spec": "Web Neural Network API",
      "text": "softsign",
      "url": "https://www.w3.org/TR/webnn/#api-mlgraphbuilder-softsign-method"
    }
  },
  "#api-mlgraphbuilder-split": {
    "current": {
      "number": "7.8.42",
      "spec": "Web Neural Network API",
      "text": "split",
      "url": "https://webmachinelearning.github.io/webnn/#api-mlgraphbuilder-split"
    },
    "snapshot": {
      "number": "7.8.42",
      "spec": "Web Neural Network API",
      "text": "split",
      "url": "https://www.w3.org/TR/webnn/#api-mlgraphbuilder-split"
    }
  },
  "#api-mlgraphbuilder-tanh": {
    "current": {
      "number": "7.8.43.2",
      "spec": "Web Neural Network API",
      "text": "tanh()",
      "url": "https://webmachinelearning.github.io/webnn/#api-mlgraphbuilder-tanh"
    },
    "snapshot": {
      "number": "7.8.43.2",
      "spec": "Web Neural Network API",
      "text": "tanh()",
      "url": "https://www.w3.org/TR/webnn/#api-mlgraphbuilder-tanh"
    }
  },
  "#api-mlgraphbuilder-tanh-input": {
    "current": {
      "number": "7.8.43.1",
      "spec": "Web Neural Network API",
      "text": "tanh(input)",
      "url": "https://webmachinelearning.github.io/webnn/#api-mlgraphbuilder-tanh-input"
    },
    "snapshot": {
      "number": "7.8.43.1",
      "spec": "Web Neural Network API",
      "text": "tanh(input)",
      "url": "https://www.w3.org/TR/webnn/#api-mlgraphbuilder-tanh-input"
    }
  },
  "#api-mlgraphbuilder-tanh-method": {
    "current": {
      "number": "7.8.43",
      "spec": "Web Neural Network API",
      "text": "tanh",
      "url": "https://webmachinelearning.github.io/webnn/#api-mlgraphbuilder-tanh-method"
    },
    "snapshot": {
      "number": "7.8.43",
      "spec": "Web Neural Network API",
      "text": "tanh",
      "url": "https://www.w3.org/TR/webnn/#api-mlgraphbuilder-tanh-method"
    }
  },
  "#api-mlgraphbuilder-transpose": {
    "current": {
      "number": "7.8.44",
      "spec": "Web Neural Network API",
      "text": "transpose",
      "url": "https://webmachinelearning.github.io/webnn/#api-mlgraphbuilder-transpose"
    },
    "snapshot": {
      "number": "7.8.44",
      "spec": "Web Neural Network API",
      "text": "transpose",
      "url": "https://www.w3.org/TR/webnn/#api-mlgraphbuilder-transpose"
    }
  },
  "#api-mlgraphbuilder-triangular": {
    "current": {
      "number": "7.8.45",
      "spec": "Web Neural Network API",
      "text": "triangular",
      "url": "https://webmachinelearning.github.io/webnn/#api-mlgraphbuilder-triangular"
    },
    "snapshot": {
      "number": "7.8.45",
      "spec": "Web Neural Network API",
      "text": "triangular",
      "url": "https://www.w3.org/TR/webnn/#api-mlgraphbuilder-triangular"
    }
  },
  "#api-mlgraphbuilder-unary": {
    "current": {
      "number": "7.8.14",
      "spec": "Web Neural Network API",
      "text": "Element-wise unary operations",
      "url": "https://webmachinelearning.github.io/webnn/#api-mlgraphbuilder-unary"
    },
    "snapshot": {
      "number": "7.8.14",
      "spec": "Web Neural Network API",
      "text": "Element-wise unary operations",
      "url": "https://www.w3.org/TR/webnn/#api-mlgraphbuilder-unary"
    }
  },
  "#api-mlgraphbuilder-where": {
    "current": {
      "number": "7.8.46",
      "spec": "Web Neural Network API",
      "text": "where",
      "url": "https://webmachinelearning.github.io/webnn/#api-mlgraphbuilder-where"
    },
    "snapshot": {
      "number": "7.8.46",
      "spec": "Web Neural Network API",
      "text": "where",
      "url": "https://www.w3.org/TR/webnn/#api-mlgraphbuilder-where"
    }
  },
  "#api-mloperand": {
    "current": {
      "number": "7.6",
      "spec": "Web Neural Network API",
      "text": "MLOperand interface",
      "url": "https://webmachinelearning.github.io/webnn/#api-mloperand"
    },
    "snapshot": {
      "number": "7.6",
      "spec": "Web Neural Network API",
      "text": "MLOperand interface",
      "url": "https://www.w3.org/TR/webnn/#api-mloperand"
    }
  },
  "#api-mloperand-create": {
    "current": {
      "number": "7.6.1",
      "spec": "Web Neural Network API",
      "text": "Creating an MLOperand",
      "url": "https://webmachinelearning.github.io/webnn/#api-mloperand-create"
    },
    "snapshot": {
      "number": "7.6.1",
      "spec": "Web Neural Network API",
      "text": "Creating an MLOperand",
      "url": "https://www.w3.org/TR/webnn/#api-mloperand-create"
    }
  },
  "#api-mloperand-datatype": {
    "current": {
      "number": "7.6.2",
      "spec": "Web Neural Network API",
      "text": "dataType()",
      "url": "https://webmachinelearning.github.io/webnn/#api-mloperand-datatype"
    },
    "snapshot": {
      "number": "7.6.2",
      "spec": "Web Neural Network API",
      "text": "dataType()",
      "url": "https://www.w3.org/TR/webnn/#api-mloperand-datatype"
    }
  },
  "#api-mloperand-shape": {
    "current": {
      "number": "7.6.3",
      "spec": "Web Neural Network API",
      "text": "shape()",
      "url": "https://webmachinelearning.github.io/webnn/#api-mloperand-shape"
    },
    "snapshot": {
      "number": "7.6.3",
      "spec": "Web Neural Network API",
      "text": "shape()",
      "url": "https://www.w3.org/TR/webnn/#api-mloperand-shape"
    }
  },
  "#api-mloperanddescriptor": {
    "current": {
      "number": "7.5",
      "spec": "Web Neural Network API",
      "text": "MLOperandDescriptor dictionary",
      "url": "https://webmachinelearning.github.io/webnn/#api-mloperanddescriptor"
    },
    "snapshot": {
      "number": "7.5",
      "spec": "Web Neural Network API",
      "text": "MLOperandDescriptor dictionary",
      "url": "https://www.w3.org/TR/webnn/#api-mloperanddescriptor"
    }
  },
  "#api-navigator-ml": {
    "current": {
      "number": "7.1",
      "spec": "Web Neural Network API",
      "text": "The navigator.ml interface",
      "url": "https://webmachinelearning.github.io/webnn/#api-navigator-ml"
    },
    "snapshot": {
      "number": "7.1",
      "spec": "Web Neural Network API",
      "text": "The navigator.ml interface",
      "url": "https://www.w3.org/TR/webnn/#api-navigator-ml"
    }
  },
  "#appendices": {
    "current": {
      "number": "",
      "spec": "Web Neural Network API",
      "text": "10. Appendices",
      "url": "https://webmachinelearning.github.io/webnn/#appendices"
    },
    "snapshot": {
      "number": "",
      "spec": "Web Neural Network API",
      "text": "10. Appendices",
      "url": "https://www.w3.org/TR/webnn/#appendices"
    }
  },
  "#appendices-mloperanddatatype-arraybufferview-compatibility": {
    "current": {
      "number": "10.1",
      "spec": "Web Neural Network API",
      "text": "MLOperandDataType and ArrayBufferView compatibility",
      "url": "https://webmachinelearning.github.io/webnn/#appendices-mloperanddatatype-arraybufferview-compatibility"
    },
    "snapshot": {
      "number": "10.1",
      "spec": "Web Neural Network API",
      "text": "MLOperandDataType and ArrayBufferView compatibility",
      "url": "https://www.w3.org/TR/webnn/#appendices-mloperanddatatype-arraybufferview-compatibility"
    }
  },
  "#ethics": {
    "current": {
      "number": "5",
      "spec": "Web Neural Network API",
      "text": "Ethical Considerations",
      "url": "https://webmachinelearning.github.io/webnn/#ethics"
    },
    "snapshot": {
      "number": "5",
      "spec": "Web Neural Network API",
      "text": "Ethical Considerations",
      "url": "https://www.w3.org/TR/webnn/#ethics"
    }
  },
  "#examples": {
    "current": {
      "number": "9",
      "spec": "Web Neural Network API",
      "text": "Examples",
      "url": "https://webmachinelearning.github.io/webnn/#examples"
    },
    "snapshot": {
      "number": "9",
      "spec": "Web Neural Network API",
      "text": "Examples",
      "url": "https://www.w3.org/TR/webnn/#examples"
    }
  },
  "#idl-index": {
    "current": {
      "number": "",
      "spec": "Web Neural Network API",
      "text": "IDL Index",
      "url": "https://webmachinelearning.github.io/webnn/#idl-index"
    },
    "snapshot": {
      "number": "",
      "spec": "Web Neural Network API",
      "text": "IDL Index",
      "url": "https://www.w3.org/TR/webnn/#idl-index"
    }
  },
  "#index": {
    "current": {
      "number": "",
      "spec": "Web Neural Network API",
      "text": "Index",
      "url": "https://webmachinelearning.github.io/webnn/#index"
    },
    "snapshot": {
      "number": "",
      "spec": "Web Neural Network API",
      "text": "Index",
      "url": "https://www.w3.org/TR/webnn/#index"
    }
  },
  "#index-defined-elsewhere": {
    "current": {
      "number": "",
      "spec": "Web Neural Network API",
      "text": "Terms defined by reference",
      "url": "https://webmachinelearning.github.io/webnn/#index-defined-elsewhere"
    },
    "snapshot": {
      "number": "",
      "spec": "Web Neural Network API",
      "text": "Terms defined by reference",
      "url": "https://www.w3.org/TR/webnn/#index-defined-elsewhere"
    }
  },
  "#index-defined-here": {
    "current": {
      "number": "",
      "spec": "Web Neural Network API",
      "text": "Terms defined by this specification",
      "url": "https://webmachinelearning.github.io/webnn/#index-defined-here"
    },
    "snapshot": {
      "number": "",
      "spec": "Web Neural Network API",
      "text": "Terms defined by this specification",
      "url": "https://www.w3.org/TR/webnn/#index-defined-here"
    }
  },
  "#informative": {
    "current": {
      "number": "",
      "spec": "Web Neural Network API",
      "text": "Informative References",
      "url": "https://webmachinelearning.github.io/webnn/#informative"
    },
    "snapshot": {
      "number": "",
      "spec": "Web Neural Network API",
      "text": "Informative References",
      "url": "https://www.w3.org/TR/webnn/#informative"
    }
  },
  "#intro": {
    "current": {
      "number": "1",
      "spec": "Web Neural Network API",
      "text": "Introduction",
      "url": "https://webmachinelearning.github.io/webnn/#intro"
    },
    "snapshot": {
      "number": "1",
      "spec": "Web Neural Network API",
      "text": "Introduction",
      "url": "https://www.w3.org/TR/webnn/#intro"
    }
  },
  "#issues-index": {
    "current": {
      "number": "",
      "spec": "Web Neural Network API",
      "text": "Issues Index",
      "url": "https://webmachinelearning.github.io/webnn/#issues-index"
    },
    "snapshot": {
      "number": "",
      "spec": "Web Neural Network API",
      "text": "Issues Index",
      "url": "https://www.w3.org/TR/webnn/#issues-index"
    }
  },
  "#mlnamedarraybufferviews-transfer-alg": {
    "current": {
      "number": "7.3.1",
      "spec": "Web Neural Network API",
      "text": "MLNamedArrayBufferViews transfer algorithm",
      "url": "https://webmachinelearning.github.io/webnn/#mlnamedarraybufferviews-transfer-alg"
    },
    "snapshot": {
      "number": "7.3.1",
      "spec": "Web Neural Network API",
      "text": "MLNamedArrayBufferViews transfer algorithm",
      "url": "https://www.w3.org/TR/webnn/#mlnamedarraybufferviews-transfer-alg"
    }
  },
  "#normative": {
    "current": {
      "number": "",
      "spec": "Web Neural Network API",
      "text": "Normative References",
      "url": "https://webmachinelearning.github.io/webnn/#normative"
    },
    "snapshot": {
      "number": "",
      "spec": "Web Neural Network API",
      "text": "Normative References",
      "url": "https://www.w3.org/TR/webnn/#normative"
    }
  },
  "#permissions-policy-integration": {
    "current": {
      "number": "7.2.1",
      "spec": "Web Neural Network API",
      "text": "Permissions Policy Integration",
      "url": "https://webmachinelearning.github.io/webnn/#permissions-policy-integration"
    },
    "snapshot": {
      "number": "7.2.1",
      "spec": "Web Neural Network API",
      "text": "Permissions Policy Integration",
      "url": "https://www.w3.org/TR/webnn/#permissions-policy-integration"
    }
  },
  "#privacy": {
    "current": {
      "number": "4",
      "spec": "Web Neural Network API",
      "text": "Privacy Considerations",
      "url": "https://webmachinelearning.github.io/webnn/#privacy"
    },
    "snapshot": {
      "number": "4",
      "spec": "Web Neural Network API",
      "text": "Privacy Considerations",
      "url": "https://www.w3.org/TR/webnn/#privacy"
    }
  },
  "#programming-model": {
    "current": {
      "number": "6",
      "spec": "Web Neural Network API",
      "text": "Programming Model",
      "url": "https://webmachinelearning.github.io/webnn/#programming-model"
    },
    "snapshot": {
      "number": "6",
      "spec": "Web Neural Network API",
      "text": "Programming Model",
      "url": "https://www.w3.org/TR/webnn/#programming-model"
    }
  },
  "#programming-model-device-selection": {
    "current": {
      "number": "6.2",
      "spec": "Web Neural Network API",
      "text": "Device Selection",
      "url": "https://webmachinelearning.github.io/webnn/#programming-model-device-selection"
    },
    "snapshot": {
      "number": "6.2",
      "spec": "Web Neural Network API",
      "text": "Device Selection",
      "url": "https://www.w3.org/TR/webnn/#programming-model-device-selection"
    }
  },
  "#programming-model-overview": {
    "current": {
      "number": "6.1",
      "spec": "Web Neural Network API",
      "text": "Overview",
      "url": "https://webmachinelearning.github.io/webnn/#programming-model-overview"
    },
    "snapshot": {
      "number": "6.1",
      "spec": "Web Neural Network API",
      "text": "Overview",
      "url": "https://www.w3.org/TR/webnn/#programming-model-overview"
    }
  },
  "#references": {
    "current": {
      "number": "",
      "spec": "Web Neural Network API",
      "text": "References",
      "url": "https://webmachinelearning.github.io/webnn/#references"
    },
    "snapshot": {
      "number": "",
      "spec": "Web Neural Network API",
      "text": "References",
      "url": "https://www.w3.org/TR/webnn/#references"
    }
  },
  "#security": {
    "current": {
      "number": "3",
      "spec": "Web Neural Network API",
      "text": "Security Considerations",
      "url": "https://webmachinelearning.github.io/webnn/#security"
    },
    "snapshot": {
      "number": "3",
      "spec": "Web Neural Network API",
      "text": "Security Considerations",
      "url": "https://www.w3.org/TR/webnn/#security"
    }
  },
  "#security-new-ops": {
    "current": {
      "number": "3.1",
      "spec": "Web Neural Network API",
      "text": "Guidelines for new operations",
      "url": "https://webmachinelearning.github.io/webnn/#security-new-ops"
    },
    "snapshot": {
      "number": "3.1",
      "spec": "Web Neural Network API",
      "text": "Guidelines for new operations",
      "url": "https://www.w3.org/TR/webnn/#security-new-ops"
    }
  },
  "#sotd": {
    "current": {
      "number": "",
      "spec": "Web Neural Network API",
      "text": "Status of this document",
      "url": "https://webmachinelearning.github.io/webnn/#sotd"
    },
    "snapshot": {
      "number": "",
      "spec": "Web Neural Network API",
      "text": "Status of this document",
      "url": "https://www.w3.org/TR/webnn/#sotd"
    }
  },
  "#title": {
    "current": {
      "number": "",
      "spec": "Web Neural Network API",
      "text": "Web Neural Network API",
      "url": "https://webmachinelearning.github.io/webnn/#title"
    },
    "snapshot": {
      "number": "",
      "spec": "Web Neural Network API",
      "text": "Web Neural Network API",
      "url": "https://www.w3.org/TR/webnn/#title"
    }
  },
  "#toc": {
    "current": {
      "number": "",
      "spec": "Web Neural Network API",
      "text": "Table of Contents",
      "url": "https://webmachinelearning.github.io/webnn/#toc"
    },
    "snapshot": {
      "number": "",
      "spec": "Web Neural Network API",
      "text": "Table of Contents",
      "url": "https://www.w3.org/TR/webnn/#toc"
    }
  },
  "#usecase-custom-layer": {
    "current": {
      "number": "2.2.1",
      "spec": "Web Neural Network API",
      "text": "Custom Layer",
      "url": "https://webmachinelearning.github.io/webnn/#usecase-custom-layer"
    },
    "snapshot": {
      "number": "2.2.1",
      "spec": "Web Neural Network API",
      "text": "Custom Layer",
      "url": "https://www.w3.org/TR/webnn/#usecase-custom-layer"
    }
  },
  "#usecase-detecting-fake-video": {
    "current": {
      "number": "2.1.16",
      "spec": "Web Neural Network API",
      "text": "Detecting fake video",
      "url": "https://webmachinelearning.github.io/webnn/#usecase-detecting-fake-video"
    },
    "snapshot": {
      "number": "2.1.16",
      "spec": "Web Neural Network API",
      "text": "Detecting fake video",
      "url": "https://www.w3.org/TR/webnn/#usecase-detecting-fake-video"
    }
  },
  "#usecase-emotion-analysis": {
    "current": {
      "number": "2.1.11",
      "spec": "Web Neural Network API",
      "text": "Emotion Analysis",
      "url": "https://webmachinelearning.github.io/webnn/#usecase-emotion-analysis"
    },
    "snapshot": {
      "number": "2.1.11",
      "spec": "Web Neural Network API",
      "text": "Emotion Analysis",
      "url": "https://www.w3.org/TR/webnn/#usecase-emotion-analysis"
    }
  },
  "#usecase-face-recognition": {
    "current": {
      "number": "2.1.4",
      "spec": "Web Neural Network API",
      "text": "Face Recognition",
      "url": "https://webmachinelearning.github.io/webnn/#usecase-face-recognition"
    },
    "snapshot": {
      "number": "2.1.4",
      "spec": "Web Neural Network API",
      "text": "Face Recognition",
      "url": "https://www.w3.org/TR/webnn/#usecase-face-recognition"
    }
  },
  "#usecase-facial-landmarks": {
    "current": {
      "number": "2.1.5",
      "spec": "Web Neural Network API",
      "text": "Facial Landmark Detection",
      "url": "https://webmachinelearning.github.io/webnn/#usecase-facial-landmarks"
    },
    "snapshot": {
      "number": "2.1.5",
      "spec": "Web Neural Network API",
      "text": "Facial Landmark Detection",
      "url": "https://www.w3.org/TR/webnn/#usecase-facial-landmarks"
    }
  },
  "#usecase-image-captioning": {
    "current": {
      "number": "2.1.8",
      "spec": "Web Neural Network API",
      "text": "Image Captioning",
      "url": "https://webmachinelearning.github.io/webnn/#usecase-image-captioning"
    },
    "snapshot": {
      "number": "2.1.8",
      "spec": "Web Neural Network API",
      "text": "Image Captioning",
      "url": "https://www.w3.org/TR/webnn/#usecase-image-captioning"
    }
  },
  "#usecase-network-concat": {
    "current": {
      "number": "2.2.2",
      "spec": "Web Neural Network API",
      "text": "Network Concatenation",
      "url": "https://webmachinelearning.github.io/webnn/#usecase-network-concat"
    },
    "snapshot": {
      "number": "2.2.2",
      "spec": "Web Neural Network API",
      "text": "Network Concatenation",
      "url": "https://www.w3.org/TR/webnn/#usecase-network-concat"
    }
  },
  "#usecase-noise-suppression": {
    "current": {
      "number": "2.1.13",
      "spec": "Web Neural Network API",
      "text": "Noise Suppression",
      "url": "https://webmachinelearning.github.io/webnn/#usecase-noise-suppression"
    },
    "snapshot": {
      "number": "2.1.13",
      "spec": "Web Neural Network API",
      "text": "Noise Suppression",
      "url": "https://www.w3.org/TR/webnn/#usecase-noise-suppression"
    }
  },
  "#usecase-op-level-exec": {
    "current": {
      "number": "2.2.4",
      "spec": "Web Neural Network API",
      "text": "Operation Level Execution",
      "url": "https://webmachinelearning.github.io/webnn/#usecase-op-level-exec"
    },
    "snapshot": {
      "number": "2.2.4",
      "spec": "Web Neural Network API",
      "text": "Operation Level Execution",
      "url": "https://www.w3.org/TR/webnn/#usecase-op-level-exec"
    }
  },
  "#usecase-perf-adapt": {
    "current": {
      "number": "2.2.3",
      "spec": "Web Neural Network API",
      "text": "Performance Adaptation",
      "url": "https://webmachinelearning.github.io/webnn/#usecase-perf-adapt"
    },
    "snapshot": {
      "number": "2.2.3",
      "spec": "Web Neural Network API",
      "text": "Performance Adaptation",
      "url": "https://www.w3.org/TR/webnn/#usecase-perf-adapt"
    }
  },
  "#usecase-person-detection": {
    "current": {
      "number": "2.1.1",
      "spec": "Web Neural Network API",
      "text": "Person Detection",
      "url": "https://webmachinelearning.github.io/webnn/#usecase-person-detection"
    },
    "snapshot": {
      "number": "2.1.1",
      "spec": "Web Neural Network API",
      "text": "Person Detection",
      "url": "https://www.w3.org/TR/webnn/#usecase-person-detection"
    }
  },
  "#usecase-real-time-video-processing": {
    "current": {
      "number": "2.2.5",
      "spec": "Web Neural Network API",
      "text": "Integration with real-time video processing",
      "url": "https://webmachinelearning.github.io/webnn/#usecase-real-time-video-processing"
    },
    "snapshot": {
      "number": "2.2.5",
      "spec": "Web Neural Network API",
      "text": "Integration with real-time video processing",
      "url": "https://www.w3.org/TR/webnn/#usecase-real-time-video-processing"
    }
  },
  "#usecase-segmentation": {
    "current": {
      "number": "2.1.2",
      "spec": "Web Neural Network API",
      "text": "Semantic Segmentation",
      "url": "https://webmachinelearning.github.io/webnn/#usecase-segmentation"
    },
    "snapshot": {
      "number": "2.1.2",
      "spec": "Web Neural Network API",
      "text": "Semantic Segmentation",
      "url": "https://www.w3.org/TR/webnn/#usecase-segmentation"
    }
  },
  "#usecase-skeleton-detection": {
    "current": {
      "number": "2.1.3",
      "spec": "Web Neural Network API",
      "text": "Skeleton Detection",
      "url": "https://webmachinelearning.github.io/webnn/#usecase-skeleton-detection"
    },
    "snapshot": {
      "number": "2.1.3",
      "spec": "Web Neural Network API",
      "text": "Skeleton Detection",
      "url": "https://www.w3.org/TR/webnn/#usecase-skeleton-detection"
    }
  },
  "#usecase-speech-recognition": {
    "current": {
      "number": "2.1.14",
      "spec": "Web Neural Network API",
      "text": "Speech Recognition",
      "url": "https://webmachinelearning.github.io/webnn/#usecase-speech-recognition"
    },
    "snapshot": {
      "number": "2.1.14",
      "spec": "Web Neural Network API",
      "text": "Speech Recognition",
      "url": "https://www.w3.org/TR/webnn/#usecase-speech-recognition"
    }
  },
  "#usecase-style-transfer": {
    "current": {
      "number": "2.1.6",
      "spec": "Web Neural Network API",
      "text": "Style Transfer",
      "url": "https://webmachinelearning.github.io/webnn/#usecase-style-transfer"
    },
    "snapshot": {
      "number": "2.1.6",
      "spec": "Web Neural Network API",
      "text": "Style Transfer",
      "url": "https://www.w3.org/TR/webnn/#usecase-style-transfer"
    }
  },
  "#usecase-super-resolution": {
    "current": {
      "number": "2.1.7",
      "spec": "Web Neural Network API",
      "text": "Super Resolution",
      "url": "https://webmachinelearning.github.io/webnn/#usecase-super-resolution"
    },
    "snapshot": {
      "number": "2.1.7",
      "spec": "Web Neural Network API",
      "text": "Super Resolution",
      "url": "https://www.w3.org/TR/webnn/#usecase-super-resolution"
    }
  },
  "#usecase-text-generation": {
    "current": {
      "number": "2.1.15",
      "spec": "Web Neural Network API",
      "text": "Text Generation",
      "url": "https://webmachinelearning.github.io/webnn/#usecase-text-generation"
    },
    "snapshot": {
      "number": "2.1.15",
      "spec": "Web Neural Network API",
      "text": "Text Generation",
      "url": "https://www.w3.org/TR/webnn/#usecase-text-generation"
    }
  },
  "#usecase-text-to-image": {
    "current": {
      "number": "2.1.9",
      "spec": "Web Neural Network API",
      "text": "Text-to-image",
      "url": "https://webmachinelearning.github.io/webnn/#usecase-text-to-image"
    },
    "snapshot": {
      "number": "2.1.9",
      "spec": "Web Neural Network API",
      "text": "Text-to-image",
      "url": "https://www.w3.org/TR/webnn/#usecase-text-to-image"
    }
  },
  "#usecase-translation": {
    "current": {
      "number": "2.1.10",
      "spec": "Web Neural Network API",
      "text": "Machine Translation",
      "url": "https://webmachinelearning.github.io/webnn/#usecase-translation"
    },
    "snapshot": {
      "number": "2.1.10",
      "spec": "Web Neural Network API",
      "text": "Machine Translation",
      "url": "https://www.w3.org/TR/webnn/#usecase-translation"
    }
  },
  "#usecase-video-summalization": {
    "current": {
      "number": "2.1.12",
      "spec": "Web Neural Network API",
      "text": "Video Summarization",
      "url": "https://webmachinelearning.github.io/webnn/#usecase-video-summalization"
    },
    "snapshot": {
      "number": "2.1.12",
      "spec": "Web Neural Network API",
      "text": "Video Summarization",
      "url": "https://www.w3.org/TR/webnn/#usecase-video-summalization"
    }
  },
  "#usecases": {
    "current": {
      "number": "2",
      "spec": "Web Neural Network API",
      "text": "Use cases",
      "url": "https://webmachinelearning.github.io/webnn/#usecases"
    },
    "snapshot": {
      "number": "2",
      "spec": "Web Neural Network API",
      "text": "Use cases",
      "url": "https://www.w3.org/TR/webnn/#usecases"
    }
  },
  "#usecases-application": {
    "current": {
      "number": "2.1",
      "spec": "Web Neural Network API",
      "text": "Application Use Cases",
      "url": "https://webmachinelearning.github.io/webnn/#usecases-application"
    },
    "snapshot": {
      "number": "2.1",
      "spec": "Web Neural Network API",
      "text": "Application Use Cases",
      "url": "https://www.w3.org/TR/webnn/#usecases-application"
    }
  },
  "#usecases-framework": {
    "current": {
      "number": "2.2",
      "spec": "Web Neural Network API",
      "text": "Framework Use Cases",
      "url": "https://webmachinelearning.github.io/webnn/#usecases-framework"
    },
    "snapshot": {
      "number": "2.2",
      "spec": "Web Neural Network API",
      "text": "Framework Use Cases",
      "url": "https://www.w3.org/TR/webnn/#usecases-framework"
    }
  },
  "#w3c-conformance": {
    "current": {
      "number": "",
      "spec": "Web Neural Network API",
      "text": "Conformance",
      "url": "https://webmachinelearning.github.io/webnn/#w3c-conformance"
    },
    "snapshot": {
      "number": "",
      "spec": "Web Neural Network API",
      "text": "Conformance",
      "url": "https://www.w3.org/TR/webnn/#w3c-conformance"
    }
  },
  "#w3c-conformant-algorithms": {
    "current": {
      "number": "",
      "spec": "Web Neural Network API",
      "text": "Conformant Algorithms",
      "url": "https://webmachinelearning.github.io/webnn/#w3c-conformant-algorithms"
    },
    "snapshot": {
      "number": "",
      "spec": "Web Neural Network API",
      "text": "Conformant Algorithms",
      "url": "https://www.w3.org/TR/webnn/#w3c-conformant-algorithms"
    }
  },
  "#w3c-conventions": {
    "current": {
      "number": "",
      "spec": "Web Neural Network API",
      "text": "Document conventions",
      "url": "https://webmachinelearning.github.io/webnn/#w3c-conventions"
    },
    "snapshot": {
      "number": "",
      "spec": "Web Neural Network API",
      "text": "Document conventions",
      "url": "https://www.w3.org/TR/webnn/#w3c-conventions"
    }
  }
}