{
  "#abstract": {
    "current": {
      "number": "",
      "spec": "H.264",
      "text": "Abstract",
      "url": "https://w3c.github.io/webcodecs/avc_codec_registration.html#abstract"
    },
    "snapshot": {
      "number": "",
      "spec": "H.264",
      "text": "Abstract",
      "url": "https://www.w3.org/TR/webcodecs-avc-codec-registration/#abstract"
    }
  },
  "#avc-bitstream-format": {
    "current": {
      "number": "5.2",
      "spec": "H.264",
      "text": "AvcBitstreamFormat",
      "url": "https://w3c.github.io/webcodecs/avc_codec_registration.html#avc-bitstream-format"
    },
    "snapshot": {
      "number": "5.2",
      "spec": "H.264",
      "text": "AvcBitstreamFormat",
      "url": "https://www.w3.org/TR/webcodecs-avc-codec-registration/#avc-bitstream-format"
    }
  },
  "#avc-encode-options": {
    "current": {
      "number": "6.1",
      "spec": "H.264",
      "text": "VideoEncoderEncodeOptionsForAvc",
      "url": "https://w3c.github.io/webcodecs/avc_codec_registration.html#avc-encode-options"
    },
    "snapshot": {
      "number": "6.1",
      "spec": "H.264",
      "text": "VideoEncoderEncodeOptionsForAvc",
      "url": "https://www.w3.org/TR/webcodecs-avc-codec-registration/#avc-encode-options"
    }
  },
  "#avc-encoder-config": {
    "current": {
      "number": "5.1",
      "spec": "H.264",
      "text": "AvcEncoderConfig",
      "url": "https://w3c.github.io/webcodecs/avc_codec_registration.html#avc-encoder-config"
    },
    "snapshot": {
      "number": "5.1",
      "spec": "H.264",
      "text": "AvcEncoderConfig",
      "url": "https://www.w3.org/TR/webcodecs-avc-codec-registration/#avc-encoder-config"
    }
  },
  "#encodedvideochunk-data": {
    "current": {
      "number": "2",
      "spec": "H.264",
      "text": "EncodedVideoChunk data",
      "url": "https://w3c.github.io/webcodecs/avc_codec_registration.html#encodedvideochunk-data"
    },
    "snapshot": {
      "number": "2",
      "spec": "H.264",
      "text": "EncodedVideoChunk data",
      "url": "https://www.w3.org/TR/webcodecs-avc-codec-registration/#encodedvideochunk-data"
    }
  },
  "#encodedvideochunk-type": {
    "current": {
      "number": "4",
      "spec": "H.264",
      "text": "EncodedVideoChunk type",
      "url": "https://w3c.github.io/webcodecs/avc_codec_registration.html#encodedvideochunk-type"
    },
    "snapshot": {
      "number": "4",
      "spec": "H.264",
      "text": "EncodedVideoChunk type",
      "url": "https://www.w3.org/TR/webcodecs-avc-codec-registration/#encodedvideochunk-type"
    }
  },
  "#fully-qualified-codec-strings": {
    "current": {
      "number": "1",
      "spec": "H.264",
      "text": "Fully qualified codec strings",
      "url": "https://w3c.github.io/webcodecs/avc_codec_registration.html#fully-qualified-codec-strings"
    },
    "snapshot": {
      "number": "1",
      "spec": "H.264",
      "text": "Fully qualified codec strings",
      "url": "https://www.w3.org/TR/webcodecs-avc-codec-registration/#fully-qualified-codec-strings"
    }
  },
  "#idl-index": {
    "current": {
      "number": "",
      "spec": "H.264",
      "text": "IDL Index",
      "url": "https://w3c.github.io/webcodecs/avc_codec_registration.html#idl-index"
    },
    "snapshot": {
      "number": "",
      "spec": "H.264",
      "text": "IDL Index",
      "url": "https://www.w3.org/TR/webcodecs-avc-codec-registration/#idl-index"
    }
  },
  "#index": {
    "current": {
      "number": "",
      "spec": "H.264",
      "text": "Index",
      "url": "https://w3c.github.io/webcodecs/avc_codec_registration.html#index"
    },
    "snapshot": {
      "number": "",
      "spec": "H.264",
      "text": "Index",
      "url": "https://www.w3.org/TR/webcodecs-avc-codec-registration/#index"
    }
  },
  "#index-defined-elsewhere": {
    "current": {
      "number": "",
      "spec": "H.264",
      "text": "Terms defined by reference",
      "url": "https://w3c.github.io/webcodecs/avc_codec_registration.html#index-defined-elsewhere"
    },
    "snapshot": {
      "number": "",
      "spec": "H.264",
      "text": "Terms defined by reference",
      "url": "https://www.w3.org/TR/webcodecs-avc-codec-registration/#index-defined-elsewhere"
    }
  },
  "#index-defined-here": {
    "current": {
      "number": "",
      "spec": "H.264",
      "text": "Terms defined by this specification",
      "url": "https://w3c.github.io/webcodecs/avc_codec_registration.html#index-defined-here"
    },
    "snapshot": {
      "number": "",
      "spec": "H.264",
      "text": "Terms defined by this specification",
      "url": "https://www.w3.org/TR/webcodecs-avc-codec-registration/#index-defined-here"
    }
  },
  "#informative": {
    "current": {
      "number": "",
      "spec": "H.264",
      "text": "Informative References",
      "url": "https://w3c.github.io/webcodecs/avc_codec_registration.html#informative"
    },
    "snapshot": {
      "number": "",
      "spec": "H.264",
      "text": "Informative References",
      "url": "https://www.w3.org/TR/webcodecs-avc-codec-registration/#informative"
    }
  },
  "#normative": {
    "current": {
      "number": "",
      "spec": "H.264",
      "text": "Normative References",
      "url": "https://w3c.github.io/webcodecs/avc_codec_registration.html#normative"
    },
    "snapshot": {
      "number": "",
      "spec": "H.264",
      "text": "Normative References",
      "url": "https://www.w3.org/TR/webcodecs-avc-codec-registration/#normative"
    }
  },
  "#privacy-considerations": {
    "current": {
      "number": "7",
      "spec": "H.264",
      "text": "Privacy Considerations",
      "url": "https://w3c.github.io/webcodecs/avc_codec_registration.html#privacy-considerations"
    },
    "snapshot": {
      "number": "7",
      "spec": "H.264",
      "text": "Privacy Considerations",
      "url": "https://www.w3.org/TR/webcodecs-avc-codec-registration/#privacy-considerations"
    }
  },
  "#references": {
    "current": {
      "number": "",
      "spec": "H.264",
      "text": "References",
      "url": "https://w3c.github.io/webcodecs/avc_codec_registration.html#references"
    },
    "snapshot": {
      "number": "",
      "spec": "H.264",
      "text": "References",
      "url": "https://www.w3.org/TR/webcodecs-avc-codec-registration/#references"
    }
  },
  "#security-considerations": {
    "current": {
      "number": "8",
      "spec": "H.264",
      "text": "Security Considerations",
      "url": "https://w3c.github.io/webcodecs/avc_codec_registration.html#security-considerations"
    },
    "snapshot": {
      "number": "8",
      "spec": "H.264",
      "text": "Security Considerations",
      "url": "https://www.w3.org/TR/webcodecs-avc-codec-registration/#security-considerations"
    }
  },
  "#sotd": {
    "current": {
      "number": "",
      "spec": "H.264",
      "text": "Status of this document",
      "url": "https://w3c.github.io/webcodecs/avc_codec_registration.html#sotd"
    },
    "snapshot": {
      "number": "",
      "spec": "H.264",
      "text": "Status of this document",
      "url": "https://www.w3.org/TR/webcodecs-avc-codec-registration/#sotd"
    }
  },
  "#title": {
    "current": {
      "number": "",
      "spec": "H.264",
      "text": "AVC (H.264) WebCodecs Registration",
      "url": "https://w3c.github.io/webcodecs/avc_codec_registration.html#title"
    },
    "snapshot": {
      "number": "",
      "spec": "H.264",
      "text": "AVC (H.264) WebCodecs Registration",
      "url": "https://www.w3.org/TR/webcodecs-avc-codec-registration/#title"
    }
  },
  "#toc": {
    "current": {
      "number": "",
      "spec": "H.264",
      "text": "Table of Contents",
      "url": "https://w3c.github.io/webcodecs/avc_codec_registration.html#toc"
    },
    "snapshot": {
      "number": "",
      "spec": "H.264",
      "text": "Table of Contents",
      "url": "https://www.w3.org/TR/webcodecs-avc-codec-registration/#toc"
    }
  },
  "#videodecoderconfig-description": {
    "current": {
      "number": "3",
      "spec": "H.264",
      "text": "VideoDecoderConfig description",
      "url": "https://w3c.github.io/webcodecs/avc_codec_registration.html#videodecoderconfig-description"
    },
    "snapshot": {
      "number": "3",
      "spec": "H.264",
      "text": "VideoDecoderConfig description",
      "url": "https://www.w3.org/TR/webcodecs-avc-codec-registration/#videodecoderconfig-description"
    }
  },
  "#videoencoderconfig-extensions": {
    "current": {
      "number": "5",
      "spec": "H.264",
      "text": "VideoEncoderConfig extensions",
      "url": "https://w3c.github.io/webcodecs/avc_codec_registration.html#videoencoderconfig-extensions"
    },
    "snapshot": {
      "number": "5",
      "spec": "H.264",
      "text": "VideoEncoderConfig extensions",
      "url": "https://www.w3.org/TR/webcodecs-avc-codec-registration/#videoencoderconfig-extensions"
    }
  },
  "#videoencoderencodeoptions-extensions": {
    "current": {
      "number": "6",
      "spec": "H.264",
      "text": "VideoEncoderEncodeOptions extensions",
      "url": "https://w3c.github.io/webcodecs/avc_codec_registration.html#videoencoderencodeoptions-extensions"
    },
    "snapshot": {
      "number": "6",
      "spec": "H.264",
      "text": "VideoEncoderEncodeOptions extensions",
      "url": "https://www.w3.org/TR/webcodecs-avc-codec-registration/#videoencoderencodeoptions-extensions"
    }
  },
  "#w3c-conformance": {
    "current": {
      "number": "",
      "spec": "H.264",
      "text": "Conformance",
      "url": "https://w3c.github.io/webcodecs/avc_codec_registration.html#w3c-conformance"
    },
    "snapshot": {
      "number": "",
      "spec": "H.264",
      "text": "Conformance",
      "url": "https://www.w3.org/TR/webcodecs-avc-codec-registration/#w3c-conformance"
    }
  },
  "#w3c-conventions": {
    "current": {
      "number": "",
      "spec": "H.264",
      "text": "Document conventions",
      "url": "https://w3c.github.io/webcodecs/avc_codec_registration.html#w3c-conventions"
    },
    "snapshot": {
      "number": "",
      "spec": "H.264",
      "text": "Document conventions",
      "url": "https://www.w3.org/TR/webcodecs-avc-codec-registration/#w3c-conventions"
    }
  }
}