{
  "#abstract": {
    "current": {
      "number": "",
      "spec": "Largest Contentful Paint",
      "text": "Abstract",
      "url": "https://w3c.github.io/largest-contentful-paint/#abstract"
    },
    "snapshot": {
      "number": "",
      "spec": "Largest Contentful Paint",
      "text": "Abstract",
      "url": "https://www.w3.org/TR/largest-contentful-paint/#abstract"
    }
  },
  "#idl-index": {
    "current": {
      "number": "",
      "spec": "Largest Contentful Paint",
      "text": "IDL Index",
      "url": "https://w3c.github.io/largest-contentful-paint/#idl-index"
    },
    "snapshot": {
      "number": "",
      "spec": "Largest Contentful Paint",
      "text": "IDL Index",
      "url": "https://www.w3.org/TR/largest-contentful-paint/#idl-index"
    }
  },
  "#index": {
    "current": {
      "number": "",
      "spec": "Largest Contentful Paint",
      "text": "Index",
      "url": "https://w3c.github.io/largest-contentful-paint/#index"
    },
    "snapshot": {
      "number": "",
      "spec": "Largest Contentful Paint",
      "text": "Index",
      "url": "https://www.w3.org/TR/largest-contentful-paint/#index"
    }
  },
  "#index-defined-elsewhere": {
    "current": {
      "number": "",
      "spec": "Largest Contentful Paint",
      "text": "Terms defined by reference",
      "url": "https://w3c.github.io/largest-contentful-paint/#index-defined-elsewhere"
    },
    "snapshot": {
      "number": "",
      "spec": "Largest Contentful Paint",
      "text": "Terms defined by reference",
      "url": "https://www.w3.org/TR/largest-contentful-paint/#index-defined-elsewhere"
    }
  },
  "#index-defined-here": {
    "current": {
      "number": "",
      "spec": "Largest Contentful Paint",
      "text": "Terms defined by this specification",
      "url": "https://w3c.github.io/largest-contentful-paint/#index-defined-here"
    },
    "snapshot": {
      "number": "",
      "spec": "Largest Contentful Paint",
      "text": "Terms defined by this specification",
      "url": "https://www.w3.org/TR/largest-contentful-paint/#index-defined-here"
    }
  },
  "#informative": {
    "current": {
      "number": "",
      "spec": "Largest Contentful Paint",
      "text": "Informative References",
      "url": "https://w3c.github.io/largest-contentful-paint/#informative"
    },
    "snapshot": {
      "number": "",
      "spec": "Largest Contentful Paint",
      "text": "Informative References",
      "url": "https://www.w3.org/TR/largest-contentful-paint/#informative"
    }
  },
  "#limitations": {
    "current": {
      "number": "1.3",
      "spec": "Largest Contentful Paint",
      "text": "Limitations",
      "url": "https://w3c.github.io/largest-contentful-paint/#limitations"
    },
    "snapshot": {
      "number": "1.3",
      "spec": "Largest Contentful Paint",
      "text": "Limitations",
      "url": "https://www.w3.org/TR/largest-contentful-paint/#limitations"
    }
  },
  "#normative": {
    "current": {
      "number": "",
      "spec": "Largest Contentful Paint",
      "text": "Normative References",
      "url": "https://w3c.github.io/largest-contentful-paint/#normative"
    },
    "snapshot": {
      "number": "",
      "spec": "Largest Contentful Paint",
      "text": "Normative References",
      "url": "https://www.w3.org/TR/largest-contentful-paint/#normative"
    }
  },
  "#references": {
    "current": {
      "number": "",
      "spec": "Largest Contentful Paint",
      "text": "References",
      "url": "https://w3c.github.io/largest-contentful-paint/#references"
    },
    "snapshot": {
      "number": "",
      "spec": "Largest Contentful Paint",
      "text": "References",
      "url": "https://www.w3.org/TR/largest-contentful-paint/#references"
    }
  },
  "#sec-add-lcp-entry": {
    "current": {
      "number": "4.4",
      "spec": "Largest Contentful Paint",
      "text": "Potentially add LargestContentfulPaint entry",
      "url": "https://w3c.github.io/largest-contentful-paint/#sec-add-lcp-entry"
    },
    "snapshot": {
      "number": "4.4",
      "spec": "Largest Contentful Paint",
      "text": "Potentially add LargestContentfulPaint entry",
      "url": "https://www.w3.org/TR/largest-contentful-paint/#sec-add-lcp-entry"
    }
  },
  "#sec-create-entry": {
    "current": {
      "number": "4.5",
      "spec": "Largest Contentful Paint",
      "text": "Create a LargestContentfulPaint entry",
      "url": "https://w3c.github.io/largest-contentful-paint/#sec-create-entry"
    },
    "snapshot": {
      "number": "4.5",
      "spec": "Largest Contentful Paint",
      "text": "Create a LargestContentfulPaint entry",
      "url": "https://www.w3.org/TR/largest-contentful-paint/#sec-create-entry"
    }
  },
  "#sec-effective-visual-size": {
    "current": {
      "number": "4.3",
      "spec": "Largest Contentful Paint",
      "text": "Determine the effective visual size of an element",
      "url": "https://w3c.github.io/largest-contentful-paint/#sec-effective-visual-size"
    },
    "snapshot": {
      "number": "4.3",
      "spec": "Largest Contentful Paint",
      "text": "Determine the effective visual size of an element",
      "url": "https://www.w3.org/TR/largest-contentful-paint/#sec-effective-visual-size"
    }
  },
  "#sec-example": {
    "current": {
      "number": "1.2",
      "spec": "Largest Contentful Paint",
      "text": "Usage example",
      "url": "https://w3c.github.io/largest-contentful-paint/#sec-example"
    },
    "snapshot": {
      "number": "1.2",
      "spec": "Largest Contentful Paint",
      "text": "Usage example",
      "url": "https://www.w3.org/TR/largest-contentful-paint/#sec-example"
    }
  },
  "#sec-intro": {
    "current": {
      "number": "1",
      "spec": "Largest Contentful Paint",
      "text": "Introduction",
      "url": "https://w3c.github.io/largest-contentful-paint/#sec-intro"
    },
    "snapshot": {
      "number": "1",
      "spec": "Largest Contentful Paint",
      "text": "Introduction",
      "url": "https://www.w3.org/TR/largest-contentful-paint/#sec-intro"
    }
  },
  "#sec-largest-content": {
    "current": {
      "number": "1.1",
      "spec": "Largest Contentful Paint",
      "text": "Largest content",
      "url": "https://w3c.github.io/largest-contentful-paint/#sec-largest-content"
    },
    "snapshot": {
      "number": "1.1",
      "spec": "Largest Contentful Paint",
      "text": "Largest content",
      "url": "https://www.w3.org/TR/largest-contentful-paint/#sec-largest-content"
    }
  },
  "#sec-largest-contentful-paint": {
    "current": {
      "number": "3",
      "spec": "Largest Contentful Paint",
      "text": "Largest Contentful Paint",
      "url": "https://w3c.github.io/largest-contentful-paint/#sec-largest-contentful-paint"
    },
    "snapshot": {
      "number": "3",
      "spec": "Largest Contentful Paint",
      "text": "Largest Contentful Paint",
      "url": "https://www.w3.org/TR/largest-contentful-paint/#sec-largest-contentful-paint"
    }
  },
  "#sec-largest-contentful-paint-interface": {
    "current": {
      "number": "3.1",
      "spec": "Largest Contentful Paint",
      "text": "LargestContentfulPaint interface",
      "url": "https://w3c.github.io/largest-contentful-paint/#sec-largest-contentful-paint-interface"
    },
    "snapshot": {
      "number": "3.1",
      "spec": "Largest Contentful Paint",
      "text": "LargestContentfulPaint interface",
      "url": "https://www.w3.org/TR/largest-contentful-paint/#sec-largest-contentful-paint-interface"
    }
  },
  "#sec-modifications-DOM": {
    "current": {
      "number": "4.1",
      "spec": "Largest Contentful Paint",
      "text": "Modifications to the DOM specification",
      "url": "https://w3c.github.io/largest-contentful-paint/#sec-modifications-DOM"
    },
    "snapshot": {
      "number": "4.1",
      "spec": "Largest Contentful Paint",
      "text": "Modifications to the DOM specification",
      "url": "https://www.w3.org/TR/largest-contentful-paint/#sec-modifications-DOM"
    }
  },
  "#sec-processing-model": {
    "current": {
      "number": "4",
      "spec": "Largest Contentful Paint",
      "text": "Processing model",
      "url": "https://w3c.github.io/largest-contentful-paint/#sec-processing-model"
    },
    "snapshot": {
      "number": "4",
      "spec": "Largest Contentful Paint",
      "text": "Processing model",
      "url": "https://www.w3.org/TR/largest-contentful-paint/#sec-processing-model"
    }
  },
  "#sec-report-largest-contentful-paint": {
    "current": {
      "number": "4.2",
      "spec": "Largest Contentful Paint",
      "text": "Report Largest Contentful Paint",
      "url": "https://w3c.github.io/largest-contentful-paint/#sec-report-largest-contentful-paint"
    },
    "snapshot": {
      "number": "4.2",
      "spec": "Largest Contentful Paint",
      "text": "Report Largest Contentful Paint",
      "url": "https://www.w3.org/TR/largest-contentful-paint/#sec-report-largest-contentful-paint"
    }
  },
  "#sec-security": {
    "current": {
      "number": "5",
      "spec": "Largest Contentful Paint",
      "text": "Security & privacy considerations",
      "url": "https://w3c.github.io/largest-contentful-paint/#sec-security"
    },
    "snapshot": {
      "number": "5",
      "spec": "Largest Contentful Paint",
      "text": "Security & privacy considerations",
      "url": "https://www.w3.org/TR/largest-contentful-paint/#sec-security"
    }
  },
  "#sec-terminology": {
    "current": {
      "number": "2",
      "spec": "Largest Contentful Paint",
      "text": "Terminology",
      "url": "https://w3c.github.io/largest-contentful-paint/#sec-terminology"
    },
    "snapshot": {
      "number": "2",
      "spec": "Largest Contentful Paint",
      "text": "Terminology",
      "url": "https://www.w3.org/TR/largest-contentful-paint/#sec-terminology"
    }
  },
  "#sotd": {
    "current": {
      "number": "",
      "spec": "Largest Contentful Paint",
      "text": "Status of this document",
      "url": "https://w3c.github.io/largest-contentful-paint/#sotd"
    },
    "snapshot": {
      "number": "",
      "spec": "Largest Contentful Paint",
      "text": "Status of this document",
      "url": "https://www.w3.org/TR/largest-contentful-paint/#sotd"
    }
  },
  "#title": {
    "current": {
      "number": "",
      "spec": "Largest Contentful Paint",
      "text": "Largest Contentful Paint",
      "url": "https://w3c.github.io/largest-contentful-paint/#title"
    },
    "snapshot": {
      "number": "",
      "spec": "Largest Contentful Paint",
      "text": "Largest Contentful Paint",
      "url": "https://www.w3.org/TR/largest-contentful-paint/#title"
    }
  },
  "#toc": {
    "current": {
      "number": "",
      "spec": "Largest Contentful Paint",
      "text": "Table of Contents",
      "url": "https://w3c.github.io/largest-contentful-paint/#toc"
    },
    "snapshot": {
      "number": "",
      "spec": "Largest Contentful Paint",
      "text": "Table of Contents",
      "url": "https://www.w3.org/TR/largest-contentful-paint/#toc"
    }
  },
  "#w3c-conformance": {
    "current": {
      "number": "",
      "spec": "Largest Contentful Paint",
      "text": "Conformance",
      "url": "https://w3c.github.io/largest-contentful-paint/#w3c-conformance"
    },
    "snapshot": {
      "number": "",
      "spec": "Largest Contentful Paint",
      "text": "Conformance",
      "url": "https://www.w3.org/TR/largest-contentful-paint/#w3c-conformance"
    }
  },
  "#w3c-conformant-algorithms": {
    "current": {
      "number": "",
      "spec": "Largest Contentful Paint",
      "text": "Conformant Algorithms",
      "url": "https://w3c.github.io/largest-contentful-paint/#w3c-conformant-algorithms"
    },
    "snapshot": {
      "number": "",
      "spec": "Largest Contentful Paint",
      "text": "Conformant Algorithms",
      "url": "https://www.w3.org/TR/largest-contentful-paint/#w3c-conformant-algorithms"
    }
  },
  "#w3c-conventions": {
    "current": {
      "number": "",
      "spec": "Largest Contentful Paint",
      "text": "Document conventions",
      "url": "https://w3c.github.io/largest-contentful-paint/#w3c-conventions"
    },
    "snapshot": {
      "number": "",
      "spec": "Largest Contentful Paint",
      "text": "Document conventions",
      "url": "https://www.w3.org/TR/largest-contentful-paint/#w3c-conventions"
    }
  }
}