{
  "#GM-chroma": {
    "current": {
      "number": "13.1.3",
      "spec": "CSS Color 4",
      "text": "Chroma Reduction",
      "url": "https://drafts.csswg.org/css-color-4/#GM-chroma"
    },
    "snapshot": {
      "number": "13.1.3",
      "spec": "CSS Color 4",
      "text": "Chroma Reduction",
      "url": "https://www.w3.org/TR/css-color-4/#GM-chroma"
    }
  },
  "#GM-chroma-local-MINDE": {
    "current": {
      "number": "13.1.5",
      "spec": "CSS Color 4",
      "text": "Chroma Reduction with Local Clipping",
      "url": "https://drafts.csswg.org/css-color-4/#GM-chroma-local-MINDE"
    },
    "snapshot": {
      "number": "13.1.5",
      "spec": "CSS Color 4",
      "text": "Chroma Reduction with Local Clipping",
      "url": "https://www.w3.org/TR/css-color-4/#GM-chroma-local-MINDE"
    }
  },
  "#GM-clip": {
    "current": {
      "number": "13.1.1",
      "spec": "CSS Color 4",
      "text": "Clipping",
      "url": "https://drafts.csswg.org/css-color-4/#GM-clip"
    },
    "snapshot": {
      "number": "13.1.1",
      "spec": "CSS Color 4",
      "text": "Clipping",
      "url": "https://www.w3.org/TR/css-color-4/#GM-clip"
    }
  },
  "#GM-closest": {
    "current": {
      "number": "13.1.2",
      "spec": "CSS Color 4",
      "text": "Closest Color (MINDE)",
      "url": "https://drafts.csswg.org/css-color-4/#GM-closest"
    },
    "snapshot": {
      "number": "13.1.2",
      "spec": "CSS Color 4",
      "text": "Closest Color (MINDE)",
      "url": "https://www.w3.org/TR/css-color-4/#GM-closest"
    }
  },
  "#GM-excessive-reduction": {
    "current": {
      "number": "13.1.4",
      "spec": "CSS Color 4",
      "text": "Excessive Chroma Reduction",
      "url": "https://drafts.csswg.org/css-color-4/#GM-excessive-reduction"
    },
    "snapshot": {
      "number": "13.1.4",
      "spec": "CSS Color 4",
      "text": "Excessive Chroma Reduction",
      "url": "https://www.w3.org/TR/css-color-4/#GM-excessive-reduction"
    }
  },
  "#GM-hue-curvature": {
    "current": {
      "number": "13.1.6",
      "spec": "CSS Color 4",
      "text": "Deviations from Perceptual Uniformity: Hue Curvature",
      "url": "https://drafts.csswg.org/css-color-4/#GM-hue-curvature"
    },
    "snapshot": {
      "number": "13.1.6",
      "spec": "CSS Color 4",
      "text": "Deviations from Perceptual Uniformity: Hue Curvature",
      "url": "https://www.w3.org/TR/css-color-4/#GM-hue-curvature"
    }
  },
  "#a11y-sec": {
    "current": {
      "number": "",
      "spec": "CSS Color 4",
      "text": "21. Accessibility Considerations",
      "url": "https://drafts.csswg.org/css-color-4/#a11y-sec"
    },
    "snapshot": {
      "number": "",
      "spec": "CSS Color 4",
      "text": "21. Accessibility Considerations",
      "url": "https://www.w3.org/TR/css-color-4/#a11y-sec"
    }
  },
  "#abstract": {
    "current": {
      "number": "",
      "spec": "CSS Color 4",
      "text": "Abstract",
      "url": "https://drafts.csswg.org/css-color-4/#abstract"
    },
    "snapshot": {
      "number": "",
      "spec": "CSS Color 4",
      "text": "Abstract",
      "url": "https://www.w3.org/TR/css-color-4/#abstract"
    }
  },
  "#accessibility": {
    "current": {
      "number": "3.1",
      "spec": "CSS Color 4",
      "text": "Accessibility and Conveying Information By Color",
      "url": "https://drafts.csswg.org/css-color-4/#accessibility"
    },
    "snapshot": {
      "number": "3.1",
      "spec": "CSS Color 4",
      "text": "Accessibility and Conveying Information By Color",
      "url": "https://www.w3.org/TR/css-color-4/#accessibility"
    }
  },
  "#acknowledgments": {
    "current": {
      "number": "",
      "spec": "CSS Color 4",
      "text": "Acknowledgments",
      "url": "https://drafts.csswg.org/css-color-4/#acknowledgments"
    },
    "snapshot": {
      "number": "",
      "spec": "CSS Color 4",
      "text": "Acknowledgments",
      "url": "https://www.w3.org/TR/css-color-4/#acknowledgments"
    }
  },
  "#alpha": {
    "current": {
      "number": "10.12",
      "spec": "CSS Color 4",
      "text": "Simple Alpha Compositing",
      "url": "https://drafts.csswg.org/css-color-4/#alpha"
    },
    "snapshot": {
      "number": "10.12",
      "spec": "CSS Color 4",
      "text": "Simple Alpha Compositing",
      "url": "https://www.w3.org/TR/css-color-4/#alpha"
    }
  },
  "#alpha-syntax": {
    "current": {
      "number": "4.2",
      "spec": "CSS Color 4",
      "text": "Representing Transparency in Colors: the <alpha-value> syntax",
      "url": "https://drafts.csswg.org/css-color-4/#alpha-syntax"
    },
    "snapshot": {
      "number": "4.2",
      "spec": "CSS Color 4",
      "text": "Representing Transparency in Colors: the <alpha-value> syntax",
      "url": "https://www.w3.org/TR/css-color-4/#alpha-syntax"
    }
  },
  "#applying-color": {
    "current": {
      "number": "3",
      "spec": "CSS Color 4",
      "text": "Applying Color in CSS",
      "url": "https://drafts.csswg.org/css-color-4/#applying-color"
    },
    "snapshot": {
      "number": "3",
      "spec": "CSS Color 4",
      "text": "Applying Color in CSS",
      "url": "https://www.w3.org/TR/css-color-4/#applying-color"
    }
  },
  "#binsearch": {
    "current": {
      "number": "13.2.1",
      "spec": "CSS Color 4",
      "text": "Sample Pseudocode for the Binary Search Gamut Mapping Algorithm with Local MINDE",
      "url": "https://drafts.csswg.org/css-color-4/#binsearch"
    },
    "snapshot": {
      "number": "13.2.1",
      "spec": "CSS Color 4",
      "text": "Sample Pseudocode for the Binary Search Gamut Mapping Algorithm with Local MINDE",
      "url": "https://www.w3.org/TR/css-color-4/#binsearch"
    }
  },
  "#changes": {
    "current": {
      "number": "",
      "spec": "CSS Color 4",
      "text": "Changes",
      "url": "https://drafts.csswg.org/css-color-4/#changes"
    },
    "snapshot": {
      "number": "",
      "spec": "CSS Color 4",
      "text": "Changes",
      "url": "https://www.w3.org/TR/css-color-4/#changes"
    }
  },
  "#changes-from-20160705": {
    "current": {
      "number": "",
      "spec": "CSS Color 4",
      "text": "Changes since Working Draft of 05 July 2016",
      "url": "https://drafts.csswg.org/css-color-4/#changes-from-20160705"
    },
    "snapshot": {
      "number": "",
      "spec": "CSS Color 4",
      "text": "Changes since Working Draft of 05 July 2016",
      "url": "https://www.w3.org/TR/css-color-4/#changes-from-20160705"
    }
  },
  "#changes-from-20191105": {
    "current": {
      "number": "",
      "spec": "CSS Color 4",
      "text": "Changes since Working Draft of 5 November 2019",
      "url": "https://drafts.csswg.org/css-color-4/#changes-from-20191105"
    },
    "snapshot": {
      "number": "",
      "spec": "CSS Color 4",
      "text": "Changes since Working Draft of 5 November 2019",
      "url": "https://www.w3.org/TR/css-color-4/#changes-from-20191105"
    }
  },
  "#changes-from-20201112": {
    "current": {
      "number": "",
      "spec": "CSS Color 4",
      "text": "Changes since the Working Draft of 12 November 2020",
      "url": "https://drafts.csswg.org/css-color-4/#changes-from-20201112"
    },
    "snapshot": {
      "number": "",
      "spec": "CSS Color 4",
      "text": "Changes since the Working Draft of 12 November 2020",
      "url": "https://www.w3.org/TR/css-color-4/#changes-from-20201112"
    }
  },
  "#changes-from-20210601": {
    "current": {
      "number": "",
      "spec": "CSS Color 4",
      "text": "Changes since the Working Draft of 1 June 2021",
      "url": "https://drafts.csswg.org/css-color-4/#changes-from-20210601"
    },
    "snapshot": {
      "number": "",
      "spec": "CSS Color 4",
      "text": "Changes since the Working Draft of 1 June 2021",
      "url": "https://www.w3.org/TR/css-color-4/#changes-from-20210601"
    }
  },
  "#changes-from-20211215": {
    "current": {
      "number": "",
      "spec": "CSS Color 4",
      "text": "Changes since the Working Draft of 15 December 2021",
      "url": "https://drafts.csswg.org/css-color-4/#changes-from-20211215"
    },
    "snapshot": {
      "number": "",
      "spec": "CSS Color 4",
      "text": "Changes since the Working Draft of 15 December 2021",
      "url": "https://www.w3.org/TR/css-color-4/#changes-from-20211215"
    }
  },
  "#changes-from-20220428": {
    "current": {
      "number": "",
      "spec": "CSS Color 4",
      "text": "Changes since the Working Draft of 28 April 2022",
      "url": "https://drafts.csswg.org/css-color-4/#changes-from-20220428"
    },
    "snapshot": {
      "number": "",
      "spec": "CSS Color 4",
      "text": "Changes since the Working Draft of 28 April 2022",
      "url": "https://www.w3.org/TR/css-color-4/#changes-from-20220428"
    }
  },
  "#changes-from-20220628": {
    "current": {
      "number": "",
      "spec": "CSS Color 4",
      "text": "Changes since the Working Draft of 28 June 2022",
      "url": "https://drafts.csswg.org/css-color-4/#changes-from-20220628"
    },
    "snapshot": {
      "number": "",
      "spec": "CSS Color 4",
      "text": "Changes since the Working Draft of 28 June 2022",
      "url": "https://www.w3.org/TR/css-color-4/#changes-from-20220628"
    }
  },
  "#changes-from-20220705": {
    "current": {
      "number": "",
      "spec": "CSS Color 4",
      "text": "Changes since the Candidate Recommendation of 5 July 2022",
      "url": "https://drafts.csswg.org/css-color-4/#changes-from-20220705"
    },
    "snapshot": {
      "number": "",
      "spec": "CSS Color 4",
      "text": "Changes since the Candidate Recommendation of 5 July 2022",
      "url": "https://www.w3.org/TR/css-color-4/#changes-from-20220705"
    }
  },
  "#changes-from-20221101": {
    "current": {
      "number": "",
      "spec": "CSS Color 4",
      "text": "Changes since the Candidate Recommendation Draft of 1 November 2022",
      "url": "https://drafts.csswg.org/css-color-4/#changes-from-20221101"
    },
    "snapshot": {
      "number": "",
      "spec": "CSS Color 4",
      "text": "Changes since the Candidate Recommendation Draft of 1 November 2022",
      "url": "https://www.w3.org/TR/css-color-4/#changes-from-20221101"
    }
  },
  "#changes-from-20240213": {
    "current": {
      "number": "",
      "spec": "CSS Color 4",
      "text": "Changes since the Candidate Recommendation Draft of 13 Feb 2024",
      "url": "https://drafts.csswg.org/css-color-4/#changes-from-20240213"
    }
  },
  "#changes-from-3": {
    "current": {
      "number": "",
      "spec": "CSS Color 4",
      "text": "Changes from Colors 3",
      "url": "https://drafts.csswg.org/css-color-4/#changes-from-3"
    },
    "snapshot": {
      "number": "",
      "spec": "CSS Color 4",
      "text": "Changes from Colors 3",
      "url": "https://www.w3.org/TR/css-color-4/#changes-from-3"
    }
  },
  "#cie-lab": {
    "current": {
      "number": "9.1",
      "spec": "CSS Color 4",
      "text": "CIE Lab and LCH",
      "url": "https://drafts.csswg.org/css-color-4/#cie-lab"
    },
    "snapshot": {
      "number": "9.1",
      "spec": "CSS Color 4",
      "text": "CIE Lab and LCH",
      "url": "https://www.w3.org/TR/css-color-4/#cie-lab"
    }
  },
  "#color-conversion": {
    "current": {
      "number": "",
      "spec": "CSS Color 4",
      "text": "11. Converting Colors",
      "url": "https://drafts.csswg.org/css-color-4/#color-conversion"
    },
    "snapshot": {
      "number": "",
      "spec": "CSS Color 4",
      "text": "11. Converting Colors",
      "url": "https://www.w3.org/TR/css-color-4/#color-conversion"
    }
  },
  "#color-conversion-code": {
    "current": {
      "number": "",
      "spec": "CSS Color 4",
      "text": "17. Sample code for Color Conversions",
      "url": "https://drafts.csswg.org/css-color-4/#color-conversion-code"
    },
    "snapshot": {
      "number": "",
      "spec": "CSS Color 4",
      "text": "17. Sample code for Color Conversions",
      "url": "https://www.w3.org/TR/css-color-4/#color-conversion-code"
    }
  },
  "#color-difference-2000": {
    "current": {
      "number": "18.1",
      "spec": "CSS Color 4",
      "text": "ΔE2000",
      "url": "https://drafts.csswg.org/css-color-4/#color-difference-2000"
    },
    "snapshot": {
      "number": "18.1",
      "spec": "CSS Color 4",
      "text": "ΔE2000",
      "url": "https://www.w3.org/TR/css-color-4/#color-difference-2000"
    }
  },
  "#color-difference-OK": {
    "current": {
      "number": "18.2",
      "spec": "CSS Color 4",
      "text": "ΔEOK",
      "url": "https://drafts.csswg.org/css-color-4/#color-difference-OK"
    },
    "snapshot": {
      "number": "18.2",
      "spec": "CSS Color 4",
      "text": "ΔEOK",
      "url": "https://www.w3.org/TR/css-color-4/#color-difference-OK"
    }
  },
  "#color-difference-code": {
    "current": {
      "number": "",
      "spec": "CSS Color 4",
      "text": "18. Sample Code for ΔE2000 and ΔEOK Color Differences",
      "url": "https://drafts.csswg.org/css-color-4/#color-difference-code"
    },
    "snapshot": {
      "number": "",
      "spec": "CSS Color 4",
      "text": "18. Sample Code for ΔE2000 and ΔEOK Color Differences",
      "url": "https://www.w3.org/TR/css-color-4/#color-difference-code"
    }
  },
  "#color-function": {
    "current": {
      "number": "10.1",
      "spec": "CSS Color 4",
      "text": "Specifying Predefined Colors: the color() function",
      "url": "https://drafts.csswg.org/css-color-4/#color-function"
    },
    "snapshot": {
      "number": "10.1",
      "spec": "CSS Color 4",
      "text": "Specifying Predefined Colors: the color() function",
      "url": "https://www.w3.org/TR/css-color-4/#color-function"
    }
  },
  "#color-keywords": {
    "current": {
      "number": "6",
      "spec": "CSS Color 4",
      "text": "Color Keywords",
      "url": "https://drafts.csswg.org/css-color-4/#color-keywords"
    },
    "snapshot": {
      "number": "6",
      "spec": "CSS Color 4",
      "text": "Color Keywords",
      "url": "https://www.w3.org/TR/css-color-4/#color-keywords"
    }
  },
  "#color-syntax": {
    "current": {
      "number": "4.1",
      "spec": "CSS Color 4",
      "text": "The <color> syntax",
      "url": "https://drafts.csswg.org/css-color-4/#color-syntax"
    },
    "snapshot": {
      "number": "4.1",
      "spec": "CSS Color 4",
      "text": "The <color> syntax",
      "url": "https://www.w3.org/TR/css-color-4/#color-syntax"
    }
  },
  "#color-syntax-legacy": {
    "current": {
      "number": "4.1.2",
      "spec": "CSS Color 4",
      "text": "Legacy (Comma-separated) Color Function Syntax",
      "url": "https://drafts.csswg.org/css-color-4/#color-syntax-legacy"
    },
    "snapshot": {
      "number": "4.1.2",
      "spec": "CSS Color 4",
      "text": "Legacy (Comma-separated) Color Function Syntax",
      "url": "https://www.w3.org/TR/css-color-4/#color-syntax-legacy"
    }
  },
  "#color-syntax-modern": {
    "current": {
      "number": "4.1.1",
      "spec": "CSS Color 4",
      "text": "Modern (Space-separated) Color Function Syntax",
      "url": "https://drafts.csswg.org/css-color-4/#color-syntax-modern"
    },
    "snapshot": {
      "number": "4.1.1",
      "spec": "CSS Color 4",
      "text": "Modern (Space-separated) Color Function Syntax",
      "url": "https://www.w3.org/TR/css-color-4/#color-syntax-modern"
    }
  },
  "#color-type": {
    "current": {
      "number": "4",
      "spec": "CSS Color 4",
      "text": "Representing Colors: the <color> type",
      "url": "https://drafts.csswg.org/css-color-4/#color-type"
    },
    "snapshot": {
      "number": "4",
      "spec": "CSS Color 4",
      "text": "Representing Colors: the <color> type",
      "url": "https://www.w3.org/TR/css-color-4/#color-type"
    }
  },
  "#css-gamut-mapping": {
    "current": {
      "number": "13.2",
      "spec": "CSS Color 4",
      "text": "CSS Gamut Mapping to an RGB Destination",
      "url": "https://drafts.csswg.org/css-color-4/#css-gamut-mapping"
    },
    "snapshot": {
      "number": "13.2",
      "spec": "CSS Color 4",
      "text": "CSS Gamut Mapping to an RGB Destination",
      "url": "https://www.w3.org/TR/css-color-4/#css-gamut-mapping"
    }
  },
  "#css-system-colors": {
    "current": {
      "number": "6.2",
      "spec": "CSS Color 4",
      "text": "System Colors",
      "url": "https://drafts.csswg.org/css-color-4/#css-system-colors"
    },
    "snapshot": {
      "number": "6.2",
      "spec": "CSS Color 4",
      "text": "System Colors",
      "url": "https://www.w3.org/TR/css-color-4/#css-system-colors"
    }
  },
  "#currentcolor-color": {
    "current": {
      "number": "6.4",
      "spec": "CSS Color 4",
      "text": "The currentcolor keyword",
      "url": "https://drafts.csswg.org/css-color-4/#currentcolor-color"
    },
    "snapshot": {
      "number": "6.4",
      "spec": "CSS Color 4",
      "text": "The currentcolor keyword",
      "url": "https://www.w3.org/TR/css-color-4/#currentcolor-color"
    }
  },
  "#deprecated-system-colors": {
    "current": {
      "number": "A",
      "spec": "CSS Color 4",
      "text": "Deprecated CSS System Colors",
      "url": "https://drafts.csswg.org/css-color-4/#deprecated-system-colors"
    },
    "snapshot": {
      "number": "A",
      "spec": "CSS Color 4",
      "text": "Deprecated CSS System Colors",
      "url": "https://www.w3.org/TR/css-color-4/#deprecated-system-colors"
    }
  },
  "#gamut-mapping": {
    "current": {
      "number": "",
      "spec": "CSS Color 4",
      "text": "13. Gamut Mapping",
      "url": "https://drafts.csswg.org/css-color-4/#gamut-mapping"
    },
    "snapshot": {
      "number": "",
      "spec": "CSS Color 4",
      "text": "13. Gamut Mapping",
      "url": "https://www.w3.org/TR/css-color-4/#gamut-mapping"
    }
  },
  "#gamut-mapping-intro": {
    "current": {
      "number": "13.1",
      "spec": "CSS Color 4",
      "text": "An Introduction to Gamut Mapping",
      "url": "https://drafts.csswg.org/css-color-4/#gamut-mapping-intro"
    },
    "snapshot": {
      "number": "13.1",
      "spec": "CSS Color 4",
      "text": "An Introduction to Gamut Mapping",
      "url": "https://www.w3.org/TR/css-color-4/#gamut-mapping-intro"
    }
  },
  "#hex-notation": {
    "current": {
      "number": "5.2",
      "spec": "CSS Color 4",
      "text": "The RGB Hexadecimal Notations: #RRGGBB",
      "url": "https://drafts.csswg.org/css-color-4/#hex-notation"
    },
    "snapshot": {
      "number": "5.2",
      "spec": "CSS Color 4",
      "text": "The RGB Hexadecimal Notations: #RRGGBB",
      "url": "https://www.w3.org/TR/css-color-4/#hex-notation"
    }
  },
  "#hsl-examples": {
    "current": {
      "number": "7.3",
      "spec": "CSS Color 4",
      "text": "Examples of HSL Colors",
      "url": "https://drafts.csswg.org/css-color-4/#hsl-examples"
    },
    "snapshot": {
      "number": "7.3",
      "spec": "CSS Color 4",
      "text": "Examples of HSL Colors",
      "url": "https://www.w3.org/TR/css-color-4/#hsl-examples"
    }
  },
  "#hsl-to-rgb": {
    "current": {
      "number": "7.1",
      "spec": "CSS Color 4",
      "text": "Converting HSL Colors to sRGB",
      "url": "https://drafts.csswg.org/css-color-4/#hsl-to-rgb"
    },
    "snapshot": {
      "number": "7.1",
      "spec": "CSS Color 4",
      "text": "Converting HSL Colors to sRGB",
      "url": "https://www.w3.org/TR/css-color-4/#hsl-to-rgb"
    }
  },
  "#hue-decreasing": {
    "current": {
      "number": "12.4.4",
      "spec": "CSS Color 4",
      "text": "decreasing",
      "url": "https://drafts.csswg.org/css-color-4/#hue-decreasing"
    },
    "snapshot": {
      "number": "12.4.4",
      "spec": "CSS Color 4",
      "text": "decreasing",
      "url": "https://www.w3.org/TR/css-color-4/#hue-decreasing"
    }
  },
  "#hue-increasing": {
    "current": {
      "number": "12.4.3",
      "spec": "CSS Color 4",
      "text": "increasing",
      "url": "https://drafts.csswg.org/css-color-4/#hue-increasing"
    },
    "snapshot": {
      "number": "12.4.3",
      "spec": "CSS Color 4",
      "text": "increasing",
      "url": "https://www.w3.org/TR/css-color-4/#hue-increasing"
    }
  },
  "#hue-interpolation": {
    "current": {
      "number": "12.4",
      "spec": "CSS Color 4",
      "text": "Hue Interpolation",
      "url": "https://drafts.csswg.org/css-color-4/#hue-interpolation"
    },
    "snapshot": {
      "number": "12.4",
      "spec": "CSS Color 4",
      "text": "Hue Interpolation",
      "url": "https://www.w3.org/TR/css-color-4/#hue-interpolation"
    }
  },
  "#hue-longer": {
    "current": {
      "number": "12.4.2",
      "spec": "CSS Color 4",
      "text": "longer",
      "url": "https://drafts.csswg.org/css-color-4/#hue-longer"
    },
    "snapshot": {
      "number": "12.4.2",
      "spec": "CSS Color 4",
      "text": "longer",
      "url": "https://www.w3.org/TR/css-color-4/#hue-longer"
    }
  },
  "#hue-shorter": {
    "current": {
      "number": "12.4.1",
      "spec": "CSS Color 4",
      "text": "shorter",
      "url": "https://drafts.csswg.org/css-color-4/#hue-shorter"
    },
    "snapshot": {
      "number": "12.4.1",
      "spec": "CSS Color 4",
      "text": "shorter",
      "url": "https://www.w3.org/TR/css-color-4/#hue-shorter"
    }
  },
  "#hue-syntax": {
    "current": {
      "number": "4.3",
      "spec": "CSS Color 4",
      "text": "Representing Cylindrical-coordinate Hues: the <hue> syntax",
      "url": "https://drafts.csswg.org/css-color-4/#hue-syntax"
    },
    "snapshot": {
      "number": "4.3",
      "spec": "CSS Color 4",
      "text": "Representing Cylindrical-coordinate Hues: the <hue> syntax",
      "url": "https://www.w3.org/TR/css-color-4/#hue-syntax"
    }
  },
  "#hwb-examples": {
    "current": {
      "number": "8.3",
      "spec": "CSS Color 4",
      "text": "Examples of HWB Colors",
      "url": "https://drafts.csswg.org/css-color-4/#hwb-examples"
    },
    "snapshot": {
      "number": "8.3",
      "spec": "CSS Color 4",
      "text": "Examples of HWB Colors",
      "url": "https://www.w3.org/TR/css-color-4/#hwb-examples"
    }
  },
  "#hwb-to-rgb": {
    "current": {
      "number": "8.1",
      "spec": "CSS Color 4",
      "text": "Converting HWB Colors to sRGB",
      "url": "https://drafts.csswg.org/css-color-4/#hwb-to-rgb"
    },
    "snapshot": {
      "number": "8.1",
      "spec": "CSS Color 4",
      "text": "Converting HWB Colors to sRGB",
      "url": "https://www.w3.org/TR/css-color-4/#hwb-to-rgb"
    }
  },
  "#index": {
    "current": {
      "number": "",
      "spec": "CSS Color 4",
      "text": "Index",
      "url": "https://drafts.csswg.org/css-color-4/#index"
    },
    "snapshot": {
      "number": "",
      "spec": "CSS Color 4",
      "text": "Index",
      "url": "https://www.w3.org/TR/css-color-4/#index"
    }
  },
  "#index-defined-elsewhere": {
    "current": {
      "number": "",
      "spec": "CSS Color 4",
      "text": "Terms defined by reference",
      "url": "https://drafts.csswg.org/css-color-4/#index-defined-elsewhere"
    },
    "snapshot": {
      "number": "",
      "spec": "CSS Color 4",
      "text": "Terms defined by reference",
      "url": "https://www.w3.org/TR/css-color-4/#index-defined-elsewhere"
    }
  },
  "#index-defined-here": {
    "current": {
      "number": "",
      "spec": "CSS Color 4",
      "text": "Terms defined by this specification",
      "url": "https://drafts.csswg.org/css-color-4/#index-defined-here"
    },
    "snapshot": {
      "number": "",
      "spec": "CSS Color 4",
      "text": "Terms defined by this specification",
      "url": "https://www.w3.org/TR/css-color-4/#index-defined-here"
    }
  },
  "#informative": {
    "current": {
      "number": "",
      "spec": "CSS Color 4",
      "text": "Informative References",
      "url": "https://drafts.csswg.org/css-color-4/#informative"
    },
    "snapshot": {
      "number": "",
      "spec": "CSS Color 4",
      "text": "Informative References",
      "url": "https://www.w3.org/TR/css-color-4/#informative"
    }
  },
  "#interpolation": {
    "current": {
      "number": "",
      "spec": "CSS Color 4",
      "text": "12. Color Interpolation",
      "url": "https://drafts.csswg.org/css-color-4/#interpolation"
    },
    "snapshot": {
      "number": "",
      "spec": "CSS Color 4",
      "text": "12. Color Interpolation",
      "url": "https://www.w3.org/TR/css-color-4/#interpolation"
    }
  },
  "#interpolation-alpha": {
    "current": {
      "number": "12.3",
      "spec": "CSS Color 4",
      "text": "Interpolating with Alpha",
      "url": "https://drafts.csswg.org/css-color-4/#interpolation-alpha"
    },
    "snapshot": {
      "number": "12.3",
      "spec": "CSS Color 4",
      "text": "Interpolating with Alpha",
      "url": "https://www.w3.org/TR/css-color-4/#interpolation-alpha"
    }
  },
  "#interpolation-missing": {
    "current": {
      "number": "12.2",
      "spec": "CSS Color 4",
      "text": "Interpolating with Missing Components",
      "url": "https://drafts.csswg.org/css-color-4/#interpolation-missing"
    },
    "snapshot": {
      "number": "12.2",
      "spec": "CSS Color 4",
      "text": "Interpolating with Missing Components",
      "url": "https://www.w3.org/TR/css-color-4/#interpolation-missing"
    }
  },
  "#interpolation-space": {
    "current": {
      "number": "12.1",
      "spec": "CSS Color 4",
      "text": "Color Space for Interpolation",
      "url": "https://drafts.csswg.org/css-color-4/#interpolation-space"
    },
    "snapshot": {
      "number": "12.1",
      "spec": "CSS Color 4",
      "text": "Color Space for Interpolation",
      "url": "https://www.w3.org/TR/css-color-4/#interpolation-space"
    }
  },
  "#introduction": {
    "current": {
      "number": "1",
      "spec": "CSS Color 4",
      "text": "Introduction",
      "url": "https://drafts.csswg.org/css-color-4/#introduction"
    },
    "snapshot": {
      "number": "1",
      "spec": "CSS Color 4",
      "text": "Introduction",
      "url": "https://www.w3.org/TR/css-color-4/#introduction"
    }
  },
  "#lab-colors": {
    "current": {
      "number": "9",
      "spec": "CSS Color 4",
      "text": "Device-independent Colors: CIE Lab and LCH, Oklab and Oklch",
      "url": "https://drafts.csswg.org/css-color-4/#lab-colors"
    },
    "snapshot": {
      "number": "9",
      "spec": "CSS Color 4",
      "text": "Device-independent Colors: CIE Lab and LCH, Oklab and Oklch",
      "url": "https://www.w3.org/TR/css-color-4/#lab-colors"
    }
  },
  "#lab-to-lch": {
    "current": {
      "number": "9.5",
      "spec": "CSS Color 4",
      "text": "Converting Lab or Oklab colors to LCH or Oklch colors",
      "url": "https://drafts.csswg.org/css-color-4/#lab-to-lch"
    },
    "snapshot": {
      "number": "9.5",
      "spec": "CSS Color 4",
      "text": "Converting Lab or Oklab colors to LCH or Oklch colors",
      "url": "https://www.w3.org/TR/css-color-4/#lab-to-lch"
    }
  },
  "#lch-to-lab": {
    "current": {
      "number": "9.6",
      "spec": "CSS Color 4",
      "text": "Converting LCH or Oklch colors to Lab or Oklab colors",
      "url": "https://drafts.csswg.org/css-color-4/#lch-to-lab"
    },
    "snapshot": {
      "number": "9.6",
      "spec": "CSS Color 4",
      "text": "Converting LCH or Oklch colors to Lab or Oklab colors",
      "url": "https://www.w3.org/TR/css-color-4/#lch-to-lab"
    }
  },
  "#missing": {
    "current": {
      "number": "4.4",
      "spec": "CSS Color 4",
      "text": "“Missing” Color Components and the none Keyword",
      "url": "https://drafts.csswg.org/css-color-4/#missing"
    },
    "snapshot": {
      "number": "4.4",
      "spec": "CSS Color 4",
      "text": "“Missing” Color Components and the none Keyword",
      "url": "https://www.w3.org/TR/css-color-4/#missing"
    }
  },
  "#named-colors": {
    "current": {
      "number": "6.1",
      "spec": "CSS Color 4",
      "text": "Named Colors",
      "url": "https://drafts.csswg.org/css-color-4/#named-colors"
    },
    "snapshot": {
      "number": "6.1",
      "spec": "CSS Color 4",
      "text": "Named Colors",
      "url": "https://www.w3.org/TR/css-color-4/#named-colors"
    }
  },
  "#normative": {
    "current": {
      "number": "",
      "spec": "CSS Color 4",
      "text": "Normative References",
      "url": "https://drafts.csswg.org/css-color-4/#normative"
    },
    "snapshot": {
      "number": "",
      "spec": "CSS Color 4",
      "text": "Normative References",
      "url": "https://www.w3.org/TR/css-color-4/#normative"
    }
  },
  "#numeric-srgb": {
    "current": {
      "number": "5",
      "spec": "CSS Color 4",
      "text": "sRGB Colors",
      "url": "https://drafts.csswg.org/css-color-4/#numeric-srgb"
    },
    "snapshot": {
      "number": "5",
      "spec": "CSS Color 4",
      "text": "sRGB Colors",
      "url": "https://www.w3.org/TR/css-color-4/#numeric-srgb"
    }
  },
  "#ok-lab": {
    "current": {
      "number": "9.2",
      "spec": "CSS Color 4",
      "text": "Oklab and Oklch",
      "url": "https://drafts.csswg.org/css-color-4/#ok-lab"
    },
    "snapshot": {
      "number": "9.2",
      "spec": "CSS Color 4",
      "text": "Oklab and Oklch",
      "url": "https://www.w3.org/TR/css-color-4/#ok-lab"
    }
  },
  "#oklab-lab-to-predefined": {
    "current": {
      "number": "10.10",
      "spec": "CSS Color 4",
      "text": "Converting Lab or Oklab to Predefined RGB Color Spaces",
      "url": "https://drafts.csswg.org/css-color-4/#oklab-lab-to-predefined"
    },
    "snapshot": {
      "number": "10.10",
      "spec": "CSS Color 4",
      "text": "Converting Lab or Oklab to Predefined RGB Color Spaces",
      "url": "https://www.w3.org/TR/css-color-4/#oklab-lab-to-predefined"
    }
  },
  "#parse-color": {
    "current": {
      "number": "4.5",
      "spec": "CSS Color 4",
      "text": "Parsing a <color> Value",
      "url": "https://drafts.csswg.org/css-color-4/#parse-color"
    },
    "snapshot": {
      "number": "4.5",
      "spec": "CSS Color 4",
      "text": "Parsing a <color> Value",
      "url": "https://www.w3.org/TR/css-color-4/#parse-color"
    }
  },
  "#powerless": {
    "current": {
      "number": "4.4.1",
      "spec": "CSS Color 4",
      "text": "“Powerless” Color Components",
      "url": "https://drafts.csswg.org/css-color-4/#powerless"
    },
    "snapshot": {
      "number": "4.4.1",
      "spec": "CSS Color 4",
      "text": "“Powerless” Color Components",
      "url": "https://www.w3.org/TR/css-color-4/#powerless"
    }
  },
  "#predefined": {
    "current": {
      "number": "",
      "spec": "CSS Color 4",
      "text": "10. Predefined Color Spaces",
      "url": "https://drafts.csswg.org/css-color-4/#predefined"
    },
    "snapshot": {
      "number": "",
      "spec": "CSS Color 4",
      "text": "10. Predefined Color Spaces",
      "url": "https://www.w3.org/TR/css-color-4/#predefined"
    }
  },
  "#predefined-a98-rgb": {
    "current": {
      "number": "10.5",
      "spec": "CSS Color 4",
      "text": "The Predefined A98 RGB Color Space: the a98-rgb keyword",
      "url": "https://drafts.csswg.org/css-color-4/#predefined-a98-rgb"
    },
    "snapshot": {
      "number": "10.5",
      "spec": "CSS Color 4",
      "text": "The Predefined A98 RGB Color Space: the a98-rgb keyword",
      "url": "https://www.w3.org/TR/css-color-4/#predefined-a98-rgb"
    }
  },
  "#predefined-display-p3": {
    "current": {
      "number": "10.4",
      "spec": "CSS Color 4",
      "text": "The Predefined Display P3 Color Space: the display-p3 keyword",
      "url": "https://drafts.csswg.org/css-color-4/#predefined-display-p3"
    },
    "snapshot": {
      "number": "10.4",
      "spec": "CSS Color 4",
      "text": "The Predefined Display P3 Color Space: the display-p3 keyword",
      "url": "https://www.w3.org/TR/css-color-4/#predefined-display-p3"
    }
  },
  "#predefined-prophoto-rgb": {
    "current": {
      "number": "10.6",
      "spec": "CSS Color 4",
      "text": "The Predefined ProPhoto RGB Color Space: the prophoto-rgb keyword",
      "url": "https://drafts.csswg.org/css-color-4/#predefined-prophoto-rgb"
    },
    "snapshot": {
      "number": "10.6",
      "spec": "CSS Color 4",
      "text": "The Predefined ProPhoto RGB Color Space: the prophoto-rgb keyword",
      "url": "https://www.w3.org/TR/css-color-4/#predefined-prophoto-rgb"
    }
  },
  "#predefined-rec2020": {
    "current": {
      "number": "10.7",
      "spec": "CSS Color 4",
      "text": "The Predefined ITU-R BT.2020-2 Color Space: the rec2020 keyword",
      "url": "https://drafts.csswg.org/css-color-4/#predefined-rec2020"
    },
    "snapshot": {
      "number": "10.7",
      "spec": "CSS Color 4",
      "text": "The Predefined ITU-R BT.2020-2 Color Space: the rec2020 keyword",
      "url": "https://www.w3.org/TR/css-color-4/#predefined-rec2020"
    }
  },
  "#predefined-sRGB": {
    "current": {
      "number": "10.2",
      "spec": "CSS Color 4",
      "text": "The Predefined sRGB Color Space: the sRGB keyword",
      "url": "https://drafts.csswg.org/css-color-4/#predefined-sRGB"
    },
    "snapshot": {
      "number": "10.2",
      "spec": "CSS Color 4",
      "text": "The Predefined sRGB Color Space: the sRGB keyword",
      "url": "https://www.w3.org/TR/css-color-4/#predefined-sRGB"
    }
  },
  "#predefined-sRGB-linear": {
    "current": {
      "number": "10.3",
      "spec": "CSS Color 4",
      "text": "The Predefined Linear-light sRGB Color Space: the srgb-linear keyword",
      "url": "https://drafts.csswg.org/css-color-4/#predefined-sRGB-linear"
    },
    "snapshot": {
      "number": "10.3",
      "spec": "CSS Color 4",
      "text": "The Predefined Linear-light sRGB Color Space: the srgb-linear keyword",
      "url": "https://www.w3.org/TR/css-color-4/#predefined-sRGB-linear"
    }
  },
  "#predefined-to-lab-oklab": {
    "current": {
      "number": "10.9",
      "spec": "CSS Color 4",
      "text": "Converting Predefined Color Spaces to Lab or Oklab",
      "url": "https://drafts.csswg.org/css-color-4/#predefined-to-lab-oklab"
    },
    "snapshot": {
      "number": "10.9",
      "spec": "CSS Color 4",
      "text": "Converting Predefined Color Spaces to Lab or Oklab",
      "url": "https://www.w3.org/TR/css-color-4/#predefined-to-lab-oklab"
    }
  },
  "#predefined-to-predefined": {
    "current": {
      "number": "10.11",
      "spec": "CSS Color 4",
      "text": "Converting Between Predefined RGB Color Spaces",
      "url": "https://drafts.csswg.org/css-color-4/#predefined-to-predefined"
    },
    "snapshot": {
      "number": "10.11",
      "spec": "CSS Color 4",
      "text": "Converting Between Predefined RGB Color Spaces",
      "url": "https://www.w3.org/TR/css-color-4/#predefined-to-predefined"
    }
  },
  "#predefined-xyz": {
    "current": {
      "number": "10.8",
      "spec": "CSS Color 4",
      "text": "The Predefined CIE XYZ Color Spaces: the xyz-d50, xyz-d65, and xyz keywords",
      "url": "https://drafts.csswg.org/css-color-4/#predefined-xyz"
    },
    "snapshot": {
      "number": "10.8",
      "spec": "CSS Color 4",
      "text": "The Predefined CIE XYZ Color Spaces: the xyz-d50, xyz-d65, and xyz keywords",
      "url": "https://www.w3.org/TR/css-color-4/#predefined-xyz"
    }
  },
  "#privacy": {
    "current": {
      "number": "",
      "spec": "CSS Color 4",
      "text": "20. Privacy Considerations",
      "url": "https://drafts.csswg.org/css-color-4/#privacy"
    },
    "snapshot": {
      "number": "",
      "spec": "CSS Color 4",
      "text": "20. Privacy Considerations",
      "url": "https://www.w3.org/TR/css-color-4/#privacy"
    }
  },
  "#property-index": {
    "current": {
      "number": "",
      "spec": "CSS Color 4",
      "text": "Property Index",
      "url": "https://drafts.csswg.org/css-color-4/#property-index"
    },
    "snapshot": {
      "number": "",
      "spec": "CSS Color 4",
      "text": "Property Index",
      "url": "https://www.w3.org/TR/css-color-4/#property-index"
    }
  },
  "#quirky-color": {
    "current": {
      "number": "B",
      "spec": "CSS Color 4",
      "text": "Deprecated Quirky Hex Colors",
      "url": "https://drafts.csswg.org/css-color-4/#quirky-color"
    },
    "snapshot": {
      "number": "B",
      "spec": "CSS Color 4",
      "text": "Deprecated Quirky Hex Colors",
      "url": "https://www.w3.org/TR/css-color-4/#quirky-color"
    }
  },
  "#references": {
    "current": {
      "number": "",
      "spec": "CSS Color 4",
      "text": "References",
      "url": "https://drafts.csswg.org/css-color-4/#references"
    },
    "snapshot": {
      "number": "",
      "spec": "CSS Color 4",
      "text": "References",
      "url": "https://www.w3.org/TR/css-color-4/#references"
    }
  },
  "#resolving-color-function-values": {
    "current": {
      "number": "14.4",
      "spec": "CSS Color 4",
      "text": "Resolving values of the color() function",
      "url": "https://drafts.csswg.org/css-color-4/#resolving-color-function-values"
    },
    "snapshot": {
      "number": "14.4",
      "spec": "CSS Color 4",
      "text": "Resolving values of the color() function",
      "url": "https://www.w3.org/TR/css-color-4/#resolving-color-function-values"
    }
  },
  "#resolving-color-values": {
    "current": {
      "number": "",
      "spec": "CSS Color 4",
      "text": "14. Resolving <color> Values",
      "url": "https://drafts.csswg.org/css-color-4/#resolving-color-values"
    },
    "snapshot": {
      "number": "",
      "spec": "CSS Color 4",
      "text": "14. Resolving <color> Values",
      "url": "https://www.w3.org/TR/css-color-4/#resolving-color-values"
    }
  },
  "#resolving-lab-lch-values": {
    "current": {
      "number": "14.2",
      "spec": "CSS Color 4",
      "text": "Resolving Lab and LCH values",
      "url": "https://drafts.csswg.org/css-color-4/#resolving-lab-lch-values"
    },
    "snapshot": {
      "number": "14.2",
      "spec": "CSS Color 4",
      "text": "Resolving Lab and LCH values",
      "url": "https://www.w3.org/TR/css-color-4/#resolving-lab-lch-values"
    }
  },
  "#resolving-oklab-oklch-values": {
    "current": {
      "number": "14.3",
      "spec": "CSS Color 4",
      "text": "Resolving Oklab and Oklch values",
      "url": "https://drafts.csswg.org/css-color-4/#resolving-oklab-oklch-values"
    },
    "snapshot": {
      "number": "14.3",
      "spec": "CSS Color 4",
      "text": "Resolving Oklab and Oklch values",
      "url": "https://www.w3.org/TR/css-color-4/#resolving-oklab-oklch-values"
    }
  },
  "#resolving-other-colors": {
    "current": {
      "number": "14.5",
      "spec": "CSS Color 4",
      "text": "Resolving other colors",
      "url": "https://drafts.csswg.org/css-color-4/#resolving-other-colors"
    },
    "snapshot": {
      "number": "14.5",
      "spec": "CSS Color 4",
      "text": "Resolving other colors",
      "url": "https://www.w3.org/TR/css-color-4/#resolving-other-colors"
    }
  },
  "#resolving-sRGB-values": {
    "current": {
      "number": "14.1",
      "spec": "CSS Color 4",
      "text": "Resolving sRGB values",
      "url": "https://drafts.csswg.org/css-color-4/#resolving-sRGB-values"
    },
    "snapshot": {
      "number": "14.1",
      "spec": "CSS Color 4",
      "text": "Resolving sRGB values",
      "url": "https://www.w3.org/TR/css-color-4/#resolving-sRGB-values"
    }
  },
  "#rgb-functions": {
    "current": {
      "number": "5.1",
      "spec": "CSS Color 4",
      "text": "The RGB functions: rgb() and rgba()",
      "url": "https://drafts.csswg.org/css-color-4/#rgb-functions"
    },
    "snapshot": {
      "number": "5.1",
      "spec": "CSS Color 4",
      "text": "The RGB functions: rgb() and rgba()",
      "url": "https://www.w3.org/TR/css-color-4/#rgb-functions"
    }
  },
  "#rgb-to-hsl": {
    "current": {
      "number": "7.2",
      "spec": "CSS Color 4",
      "text": "Converting sRGB Colors to HSL",
      "url": "https://drafts.csswg.org/css-color-4/#rgb-to-hsl"
    },
    "snapshot": {
      "number": "7.2",
      "spec": "CSS Color 4",
      "text": "Converting sRGB Colors to HSL",
      "url": "https://www.w3.org/TR/css-color-4/#rgb-to-hsl"
    }
  },
  "#rgb-to-hwb": {
    "current": {
      "number": "8.2",
      "spec": "CSS Color 4",
      "text": "Converting sRGB Colors to HWB",
      "url": "https://drafts.csswg.org/css-color-4/#rgb-to-hwb"
    },
    "snapshot": {
      "number": "8.2",
      "spec": "CSS Color 4",
      "text": "Converting sRGB Colors to HWB",
      "url": "https://www.w3.org/TR/css-color-4/#rgb-to-hwb"
    }
  },
  "#sample": {
    "current": {
      "number": "",
      "spec": "CSS Color 4",
      "text": "16. Default Style Rules",
      "url": "https://drafts.csswg.org/css-color-4/#sample"
    },
    "snapshot": {
      "number": "",
      "spec": "CSS Color 4",
      "text": "16. Default Style Rules",
      "url": "https://www.w3.org/TR/css-color-4/#sample"
    }
  },
  "#security": {
    "current": {
      "number": "",
      "spec": "CSS Color 4",
      "text": "19. Security Considerations",
      "url": "https://drafts.csswg.org/css-color-4/#security"
    },
    "snapshot": {
      "number": "",
      "spec": "CSS Color 4",
      "text": "19. Security Considerations",
      "url": "https://www.w3.org/TR/css-color-4/#security"
    }
  },
  "#serializing-alpha-values": {
    "current": {
      "number": "15.1",
      "spec": "CSS Color 4",
      "text": "Serializing alpha values",
      "url": "https://drafts.csswg.org/css-color-4/#serializing-alpha-values"
    },
    "snapshot": {
      "number": "15.1",
      "spec": "CSS Color 4",
      "text": "Serializing alpha values",
      "url": "https://www.w3.org/TR/css-color-4/#serializing-alpha-values"
    }
  },
  "#serializing-color-function-values": {
    "current": {
      "number": "15.5",
      "spec": "CSS Color 4",
      "text": "Serializing values of the color() function",
      "url": "https://drafts.csswg.org/css-color-4/#serializing-color-function-values"
    },
    "snapshot": {
      "number": "15.5",
      "spec": "CSS Color 4",
      "text": "Serializing values of the color() function",
      "url": "https://www.w3.org/TR/css-color-4/#serializing-color-function-values"
    }
  },
  "#serializing-color-values": {
    "current": {
      "number": "",
      "spec": "CSS Color 4",
      "text": "15. Serializing <color> Values",
      "url": "https://drafts.csswg.org/css-color-4/#serializing-color-values"
    },
    "snapshot": {
      "number": "",
      "spec": "CSS Color 4",
      "text": "15. Serializing <color> Values",
      "url": "https://www.w3.org/TR/css-color-4/#serializing-color-values"
    }
  },
  "#serializing-lab-lch": {
    "current": {
      "number": "15.3",
      "spec": "CSS Color 4",
      "text": "Serializing Lab and LCH values",
      "url": "https://drafts.csswg.org/css-color-4/#serializing-lab-lch"
    },
    "snapshot": {
      "number": "15.3",
      "spec": "CSS Color 4",
      "text": "Serializing Lab and LCH values",
      "url": "https://www.w3.org/TR/css-color-4/#serializing-lab-lch"
    }
  },
  "#serializing-oklab-oklch": {
    "current": {
      "number": "15.4",
      "spec": "CSS Color 4",
      "text": "Serializing Oklab and Oklch values",
      "url": "https://drafts.csswg.org/css-color-4/#serializing-oklab-oklch"
    },
    "snapshot": {
      "number": "15.4",
      "spec": "CSS Color 4",
      "text": "Serializing Oklab and Oklch values",
      "url": "https://www.w3.org/TR/css-color-4/#serializing-oklab-oklch"
    }
  },
  "#serializing-other-colors": {
    "current": {
      "number": "15.6",
      "spec": "CSS Color 4",
      "text": "Serializing other colors",
      "url": "https://drafts.csswg.org/css-color-4/#serializing-other-colors"
    },
    "snapshot": {
      "number": "15.6",
      "spec": "CSS Color 4",
      "text": "Serializing other colors",
      "url": "https://www.w3.org/TR/css-color-4/#serializing-other-colors"
    }
  },
  "#serializing-sRGB-values": {
    "current": {
      "number": "15.2",
      "spec": "CSS Color 4",
      "text": "Serializing sRGB values",
      "url": "https://drafts.csswg.org/css-color-4/#serializing-sRGB-values"
    },
    "snapshot": {
      "number": "15.2",
      "spec": "CSS Color 4",
      "text": "Serializing sRGB values",
      "url": "https://www.w3.org/TR/css-color-4/#serializing-sRGB-values"
    }
  },
  "#sotd": {
    "current": {
      "number": "",
      "spec": "CSS Color 4",
      "text": "Status of this document",
      "url": "https://drafts.csswg.org/css-color-4/#sotd"
    },
    "snapshot": {
      "number": "",
      "spec": "CSS Color 4",
      "text": "Status of this document",
      "url": "https://www.w3.org/TR/css-color-4/#sotd"
    }
  },
  "#specifying-lab-lch": {
    "current": {
      "number": "9.3",
      "spec": "CSS Color 4",
      "text": "Specifying Lab and LCH: the lab() and lch() functional notations",
      "url": "https://drafts.csswg.org/css-color-4/#specifying-lab-lch"
    },
    "snapshot": {
      "number": "9.3",
      "spec": "CSS Color 4",
      "text": "Specifying Lab and LCH: the lab() and lch() functional notations",
      "url": "https://www.w3.org/TR/css-color-4/#specifying-lab-lch"
    }
  },
  "#specifying-oklab-oklch": {
    "current": {
      "number": "9.4",
      "spec": "CSS Color 4",
      "text": "Specifying Oklab and Oklch: the oklab() and oklch() functional notations",
      "url": "https://drafts.csswg.org/css-color-4/#specifying-oklab-oklch"
    },
    "snapshot": {
      "number": "9.4",
      "spec": "CSS Color 4",
      "text": "Specifying Oklab and Oklch: the oklab() and oklch() functional notations",
      "url": "https://www.w3.org/TR/css-color-4/#specifying-oklab-oklch"
    }
  },
  "#tagged-images": {
    "current": {
      "number": "3.4",
      "spec": "CSS Color 4",
      "text": "Color Space of Tagged Images",
      "url": "https://drafts.csswg.org/css-color-4/#tagged-images"
    },
    "snapshot": {
      "number": "3.4",
      "spec": "CSS Color 4",
      "text": "Color Space of Tagged Images",
      "url": "https://www.w3.org/TR/css-color-4/#tagged-images"
    }
  },
  "#terminology": {
    "current": {
      "number": "2",
      "spec": "CSS Color 4",
      "text": "Color Terminology",
      "url": "https://drafts.csswg.org/css-color-4/#terminology"
    },
    "snapshot": {
      "number": "2",
      "spec": "CSS Color 4",
      "text": "Color Terminology",
      "url": "https://www.w3.org/TR/css-color-4/#terminology"
    }
  },
  "#the-color-property": {
    "current": {
      "number": "3.2",
      "spec": "CSS Color 4",
      "text": "Foreground Color: the color property",
      "url": "https://drafts.csswg.org/css-color-4/#the-color-property"
    },
    "snapshot": {
      "number": "3.2",
      "spec": "CSS Color 4",
      "text": "Foreground Color: the color property",
      "url": "https://www.w3.org/TR/css-color-4/#the-color-property"
    }
  },
  "#the-hsl-notation": {
    "current": {
      "number": "7",
      "spec": "CSS Color 4",
      "text": "HSL Colors: hsl() and hsla() functions",
      "url": "https://drafts.csswg.org/css-color-4/#the-hsl-notation"
    },
    "snapshot": {
      "number": "7",
      "spec": "CSS Color 4",
      "text": "HSL Colors: hsl() and hsla() functions",
      "url": "https://www.w3.org/TR/css-color-4/#the-hsl-notation"
    }
  },
  "#the-hwb-notation": {
    "current": {
      "number": "8",
      "spec": "CSS Color 4",
      "text": "HWB Colors: hwb() function",
      "url": "https://drafts.csswg.org/css-color-4/#the-hwb-notation"
    },
    "snapshot": {
      "number": "8",
      "spec": "CSS Color 4",
      "text": "HWB Colors: hwb() function",
      "url": "https://www.w3.org/TR/css-color-4/#the-hwb-notation"
    }
  },
  "#title": {
    "current": {
      "number": "",
      "spec": "CSS Color 4",
      "text": "CSS Color Module Level 4",
      "url": "https://drafts.csswg.org/css-color-4/#title"
    },
    "snapshot": {
      "number": "",
      "spec": "CSS Color 4",
      "text": "CSS Color Module Level 4",
      "url": "https://www.w3.org/TR/css-color-4/#title"
    }
  },
  "#toc": {
    "current": {
      "number": "",
      "spec": "CSS Color 4",
      "text": "Table of Contents",
      "url": "https://drafts.csswg.org/css-color-4/#toc"
    },
    "snapshot": {
      "number": "",
      "spec": "CSS Color 4",
      "text": "Table of Contents",
      "url": "https://www.w3.org/TR/css-color-4/#toc"
    }
  },
  "#transparency": {
    "current": {
      "number": "3.3",
      "spec": "CSS Color 4",
      "text": "Transparency: the opacity property",
      "url": "https://drafts.csswg.org/css-color-4/#transparency"
    },
    "snapshot": {
      "number": "3.3",
      "spec": "CSS Color 4",
      "text": "Transparency: the opacity property",
      "url": "https://www.w3.org/TR/css-color-4/#transparency"
    }
  },
  "#transparent-color": {
    "current": {
      "number": "6.3",
      "spec": "CSS Color 4",
      "text": "The transparent keyword",
      "url": "https://drafts.csswg.org/css-color-4/#transparent-color"
    },
    "snapshot": {
      "number": "6.3",
      "spec": "CSS Color 4",
      "text": "The transparent keyword",
      "url": "https://www.w3.org/TR/css-color-4/#transparent-color"
    }
  },
  "#untagged": {
    "current": {
      "number": "3.5",
      "spec": "CSS Color 4",
      "text": "Color Spaces of Untagged Colors",
      "url": "https://drafts.csswg.org/css-color-4/#untagged"
    },
    "snapshot": {
      "number": "3.5",
      "spec": "CSS Color 4",
      "text": "Color Spaces of Untagged Colors",
      "url": "https://www.w3.org/TR/css-color-4/#untagged"
    }
  },
  "#values": {
    "current": {
      "number": "1.1",
      "spec": "CSS Color 4",
      "text": "Value Definitions",
      "url": "https://drafts.csswg.org/css-color-4/#values"
    },
    "snapshot": {
      "number": "1.1",
      "spec": "CSS Color 4",
      "text": "Value Definitions",
      "url": "https://www.w3.org/TR/css-color-4/#values"
    }
  },
  "#w3c-conform-future-proofing": {
    "current": {
      "number": "",
      "spec": "CSS Color 4",
      "text": "Implementations of Unstable and Proprietary Features",
      "url": "https://drafts.csswg.org/css-color-4/#w3c-conform-future-proofing"
    },
    "snapshot": {
      "number": "",
      "spec": "CSS Color 4",
      "text": "Implementations of Unstable and Proprietary Features",
      "url": "https://www.w3.org/TR/css-color-4/#w3c-conform-future-proofing"
    }
  },
  "#w3c-conformance": {
    "current": {
      "number": "",
      "spec": "CSS Color 4",
      "text": "Conformance",
      "url": "https://drafts.csswg.org/css-color-4/#w3c-conformance"
    },
    "snapshot": {
      "number": "",
      "spec": "CSS Color 4",
      "text": "Conformance",
      "url": "https://www.w3.org/TR/css-color-4/#w3c-conformance"
    }
  },
  "#w3c-conformance-classes": {
    "current": {
      "number": "",
      "spec": "CSS Color 4",
      "text": "Conformance classes",
      "url": "https://drafts.csswg.org/css-color-4/#w3c-conformance-classes"
    },
    "snapshot": {
      "number": "",
      "spec": "CSS Color 4",
      "text": "Conformance classes",
      "url": "https://www.w3.org/TR/css-color-4/#w3c-conformance-classes"
    }
  },
  "#w3c-conventions": {
    "current": {
      "number": "",
      "spec": "CSS Color 4",
      "text": "Document conventions",
      "url": "https://drafts.csswg.org/css-color-4/#w3c-conventions"
    },
    "snapshot": {
      "number": "",
      "spec": "CSS Color 4",
      "text": "Document conventions",
      "url": "https://www.w3.org/TR/css-color-4/#w3c-conventions"
    }
  },
  "#w3c-cr-exit-criteria": {
    "snapshot": {
      "number": "",
      "spec": "CSS Color 4",
      "text": "CR exit criteria",
      "url": "https://www.w3.org/TR/css-color-4/#w3c-cr-exit-criteria"
    }
  },
  "#w3c-partial": {
    "current": {
      "number": "",
      "spec": "CSS Color 4",
      "text": "Partial implementations",
      "url": "https://drafts.csswg.org/css-color-4/#w3c-partial"
    },
    "snapshot": {
      "number": "",
      "spec": "CSS Color 4",
      "text": "Partial implementations",
      "url": "https://www.w3.org/TR/css-color-4/#w3c-partial"
    }
  },
  "#w3c-testing": {
    "current": {
      "number": "",
      "spec": "CSS Color 4",
      "text": "Non-experimental implementations",
      "url": "https://drafts.csswg.org/css-color-4/#w3c-testing"
    },
    "snapshot": {
      "number": "",
      "spec": "CSS Color 4",
      "text": "Non-experimental implementations",
      "url": "https://www.w3.org/TR/css-color-4/#w3c-testing"
    }
  }
}