{
  "#BNodes": {
    "current": {
      "number": "2.6",
      "spec": "RDF 1.2 Turtle",
      "text": "RDF Blank Nodes",
      "url": "https://w3c.github.io/rdf-turtle/spec/#BNodes"
    },
    "snapshot": {
      "number": "2.6",
      "spec": "RDF 1.2 Turtle",
      "text": "RDF Blank Nodes",
      "url": "https://www.w3.org/TR/rdf12-turtle/#BNodes"
    }
  },
  "#abbrev": {
    "current": {
      "number": "2.5.2",
      "spec": "RDF 1.2 Turtle",
      "text": "Numbers",
      "url": "https://w3c.github.io/rdf-turtle/spec/#abbrev"
    },
    "snapshot": {
      "number": "2.5.2",
      "spec": "RDF 1.2 Turtle",
      "text": "Numbers",
      "url": "https://www.w3.org/TR/rdf12-turtle/#abbrev"
    }
  },
  "#acknowledgments-for-rdf-1-1": {
    "current": {
      "number": "E.1",
      "spec": "RDF 1.2 Turtle",
      "text": "Acknowledgments for RDF 1.1",
      "url": "https://w3c.github.io/rdf-turtle/spec/#acknowledgments-for-rdf-1-1"
    },
    "snapshot": {
      "number": "E.1",
      "spec": "RDF 1.2 Turtle",
      "text": "Acknowledgments for RDF 1.1",
      "url": "https://www.w3.org/TR/rdf12-turtle/#acknowledgments-for-rdf-1-1"
    }
  },
  "#acknowledgments-for-rdf-1-2": {
    "current": {
      "number": "E.2",
      "spec": "RDF 1.2 Turtle",
      "text": "Acknowledgments for RDF 1.2",
      "url": "https://w3c.github.io/rdf-turtle/spec/#acknowledgments-for-rdf-1-2"
    },
    "snapshot": {
      "number": "E.2",
      "spec": "RDF 1.2 Turtle",
      "text": "Acknowledgments for RDF 1.2",
      "url": "https://www.w3.org/TR/rdf12-turtle/#acknowledgments-for-rdf-1-2"
    }
  },
  "#annotation-syntax": {
    "current": {
      "number": "2.9.1",
      "spec": "RDF 1.2 Turtle",
      "text": "Annotation Syntax",
      "url": "https://w3c.github.io/rdf-turtle/spec/#annotation-syntax"
    },
    "snapshot": {
      "number": "2.9.1",
      "spec": "RDF 1.2 Turtle",
      "text": "Annotation Syntax",
      "url": "https://www.w3.org/TR/rdf12-turtle/#annotation-syntax"
    }
  },
  "#booleans": {
    "current": {
      "number": "2.5.3",
      "spec": "RDF 1.2 Turtle",
      "text": "Booleans",
      "url": "https://w3c.github.io/rdf-turtle/spec/#booleans"
    },
    "snapshot": {
      "number": "2.5.3",
      "spec": "RDF 1.2 Turtle",
      "text": "Booleans",
      "url": "https://www.w3.org/TR/rdf12-turtle/#booleans"
    }
  },
  "#changes-12": {
    "current": {
      "number": "F",
      "spec": "RDF 1.2 Turtle",
      "text": "Changes between RDF 1.1 and RDF 1.2",
      "url": "https://w3c.github.io/rdf-turtle/spec/#changes-12"
    },
    "snapshot": {
      "number": "F",
      "spec": "RDF 1.2 Turtle",
      "text": "Changes between RDF 1.1 and RDF 1.2",
      "url": "https://www.w3.org/TR/rdf12-turtle/#changes-12"
    }
  },
  "#collections": {
    "current": {
      "number": "2.8",
      "spec": "RDF 1.2 Turtle",
      "text": "Collections",
      "url": "https://w3c.github.io/rdf-turtle/spec/#collections"
    },
    "snapshot": {
      "number": "2.8",
      "spec": "RDF 1.2 Turtle",
      "text": "Collections",
      "url": "https://www.w3.org/TR/rdf12-turtle/#collections"
    }
  },
  "#collections-0": {
    "current": {
      "number": "7.3.2",
      "spec": "RDF 1.2 Turtle",
      "text": "Collections:",
      "url": "https://w3c.github.io/rdf-turtle/spec/#collections-0"
    },
    "snapshot": {
      "number": "7.3.2",
      "spec": "RDF 1.2 Turtle",
      "text": "Collections:",
      "url": "https://www.w3.org/TR/rdf12-turtle/#collections-0"
    }
  },
  "#conformance": {
    "current": {
      "number": "5",
      "spec": "RDF 1.2 Turtle",
      "text": "Conformance",
      "url": "https://w3c.github.io/rdf-turtle/spec/#conformance"
    },
    "snapshot": {
      "number": "5",
      "spec": "RDF 1.2 Turtle",
      "text": "Conformance",
      "url": "https://www.w3.org/TR/rdf12-turtle/#conformance"
    }
  },
  "#in-html": {
    "current": {
      "number": "A",
      "spec": "RDF 1.2 Turtle",
      "text": "Embedding Turtle in HTML documents",
      "url": "https://w3c.github.io/rdf-turtle/spec/#in-html"
    },
    "snapshot": {
      "number": "A",
      "spec": "RDF 1.2 Turtle",
      "text": "Embedding Turtle in HTML documents",
      "url": "https://www.w3.org/TR/rdf12-turtle/#in-html"
    }
  },
  "#in-html-parsing": {
    "current": {
      "number": "A.2",
      "spec": "RDF 1.2 Turtle",
      "text": "Parsing Turtle in HTML",
      "url": "https://w3c.github.io/rdf-turtle/spec/#in-html-parsing"
    },
    "snapshot": {
      "number": "A.2",
      "spec": "RDF 1.2 Turtle",
      "text": "Parsing Turtle in HTML",
      "url": "https://www.w3.org/TR/rdf12-turtle/#in-html-parsing"
    }
  },
  "#index": {
    "current": {
      "number": "G",
      "spec": "RDF 1.2 Turtle",
      "text": "Index",
      "url": "https://w3c.github.io/rdf-turtle/spec/#index"
    },
    "snapshot": {
      "number": "G",
      "spec": "RDF 1.2 Turtle",
      "text": "Index",
      "url": "https://www.w3.org/TR/rdf12-turtle/#index"
    }
  },
  "#index-defined-elsewhere": {
    "current": {
      "number": "G.2",
      "spec": "RDF 1.2 Turtle",
      "text": "Terms defined by reference",
      "url": "https://w3c.github.io/rdf-turtle/spec/#index-defined-elsewhere"
    },
    "snapshot": {
      "number": "G.2",
      "spec": "RDF 1.2 Turtle",
      "text": "Terms defined by reference",
      "url": "https://www.w3.org/TR/rdf12-turtle/#index-defined-elsewhere"
    }
  },
  "#index-defined-here": {
    "current": {
      "number": "G.1",
      "spec": "RDF 1.2 Turtle",
      "text": "Terms defined by this specification",
      "url": "https://w3c.github.io/rdf-turtle/spec/#index-defined-here"
    },
    "snapshot": {
      "number": "G.1",
      "spec": "RDF 1.2 Turtle",
      "text": "Terms defined by this specification",
      "url": "https://www.w3.org/TR/rdf12-turtle/#index-defined-here"
    }
  },
  "#informative-references": {
    "current": {
      "number": "H.2",
      "spec": "RDF 1.2 Turtle",
      "text": "Informative references",
      "url": "https://w3c.github.io/rdf-turtle/spec/#informative-references"
    },
    "snapshot": {
      "number": "H.2",
      "spec": "RDF 1.2 Turtle",
      "text": "Informative references",
      "url": "https://www.w3.org/TR/rdf12-turtle/#informative-references"
    }
  },
  "#language-features": {
    "current": {
      "number": "2",
      "spec": "RDF 1.2 Turtle",
      "text": "Turtle Language",
      "url": "https://w3c.github.io/rdf-turtle/spec/#language-features"
    },
    "snapshot": {
      "number": "2",
      "spec": "RDF 1.2 Turtle",
      "text": "Turtle Language",
      "url": "https://www.w3.org/TR/rdf12-turtle/#language-features"
    }
  },
  "#literals": {
    "current": {
      "number": "2.5",
      "spec": "RDF 1.2 Turtle",
      "text": "RDF Literals",
      "url": "https://w3c.github.io/rdf-turtle/spec/#literals"
    },
    "snapshot": {
      "number": "2.5",
      "spec": "RDF 1.2 Turtle",
      "text": "RDF Literals",
      "url": "https://www.w3.org/TR/rdf12-turtle/#literals"
    }
  },
  "#normative-references": {
    "current": {
      "number": "H.1",
      "spec": "RDF 1.2 Turtle",
      "text": "Normative references",
      "url": "https://w3c.github.io/rdf-turtle/spec/#normative-references"
    },
    "snapshot": {
      "number": "H.1",
      "spec": "RDF 1.2 Turtle",
      "text": "Normative references",
      "url": "https://www.w3.org/TR/rdf12-turtle/#normative-references"
    }
  },
  "#object-lists": {
    "current": {
      "number": "2.3",
      "spec": "RDF 1.2 Turtle",
      "text": "Object Lists",
      "url": "https://w3c.github.io/rdf-turtle/spec/#object-lists"
    },
    "snapshot": {
      "number": "2.3",
      "spec": "RDF 1.2 Turtle",
      "text": "Object Lists",
      "url": "https://www.w3.org/TR/rdf12-turtle/#object-lists"
    }
  },
  "#predicate-lists": {
    "current": {
      "number": "2.2",
      "spec": "RDF 1.2 Turtle",
      "text": "Predicate Lists",
      "url": "https://w3c.github.io/rdf-turtle/spec/#predicate-lists"
    },
    "snapshot": {
      "number": "2.2",
      "spec": "RDF 1.2 Turtle",
      "text": "Predicate Lists",
      "url": "https://www.w3.org/TR/rdf12-turtle/#predicate-lists"
    }
  },
  "#privacy-considerations": {
    "current": {
      "number": "B",
      "spec": "RDF 1.2 Turtle",
      "text": "Privacy Considerations",
      "url": "https://w3c.github.io/rdf-turtle/spec/#privacy-considerations"
    },
    "snapshot": {
      "number": "B",
      "spec": "RDF 1.2 Turtle",
      "text": "Privacy Considerations",
      "url": "https://www.w3.org/TR/rdf12-turtle/#privacy-considerations"
    }
  },
  "#property-lists": {
    "current": {
      "number": "7.3.1",
      "spec": "RDF 1.2 Turtle",
      "text": "Property Lists:",
      "url": "https://w3c.github.io/rdf-turtle/spec/#property-lists"
    },
    "snapshot": {
      "number": "7.3.1",
      "spec": "RDF 1.2 Turtle",
      "text": "Property Lists:",
      "url": "https://www.w3.org/TR/rdf12-turtle/#property-lists"
    }
  },
  "#quoted-triples": {
    "current": {
      "number": "2.9",
      "spec": "RDF 1.2 Turtle",
      "text": "Quoted Triples",
      "url": "https://w3c.github.io/rdf-turtle/spec/#quoted-triples"
    },
    "snapshot": {
      "number": "2.9",
      "spec": "RDF 1.2 Turtle",
      "text": "Quoted Triples",
      "url": "https://www.w3.org/TR/rdf12-turtle/#quoted-triples"
    }
  },
  "#references": {
    "current": {
      "number": "H",
      "spec": "RDF 1.2 Turtle",
      "text": "References",
      "url": "https://w3c.github.io/rdf-turtle/spec/#references"
    },
    "snapshot": {
      "number": "H",
      "spec": "RDF 1.2 Turtle",
      "text": "References",
      "url": "https://www.w3.org/TR/rdf12-turtle/#references"
    }
  },
  "#related": {
    "current": {
      "number": "",
      "spec": "RDF 1.2 Turtle",
      "text": "Set of Documents",
      "url": "https://w3c.github.io/rdf-turtle/spec/#related"
    },
    "snapshot": {
      "number": "",
      "spec": "RDF 1.2 Turtle",
      "text": "Set of Documents",
      "url": "https://www.w3.org/TR/rdf12-turtle/#related"
    }
  },
  "#sec-acks": {
    "current": {
      "number": "E",
      "spec": "RDF 1.2 Turtle",
      "text": "Acknowledgments",
      "url": "https://w3c.github.io/rdf-turtle/spec/#sec-acks"
    },
    "snapshot": {
      "number": "E",
      "spec": "RDF 1.2 Turtle",
      "text": "Acknowledgments",
      "url": "https://www.w3.org/TR/rdf12-turtle/#sec-acks"
    }
  },
  "#sec-diff-sparql": {
    "current": {
      "number": "4",
      "spec": "RDF 1.2 Turtle",
      "text": "Turtle compared to SPARQL",
      "url": "https://w3c.github.io/rdf-turtle/spec/#sec-diff-sparql"
    },
    "snapshot": {
      "number": "4",
      "spec": "RDF 1.2 Turtle",
      "text": "Turtle compared to SPARQL",
      "url": "https://www.w3.org/TR/rdf12-turtle/#sec-diff-sparql"
    }
  },
  "#sec-escapes": {
    "current": {
      "number": "6.4",
      "spec": "RDF 1.2 Turtle",
      "text": "Escape Sequences",
      "url": "https://w3c.github.io/rdf-turtle/spec/#sec-escapes"
    },
    "snapshot": {
      "number": "6.4",
      "spec": "RDF 1.2 Turtle",
      "text": "Escape Sequences",
      "url": "https://www.w3.org/TR/rdf12-turtle/#sec-escapes"
    }
  },
  "#sec-examples": {
    "current": {
      "number": "3",
      "spec": "RDF 1.2 Turtle",
      "text": "Examples",
      "url": "https://w3c.github.io/rdf-turtle/spec/#sec-examples"
    },
    "snapshot": {
      "number": "3",
      "spec": "RDF 1.2 Turtle",
      "text": "Examples",
      "url": "https://www.w3.org/TR/rdf12-turtle/#sec-examples"
    }
  },
  "#sec-grammar": {
    "current": {
      "number": "6",
      "spec": "RDF 1.2 Turtle",
      "text": "Turtle Grammar",
      "url": "https://w3c.github.io/rdf-turtle/spec/#sec-grammar"
    },
    "snapshot": {
      "number": "6",
      "spec": "RDF 1.2 Turtle",
      "text": "Turtle Grammar",
      "url": "https://www.w3.org/TR/rdf12-turtle/#sec-grammar"
    }
  },
  "#sec-grammar-comments": {
    "current": {
      "number": "6.2",
      "spec": "RDF 1.2 Turtle",
      "text": "Comments",
      "url": "https://w3c.github.io/rdf-turtle/spec/#sec-grammar-comments"
    },
    "snapshot": {
      "number": "6.2",
      "spec": "RDF 1.2 Turtle",
      "text": "Comments",
      "url": "https://www.w3.org/TR/rdf12-turtle/#sec-grammar-comments"
    }
  },
  "#sec-grammar-grammar": {
    "current": {
      "number": "6.5",
      "spec": "RDF 1.2 Turtle",
      "text": "Grammar",
      "url": "https://w3c.github.io/rdf-turtle/spec/#sec-grammar-grammar"
    },
    "snapshot": {
      "number": "6.5",
      "spec": "RDF 1.2 Turtle",
      "text": "Grammar",
      "url": "https://www.w3.org/TR/rdf12-turtle/#sec-grammar-grammar"
    }
  },
  "#sec-grammar-ws": {
    "current": {
      "number": "6.1",
      "spec": "RDF 1.2 Turtle",
      "text": "White Space",
      "url": "https://w3c.github.io/rdf-turtle/spec/#sec-grammar-ws"
    },
    "snapshot": {
      "number": "6.1",
      "spec": "RDF 1.2 Turtle",
      "text": "White Space",
      "url": "https://www.w3.org/TR/rdf12-turtle/#sec-grammar-ws"
    }
  },
  "#sec-intro": {
    "current": {
      "number": "1",
      "spec": "RDF 1.2 Turtle",
      "text": "Introduction",
      "url": "https://w3c.github.io/rdf-turtle/spec/#sec-intro"
    },
    "snapshot": {
      "number": "1",
      "spec": "RDF 1.2 Turtle",
      "text": "Introduction",
      "url": "https://www.w3.org/TR/rdf12-turtle/#sec-intro"
    }
  },
  "#sec-iri": {
    "current": {
      "number": "2.4",
      "spec": "RDF 1.2 Turtle",
      "text": "IRIs",
      "url": "https://w3c.github.io/rdf-turtle/spec/#sec-iri"
    },
    "snapshot": {
      "number": "2.4",
      "spec": "RDF 1.2 Turtle",
      "text": "IRIs",
      "url": "https://www.w3.org/TR/rdf12-turtle/#sec-iri"
    }
  },
  "#sec-iri-references": {
    "current": {
      "number": "6.3",
      "spec": "RDF 1.2 Turtle",
      "text": "IRI References",
      "url": "https://w3c.github.io/rdf-turtle/spec/#sec-iri-references"
    },
    "snapshot": {
      "number": "6.3",
      "spec": "RDF 1.2 Turtle",
      "text": "IRI References",
      "url": "https://www.w3.org/TR/rdf12-turtle/#sec-iri-references"
    }
  },
  "#sec-mediaReg": {
    "current": {
      "number": "D",
      "spec": "RDF 1.2 Turtle",
      "text": "Internet Media Type, File Extension and Macintosh File Type",
      "url": "https://w3c.github.io/rdf-turtle/spec/#sec-mediaReg"
    },
    "snapshot": {
      "number": "D",
      "spec": "RDF 1.2 Turtle",
      "text": "Internet Media Type, File Extension and Macintosh File Type",
      "url": "https://www.w3.org/TR/rdf12-turtle/#sec-mediaReg"
    }
  },
  "#sec-mime": {
    "current": {
      "number": "5.1",
      "spec": "RDF 1.2 Turtle",
      "text": "Media Type and Content Encoding",
      "url": "https://w3c.github.io/rdf-turtle/spec/#sec-mime"
    },
    "snapshot": {
      "number": "5.1",
      "spec": "RDF 1.2 Turtle",
      "text": "Media Type and Content Encoding",
      "url": "https://www.w3.org/TR/rdf12-turtle/#sec-mime"
    }
  },
  "#sec-parsing": {
    "current": {
      "number": "7",
      "spec": "RDF 1.2 Turtle",
      "text": "Parsing",
      "url": "https://w3c.github.io/rdf-turtle/spec/#sec-parsing"
    },
    "snapshot": {
      "number": "7",
      "spec": "RDF 1.2 Turtle",
      "text": "Parsing",
      "url": "https://www.w3.org/TR/rdf12-turtle/#sec-parsing"
    }
  },
  "#sec-parsing-example": {
    "current": {
      "number": "7.4",
      "spec": "RDF 1.2 Turtle",
      "text": "Parsing Example",
      "url": "https://w3c.github.io/rdf-turtle/spec/#sec-parsing-example"
    },
    "snapshot": {
      "number": "7.4",
      "spec": "RDF 1.2 Turtle",
      "text": "Parsing Example",
      "url": "https://www.w3.org/TR/rdf12-turtle/#sec-parsing-example"
    }
  },
  "#sec-parsing-state": {
    "current": {
      "number": "7.1",
      "spec": "RDF 1.2 Turtle",
      "text": "Parser State",
      "url": "https://w3c.github.io/rdf-turtle/spec/#sec-parsing-state"
    },
    "snapshot": {
      "number": "7.1",
      "spec": "RDF 1.2 Turtle",
      "text": "Parser State",
      "url": "https://www.w3.org/TR/rdf12-turtle/#sec-parsing-state"
    }
  },
  "#sec-parsing-terms": {
    "current": {
      "number": "7.2",
      "spec": "RDF 1.2 Turtle",
      "text": "RDF Term Constructors",
      "url": "https://w3c.github.io/rdf-turtle/spec/#sec-parsing-terms"
    },
    "snapshot": {
      "number": "7.2",
      "spec": "RDF 1.2 Turtle",
      "text": "RDF Term Constructors",
      "url": "https://www.w3.org/TR/rdf12-turtle/#sec-parsing-terms"
    }
  },
  "#sec-parsing-triples": {
    "current": {
      "number": "7.3",
      "spec": "RDF 1.2 Turtle",
      "text": "RDF Triples Constructors",
      "url": "https://w3c.github.io/rdf-turtle/spec/#sec-parsing-triples"
    },
    "snapshot": {
      "number": "7.3",
      "spec": "RDF 1.2 Turtle",
      "text": "RDF Triples Constructors",
      "url": "https://www.w3.org/TR/rdf12-turtle/#sec-parsing-triples"
    }
  },
  "#security": {
    "current": {
      "number": "C",
      "spec": "RDF 1.2 Turtle",
      "text": "Security Considerations",
      "url": "https://w3c.github.io/rdf-turtle/spec/#security"
    },
    "snapshot": {
      "number": "C",
      "spec": "RDF 1.2 Turtle",
      "text": "Security Considerations",
      "url": "https://www.w3.org/TR/rdf12-turtle/#security"
    }
  },
  "#selected-terminal-literal-strings": {
    "current": {
      "number": "6.6",
      "spec": "RDF 1.2 Turtle",
      "text": "Selected Terminal Literal Strings",
      "url": "https://w3c.github.io/rdf-turtle/spec/#selected-terminal-literal-strings"
    },
    "snapshot": {
      "number": "6.6",
      "spec": "RDF 1.2 Turtle",
      "text": "Selected Terminal Literal Strings",
      "url": "https://www.w3.org/TR/rdf12-turtle/#selected-terminal-literal-strings"
    }
  },
  "#simple-triples": {
    "current": {
      "number": "2.1",
      "spec": "RDF 1.2 Turtle",
      "text": "Simple Triples",
      "url": "https://w3c.github.io/rdf-turtle/spec/#simple-triples"
    },
    "snapshot": {
      "number": "2.1",
      "spec": "RDF 1.2 Turtle",
      "text": "Simple Triples",
      "url": "https://www.w3.org/TR/rdf12-turtle/#simple-triples"
    }
  },
  "#subtitle": {
    "current": {
      "number": "",
      "spec": "RDF 1.2 Turtle",
      "text": "Terse RDF Triple Language",
      "url": "https://w3c.github.io/rdf-turtle/spec/#subtitle"
    },
    "snapshot": {
      "number": "",
      "spec": "RDF 1.2 Turtle",
      "text": "Terse RDF Triple Language",
      "url": "https://www.w3.org/TR/rdf12-turtle/#subtitle"
    }
  },
  "#terminals": {
    "current": {
      "number": "",
      "spec": "RDF 1.2 Turtle",
      "text": "Productions for terminals",
      "url": "https://w3c.github.io/rdf-turtle/spec/#terminals"
    },
    "snapshot": {
      "number": "",
      "spec": "RDF 1.2 Turtle",
      "text": "Productions for terminals",
      "url": "https://www.w3.org/TR/rdf12-turtle/#terminals"
    }
  },
  "#title": {
    "current": {
      "number": "",
      "spec": "RDF 1.2 Turtle",
      "text": "RDF 1.2 Turtle",
      "url": "https://w3c.github.io/rdf-turtle/spec/#title"
    },
    "snapshot": {
      "number": "",
      "spec": "RDF 1.2 Turtle",
      "text": "RDF 1.2 Turtle",
      "url": "https://www.w3.org/TR/rdf12-turtle/#title"
    }
  },
  "#toc": {
    "current": {
      "number": "",
      "spec": "RDF 1.2 Turtle",
      "text": "Table of Contents",
      "url": "https://w3c.github.io/rdf-turtle/spec/#toc"
    },
    "snapshot": {
      "number": "",
      "spec": "RDF 1.2 Turtle",
      "text": "Table of Contents",
      "url": "https://www.w3.org/TR/rdf12-turtle/#toc"
    }
  },
  "#turtle-literals": {
    "current": {
      "number": "2.5.1",
      "spec": "RDF 1.2 Turtle",
      "text": "Quoted Literals",
      "url": "https://w3c.github.io/rdf-turtle/spec/#turtle-literals"
    },
    "snapshot": {
      "number": "2.5.1",
      "spec": "RDF 1.2 Turtle",
      "text": "Quoted Literals",
      "url": "https://www.w3.org/TR/rdf12-turtle/#turtle-literals"
    }
  },
  "#unlabeled-bnodes": {
    "current": {
      "number": "2.7",
      "spec": "RDF 1.2 Turtle",
      "text": "Nesting of Blank Nodes without Blank Node Identifiers",
      "url": "https://w3c.github.io/rdf-turtle/spec/#unlabeled-bnodes"
    },
    "snapshot": {
      "number": "2.7",
      "spec": "RDF 1.2 Turtle",
      "text": "Nesting of Blank Nodes without Blank Node Identifiers",
      "url": "https://www.w3.org/TR/rdf12-turtle/#unlabeled-bnodes"
    }
  },
  "#xhtml": {
    "current": {
      "number": "A.1",
      "spec": "RDF 1.2 Turtle",
      "text": "XHTML",
      "url": "https://w3c.github.io/rdf-turtle/spec/#xhtml"
    },
    "snapshot": {
      "number": "A.1",
      "spec": "RDF 1.2 Turtle",
      "text": "XHTML",
      "url": "https://www.w3.org/TR/rdf12-turtle/#xhtml"
    }
  }
}