{
  "#acknowledgments": {
    "current": {
      "number": "C",
      "spec": "Server Timing",
      "text": "Acknowledgments",
      "url": "https://w3c.github.io/server-timing/#acknowledgments"
    },
    "snapshot": {
      "number": "C",
      "spec": "Server Timing",
      "text": "Acknowledgments",
      "url": "https://www.w3.org/TR/server-timing/#acknowledgments"
    }
  },
  "#conformance": {
    "current": {
      "number": "2",
      "spec": "Server Timing",
      "text": "Conformance",
      "url": "https://w3c.github.io/server-timing/#conformance"
    },
    "snapshot": {
      "number": "2",
      "spec": "Server Timing",
      "text": "Conformance",
      "url": "https://www.w3.org/TR/server-timing/#conformance"
    }
  },
  "#description-attribute": {
    "current": {
      "number": "4.3",
      "spec": "Server Timing",
      "text": "description attribute",
      "url": "https://w3c.github.io/server-timing/#description-attribute"
    },
    "snapshot": {
      "number": "4.3",
      "spec": "Server Timing",
      "text": "description attribute",
      "url": "https://www.w3.org/TR/server-timing/#description-attribute"
    }
  },
  "#duration-attribute": {
    "current": {
      "number": "4.2",
      "spec": "Server Timing",
      "text": "duration attribute",
      "url": "https://w3c.github.io/server-timing/#duration-attribute"
    },
    "snapshot": {
      "number": "4.2",
      "spec": "Server Timing",
      "text": "duration attribute",
      "url": "https://www.w3.org/TR/server-timing/#duration-attribute"
    }
  },
  "#examples": {
    "current": {
      "number": "A",
      "spec": "Server Timing",
      "text": "Examples",
      "url": "https://w3c.github.io/server-timing/#examples"
    },
    "snapshot": {
      "number": "A",
      "spec": "Server Timing",
      "text": "Examples",
      "url": "https://www.w3.org/TR/server-timing/#examples"
    }
  },
  "#extension-to-the-performanceresourcetiming-interface": {
    "current": {
      "number": "5",
      "spec": "Server Timing",
      "text": "Extension to the PerformanceResourceTiming interface",
      "url": "https://w3c.github.io/server-timing/#extension-to-the-performanceresourcetiming-interface"
    },
    "snapshot": {
      "number": "5",
      "spec": "Server Timing",
      "text": "Extension to the PerformanceResourceTiming interface",
      "url": "https://www.w3.org/TR/server-timing/#extension-to-the-performanceresourcetiming-interface"
    }
  },
  "#iana-considerations": {
    "current": {
      "number": "7",
      "spec": "Server Timing",
      "text": "IANA Considerations",
      "url": "https://w3c.github.io/server-timing/#iana-considerations"
    },
    "snapshot": {
      "number": "7",
      "spec": "Server Timing",
      "text": "IANA Considerations",
      "url": "https://www.w3.org/TR/server-timing/#iana-considerations"
    }
  },
  "#informative-references": {
    "current": {
      "number": "D.2",
      "spec": "Server Timing",
      "text": "Informative references",
      "url": "https://w3c.github.io/server-timing/#informative-references"
    },
    "snapshot": {
      "number": "D.2",
      "spec": "Server Timing",
      "text": "Informative references",
      "url": "https://www.w3.org/TR/server-timing/#informative-references"
    }
  },
  "#introduction": {
    "current": {
      "number": "1",
      "spec": "Server Timing",
      "text": "Introduction",
      "url": "https://w3c.github.io/server-timing/#introduction"
    },
    "snapshot": {
      "number": "1",
      "spec": "Server Timing",
      "text": "Introduction",
      "url": "https://www.w3.org/TR/server-timing/#introduction"
    }
  },
  "#measuring-request-routing-performance": {
    "current": {
      "number": "B.3",
      "spec": "Server Timing",
      "text": "Measuring request routing performance",
      "url": "https://w3c.github.io/server-timing/#measuring-request-routing-performance"
    },
    "snapshot": {
      "number": "B.3",
      "spec": "Server Timing",
      "text": "Measuring request routing performance",
      "url": "https://www.w3.org/TR/server-timing/#measuring-request-routing-performance"
    }
  },
  "#name-attribute": {
    "current": {
      "number": "4.1",
      "spec": "Server Timing",
      "text": "name attribute",
      "url": "https://w3c.github.io/server-timing/#name-attribute"
    },
    "snapshot": {
      "number": "4.1",
      "spec": "Server Timing",
      "text": "name attribute",
      "url": "https://www.w3.org/TR/server-timing/#name-attribute"
    }
  },
  "#normative-references": {
    "current": {
      "number": "D.1",
      "spec": "Server Timing",
      "text": "Normative references",
      "url": "https://w3c.github.io/server-timing/#normative-references"
    },
    "snapshot": {
      "number": "D.1",
      "spec": "Server Timing",
      "text": "Normative references",
      "url": "https://www.w3.org/TR/server-timing/#normative-references"
    }
  },
  "#privacy-and-security": {
    "current": {
      "number": "6",
      "spec": "Server Timing",
      "text": "Privacy and Security",
      "url": "https://w3c.github.io/server-timing/#privacy-and-security"
    },
    "snapshot": {
      "number": "6",
      "spec": "Server Timing",
      "text": "Privacy and Security",
      "url": "https://www.w3.org/TR/server-timing/#privacy-and-security"
    }
  },
  "#references": {
    "current": {
      "number": "D",
      "spec": "Server Timing",
      "text": "References",
      "url": "https://w3c.github.io/server-timing/#references"
    },
    "snapshot": {
      "number": "D",
      "spec": "Server Timing",
      "text": "References",
      "url": "https://www.w3.org/TR/server-timing/#references"
    }
  },
  "#server-timing-for-automated-analytics": {
    "current": {
      "number": "B.2",
      "spec": "Server Timing",
      "text": "Server timing for automated analytics",
      "url": "https://w3c.github.io/server-timing/#server-timing-for-automated-analytics"
    },
    "snapshot": {
      "number": "B.2",
      "spec": "Server Timing",
      "text": "Server timing for automated analytics",
      "url": "https://www.w3.org/TR/server-timing/#server-timing-for-automated-analytics"
    }
  },
  "#server-timing-header-field": {
    "current": {
      "number": "7.1",
      "spec": "Server Timing",
      "text": "Server-Timing Header Field",
      "url": "https://w3c.github.io/server-timing/#server-timing-header-field"
    },
    "snapshot": {
      "number": "7.1",
      "spec": "Server Timing",
      "text": "Server-Timing Header Field",
      "url": "https://www.w3.org/TR/server-timing/#server-timing-header-field"
    }
  },
  "#server-timing-in-developer-tools": {
    "current": {
      "number": "B.1",
      "spec": "Server Timing",
      "text": "Server timing in developer tools",
      "url": "https://w3c.github.io/server-timing/#server-timing-in-developer-tools"
    },
    "snapshot": {
      "number": "B.1",
      "spec": "Server Timing",
      "text": "Server timing in developer tools",
      "url": "https://www.w3.org/TR/server-timing/#server-timing-in-developer-tools"
    }
  },
  "#servertiming-attribute": {
    "current": {
      "number": "5.1",
      "spec": "Server Timing",
      "text": "serverTiming attribute",
      "url": "https://w3c.github.io/server-timing/#servertiming-attribute"
    },
    "snapshot": {
      "number": "5.1",
      "spec": "Server Timing",
      "text": "serverTiming attribute",
      "url": "https://www.w3.org/TR/server-timing/#servertiming-attribute"
    }
  },
  "#the-performanceservertiming-interface": {
    "current": {
      "number": "4",
      "spec": "Server Timing",
      "text": "The PerformanceServerTiming Interface",
      "url": "https://w3c.github.io/server-timing/#the-performanceservertiming-interface"
    },
    "snapshot": {
      "number": "4",
      "spec": "Server Timing",
      "text": "The PerformanceServerTiming Interface",
      "url": "https://www.w3.org/TR/server-timing/#the-performanceservertiming-interface"
    }
  },
  "#the-server-timing-header-field": {
    "current": {
      "number": "3",
      "spec": "Server Timing",
      "text": "The Server-Timing Header Field",
      "url": "https://w3c.github.io/server-timing/#the-server-timing-header-field"
    },
    "snapshot": {
      "number": "3",
      "spec": "Server Timing",
      "text": "The Server-Timing Header Field",
      "url": "https://www.w3.org/TR/server-timing/#the-server-timing-header-field"
    }
  },
  "#title": {
    "current": {
      "number": "",
      "spec": "Server Timing",
      "text": "Server Timing",
      "url": "https://w3c.github.io/server-timing/#title"
    },
    "snapshot": {
      "number": "",
      "spec": "Server Timing",
      "text": "Server Timing",
      "url": "https://www.w3.org/TR/server-timing/#title"
    }
  },
  "#toc": {
    "current": {
      "number": "",
      "spec": "Server Timing",
      "text": "Table of Contents",
      "url": "https://w3c.github.io/server-timing/#toc"
    },
    "snapshot": {
      "number": "",
      "spec": "Server Timing",
      "text": "Table of Contents",
      "url": "https://www.w3.org/TR/server-timing/#toc"
    }
  },
  "#use-cases": {
    "current": {
      "number": "B",
      "spec": "Server Timing",
      "text": "Use cases",
      "url": "https://w3c.github.io/server-timing/#use-cases"
    },
    "snapshot": {
      "number": "B",
      "spec": "Server Timing",
      "text": "Use cases",
      "url": "https://www.w3.org/TR/server-timing/#use-cases"
    }
  }
}