{
  "#abstract": {
    "current": {
      "number": "",
      "spec": "Responsive Image Client Hints",
      "text": "Abstract",
      "url": "https://wicg.github.io/responsive-image-client-hints/#abstract"
    }
  },
  "#access-and-accuracy": {
    "current": {
      "number": "3.3",
      "spec": "Responsive Image Client Hints",
      "text": "Access and Accuracy Restrictions",
      "url": "https://wicg.github.io/responsive-image-client-hints/#access-and-accuracy"
    }
  },
  "#delegation": {
    "current": {
      "number": "3.2",
      "spec": "Responsive Image Client Hints",
      "text": "Delegation",
      "url": "https://wicg.github.io/responsive-image-client-hints/#delegation"
    }
  },
  "#fetch-integration": {
    "current": {
      "number": "2.5",
      "spec": "Responsive Image Client Hints",
      "text": "Integration with Fetch",
      "url": "https://wicg.github.io/responsive-image-client-hints/#fetch-integration"
    }
  },
  "#iana-considerations": {
    "current": {
      "number": "6",
      "spec": "Responsive Image Client Hints",
      "text": "IANA Considerations",
      "url": "https://wicg.github.io/responsive-image-client-hints/#iana-considerations"
    }
  },
  "#iana-dpr": {
    "current": {
      "number": "6.3",
      "spec": "Responsive Image Client Hints",
      "text": "Sec-CH-DPR Header Field",
      "url": "https://wicg.github.io/responsive-image-client-hints/#iana-dpr"
    }
  },
  "#iana-viewport-width": {
    "current": {
      "number": "6.2",
      "spec": "Responsive Image Client Hints",
      "text": "Sec-CH-Viewport-Width Header Field",
      "url": "https://wicg.github.io/responsive-image-client-hints/#iana-viewport-width"
    }
  },
  "#iana-width": {
    "current": {
      "number": "6.1",
      "spec": "Responsive Image Client Hints",
      "text": "Sec-CH-Width Header Field",
      "url": "https://wicg.github.io/responsive-image-client-hints/#iana-width"
    }
  },
  "#impl-considerations": {
    "current": {
      "number": "5",
      "spec": "Responsive Image Client Hints",
      "text": "Implementation Considerations",
      "url": "https://wicg.github.io/responsive-image-client-hints/#impl-considerations"
    }
  },
  "#index": {
    "current": {
      "number": "",
      "spec": "Responsive Image Client Hints",
      "text": "Index",
      "url": "https://wicg.github.io/responsive-image-client-hints/#index"
    }
  },
  "#index-defined-elsewhere": {
    "current": {
      "number": "",
      "spec": "Responsive Image Client Hints",
      "text": "Terms defined by reference",
      "url": "https://wicg.github.io/responsive-image-client-hints/#index-defined-elsewhere"
    }
  },
  "#index-defined-here": {
    "current": {
      "number": "",
      "spec": "Responsive Image Client Hints",
      "text": "Terms defined by this specification",
      "url": "https://wicg.github.io/responsive-image-client-hints/#index-defined-here"
    }
  },
  "#informative": {
    "current": {
      "number": "",
      "spec": "Responsive Image Client Hints",
      "text": "Informative References",
      "url": "https://wicg.github.io/responsive-image-client-hints/#informative"
    }
  },
  "#intro": {
    "current": {
      "number": "1",
      "spec": "Responsive Image Client Hints",
      "text": "Introduction",
      "url": "https://wicg.github.io/responsive-image-client-hints/#intro"
    }
  },
  "#issues-index": {
    "current": {
      "number": "",
      "spec": "Responsive Image Client Hints",
      "text": "Issues Index",
      "url": "https://wicg.github.io/responsive-image-client-hints/#issues-index"
    }
  },
  "#normative": {
    "current": {
      "number": "",
      "spec": "Responsive Image Client Hints",
      "text": "Normative References",
      "url": "https://wicg.github.io/responsive-image-client-hints/#normative"
    }
  },
  "#processing": {
    "current": {
      "number": "4",
      "spec": "Responsive Image Client Hints",
      "text": "Interface and Processing model",
      "url": "https://wicg.github.io/responsive-image-client-hints/#processing"
    }
  },
  "#references": {
    "current": {
      "number": "",
      "spec": "Responsive Image Client Hints",
      "text": "References",
      "url": "https://wicg.github.io/responsive-image-client-hints/#references"
    }
  },
  "#responsive-image-hints": {
    "current": {
      "number": "2",
      "spec": "Responsive Image Client Hints",
      "text": "Responsive Image Hints",
      "url": "https://wicg.github.io/responsive-image-client-hints/#responsive-image-hints"
    }
  },
  "#sec-ch-dpr": {
    "current": {
      "number": "2.4",
      "spec": "Responsive Image Client Hints",
      "text": "The Sec-CH-DPR Header Field",
      "url": "https://wicg.github.io/responsive-image-client-hints/#sec-ch-dpr"
    }
  },
  "#sec-ch-prefix": {
    "current": {
      "number": "5.1",
      "spec": "Responsive Image Client Hints",
      "text": "The Sec-CH prefix",
      "url": "https://wicg.github.io/responsive-image-client-hints/#sec-ch-prefix"
    }
  },
  "#sec-ch-viewport-height": {
    "current": {
      "number": "2.3",
      "spec": "Responsive Image Client Hints",
      "text": "The Sec-CH-Viewport-Height Header Field",
      "url": "https://wicg.github.io/responsive-image-client-hints/#sec-ch-viewport-height"
    }
  },
  "#sec-ch-viewport-width": {
    "current": {
      "number": "2.2",
      "spec": "Responsive Image Client Hints",
      "text": "The Sec-CH-Viewport-Width Header Field",
      "url": "https://wicg.github.io/responsive-image-client-hints/#sec-ch-viewport-width"
    }
  },
  "#sec-ch-width": {
    "current": {
      "number": "2.1",
      "spec": "Responsive Image Client Hints",
      "text": "The Sec-CH-Width Header Field",
      "url": "https://wicg.github.io/responsive-image-client-hints/#sec-ch-width"
    }
  },
  "#secure-transport": {
    "current": {
      "number": "3.1",
      "spec": "Responsive Image Client Hints",
      "text": "Secure Transport",
      "url": "https://wicg.github.io/responsive-image-client-hints/#secure-transport"
    }
  },
  "#security-privacy": {
    "current": {
      "number": "3",
      "spec": "Responsive Image Client Hints",
      "text": "Security and Privacy Considerations",
      "url": "https://wicg.github.io/responsive-image-client-hints/#security-privacy"
    }
  },
  "#status": {
    "current": {
      "number": "",
      "spec": "Responsive Image Client Hints",
      "text": "Status of this document",
      "url": "https://wicg.github.io/responsive-image-client-hints/#status"
    }
  },
  "#title": {
    "current": {
      "number": "",
      "spec": "Responsive Image Client Hints",
      "text": "Responsive Image Client Hints",
      "url": "https://wicg.github.io/responsive-image-client-hints/#title"
    }
  },
  "#toc": {
    "current": {
      "number": "",
      "spec": "Responsive Image Client Hints",
      "text": "Table of Contents",
      "url": "https://wicg.github.io/responsive-image-client-hints/#toc"
    }
  },
  "#w3c-conformance": {
    "current": {
      "number": "",
      "spec": "Responsive Image Client Hints",
      "text": "Conformance",
      "url": "https://wicg.github.io/responsive-image-client-hints/#w3c-conformance"
    }
  },
  "#w3c-conventions": {
    "current": {
      "number": "",
      "spec": "Responsive Image Client Hints",
      "text": "Document conventions",
      "url": "https://wicg.github.io/responsive-image-client-hints/#w3c-conventions"
    }
  }
}