{
  "#durationformat-objects": {
    "current": {
      "number": "1",
      "spec": "Intl.DurationFormat",
      "text": "DurationFormat Objects",
      "url": "https://tc39.es/proposal-intl-duration-format/#durationformat-objects"
    }
  },
  "#sec-Intl.DurationFormat": {
    "current": {
      "number": "1.2.1",
      "spec": "Intl.DurationFormat",
      "text": "Intl.DurationFormat ( [ locales [ , options ] ] )",
      "url": "https://tc39.es/proposal-intl-duration-format/#sec-Intl.DurationFormat"
    }
  },
  "#sec-Intl.DurationFormat-internal-slots": {
    "current": {
      "number": "1.3.3",
      "spec": "Intl.DurationFormat",
      "text": "Internal slots",
      "url": "https://tc39.es/proposal-intl-duration-format/#sec-Intl.DurationFormat-internal-slots"
    }
  },
  "#sec-Intl.DurationFormat.prototype": {
    "current": {
      "number": "1.3.1",
      "spec": "Intl.DurationFormat",
      "text": "Intl.DurationFormat.prototype",
      "url": "https://tc39.es/proposal-intl-duration-format/#sec-Intl.DurationFormat.prototype"
    }
  },
  "#sec-Intl.DurationFormat.prototype-%40%40tostringtag": {
    "current": {
      "number": "1.4.2",
      "spec": "Intl.DurationFormat",
      "text": "Intl.DurationFormat.prototype [ @@toStringTag ]",
      "url": "https://tc39.es/proposal-intl-duration-format/#sec-Intl.DurationFormat.prototype-%40%40tostringtag"
    }
  },
  "#sec-Intl.DurationFormat.prototype.constructor": {
    "current": {
      "number": "1.4.1",
      "spec": "Intl.DurationFormat",
      "text": "Intl.DurationFormat.prototype.constructor",
      "url": "https://tc39.es/proposal-intl-duration-format/#sec-Intl.DurationFormat.prototype.constructor"
    }
  },
  "#sec-Intl.DurationFormat.prototype.format": {
    "current": {
      "number": "1.4.3",
      "spec": "Intl.DurationFormat",
      "text": "Intl.DurationFormat.prototype.format ( duration )",
      "url": "https://tc39.es/proposal-intl-duration-format/#sec-Intl.DurationFormat.prototype.format"
    }
  },
  "#sec-Intl.DurationFormat.prototype.formatToParts": {
    "current": {
      "number": "1.4.4",
      "spec": "Intl.DurationFormat",
      "text": "Intl.DurationFormat.prototype.formatToParts ( duration )",
      "url": "https://tc39.es/proposal-intl-duration-format/#sec-Intl.DurationFormat.prototype.formatToParts"
    }
  },
  "#sec-Intl.DurationFormat.prototype.resolvedOptions": {
    "current": {
      "number": "1.4.5",
      "spec": "Intl.DurationFormat",
      "text": "Intl.DurationFormat.prototype.resolvedOptions ( )",
      "url": "https://tc39.es/proposal-intl-duration-format/#sec-Intl.DurationFormat.prototype.resolvedOptions"
    }
  },
  "#sec-Intl.DurationFormat.supportedLocalesOf": {
    "current": {
      "number": "1.3.2",
      "spec": "Intl.DurationFormat",
      "text": "Intl.DurationFormat.supportedLocalesOf ( locales [ , options ] )",
      "url": "https://tc39.es/proposal-intl-duration-format/#sec-Intl.DurationFormat.supportedLocalesOf"
    }
  },
  "#sec-addfractionaldigits": {
    "current": {
      "number": "1.1.7",
      "spec": "Intl.DurationFormat",
      "text": "AddFractionalDigits ( durationFormat, duration )",
      "url": "https://tc39.es/proposal-intl-duration-format/#sec-addfractionaldigits"
    }
  },
  "#sec-duration-records": {
    "current": {
      "number": "1.1.1",
      "spec": "Intl.DurationFormat",
      "text": "Duration Records",
      "url": "https://tc39.es/proposal-intl-duration-format/#sec-duration-records"
    }
  },
  "#sec-durationrecordsign": {
    "current": {
      "number": "1.1.4",
      "spec": "Intl.DurationFormat",
      "text": "DurationRecordSign ( record )",
      "url": "https://tc39.es/proposal-intl-duration-format/#sec-durationrecordsign"
    }
  },
  "#sec-getdurationunitoptions": {
    "current": {
      "number": "1.1.6",
      "spec": "Intl.DurationFormat",
      "text": "GetDurationUnitOptions ( unit, options, baseStyle, stylesList, digitalBase, prevStyle )",
      "url": "https://tc39.es/proposal-intl-duration-format/#sec-getdurationunitoptions"
    }
  },
  "#sec-intl-durationformat-abstracts": {
    "current": {
      "number": "1.1",
      "spec": "Intl.DurationFormat",
      "text": "Abstract Operations for DurationFormat Objects",
      "url": "https://tc39.es/proposal-intl-duration-format/#sec-intl-durationformat-abstracts"
    }
  },
  "#sec-intl-durationformat-constructor": {
    "current": {
      "number": "1.2",
      "spec": "Intl.DurationFormat",
      "text": "The Intl.DurationFormat Constructor",
      "url": "https://tc39.es/proposal-intl-duration-format/#sec-intl-durationformat-constructor"
    }
  },
  "#sec-isvaliddurationrecord": {
    "current": {
      "number": "1.1.5",
      "spec": "Intl.DurationFormat",
      "text": "IsValidDurationRecord ( record )",
      "url": "https://tc39.es/proposal-intl-duration-format/#sec-isvaliddurationrecord"
    }
  },
  "#sec-partitiondurationformatpattern": {
    "current": {
      "number": "1.1.8",
      "spec": "Intl.DurationFormat",
      "text": "PartitionDurationFormatPattern ( durationFormat, duration )",
      "url": "https://tc39.es/proposal-intl-duration-format/#sec-partitiondurationformatpattern"
    }
  },
  "#sec-properties-of-intl-durationformat-constructor": {
    "current": {
      "number": "1.3",
      "spec": "Intl.DurationFormat",
      "text": "Properties of the Intl.DurationFormat Constructor",
      "url": "https://tc39.es/proposal-intl-duration-format/#sec-properties-of-intl-durationformat-constructor"
    }
  },
  "#sec-properties-of-intl-durationformat-instances": {
    "current": {
      "number": "1.5",
      "spec": "Intl.DurationFormat",
      "text": "Properties of Intl.DurationFormat Instances",
      "url": "https://tc39.es/proposal-intl-duration-format/#sec-properties-of-intl-durationformat-instances"
    }
  },
  "#sec-properties-of-intl-durationformat-prototype-object": {
    "current": {
      "number": "1.4",
      "spec": "Intl.DurationFormat",
      "text": "Properties of the Intl.DurationFormat Prototype Object",
      "url": "https://tc39.es/proposal-intl-duration-format/#sec-properties-of-intl-durationformat-prototype-object"
    }
  },
  "#sec-todurationrecord": {
    "current": {
      "number": "1.1.3",
      "spec": "Intl.DurationFormat",
      "text": "ToDurationRecord ( input )",
      "url": "https://tc39.es/proposal-intl-duration-format/#sec-todurationrecord"
    }
  },
  "#sec-tointegerwithoutrounding": {
    "current": {
      "number": "1.1.2",
      "spec": "Intl.DurationFormat",
      "text": "ToIntegerIfIntegral ( argument )",
      "url": "https://tc39.es/proposal-intl-duration-format/#sec-tointegerwithoutrounding"
    }
  }
}