{
  "#sec-%25iteratorhelperprototype%25-%40%40tostringtag": {
    "current": {
      "number": "3.1.2.1.3",
      "spec": "Iterator Helpers",
      "text": "%IteratorHelperPrototype% [ @@toStringTag ]",
      "url": "https://tc39.es/proposal-iterator-helpers/#sec-%25iteratorhelperprototype%25-%40%40tostringtag"
    }
  },
  "#sec-%25iteratorhelperprototype%25-object": {
    "current": {
      "number": "3.1.2.1",
      "spec": "Iterator Helpers",
      "text": "The %IteratorHelperPrototype% Object",
      "url": "https://tc39.es/proposal-iterator-helpers/#sec-%25iteratorhelperprototype%25-object"
    }
  },
  "#sec-%25iteratorhelperprototype%25.next": {
    "current": {
      "number": "3.1.2.1.1",
      "spec": "Iterator Helpers",
      "text": "%IteratorHelperPrototype%.next ( )",
      "url": "https://tc39.es/proposal-iterator-helpers/#sec-%25iteratorhelperprototype%25.next"
    }
  },
  "#sec-%25iteratorhelperprototype%25.return": {
    "current": {
      "number": "3.1.2.1.2",
      "spec": "Iterator Helpers",
      "text": "%IteratorHelperPrototype%.return ( )",
      "url": "https://tc39.es/proposal-iterator-helpers/#sec-%25iteratorhelperprototype%25.return"
    }
  },
  "#sec-SetterThatIgnoresPrototypeProperties": {
    "current": {
      "number": "2.1",
      "spec": "Iterator Helpers",
      "text": "SetterThatIgnoresPrototypeProperties ( this, home, p, v )",
      "url": "https://tc39.es/proposal-iterator-helpers/#sec-SetterThatIgnoresPrototypeProperties"
    }
  },
  "#sec-abstract-operations": {
    "current": {
      "number": "2",
      "spec": "Iterator Helpers",
      "text": "Abstract Operations",
      "url": "https://tc39.es/proposal-iterator-helpers/#sec-abstract-operations"
    }
  },
  "#sec-control-abstraction-objects": {
    "current": {
      "number": "3",
      "spec": "Iterator Helpers",
      "text": "Control Abstraction Objects",
      "url": "https://tc39.es/proposal-iterator-helpers/#sec-control-abstraction-objects"
    }
  },
  "#sec-createiteratorfromclosure": {
    "current": {
      "number": "4.1",
      "spec": "Iterator Helpers",
      "text": "CreateIteratorFromClosure ( closure, generatorBrand, generatorPrototype [ , extraSlots ] )",
      "url": "https://tc39.es/proposal-iterator-helpers/#sec-createiteratorfromclosure"
    }
  },
  "#sec-get-iteratorprototype-%40%40tostringtag": {
    "current": {
      "number": "3.1.3.13.1",
      "spec": "Iterator Helpers",
      "text": "get Iterator.prototype [ @@toStringTag ]",
      "url": "https://tc39.es/proposal-iterator-helpers/#sec-get-iteratorprototype-%40%40tostringtag"
    }
  },
  "#sec-get-iteratorprototype-constructor": {
    "current": {
      "number": "3.1.3.1.1",
      "spec": "Iterator Helpers",
      "text": "get Iterator.prototype.constructor",
      "url": "https://tc39.es/proposal-iterator-helpers/#sec-get-iteratorprototype-constructor"
    }
  },
  "#sec-getiteratordirect": {
    "current": {
      "number": "2.2.1",
      "spec": "Iterator Helpers",
      "text": "GetIteratorDirect ( obj )",
      "url": "https://tc39.es/proposal-iterator-helpers/#sec-getiteratordirect"
    }
  },
  "#sec-getiteratorflattenable": {
    "current": {
      "number": "2.2.2",
      "spec": "Iterator Helpers",
      "text": "GetIteratorFlattenable ( obj, stringHandling )",
      "url": "https://tc39.es/proposal-iterator-helpers/#sec-getiteratorflattenable"
    }
  },
  "#sec-iteration": {
    "current": {
      "number": "3.1",
      "spec": "Iterator Helpers",
      "text": "Iteration",
      "url": "https://tc39.es/proposal-iterator-helpers/#sec-iteration"
    }
  },
  "#sec-iterator": {
    "current": {
      "number": "3.1.1.1.1",
      "spec": "Iterator Helpers",
      "text": "Iterator ( )",
      "url": "https://tc39.es/proposal-iterator-helpers/#sec-iterator"
    }
  },
  "#sec-iterator-constructor": {
    "current": {
      "number": "3.1.1.1",
      "spec": "Iterator Helpers",
      "text": "The Iterator Constructor",
      "url": "https://tc39.es/proposal-iterator-helpers/#sec-iterator-constructor"
    }
  },
  "#sec-iterator-helper-objects": {
    "current": {
      "number": "3.1.2",
      "spec": "Iterator Helpers",
      "text": "Iterator Helper Objects",
      "url": "https://tc39.es/proposal-iterator-helpers/#sec-iterator-helper-objects"
    }
  },
  "#sec-iterator-objects": {
    "current": {
      "number": "3.1.1",
      "spec": "Iterator Helpers",
      "text": "Iterator Objects",
      "url": "https://tc39.es/proposal-iterator-helpers/#sec-iterator-objects"
    }
  },
  "#sec-iterator.from": {
    "current": {
      "number": "3.1.1.2.2",
      "spec": "Iterator Helpers",
      "text": "Iterator.from ( O )",
      "url": "https://tc39.es/proposal-iterator-helpers/#sec-iterator.from"
    }
  },
  "#sec-iterator.prototype": {
    "current": {
      "number": "3.1.1.2.1",
      "spec": "Iterator Helpers",
      "text": "Iterator.prototype",
      "url": "https://tc39.es/proposal-iterator-helpers/#sec-iterator.prototype"
    }
  },
  "#sec-iteratorprototype": {
    "current": {
      "number": "3.1.3",
      "spec": "Iterator Helpers",
      "text": "Iterator.prototype",
      "url": "https://tc39.es/proposal-iterator-helpers/#sec-iteratorprototype"
    }
  },
  "#sec-iteratorprototype-%40%40tostringtag": {
    "current": {
      "number": "3.1.3.13",
      "spec": "Iterator Helpers",
      "text": "Iterator.prototype [ @@toStringTag ]",
      "url": "https://tc39.es/proposal-iterator-helpers/#sec-iteratorprototype-%40%40tostringtag"
    }
  },
  "#sec-iteratorprototype.constructor": {
    "current": {
      "number": "3.1.3.1",
      "spec": "Iterator Helpers",
      "text": "Iterator.prototype.constructor",
      "url": "https://tc39.es/proposal-iterator-helpers/#sec-iteratorprototype.constructor"
    }
  },
  "#sec-iteratorprototype.drop": {
    "current": {
      "number": "3.1.3.5",
      "spec": "Iterator Helpers",
      "text": "Iterator.prototype.drop ( limit )",
      "url": "https://tc39.es/proposal-iterator-helpers/#sec-iteratorprototype.drop"
    }
  },
  "#sec-iteratorprototype.every": {
    "current": {
      "number": "3.1.3.11",
      "spec": "Iterator Helpers",
      "text": "Iterator.prototype.every ( predicate )",
      "url": "https://tc39.es/proposal-iterator-helpers/#sec-iteratorprototype.every"
    }
  },
  "#sec-iteratorprototype.filter": {
    "current": {
      "number": "3.1.3.3",
      "spec": "Iterator Helpers",
      "text": "Iterator.prototype.filter ( predicate )",
      "url": "https://tc39.es/proposal-iterator-helpers/#sec-iteratorprototype.filter"
    }
  },
  "#sec-iteratorprototype.find": {
    "current": {
      "number": "3.1.3.12",
      "spec": "Iterator Helpers",
      "text": "Iterator.prototype.find ( predicate )",
      "url": "https://tc39.es/proposal-iterator-helpers/#sec-iteratorprototype.find"
    }
  },
  "#sec-iteratorprototype.flatmap": {
    "current": {
      "number": "3.1.3.6",
      "spec": "Iterator Helpers",
      "text": "Iterator.prototype.flatMap ( mapper )",
      "url": "https://tc39.es/proposal-iterator-helpers/#sec-iteratorprototype.flatmap"
    }
  },
  "#sec-iteratorprototype.foreach": {
    "current": {
      "number": "3.1.3.9",
      "spec": "Iterator Helpers",
      "text": "Iterator.prototype.forEach ( fn )",
      "url": "https://tc39.es/proposal-iterator-helpers/#sec-iteratorprototype.foreach"
    }
  },
  "#sec-iteratorprototype.map": {
    "current": {
      "number": "3.1.3.2",
      "spec": "Iterator Helpers",
      "text": "Iterator.prototype.map ( mapper )",
      "url": "https://tc39.es/proposal-iterator-helpers/#sec-iteratorprototype.map"
    }
  },
  "#sec-iteratorprototype.reduce": {
    "current": {
      "number": "3.1.3.7",
      "spec": "Iterator Helpers",
      "text": "Iterator.prototype.reduce ( reducer [ , initialValue ] )",
      "url": "https://tc39.es/proposal-iterator-helpers/#sec-iteratorprototype.reduce"
    }
  },
  "#sec-iteratorprototype.some": {
    "current": {
      "number": "3.1.3.10",
      "spec": "Iterator Helpers",
      "text": "Iterator.prototype.some ( predicate )",
      "url": "https://tc39.es/proposal-iterator-helpers/#sec-iteratorprototype.some"
    }
  },
  "#sec-iteratorprototype.take": {
    "current": {
      "number": "3.1.3.4",
      "spec": "Iterator Helpers",
      "text": "Iterator.prototype.take ( limit )",
      "url": "https://tc39.es/proposal-iterator-helpers/#sec-iteratorprototype.take"
    }
  },
  "#sec-iteratorprototype.toarray": {
    "current": {
      "number": "3.1.3.8",
      "spec": "Iterator Helpers",
      "text": "Iterator.prototype.toArray ( )",
      "url": "https://tc39.es/proposal-iterator-helpers/#sec-iteratorprototype.toarray"
    }
  },
  "#sec-operations-on-iterator-objects": {
    "current": {
      "number": "2.2",
      "spec": "Iterator Helpers",
      "text": "Operations on Iterator Objects",
      "url": "https://tc39.es/proposal-iterator-helpers/#sec-operations-on-iterator-objects"
    }
  },
  "#sec-properties-of-the-iterator-constructor": {
    "current": {
      "number": "3.1.1.2",
      "spec": "Iterator Helpers",
      "text": "Properties of the Iterator Constructor",
      "url": "https://tc39.es/proposal-iterator-helpers/#sec-properties-of-the-iterator-constructor"
    }
  },
  "#sec-set-iteratorprototype-%40%40tostringtag": {
    "current": {
      "number": "3.1.3.13.2",
      "spec": "Iterator Helpers",
      "text": "set Iterator.prototype [ @@toStringTag ]",
      "url": "https://tc39.es/proposal-iterator-helpers/#sec-set-iteratorprototype-%40%40tostringtag"
    }
  },
  "#sec-set-iteratorprototype-constructor": {
    "current": {
      "number": "3.1.3.1.2",
      "spec": "Iterator Helpers",
      "text": "set Iterator.prototype.constructor",
      "url": "https://tc39.es/proposal-iterator-helpers/#sec-set-iteratorprototype-constructor"
    }
  },
  "#sec-well-known-intrinsic-objects": {
    "current": {
      "number": "1",
      "spec": "Iterator Helpers",
      "text": "Well-Known Intrinsic Objects",
      "url": "https://tc39.es/proposal-iterator-helpers/#sec-well-known-intrinsic-objects"
    }
  },
  "#sec-wrapforvaliditeratorprototype-object": {
    "current": {
      "number": "3.1.1.2.2.1",
      "spec": "Iterator Helpers",
      "text": "The %WrapForValidIteratorPrototype% Object",
      "url": "https://tc39.es/proposal-iterator-helpers/#sec-wrapforvaliditeratorprototype-object"
    }
  },
  "#sec-wrapforvaliditeratorprototype.next": {
    "current": {
      "number": "3.1.1.2.2.1.1",
      "spec": "Iterator Helpers",
      "text": "%WrapForValidIteratorPrototype%.next ( )",
      "url": "https://tc39.es/proposal-iterator-helpers/#sec-wrapforvaliditeratorprototype.next"
    }
  },
  "#sec-wrapforvaliditeratorprototype.return": {
    "current": {
      "number": "3.1.1.2.2.1.2",
      "spec": "Iterator Helpers",
      "text": "%WrapForValidIteratorPrototype%.return ( )",
      "url": "https://tc39.es/proposal-iterator-helpers/#sec-wrapforvaliditeratorprototype.return"
    }
  },
  "#updated-abstract-operations": {
    "current": {
      "number": "4",
      "spec": "Iterator Helpers",
      "text": "Updated Abstract Operations",
      "url": "https://tc39.es/proposal-iterator-helpers/#updated-abstract-operations"
    }
  }
}