{
  "#abstract": {
    "current": {
      "number": "",
      "spec": "Web Periodic Background Synchronization",
      "text": "Abstract",
      "url": "https://wicg.github.io/periodic-background-sync/#abstract"
    }
  },
  "#algorithms": {
    "current": {
      "number": "7",
      "spec": "Web Periodic Background Synchronization",
      "text": "Algorithms",
      "url": "https://wicg.github.io/periodic-background-sync/#algorithms"
    }
  },
  "#api-description": {
    "current": {
      "number": "8",
      "spec": "Web Periodic Background Synchronization",
      "text": "API Description",
      "url": "https://wicg.github.io/periodic-background-sync/#api-description"
    }
  },
  "#concepts": {
    "current": {
      "number": "2",
      "spec": "Web Periodic Background Synchronization",
      "text": "Concepts",
      "url": "https://wicg.github.io/periodic-background-sync/#concepts"
    }
  },
  "#constants": {
    "current": {
      "number": "4.3",
      "spec": "Web Periodic Background Synchronization",
      "text": "Constants",
      "url": "https://wicg.github.io/periodic-background-sync/#constants"
    }
  },
  "#constructs": {
    "current": {
      "number": "4",
      "spec": "Web Periodic Background Synchronization",
      "text": "Constructs",
      "url": "https://wicg.github.io/periodic-background-sync/#constructs"
    }
  },
  "#example": {
    "current": {
      "number": "1.1",
      "spec": "Web Periodic Background Synchronization",
      "text": "Example",
      "url": "https://wicg.github.io/periodic-background-sync/#example"
    }
  },
  "#extensions-to-service-worker-registration": {
    "current": {
      "number": "3",
      "spec": "Web Periodic Background Synchronization",
      "text": "Extensions to service worker registration",
      "url": "https://wicg.github.io/periodic-background-sync/#extensions-to-service-worker-registration"
    }
  },
  "#extensions-to-serviceworkerglobalscope": {
    "current": {
      "number": "8.1",
      "spec": "Web Periodic Background Synchronization",
      "text": "Extensions to the ServiceWorkerGlobalScope interface",
      "url": "https://wicg.github.io/periodic-background-sync/#extensions-to-serviceworkerglobalscope"
    }
  },
  "#extensions-to-serviceworkerregistration": {
    "current": {
      "number": "8.2",
      "spec": "Web Periodic Background Synchronization",
      "text": "Extensions to the ServiceWorkerRegistration interface",
      "url": "https://wicg.github.io/periodic-background-sync/#extensions-to-serviceworkerregistration"
    }
  },
  "#firing-a-periodicsync-event": {
    "current": {
      "number": "8.4.1",
      "spec": "Web Periodic Background Synchronization",
      "text": "Fire a periodicsync event",
      "url": "https://wicg.github.io/periodic-background-sync/#firing-a-periodicsync-event"
    }
  },
  "#history-leaking": {
    "current": {
      "number": "5.3",
      "spec": "Web Periodic Background Synchronization",
      "text": "History Leaking",
      "url": "https://wicg.github.io/periodic-background-sync/#history-leaking"
    }
  },
  "#idl-index": {
    "current": {
      "number": "",
      "spec": "Web Periodic Background Synchronization",
      "text": "IDL Index",
      "url": "https://wicg.github.io/periodic-background-sync/#idl-index"
    }
  },
  "#index": {
    "current": {
      "number": "",
      "spec": "Web Periodic Background Synchronization",
      "text": "Index",
      "url": "https://wicg.github.io/periodic-background-sync/#index"
    }
  },
  "#index-defined-elsewhere": {
    "current": {
      "number": "",
      "spec": "Web Periodic Background Synchronization",
      "text": "Terms defined by reference",
      "url": "https://wicg.github.io/periodic-background-sync/#index-defined-elsewhere"
    }
  },
  "#index-defined-here": {
    "current": {
      "number": "",
      "spec": "Web Periodic Background Synchronization",
      "text": "Terms defined by this specification",
      "url": "https://wicg.github.io/periodic-background-sync/#index-defined-here"
    }
  },
  "#intro": {
    "current": {
      "number": "1",
      "spec": "Web Periodic Background Synchronization",
      "text": "Introduction",
      "url": "https://wicg.github.io/periodic-background-sync/#intro"
    }
  },
  "#location-tracking": {
    "current": {
      "number": "5.2",
      "spec": "Web Periodic Background Synchronization",
      "text": "Location Tracking",
      "url": "https://wicg.github.io/periodic-background-sync/#location-tracking"
    }
  },
  "#normative": {
    "current": {
      "number": "",
      "spec": "Web Periodic Background Synchronization",
      "text": "Normative References",
      "url": "https://wicg.github.io/periodic-background-sync/#normative"
    }
  },
  "#periodic-sync-registration-construct": {
    "current": {
      "number": "4.1",
      "spec": "Web Periodic Background Synchronization",
      "text": "Periodic sync registration",
      "url": "https://wicg.github.io/periodic-background-sync/#periodic-sync-registration-construct"
    }
  },
  "#periodic-sync-scheduler-construct": {
    "current": {
      "number": "4.2",
      "spec": "Web Periodic Background Synchronization",
      "text": "Periodic Sync Scheduler",
      "url": "https://wicg.github.io/periodic-background-sync/#periodic-sync-scheduler-construct"
    }
  },
  "#periodicsync-event-interface": {
    "current": {
      "number": "8.4",
      "spec": "Web Periodic Background Synchronization",
      "text": "The periodicsync event",
      "url": "https://wicg.github.io/periodic-background-sync/#periodicsync-event-interface"
    }
  },
  "#periodicsyncmanager-interface": {
    "current": {
      "number": "8.3",
      "spec": "Web Periodic Background Synchronization",
      "text": "PeriodicSyncManager interface",
      "url": "https://wicg.github.io/periodic-background-sync/#periodicsyncmanager-interface"
    }
  },
  "#permission": {
    "current": {
      "number": "5.1",
      "spec": "Web Periodic Background Synchronization",
      "text": "Permission",
      "url": "https://wicg.github.io/periodic-background-sync/#permission"
    }
  },
  "#privacy": {
    "current": {
      "number": "5",
      "spec": "Web Periodic Background Synchronization",
      "text": "Privacy Considerations",
      "url": "https://wicg.github.io/periodic-background-sync/#privacy"
    }
  },
  "#process-periodic-sync-registrations-algorithm": {
    "current": {
      "number": "7.1",
      "spec": "Web Periodic Background Synchronization",
      "text": "Process periodic sync registrations",
      "url": "https://wicg.github.io/periodic-background-sync/#process-periodic-sync-registrations-algorithm"
    }
  },
  "#references": {
    "current": {
      "number": "",
      "spec": "Web Periodic Background Synchronization",
      "text": "References",
      "url": "https://wicg.github.io/periodic-background-sync/#references"
    }
  },
  "#resources": {
    "current": {
      "number": "6",
      "spec": "Web Periodic Background Synchronization",
      "text": "Resource Usage",
      "url": "https://wicg.github.io/periodic-background-sync/#resources"
    }
  },
  "#responding-to-permission-revocation-algorithm": {
    "current": {
      "number": "7.2",
      "spec": "Web Periodic Background Synchronization",
      "text": "Respond to permission revocation",
      "url": "https://wicg.github.io/periodic-background-sync/#responding-to-permission-revocation-algorithm"
    }
  },
  "#status": {
    "current": {
      "number": "",
      "spec": "Web Periodic Background Synchronization",
      "text": "Status of this document",
      "url": "https://wicg.github.io/periodic-background-sync/#status"
    }
  },
  "#subtitle": {
    "current": {
      "number": "",
      "spec": "Web Periodic Background Synchronization",
      "text": "Draft Community Group Report, 12 April 2021",
      "url": "https://wicg.github.io/periodic-background-sync/#subtitle"
    }
  },
  "#title": {
    "current": {
      "number": "",
      "spec": "Web Periodic Background Synchronization",
      "text": "Web Periodic Background Synchronization",
      "url": "https://wicg.github.io/periodic-background-sync/#title"
    }
  },
  "#toc": {
    "current": {
      "number": "",
      "spec": "Web Periodic Background Synchronization",
      "text": "Table of Contents",
      "url": "https://wicg.github.io/periodic-background-sync/#toc"
    }
  },
  "#w3c-conformance": {
    "current": {
      "number": "",
      "spec": "Web Periodic Background Synchronization",
      "text": "Conformance",
      "url": "https://wicg.github.io/periodic-background-sync/#w3c-conformance"
    }
  },
  "#w3c-conformant-algorithms": {
    "current": {
      "number": "",
      "spec": "Web Periodic Background Synchronization",
      "text": "Conformant Algorithms",
      "url": "https://wicg.github.io/periodic-background-sync/#w3c-conformant-algorithms"
    }
  },
  "#w3c-conventions": {
    "current": {
      "number": "",
      "spec": "Web Periodic Background Synchronization",
      "text": "Document conventions",
      "url": "https://wicg.github.io/periodic-background-sync/#w3c-conventions"
    }
  }
}