{
  "#abstract": {
    "current": {
      "number": "",
      "spec": "CSS Inline Layout 3",
      "text": "Abstract",
      "url": "https://drafts.csswg.org/css-inline-3/#abstract"
    },
    "snapshot": {
      "number": "",
      "spec": "CSS Inline Layout 3",
      "text": "Abstract",
      "url": "https://www.w3.org/TR/css-inline-3/#abstract"
    }
  },
  "#ack": {
    "current": {
      "number": "",
      "spec": "CSS Inline Layout 3",
      "text": "Acknowledgments",
      "url": "https://drafts.csswg.org/css-inline-3/#ack"
    },
    "snapshot": {
      "number": "",
      "spec": "CSS Inline Layout 3",
      "text": "Acknowledgments",
      "url": "https://www.w3.org/TR/css-inline-3/#ack"
    }
  },
  "#aligning-initial-letter": {
    "current": {
      "number": "6.4",
      "spec": "CSS Inline Layout 3",
      "text": "Alignment of Initial Letters: the initial-letter-align property",
      "url": "https://drafts.csswg.org/css-inline-3/#aligning-initial-letter"
    },
    "snapshot": {
      "number": "6.4",
      "spec": "CSS Inline Layout 3",
      "text": "Alignment of Initial Letters: the initial-letter-align property",
      "url": "https://www.w3.org/TR/css-inline-3/#aligning-initial-letter"
    }
  },
  "#alignment": {
    "current": {
      "number": "4",
      "spec": "CSS Inline Layout 3",
      "text": "Baseline Alignment",
      "url": "https://drafts.csswg.org/css-inline-3/#alignment"
    },
    "snapshot": {
      "number": "4",
      "spec": "CSS Inline Layout 3",
      "text": "Baseline Alignment",
      "url": "https://www.w3.org/TR/css-inline-3/#alignment"
    }
  },
  "#alignment-baseline-property": {
    "current": {
      "number": "4.2.2",
      "spec": "CSS Inline Layout 3",
      "text": "Alignment Baseline Type: the alignment-baseline longhand",
      "url": "https://drafts.csswg.org/css-inline-3/#alignment-baseline-property"
    },
    "snapshot": {
      "number": "4.2.2",
      "spec": "CSS Inline Layout 3",
      "text": "Alignment Baseline Type: the alignment-baseline longhand",
      "url": "https://www.w3.org/TR/css-inline-3/#alignment-baseline-property"
    }
  },
  "#alignment-baseline-svg-legacy": {
    "current": {
      "number": "4.2.2.1",
      "spec": "CSS Inline Layout 3",
      "text": "Legacy Values for SVG",
      "url": "https://drafts.csswg.org/css-inline-3/#alignment-baseline-svg-legacy"
    },
    "snapshot": {
      "number": "4.2.2.1",
      "spec": "CSS Inline Layout 3",
      "text": "Legacy Values for SVG",
      "url": "https://www.w3.org/TR/css-inline-3/#alignment-baseline-svg-legacy"
    }
  },
  "#ascent-descent": {
    "current": {
      "number": "3.2.1",
      "spec": "CSS Inline Layout 3",
      "text": "Ascent and Descent Metrics",
      "url": "https://drafts.csswg.org/css-inline-3/#ascent-descent"
    },
    "snapshot": {
      "number": "3.2.1",
      "spec": "CSS Inline Layout 3",
      "text": "Ascent and Descent Metrics",
      "url": "https://www.w3.org/TR/css-inline-3/#ascent-descent"
    }
  },
  "#baseline-intro": {
    "current": {
      "number": "3.1",
      "spec": "CSS Inline Layout 3",
      "text": "Introduction to Baselines",
      "url": "https://drafts.csswg.org/css-inline-3/#baseline-intro"
    },
    "snapshot": {
      "number": "3.1",
      "spec": "CSS Inline Layout 3",
      "text": "Introduction to Baselines",
      "url": "https://www.w3.org/TR/css-inline-3/#baseline-intro"
    }
  },
  "#baseline-shift-property": {
    "current": {
      "number": "4.2.3",
      "spec": "CSS Inline Layout 3",
      "text": "Post-Alignment Shift: the baseline-shift longhand",
      "url": "https://drafts.csswg.org/css-inline-3/#baseline-shift-property"
    },
    "snapshot": {
      "number": "4.2.3",
      "spec": "CSS Inline Layout 3",
      "text": "Post-Alignment Shift: the baseline-shift longhand",
      "url": "https://www.w3.org/TR/css-inline-3/#baseline-shift-property"
    }
  },
  "#baseline-shift-svg-legacy": {
    "current": {
      "number": "4.2.3.1",
      "spec": "CSS Inline Layout 3",
      "text": "Legacy Values for SVG",
      "url": "https://drafts.csswg.org/css-inline-3/#baseline-shift-svg-legacy"
    },
    "snapshot": {
      "number": "4.2.3.1",
      "spec": "CSS Inline Layout 3",
      "text": "Legacy Values for SVG",
      "url": "https://www.w3.org/TR/css-inline-3/#baseline-shift-svg-legacy"
    }
  },
  "#baseline-source": {
    "current": {
      "number": "4.2.1",
      "spec": "CSS Inline Layout 3",
      "text": "Alignment Baseline Source: the baseline-source longhand",
      "url": "https://drafts.csswg.org/css-inline-3/#baseline-source"
    },
    "snapshot": {
      "number": "4.2.1",
      "spec": "CSS Inline Layout 3",
      "text": "Alignment Baseline Source: the baseline-source longhand",
      "url": "https://www.w3.org/TR/css-inline-3/#baseline-source"
    }
  },
  "#baseline-synthesis": {
    "current": {
      "number": "A",
      "spec": "CSS Inline Layout 3",
      "text": "Synthesizing Alignment Metrics",
      "url": "https://drafts.csswg.org/css-inline-3/#baseline-synthesis"
    },
    "snapshot": {
      "number": "A",
      "spec": "CSS Inline Layout 3",
      "text": "Synthesizing Alignment Metrics",
      "url": "https://www.w3.org/TR/css-inline-3/#baseline-synthesis"
    }
  },
  "#baseline-synthesis-box": {
    "current": {
      "number": "",
      "spec": "CSS Inline Layout 3",
      "text": "A.3: Synthesizing Baselines for Atomic Inlines",
      "url": "https://drafts.csswg.org/css-inline-3/#baseline-synthesis-box"
    },
    "snapshot": {
      "number": "",
      "spec": "CSS Inline Layout 3",
      "text": "A.3: Synthesizing Baselines for Atomic Inlines",
      "url": "https://www.w3.org/TR/css-inline-3/#baseline-synthesis-box"
    }
  },
  "#baseline-synthesis-em": {
    "current": {
      "number": "",
      "spec": "CSS Inline Layout 3",
      "text": "A.1: Calculating Em-over and Em-under",
      "url": "https://drafts.csswg.org/css-inline-3/#baseline-synthesis-em"
    },
    "snapshot": {
      "number": "",
      "spec": "CSS Inline Layout 3",
      "text": "A.1: Calculating Em-over and Em-under",
      "url": "https://www.w3.org/TR/css-inline-3/#baseline-synthesis-em"
    }
  },
  "#baseline-synthesis-fonts": {
    "current": {
      "number": "",
      "spec": "CSS Inline Layout 3",
      "text": "A.2: Synthesizing Baselines (and Other Font Metrics) for Text",
      "url": "https://drafts.csswg.org/css-inline-3/#baseline-synthesis-fonts"
    },
    "snapshot": {
      "number": "",
      "spec": "CSS Inline Layout 3",
      "text": "A.2: Synthesizing Baselines (and Other Font Metrics) for Text",
      "url": "https://www.w3.org/TR/css-inline-3/#baseline-synthesis-fonts"
    }
  },
  "#baseline-tables": {
    "current": {
      "number": "3.3",
      "spec": "CSS Inline Layout 3",
      "text": "Baselines of Glyphs and Boxes",
      "url": "https://drafts.csswg.org/css-inline-3/#baseline-tables"
    },
    "snapshot": {
      "number": "3.3",
      "spec": "CSS Inline Layout 3",
      "text": "Baselines of Glyphs and Boxes",
      "url": "https://www.w3.org/TR/css-inline-3/#baseline-tables"
    }
  },
  "#baseline-types": {
    "current": {
      "number": "3.2",
      "spec": "CSS Inline Layout 3",
      "text": "Baselines and Metrics",
      "url": "https://drafts.csswg.org/css-inline-3/#baseline-types"
    },
    "snapshot": {
      "number": "3.2",
      "spec": "CSS Inline Layout 3",
      "text": "Baselines and Metrics",
      "url": "https://www.w3.org/TR/css-inline-3/#baseline-types"
    }
  },
  "#changes": {
    "current": {
      "number": "",
      "spec": "CSS Inline Layout 3",
      "text": "Changes",
      "url": "https://drafts.csswg.org/css-inline-3/#changes"
    },
    "snapshot": {
      "number": "",
      "spec": "CSS Inline Layout 3",
      "text": "Changes",
      "url": "https://www.w3.org/TR/css-inline-3/#changes"
    }
  },
  "#css-metrics": {
    "current": {
      "number": "3",
      "spec": "CSS Inline Layout 3",
      "text": "Baselines and Alignment Metrics",
      "url": "https://drafts.csswg.org/css-inline-3/#css-metrics"
    },
    "snapshot": {
      "number": "3",
      "spec": "CSS Inline Layout 3",
      "text": "Baselines and Alignment Metrics",
      "url": "https://www.w3.org/TR/css-inline-3/#css-metrics"
    }
  },
  "#dominant-baseline-property": {
    "current": {
      "number": "4.1",
      "spec": "CSS Inline Layout 3",
      "text": "Dominant Baselines: the dominant-baseline property",
      "url": "https://drafts.csswg.org/css-inline-3/#dominant-baseline-property"
    },
    "snapshot": {
      "number": "4.1",
      "spec": "CSS Inline Layout 3",
      "text": "Dominant Baselines: the dominant-baseline property",
      "url": "https://www.w3.org/TR/css-inline-3/#dominant-baseline-property"
    }
  },
  "#drop-initial": {
    "current": {
      "number": "6.1.1",
      "spec": "CSS Inline Layout 3",
      "text": "Drop Initial",
      "url": "https://drafts.csswg.org/css-inline-3/#drop-initial"
    },
    "snapshot": {
      "number": "6.1.1",
      "spec": "CSS Inline Layout 3",
      "text": "Drop Initial",
      "url": "https://www.w3.org/TR/css-inline-3/#drop-initial"
    }
  },
  "#first-most-inline-level": {
    "current": {
      "number": "6.3.1",
      "spec": "CSS Inline Layout 3",
      "text": "Applicability",
      "url": "https://drafts.csswg.org/css-inline-3/#first-most-inline-level"
    },
    "snapshot": {
      "number": "6.3.1",
      "spec": "CSS Inline Layout 3",
      "text": "Applicability",
      "url": "https://www.w3.org/TR/css-inline-3/#first-most-inline-level"
    }
  },
  "#font-line-gap": {
    "current": {
      "number": "3.2.2",
      "spec": "CSS Inline Layout 3",
      "text": "Line Gap Metrics",
      "url": "https://drafts.csswg.org/css-inline-3/#font-line-gap"
    },
    "snapshot": {
      "number": "3.2.2",
      "spec": "CSS Inline Layout 3",
      "text": "Line Gap Metrics",
      "url": "https://www.w3.org/TR/css-inline-3/#font-line-gap"
    }
  },
  "#index": {
    "current": {
      "number": "",
      "spec": "CSS Inline Layout 3",
      "text": "Index",
      "url": "https://drafts.csswg.org/css-inline-3/#index"
    },
    "snapshot": {
      "number": "",
      "spec": "CSS Inline Layout 3",
      "text": "Index",
      "url": "https://www.w3.org/TR/css-inline-3/#index"
    }
  },
  "#index-defined-elsewhere": {
    "current": {
      "number": "",
      "spec": "CSS Inline Layout 3",
      "text": "Terms defined by reference",
      "url": "https://drafts.csswg.org/css-inline-3/#index-defined-elsewhere"
    },
    "snapshot": {
      "number": "",
      "spec": "CSS Inline Layout 3",
      "text": "Terms defined by reference",
      "url": "https://www.w3.org/TR/css-inline-3/#index-defined-elsewhere"
    }
  },
  "#index-defined-here": {
    "current": {
      "number": "",
      "spec": "CSS Inline Layout 3",
      "text": "Terms defined by this specification",
      "url": "https://drafts.csswg.org/css-inline-3/#index-defined-here"
    },
    "snapshot": {
      "number": "",
      "spec": "CSS Inline Layout 3",
      "text": "Terms defined by this specification",
      "url": "https://www.w3.org/TR/css-inline-3/#index-defined-here"
    }
  },
  "#informative": {
    "current": {
      "number": "",
      "spec": "CSS Inline Layout 3",
      "text": "Informative References",
      "url": "https://drafts.csswg.org/css-inline-3/#informative"
    },
    "snapshot": {
      "number": "",
      "spec": "CSS Inline Layout 3",
      "text": "Informative References",
      "url": "https://www.w3.org/TR/css-inline-3/#informative"
    }
  },
  "#initial-letter-align-defaults": {
    "current": {
      "number": "6.4.1",
      "spec": "CSS Inline Layout 3",
      "text": "UA Default Stylesheet for initial-letter-align",
      "url": "https://drafts.csswg.org/css-inline-3/#initial-letter-align-defaults"
    },
    "snapshot": {
      "number": "6.4.1",
      "spec": "CSS Inline Layout 3",
      "text": "UA Default Stylesheet for initial-letter-align",
      "url": "https://www.w3.org/TR/css-inline-3/#initial-letter-align-defaults"
    }
  },
  "#initial-letter-ancestors": {
    "current": {
      "number": "6.8.3",
      "spec": "CSS Inline Layout 3",
      "text": "Ancestor Inlines",
      "url": "https://drafts.csswg.org/css-inline-3/#initial-letter-ancestors"
    },
    "snapshot": {
      "number": "6.8.3",
      "spec": "CSS Inline Layout 3",
      "text": "Ancestor Inlines",
      "url": "https://www.w3.org/TR/css-inline-3/#initial-letter-ancestors"
    }
  },
  "#initial-letter-block-position": {
    "current": {
      "number": "6.6.1",
      "spec": "CSS Inline Layout 3",
      "text": "Block-axis Positioning",
      "url": "https://drafts.csswg.org/css-inline-3/#initial-letter-block-position"
    },
    "snapshot": {
      "number": "6.6.1",
      "spec": "CSS Inline Layout 3",
      "text": "Block-axis Positioning",
      "url": "https://www.w3.org/TR/css-inline-3/#initial-letter-block-position"
    }
  },
  "#initial-letter-box": {
    "current": {
      "number": "6.5.2",
      "spec": "CSS Inline Layout 3",
      "text": "Margins, Borders, and Padding",
      "url": "https://drafts.csswg.org/css-inline-3/#initial-letter-box"
    },
    "snapshot": {
      "number": "6.5.2",
      "spec": "CSS Inline Layout 3",
      "text": "Margins, Borders, and Padding",
      "url": "https://www.w3.org/TR/css-inline-3/#initial-letter-box"
    }
  },
  "#initial-letter-box-size": {
    "current": {
      "number": "6.5.5",
      "spec": "CSS Inline Layout 3",
      "text": "Sizing the Initial Letter Box",
      "url": "https://drafts.csswg.org/css-inline-3/#initial-letter-box-size"
    },
    "snapshot": {
      "number": "6.5.5",
      "spec": "CSS Inline Layout 3",
      "text": "Sizing the Initial Letter Box",
      "url": "https://www.w3.org/TR/css-inline-3/#initial-letter-box-size"
    }
  },
  "#initial-letter-breaking": {
    "current": {
      "number": "6.9.4",
      "spec": "CSS Inline Layout 3",
      "text": "Interaction with Fragmentation (Pagination)",
      "url": "https://drafts.csswg.org/css-inline-3/#initial-letter-breaking"
    },
    "snapshot": {
      "number": "6.9.4",
      "spec": "CSS Inline Layout 3",
      "text": "Interaction with Fragmentation (Pagination)",
      "url": "https://www.w3.org/TR/css-inline-3/#initial-letter-breaking"
    }
  },
  "#initial-letter-content-align": {
    "current": {
      "number": "6.5.6",
      "spec": "CSS Inline Layout 3",
      "text": "Alignment Within an Initial Letter Box",
      "url": "https://drafts.csswg.org/css-inline-3/#initial-letter-content-align"
    },
    "snapshot": {
      "number": "6.5.6",
      "spec": "CSS Inline Layout 3",
      "text": "Alignment Within an Initial Letter Box",
      "url": "https://www.w3.org/TR/css-inline-3/#initial-letter-content-align"
    }
  },
  "#initial-letter-floats": {
    "current": {
      "number": "6.9.3",
      "spec": "CSS Inline Layout 3",
      "text": "Interaction with floats",
      "url": "https://drafts.csswg.org/css-inline-3/#initial-letter-floats"
    },
    "snapshot": {
      "number": "6.9.3",
      "spec": "CSS Inline Layout 3",
      "text": "Interaction with floats",
      "url": "https://www.w3.org/TR/css-inline-3/#initial-letter-floats"
    }
  },
  "#initial-letter-indentation": {
    "current": {
      "number": "6.8.2",
      "spec": "CSS Inline Layout 3",
      "text": "Edge Effects: Indentation and Hanging Punctuation",
      "url": "https://drafts.csswg.org/css-inline-3/#initial-letter-indentation"
    },
    "snapshot": {
      "number": "6.8.2",
      "spec": "CSS Inline Layout 3",
      "text": "Edge Effects: Indentation and Hanging Punctuation",
      "url": "https://www.w3.org/TR/css-inline-3/#initial-letter-indentation"
    }
  },
  "#initial-letter-inline-flow": {
    "current": {
      "number": "6.8.1",
      "spec": "CSS Inline Layout 3",
      "text": "Inline Flow Layout: Alignment, Justification, and White Space",
      "url": "https://drafts.csswg.org/css-inline-3/#initial-letter-inline-flow"
    },
    "snapshot": {
      "number": "6.8.1",
      "spec": "CSS Inline Layout 3",
      "text": "Inline Flow Layout: Alignment, Justification, and White Space",
      "url": "https://www.w3.org/TR/css-inline-3/#initial-letter-inline-flow"
    }
  },
  "#initial-letter-inline-position": {
    "current": {
      "number": "6.6.2",
      "spec": "CSS Inline Layout 3",
      "text": "Inline Kerning",
      "url": "https://drafts.csswg.org/css-inline-3/#initial-letter-inline-position"
    },
    "snapshot": {
      "number": "6.6.2",
      "spec": "CSS Inline Layout 3",
      "text": "Inline Kerning",
      "url": "https://www.w3.org/TR/css-inline-3/#initial-letter-inline-position"
    }
  },
  "#initial-letter-intro": {
    "current": {
      "number": "6.1",
      "spec": "CSS Inline Layout 3",
      "text": "An Introduction to Initial Letters",
      "url": "https://drafts.csswg.org/css-inline-3/#initial-letter-intro"
    },
    "snapshot": {
      "number": "6.1",
      "spec": "CSS Inline Layout 3",
      "text": "An Introduction to Initial Letters",
      "url": "https://www.w3.org/TR/css-inline-3/#initial-letter-intro"
    }
  },
  "#initial-letter-layout": {
    "current": {
      "number": "6.5",
      "spec": "CSS Inline Layout 3",
      "text": "Initial Letter Layout",
      "url": "https://drafts.csswg.org/css-inline-3/#initial-letter-layout"
    },
    "snapshot": {
      "number": "6.5",
      "spec": "CSS Inline Layout 3",
      "text": "Initial Letter Layout",
      "url": "https://www.w3.org/TR/css-inline-3/#initial-letter-layout"
    }
  },
  "#initial-letter-line-layout": {
    "current": {
      "number": "6.8",
      "spec": "CSS Inline Layout 3",
      "text": "Line Layout",
      "url": "https://drafts.csswg.org/css-inline-3/#initial-letter-line-layout"
    },
    "snapshot": {
      "number": "6.8",
      "spec": "CSS Inline Layout 3",
      "text": "Line Layout",
      "url": "https://www.w3.org/TR/css-inline-3/#initial-letter-line-layout"
    }
  },
  "#initial-letter-multi-line": {
    "current": {
      "number": "6.8.4",
      "spec": "CSS Inline Layout 3",
      "text": "Multi-line Initial Letters",
      "url": "https://drafts.csswg.org/css-inline-3/#initial-letter-multi-line"
    },
    "snapshot": {
      "number": "6.8.4",
      "spec": "CSS Inline Layout 3",
      "text": "Multi-line Initial Letters",
      "url": "https://www.w3.org/TR/css-inline-3/#initial-letter-multi-line"
    }
  },
  "#initial-letter-paragraphs": {
    "current": {
      "number": "6.9",
      "spec": "CSS Inline Layout 3",
      "text": "Clearing Initial Letters",
      "url": "https://drafts.csswg.org/css-inline-3/#initial-letter-paragraphs"
    },
    "snapshot": {
      "number": "6.9",
      "spec": "CSS Inline Layout 3",
      "text": "Clearing Initial Letters",
      "url": "https://www.w3.org/TR/css-inline-3/#initial-letter-paragraphs"
    }
  },
  "#initial-letter-position": {
    "current": {
      "number": "6.6",
      "spec": "CSS Inline Layout 3",
      "text": "Initial Letter Positioning and Spacing",
      "url": "https://drafts.csswg.org/css-inline-3/#initial-letter-position"
    },
    "snapshot": {
      "number": "6.6",
      "spec": "CSS Inline Layout 3",
      "text": "Initial Letter Positioning and Spacing",
      "url": "https://www.w3.org/TR/css-inline-3/#initial-letter-position"
    }
  },
  "#initial-letter-properties": {
    "current": {
      "number": "6.5.1",
      "spec": "CSS Inline Layout 3",
      "text": "Properties Applying to Initial Letters",
      "url": "https://drafts.csswg.org/css-inline-3/#initial-letter-properties"
    },
    "snapshot": {
      "number": "6.5.1",
      "spec": "CSS Inline Layout 3",
      "text": "Properties Applying to Initial Letters",
      "url": "https://www.w3.org/TR/css-inline-3/#initial-letter-properties"
    }
  },
  "#initial-letter-shaping": {
    "current": {
      "number": "6.5.4",
      "spec": "CSS Inline Layout 3",
      "text": "Shaping and Glyph Selection",
      "url": "https://drafts.csswg.org/css-inline-3/#initial-letter-shaping"
    },
    "snapshot": {
      "number": "6.5.4",
      "spec": "CSS Inline Layout 3",
      "text": "Shaping and Glyph Selection",
      "url": "https://www.w3.org/TR/css-inline-3/#initial-letter-shaping"
    }
  },
  "#initial-letter-styling": {
    "current": {
      "number": "6",
      "spec": "CSS Inline Layout 3",
      "text": "Initial Letters",
      "url": "https://drafts.csswg.org/css-inline-3/#initial-letter-styling"
    },
    "snapshot": {
      "number": "6",
      "spec": "CSS Inline Layout 3",
      "text": "Initial Letters",
      "url": "https://www.w3.org/TR/css-inline-3/#initial-letter-styling"
    }
  },
  "#initial-letter-wrapping": {
    "current": {
      "number": "6.7",
      "spec": "CSS Inline Layout 3",
      "text": "Initial Letter Wrapping: the initial-letter-wrap property",
      "url": "https://drafts.csswg.org/css-inline-3/#initial-letter-wrapping"
    },
    "snapshot": {
      "number": "6.7",
      "spec": "CSS Inline Layout 3",
      "text": "Initial Letter Wrapping: the initial-letter-wrap property",
      "url": "https://www.w3.org/TR/css-inline-3/#initial-letter-wrapping"
    }
  },
  "#inline-height": {
    "current": {
      "number": "5.3",
      "spec": "CSS Inline Layout 3",
      "text": "Calculating the Logical Height Contributions (“Layout Bounds”) of Inline Boxes",
      "url": "https://drafts.csswg.org/css-inline-3/#inline-height"
    },
    "snapshot": {
      "number": "5.3",
      "spec": "CSS Inline Layout 3",
      "text": "Calculating the Logical Height Contributions (“Layout Bounds”) of Inline Boxes",
      "url": "https://www.w3.org/TR/css-inline-3/#inline-height"
    }
  },
  "#intro": {
    "current": {
      "number": "1",
      "spec": "CSS Inline Layout 3",
      "text": "Introduction",
      "url": "https://drafts.csswg.org/css-inline-3/#intro"
    },
    "snapshot": {
      "number": "1",
      "spec": "CSS Inline Layout 3",
      "text": "Introduction",
      "url": "https://www.w3.org/TR/css-inline-3/#intro"
    }
  },
  "#invisible-line-boxes": {
    "current": {
      "number": "2.3",
      "spec": "CSS Inline Layout 3",
      "text": "“Invisible” Line Boxes",
      "url": "https://drafts.csswg.org/css-inline-3/#invisible-line-boxes"
    },
    "snapshot": {
      "number": "2.3",
      "spec": "CSS Inline Layout 3",
      "text": "“Invisible” Line Boxes",
      "url": "https://www.w3.org/TR/css-inline-3/#invisible-line-boxes"
    }
  },
  "#issues-index": {
    "current": {
      "number": "",
      "spec": "CSS Inline Layout 3",
      "text": "Issues Index",
      "url": "https://drafts.csswg.org/css-inline-3/#issues-index"
    },
    "snapshot": {
      "number": "",
      "spec": "CSS Inline Layout 3",
      "text": "Issues Index",
      "url": "https://www.w3.org/TR/css-inline-3/#issues-index"
    }
  },
  "#leading-trim": {
    "current": {
      "number": "5.4",
      "spec": "CSS Inline Layout 3",
      "text": "Half-Leading Control: the text-box-trim property",
      "url": "https://drafts.csswg.org/css-inline-3/#leading-trim"
    },
    "snapshot": {
      "number": "5.4",
      "spec": "CSS Inline Layout 3",
      "text": "Half-Leading Control: the text-box-trim property",
      "url": "https://www.w3.org/TR/css-inline-3/#leading-trim"
    }
  },
  "#line-boxes": {
    "current": {
      "number": "2.1",
      "spec": "CSS Inline Layout 3",
      "text": "Layout of Line Boxes",
      "url": "https://drafts.csswg.org/css-inline-3/#line-boxes"
    },
    "snapshot": {
      "number": "2.1",
      "spec": "CSS Inline Layout 3",
      "text": "Layout of Line Boxes",
      "url": "https://www.w3.org/TR/css-inline-3/#line-boxes"
    }
  },
  "#line-fill": {
    "current": {
      "number": "5.5",
      "spec": "CSS Inline Layout 3",
      "text": "Inline Box Drawing Height: the inline-sizing property",
      "url": "https://drafts.csswg.org/css-inline-3/#line-fill"
    },
    "snapshot": {
      "number": "5.5",
      "spec": "CSS Inline Layout 3",
      "text": "Inline Box Drawing Height: the inline-sizing property",
      "url": "https://www.w3.org/TR/css-inline-3/#line-fill"
    }
  },
  "#line-height": {
    "current": {
      "number": "5",
      "spec": "CSS Inline Layout 3",
      "text": "Logical Heights and Inter-line Spacing",
      "url": "https://drafts.csswg.org/css-inline-3/#line-height"
    },
    "snapshot": {
      "number": "5",
      "spec": "CSS Inline Layout 3",
      "text": "Logical Heights and Inter-line Spacing",
      "url": "https://www.w3.org/TR/css-inline-3/#line-height"
    }
  },
  "#line-height-property": {
    "current": {
      "number": "5.1",
      "spec": "CSS Inline Layout 3",
      "text": "Line Spacing: the line-height property",
      "url": "https://drafts.csswg.org/css-inline-3/#line-height-property"
    },
    "snapshot": {
      "number": "5.1",
      "spec": "CSS Inline Layout 3",
      "text": "Line Spacing: the line-height property",
      "url": "https://www.w3.org/TR/css-inline-3/#line-height-property"
    }
  },
  "#line-layout": {
    "current": {
      "number": "2.2",
      "spec": "CSS Inline Layout 3",
      "text": "Layout Within Line Boxes",
      "url": "https://drafts.csswg.org/css-inline-3/#line-layout"
    },
    "snapshot": {
      "number": "2.2",
      "spec": "CSS Inline Layout 3",
      "text": "Layout Within Line Boxes",
      "url": "https://www.w3.org/TR/css-inline-3/#line-layout"
    }
  },
  "#model": {
    "current": {
      "number": "2",
      "spec": "CSS Inline Layout 3",
      "text": "Inline Layout Model",
      "url": "https://drafts.csswg.org/css-inline-3/#model"
    },
    "snapshot": {
      "number": "2",
      "spec": "CSS Inline Layout 3",
      "text": "Inline Layout Model",
      "url": "https://www.w3.org/TR/css-inline-3/#model"
    }
  },
  "#normative": {
    "current": {
      "number": "",
      "spec": "CSS Inline Layout 3",
      "text": "Normative References",
      "url": "https://drafts.csswg.org/css-inline-3/#normative"
    },
    "snapshot": {
      "number": "",
      "spec": "CSS Inline Layout 3",
      "text": "Normative References",
      "url": "https://www.w3.org/TR/css-inline-3/#normative"
    }
  },
  "#paint-order": {
    "current": {
      "number": "2.4",
      "spec": "CSS Inline Layout 3",
      "text": "Painting Order",
      "url": "https://drafts.csswg.org/css-inline-3/#paint-order"
    },
    "snapshot": {
      "number": "2.4",
      "spec": "CSS Inline Layout 3",
      "text": "Painting Order",
      "url": "https://www.w3.org/TR/css-inline-3/#paint-order"
    }
  },
  "#placement": {
    "current": {
      "number": "1.1",
      "spec": "CSS Inline Layout 3",
      "text": "Module Interactions",
      "url": "https://drafts.csswg.org/css-inline-3/#placement"
    },
    "snapshot": {
      "number": "1.1",
      "spec": "CSS Inline Layout 3",
      "text": "Module Interactions",
      "url": "https://www.w3.org/TR/css-inline-3/#placement"
    }
  },
  "#privacy": {
    "current": {
      "number": "",
      "spec": "CSS Inline Layout 3",
      "text": "Privacy Considerations",
      "url": "https://drafts.csswg.org/css-inline-3/#privacy"
    }
  },
  "#property-index": {
    "current": {
      "number": "",
      "spec": "CSS Inline Layout 3",
      "text": "Property Index",
      "url": "https://drafts.csswg.org/css-inline-3/#property-index"
    },
    "snapshot": {
      "number": "",
      "spec": "CSS Inline Layout 3",
      "text": "Property Index",
      "url": "https://www.w3.org/TR/css-inline-3/#property-index"
    }
  },
  "#raise-initial": {
    "current": {
      "number": "6.1.3",
      "spec": "CSS Inline Layout 3",
      "text": "Raised Initial Letters",
      "url": "https://drafts.csswg.org/css-inline-3/#raise-initial"
    },
    "snapshot": {
      "number": "6.1.3",
      "spec": "CSS Inline Layout 3",
      "text": "Raised Initial Letters",
      "url": "https://www.w3.org/TR/css-inline-3/#raise-initial"
    }
  },
  "#raised-sunken-caps": {
    "current": {
      "number": "6.9.1",
      "spec": "CSS Inline Layout 3",
      "text": "Raised and sunken caps",
      "url": "https://drafts.csswg.org/css-inline-3/#raised-sunken-caps"
    },
    "snapshot": {
      "number": "6.9.1",
      "spec": "CSS Inline Layout 3",
      "text": "Raised and sunken caps",
      "url": "https://www.w3.org/TR/css-inline-3/#raised-sunken-caps"
    }
  },
  "#references": {
    "current": {
      "number": "",
      "spec": "CSS Inline Layout 3",
      "text": "References",
      "url": "https://drafts.csswg.org/css-inline-3/#references"
    },
    "snapshot": {
      "number": "",
      "spec": "CSS Inline Layout 3",
      "text": "References",
      "url": "https://www.w3.org/TR/css-inline-3/#references"
    }
  },
  "#security": {
    "current": {
      "number": "",
      "spec": "CSS Inline Layout 3",
      "text": "Security Considerations",
      "url": "https://drafts.csswg.org/css-inline-3/#security"
    }
  },
  "#selecting-drop-initials": {
    "current": {
      "number": "6.2",
      "spec": "CSS Inline Layout 3",
      "text": "Selecting Initial Letters",
      "url": "https://drafts.csswg.org/css-inline-3/#selecting-drop-initials"
    },
    "snapshot": {
      "number": "6.2",
      "spec": "CSS Inline Layout 3",
      "text": "Selecting Initial Letters",
      "url": "https://www.w3.org/TR/css-inline-3/#selecting-drop-initials"
    }
  },
  "#short-para-initial-letter": {
    "current": {
      "number": "6.9.2",
      "spec": "CSS Inline Layout 3",
      "text": "Short paragraphs with initial letters",
      "url": "https://drafts.csswg.org/css-inline-3/#short-para-initial-letter"
    },
    "snapshot": {
      "number": "6.9.2",
      "spec": "CSS Inline Layout 3",
      "text": "Short paragraphs with initial letters",
      "url": "https://www.w3.org/TR/css-inline-3/#short-para-initial-letter"
    }
  },
  "#sizing-drop-initials": {
    "current": {
      "number": "6.3",
      "spec": "CSS Inline Layout 3",
      "text": "Creating Initial Letters: the initial-letter property",
      "url": "https://drafts.csswg.org/css-inline-3/#sizing-drop-initials"
    },
    "snapshot": {
      "number": "6.3",
      "spec": "CSS Inline Layout 3",
      "text": "Creating Initial Letters: the initial-letter property",
      "url": "https://www.w3.org/TR/css-inline-3/#sizing-drop-initials"
    }
  },
  "#sizing-initial-letter": {
    "current": {
      "number": "6.5.3",
      "spec": "CSS Inline Layout 3",
      "text": "Font Sizing of Initial Letters",
      "url": "https://drafts.csswg.org/css-inline-3/#sizing-initial-letter"
    },
    "snapshot": {
      "number": "6.5.3",
      "spec": "CSS Inline Layout 3",
      "text": "Font Sizing of Initial Letters",
      "url": "https://www.w3.org/TR/css-inline-3/#sizing-initial-letter"
    }
  },
  "#sotd": {
    "current": {
      "number": "",
      "spec": "CSS Inline Layout 3",
      "text": "Status of this document",
      "url": "https://drafts.csswg.org/css-inline-3/#sotd"
    },
    "snapshot": {
      "number": "",
      "spec": "CSS Inline Layout 3",
      "text": "Status of this document",
      "url": "https://www.w3.org/TR/css-inline-3/#sotd"
    }
  },
  "#sunk-initial": {
    "current": {
      "number": "6.1.2",
      "spec": "CSS Inline Layout 3",
      "text": "Sunken Initial Letters",
      "url": "https://drafts.csswg.org/css-inline-3/#sunk-initial"
    },
    "snapshot": {
      "number": "6.1.2",
      "spec": "CSS Inline Layout 3",
      "text": "Sunken Initial Letters",
      "url": "https://www.w3.org/TR/css-inline-3/#sunk-initial"
    }
  },
  "#text-edges": {
    "current": {
      "number": "5.2",
      "spec": "CSS Inline Layout 3",
      "text": "Inline Box Edge Metrics: the text-box-edge property",
      "url": "https://drafts.csswg.org/css-inline-3/#text-edges"
    },
    "snapshot": {
      "number": "5.2",
      "spec": "CSS Inline Layout 3",
      "text": "Inline Box Edge Metrics: the text-box-edge property",
      "url": "https://www.w3.org/TR/css-inline-3/#text-edges"
    }
  },
  "#title": {
    "current": {
      "number": "",
      "spec": "CSS Inline Layout 3",
      "text": "CSS Inline Layout Module Level 3",
      "url": "https://drafts.csswg.org/css-inline-3/#title"
    },
    "snapshot": {
      "number": "",
      "spec": "CSS Inline Layout 3",
      "text": "CSS Inline Layout Module Level 3",
      "url": "https://www.w3.org/TR/css-inline-3/#title"
    }
  },
  "#toc": {
    "current": {
      "number": "",
      "spec": "CSS Inline Layout 3",
      "text": "Table of Contents",
      "url": "https://drafts.csswg.org/css-inline-3/#toc"
    },
    "snapshot": {
      "number": "",
      "spec": "CSS Inline Layout 3",
      "text": "Table of Contents",
      "url": "https://www.w3.org/TR/css-inline-3/#toc"
    }
  },
  "#transverse-alignment": {
    "current": {
      "number": "4.2",
      "spec": "CSS Inline Layout 3",
      "text": "Transverse Box Alignment: the vertical-align property",
      "url": "https://drafts.csswg.org/css-inline-3/#transverse-alignment"
    },
    "snapshot": {
      "number": "4.2",
      "spec": "CSS Inline Layout 3",
      "text": "Transverse Box Alignment: the vertical-align property",
      "url": "https://www.w3.org/TR/css-inline-3/#transverse-alignment"
    }
  },
  "#values": {
    "current": {
      "number": "1.2",
      "spec": "CSS Inline Layout 3",
      "text": "Value Definitions",
      "url": "https://drafts.csswg.org/css-inline-3/#values"
    },
    "snapshot": {
      "number": "1.2",
      "spec": "CSS Inline Layout 3",
      "text": "Value Definitions",
      "url": "https://www.w3.org/TR/css-inline-3/#values"
    }
  },
  "#w3c-conform-future-proofing": {
    "current": {
      "number": "",
      "spec": "CSS Inline Layout 3",
      "text": "Implementations of Unstable and Proprietary Features",
      "url": "https://drafts.csswg.org/css-inline-3/#w3c-conform-future-proofing"
    },
    "snapshot": {
      "number": "",
      "spec": "CSS Inline Layout 3",
      "text": "Implementations of Unstable and Proprietary Features",
      "url": "https://www.w3.org/TR/css-inline-3/#w3c-conform-future-proofing"
    }
  },
  "#w3c-conformance": {
    "current": {
      "number": "",
      "spec": "CSS Inline Layout 3",
      "text": "Conformance",
      "url": "https://drafts.csswg.org/css-inline-3/#w3c-conformance"
    },
    "snapshot": {
      "number": "",
      "spec": "CSS Inline Layout 3",
      "text": "Conformance",
      "url": "https://www.w3.org/TR/css-inline-3/#w3c-conformance"
    }
  },
  "#w3c-conformance-classes": {
    "current": {
      "number": "",
      "spec": "CSS Inline Layout 3",
      "text": "Conformance classes",
      "url": "https://drafts.csswg.org/css-inline-3/#w3c-conformance-classes"
    },
    "snapshot": {
      "number": "",
      "spec": "CSS Inline Layout 3",
      "text": "Conformance classes",
      "url": "https://www.w3.org/TR/css-inline-3/#w3c-conformance-classes"
    }
  },
  "#w3c-conventions": {
    "current": {
      "number": "",
      "spec": "CSS Inline Layout 3",
      "text": "Document conventions",
      "url": "https://drafts.csswg.org/css-inline-3/#w3c-conventions"
    },
    "snapshot": {
      "number": "",
      "spec": "CSS Inline Layout 3",
      "text": "Document conventions",
      "url": "https://www.w3.org/TR/css-inline-3/#w3c-conventions"
    }
  },
  "#w3c-partial": {
    "current": {
      "number": "",
      "spec": "CSS Inline Layout 3",
      "text": "Partial implementations",
      "url": "https://drafts.csswg.org/css-inline-3/#w3c-partial"
    },
    "snapshot": {
      "number": "",
      "spec": "CSS Inline Layout 3",
      "text": "Partial implementations",
      "url": "https://www.w3.org/TR/css-inline-3/#w3c-partial"
    }
  },
  "#w3c-testing": {
    "current": {
      "number": "",
      "spec": "CSS Inline Layout 3",
      "text": "Non-experimental implementations",
      "url": "https://drafts.csswg.org/css-inline-3/#w3c-testing"
    },
    "snapshot": {
      "number": "",
      "spec": "CSS Inline Layout 3",
      "text": "Non-experimental implementations",
      "url": "https://www.w3.org/TR/css-inline-3/#w3c-testing"
    }
  }
}