{
  "#abstract": {
    "current": {
      "number": "",
      "spec": "CSS Parser API",
      "text": "Abstract",
      "url": "https://wicg.github.io/css-parser-api/#abstract"
    }
  },
  "#idl-index": {
    "current": {
      "number": "",
      "spec": "CSS Parser API",
      "text": "IDL Index",
      "url": "https://wicg.github.io/css-parser-api/#idl-index"
    }
  },
  "#index": {
    "current": {
      "number": "",
      "spec": "CSS Parser API",
      "text": "Index",
      "url": "https://wicg.github.io/css-parser-api/#index"
    }
  },
  "#index-defined-elsewhere": {
    "current": {
      "number": "",
      "spec": "CSS Parser API",
      "text": "Terms defined by reference",
      "url": "https://wicg.github.io/css-parser-api/#index-defined-elsewhere"
    }
  },
  "#index-defined-here": {
    "current": {
      "number": "",
      "spec": "CSS Parser API",
      "text": "Terms defined by this specification",
      "url": "https://wicg.github.io/css-parser-api/#index-defined-here"
    }
  },
  "#intro": {
    "current": {
      "number": "1",
      "spec": "CSS Parser API",
      "text": "Introduction",
      "url": "https://wicg.github.io/css-parser-api/#intro"
    }
  },
  "#issues-index": {
    "current": {
      "number": "",
      "spec": "CSS Parser API",
      "text": "Issues Index",
      "url": "https://wicg.github.io/css-parser-api/#issues-index"
    }
  },
  "#normative": {
    "current": {
      "number": "",
      "spec": "CSS Parser API",
      "text": "Normative References",
      "url": "https://wicg.github.io/css-parser-api/#normative"
    }
  },
  "#parser-values": {
    "current": {
      "number": "3",
      "spec": "CSS Parser API",
      "text": "Parser Values",
      "url": "https://wicg.github.io/css-parser-api/#parser-values"
    }
  },
  "#parsing-api": {
    "current": {
      "number": "2",
      "spec": "CSS Parser API",
      "text": "Parsing API",
      "url": "https://wicg.github.io/css-parser-api/#parsing-api"
    }
  },
  "#references": {
    "current": {
      "number": "",
      "spec": "CSS Parser API",
      "text": "References",
      "url": "https://wicg.github.io/css-parser-api/#references"
    }
  },
  "#sotd": {
    "current": {
      "number": "",
      "spec": "CSS Parser API",
      "text": "Status of this document",
      "url": "https://wicg.github.io/css-parser-api/#sotd"
    }
  },
  "#subtitle": {
    "current": {
      "number": "",
      "spec": "CSS Parser API",
      "text": "Unofficial Proposal Draft, 26 February 2021",
      "url": "https://wicg.github.io/css-parser-api/#subtitle"
    }
  },
  "#title": {
    "current": {
      "number": "",
      "spec": "CSS Parser API",
      "text": "CSS Parser API",
      "url": "https://wicg.github.io/css-parser-api/#title"
    }
  },
  "#toc": {
    "current": {
      "number": "",
      "spec": "CSS Parser API",
      "text": "Table of Contents",
      "url": "https://wicg.github.io/css-parser-api/#toc"
    }
  },
  "#w3c-conform-future-proofing": {
    "current": {
      "number": "",
      "spec": "CSS Parser API",
      "text": "Implementations of Unstable and Proprietary Features",
      "url": "https://wicg.github.io/css-parser-api/#w3c-conform-future-proofing"
    }
  },
  "#w3c-conformance": {
    "current": {
      "number": "",
      "spec": "CSS Parser API",
      "text": "Conformance",
      "url": "https://wicg.github.io/css-parser-api/#w3c-conformance"
    }
  },
  "#w3c-conformance-classes": {
    "current": {
      "number": "",
      "spec": "CSS Parser API",
      "text": "Conformance classes",
      "url": "https://wicg.github.io/css-parser-api/#w3c-conformance-classes"
    }
  },
  "#w3c-conventions": {
    "current": {
      "number": "",
      "spec": "CSS Parser API",
      "text": "Document conventions",
      "url": "https://wicg.github.io/css-parser-api/#w3c-conventions"
    }
  },
  "#w3c-partial": {
    "current": {
      "number": "",
      "spec": "CSS Parser API",
      "text": "Partial implementations",
      "url": "https://wicg.github.io/css-parser-api/#w3c-partial"
    }
  },
  "#w3c-testing": {
    "current": {
      "number": "",
      "spec": "CSS Parser API",
      "text": "Non-experimental implementations",
      "url": "https://wicg.github.io/css-parser-api/#w3c-testing"
    }
  }
}