{
  "#abstract": {
    "current": {
      "number": "",
      "spec": "Console",
      "text": "Abstract",
      "url": "https://console.spec.whatwg.org/#abstract"
    }
  },
  "#acks": {
    "current": {
      "number": "",
      "spec": "Console",
      "text": "Acknowledgments",
      "url": "https://console.spec.whatwg.org/#acks"
    }
  },
  "#assert": {
    "current": {
      "number": "1.1.1",
      "spec": "Console",
      "text": "assert(condition, ...data)",
      "url": "https://console.spec.whatwg.org/#assert"
    }
  },
  "#clear": {
    "current": {
      "number": "1.1.2",
      "spec": "Console",
      "text": "clear()",
      "url": "https://console.spec.whatwg.org/#clear"
    }
  },
  "#console-namespace": {
    "current": {
      "number": "1",
      "spec": "Console",
      "text": "Namespace console",
      "url": "https://console.spec.whatwg.org/#console-namespace"
    }
  },
  "#count": {
    "current": {
      "number": "1.2.1",
      "spec": "Console",
      "text": "count(label)",
      "url": "https://console.spec.whatwg.org/#count"
    }
  },
  "#counting": {
    "current": {
      "number": "1.2",
      "spec": "Console",
      "text": "Counting functions",
      "url": "https://console.spec.whatwg.org/#counting"
    }
  },
  "#countreset": {
    "current": {
      "number": "1.2.2",
      "spec": "Console",
      "text": "countReset(label)",
      "url": "https://console.spec.whatwg.org/#countreset"
    }
  },
  "#debug": {
    "current": {
      "number": "1.1.3",
      "spec": "Console",
      "text": "debug(...data)",
      "url": "https://console.spec.whatwg.org/#debug"
    }
  },
  "#dir": {
    "current": {
      "number": "1.1.10",
      "spec": "Console",
      "text": "dir(item, options)",
      "url": "https://console.spec.whatwg.org/#dir"
    }
  },
  "#dirxml": {
    "current": {
      "number": "1.1.11",
      "spec": "Console",
      "text": "dirxml(...data)",
      "url": "https://console.spec.whatwg.org/#dirxml"
    }
  },
  "#error": {
    "current": {
      "number": "1.1.4",
      "spec": "Console",
      "text": "error(...data)",
      "url": "https://console.spec.whatwg.org/#error"
    }
  },
  "#formatter": {
    "current": {
      "number": "2.2",
      "spec": "Console",
      "text": "Formatter(args)",
      "url": "https://console.spec.whatwg.org/#formatter"
    }
  },
  "#formatting-specifiers": {
    "current": {
      "number": "2.2.1",
      "spec": "Console",
      "text": "Summary of formatting specifiers",
      "url": "https://console.spec.whatwg.org/#formatting-specifiers"
    }
  },
  "#group": {
    "current": {
      "number": "1.3.1",
      "spec": "Console",
      "text": "group(...data)",
      "url": "https://console.spec.whatwg.org/#group"
    }
  },
  "#groupcollapsed": {
    "current": {
      "number": "1.3.2",
      "spec": "Console",
      "text": "groupCollapsed(...data)",
      "url": "https://console.spec.whatwg.org/#groupcollapsed"
    }
  },
  "#groupend": {
    "current": {
      "number": "1.3.3",
      "spec": "Console",
      "text": "groupEnd()",
      "url": "https://console.spec.whatwg.org/#groupend"
    }
  },
  "#grouping": {
    "current": {
      "number": "1.3",
      "spec": "Console",
      "text": "Grouping functions",
      "url": "https://console.spec.whatwg.org/#grouping"
    }
  },
  "#idl-index": {
    "current": {
      "number": "",
      "spec": "Console",
      "text": "IDL Index",
      "url": "https://console.spec.whatwg.org/#idl-index"
    }
  },
  "#index": {
    "current": {
      "number": "",
      "spec": "Console",
      "text": "Index",
      "url": "https://console.spec.whatwg.org/#index"
    }
  },
  "#index-defined-elsewhere": {
    "current": {
      "number": "",
      "spec": "Console",
      "text": "Terms defined by reference",
      "url": "https://console.spec.whatwg.org/#index-defined-elsewhere"
    }
  },
  "#index-defined-here": {
    "current": {
      "number": "",
      "spec": "Console",
      "text": "Terms defined by this specification",
      "url": "https://console.spec.whatwg.org/#index-defined-here"
    }
  },
  "#info": {
    "current": {
      "number": "1.1.5",
      "spec": "Console",
      "text": "info(...data)",
      "url": "https://console.spec.whatwg.org/#info"
    }
  },
  "#ipr": {
    "current": {
      "number": "",
      "spec": "Console",
      "text": "Intellectual property rights",
      "url": "https://console.spec.whatwg.org/#ipr"
    }
  },
  "#log": {
    "current": {
      "number": "1.1.6",
      "spec": "Console",
      "text": "log(...data)",
      "url": "https://console.spec.whatwg.org/#log"
    }
  },
  "#logger": {
    "current": {
      "number": "2.1",
      "spec": "Console",
      "text": "Logger(logLevel, args)",
      "url": "https://console.spec.whatwg.org/#logger"
    }
  },
  "#logging": {
    "current": {
      "number": "1.1",
      "spec": "Console",
      "text": "Logging functions",
      "url": "https://console.spec.whatwg.org/#logging"
    }
  },
  "#loglevel-severity": {
    "current": {
      "number": "2.3.1",
      "spec": "Console",
      "text": "Indicating logLevel severity",
      "url": "https://console.spec.whatwg.org/#loglevel-severity"
    }
  },
  "#nodejs-printer": {
    "current": {
      "number": "2.3.4",
      "spec": "Console",
      "text": "Example printer in Node.js",
      "url": "https://console.spec.whatwg.org/#nodejs-printer"
    }
  },
  "#normative": {
    "current": {
      "number": "",
      "spec": "Console",
      "text": "Normative References",
      "url": "https://console.spec.whatwg.org/#normative"
    }
  },
  "#object-formats": {
    "current": {
      "number": "2.3.3",
      "spec": "Console",
      "text": "Common object formats",
      "url": "https://console.spec.whatwg.org/#object-formats"
    }
  },
  "#printer": {
    "current": {
      "number": "2.3",
      "spec": "Console",
      "text": "Printer(logLevel, args[, options])",
      "url": "https://console.spec.whatwg.org/#printer"
    }
  },
  "#printer-ux-innovation": {
    "current": {
      "number": "2.3.2",
      "spec": "Console",
      "text": "Printer user experience innovation",
      "url": "https://console.spec.whatwg.org/#printer-ux-innovation"
    }
  },
  "#references": {
    "current": {
      "number": "",
      "spec": "Console",
      "text": "References",
      "url": "https://console.spec.whatwg.org/#references"
    }
  },
  "#reporting-warnings": {
    "current": {
      "number": "2.4",
      "spec": "Console",
      "text": "Reporting warnings to the console",
      "url": "https://console.spec.whatwg.org/#reporting-warnings"
    }
  },
  "#status": {
    "current": {
      "number": "",
      "spec": "Console",
      "text": "Status",
      "url": "https://console.spec.whatwg.org/#status"
    }
  },
  "#supporting-ops": {
    "current": {
      "number": "2",
      "spec": "Console",
      "text": "Supporting abstract operations",
      "url": "https://console.spec.whatwg.org/#supporting-ops"
    }
  },
  "#table": {
    "current": {
      "number": "1.1.7",
      "spec": "Console",
      "text": "table(tabularData, properties)",
      "url": "https://console.spec.whatwg.org/#table"
    }
  },
  "#time": {
    "current": {
      "number": "1.4.1",
      "spec": "Console",
      "text": "time(label)",
      "url": "https://console.spec.whatwg.org/#time"
    }
  },
  "#timeend": {
    "current": {
      "number": "1.4.3",
      "spec": "Console",
      "text": "timeEnd(label)",
      "url": "https://console.spec.whatwg.org/#timeend"
    }
  },
  "#timelog": {
    "current": {
      "number": "1.4.2",
      "spec": "Console",
      "text": "timeLog(label, ...data)",
      "url": "https://console.spec.whatwg.org/#timelog"
    }
  },
  "#timing": {
    "current": {
      "number": "1.4",
      "spec": "Console",
      "text": "Timing functions",
      "url": "https://console.spec.whatwg.org/#timing"
    }
  },
  "#title": {
    "current": {
      "number": "",
      "spec": "Console",
      "text": "Console",
      "url": "https://console.spec.whatwg.org/#title"
    }
  },
  "#toc": {
    "current": {
      "number": "",
      "spec": "Console",
      "text": "Table of Contents",
      "url": "https://console.spec.whatwg.org/#toc"
    }
  },
  "#trace": {
    "current": {
      "number": "1.1.8",
      "spec": "Console",
      "text": "trace(...data)",
      "url": "https://console.spec.whatwg.org/#trace"
    }
  },
  "#warn": {
    "current": {
      "number": "1.1.9",
      "spec": "Console",
      "text": "warn(...data)",
      "url": "https://console.spec.whatwg.org/#warn"
    }
  }
}