{
  "#20111213": {
    "current": {
      "number": "",
      "spec": "CSS Shapes 1",
      "text": "Since December 13th 2011",
      "url": "https://drafts.csswg.org/css-shapes-1/#20111213"
    },
    "snapshot": {
      "number": "",
      "spec": "CSS Shapes 1",
      "text": "Since December 13th 2011",
      "url": "https://www.w3.org/TR/css-shapes-1/#20111213"
    }
  },
  "#20120503": {
    "current": {
      "number": "",
      "spec": "CSS Shapes 1",
      "text": "Since May 3rd 2012",
      "url": "https://drafts.csswg.org/css-shapes-1/#20120503"
    },
    "snapshot": {
      "number": "",
      "spec": "CSS Shapes 1",
      "text": "Since May 3rd 2012",
      "url": "https://www.w3.org/TR/css-shapes-1/#20120503"
    }
  },
  "#20130620": {
    "current": {
      "number": "",
      "spec": "CSS Shapes 1",
      "text": "Since June 20th 2013",
      "url": "https://drafts.csswg.org/css-shapes-1/#20130620"
    },
    "snapshot": {
      "number": "",
      "spec": "CSS Shapes 1",
      "text": "Since June 20th 2013",
      "url": "https://www.w3.org/TR/css-shapes-1/#20130620"
    }
  },
  "#20131203": {
    "current": {
      "number": "",
      "spec": "CSS Shapes 1",
      "text": "Since December 3rd 2013",
      "url": "https://drafts.csswg.org/css-shapes-1/#20131203"
    },
    "snapshot": {
      "number": "",
      "spec": "CSS Shapes 1",
      "text": "Since December 3rd 2013",
      "url": "https://www.w3.org/TR/css-shapes-1/#20131203"
    }
  },
  "#20140211": {
    "current": {
      "number": "",
      "spec": "CSS Shapes 1",
      "text": "Since February 11th 2014",
      "url": "https://drafts.csswg.org/css-shapes-1/#20140211"
    },
    "snapshot": {
      "number": "",
      "spec": "CSS Shapes 1",
      "text": "Since February 11th 2014",
      "url": "https://www.w3.org/TR/css-shapes-1/#20140211"
    }
  },
  "#20140320": {
    "current": {
      "number": "",
      "spec": "CSS Shapes 1",
      "text": "Since March 20th 2014",
      "url": "https://drafts.csswg.org/css-shapes-1/#20140320"
    },
    "snapshot": {
      "number": "",
      "spec": "CSS Shapes 1",
      "text": "Since March 20th 2014",
      "url": "https://www.w3.org/TR/css-shapes-1/#20140320"
    }
  },
  "#20221115": {
    "current": {
      "number": "",
      "spec": "CSS Shapes 1",
      "text": "Since 15 November 2022",
      "url": "https://drafts.csswg.org/css-shapes-1/#20221115"
    }
  },
  "#abstract": {
    "current": {
      "number": "",
      "spec": "CSS Shapes 1",
      "text": "Abstract",
      "url": "https://drafts.csswg.org/css-shapes-1/#abstract"
    },
    "snapshot": {
      "number": "",
      "spec": "CSS Shapes 1",
      "text": "Abstract",
      "url": "https://www.w3.org/TR/css-shapes-1/#abstract"
    }
  },
  "#acknowledgments": {
    "current": {
      "number": "",
      "spec": "CSS Shapes 1",
      "text": "Acknowledgments",
      "url": "https://drafts.csswg.org/css-shapes-1/#acknowledgments"
    },
    "snapshot": {
      "number": "",
      "spec": "CSS Shapes 1",
      "text": "Acknowledgments",
      "url": "https://www.w3.org/TR/css-shapes-1/#acknowledgments"
    }
  },
  "#animations": {
    "snapshot": {
      "number": "1.3",
      "spec": "CSS Shapes 1",
      "text": "Animated Values",
      "url": "https://www.w3.org/TR/css-shapes-1/#animations"
    }
  },
  "#basic-shape-computed-values": {
    "current": {
      "number": "3.2",
      "spec": "CSS Shapes 1",
      "text": "Computed Values of Basic Shapes",
      "url": "https://drafts.csswg.org/css-shapes-1/#basic-shape-computed-values"
    },
    "snapshot": {
      "number": "3.2",
      "spec": "CSS Shapes 1",
      "text": "Computed Values of Basic Shapes",
      "url": "https://www.w3.org/TR/css-shapes-1/#basic-shape-computed-values"
    }
  },
  "#basic-shape-functions": {
    "current": {
      "number": "3",
      "spec": "CSS Shapes 1",
      "text": "Basic Shapes",
      "url": "https://drafts.csswg.org/css-shapes-1/#basic-shape-functions"
    },
    "snapshot": {
      "number": "3",
      "spec": "CSS Shapes 1",
      "text": "Basic Shapes",
      "url": "https://www.w3.org/TR/css-shapes-1/#basic-shape-functions"
    }
  },
  "#basic-shape-interpolation": {
    "current": {
      "number": "3.4",
      "spec": "CSS Shapes 1",
      "text": "Interpolation of Basic Shapes",
      "url": "https://drafts.csswg.org/css-shapes-1/#basic-shape-interpolation"
    },
    "snapshot": {
      "number": "3.4",
      "spec": "CSS Shapes 1",
      "text": "Interpolation of Basic Shapes",
      "url": "https://www.w3.org/TR/css-shapes-1/#basic-shape-interpolation"
    }
  },
  "#basic-shape-serialization": {
    "current": {
      "number": "3.3",
      "spec": "CSS Shapes 1",
      "text": "Serialization of Basic Shapes",
      "url": "https://drafts.csswg.org/css-shapes-1/#basic-shape-serialization"
    },
    "snapshot": {
      "number": "3.3",
      "spec": "CSS Shapes 1",
      "text": "Serialization of Basic Shapes",
      "url": "https://www.w3.org/TR/css-shapes-1/#basic-shape-serialization"
    }
  },
  "#change-log": {
    "current": {
      "number": "",
      "spec": "CSS Shapes 1",
      "text": "Change Log",
      "url": "https://drafts.csswg.org/css-shapes-1/#change-log"
    },
    "snapshot": {
      "number": "",
      "spec": "CSS Shapes 1",
      "text": "Change Log",
      "url": "https://www.w3.org/TR/css-shapes-1/#change-log"
    }
  },
  "#declaring-shapes": {
    "current": {
      "number": "6",
      "spec": "CSS Shapes 1",
      "text": "Declaring Shapes",
      "url": "https://drafts.csswg.org/css-shapes-1/#declaring-shapes"
    },
    "snapshot": {
      "number": "6",
      "spec": "CSS Shapes 1",
      "text": "Declaring Shapes",
      "url": "https://www.w3.org/TR/css-shapes-1/#declaring-shapes"
    }
  },
  "#index": {
    "current": {
      "number": "",
      "spec": "CSS Shapes 1",
      "text": "Index",
      "url": "https://drafts.csswg.org/css-shapes-1/#index"
    },
    "snapshot": {
      "number": "",
      "spec": "CSS Shapes 1",
      "text": "Index",
      "url": "https://www.w3.org/TR/css-shapes-1/#index"
    }
  },
  "#index-defined-elsewhere": {
    "current": {
      "number": "",
      "spec": "CSS Shapes 1",
      "text": "Terms defined by reference",
      "url": "https://drafts.csswg.org/css-shapes-1/#index-defined-elsewhere"
    },
    "snapshot": {
      "number": "",
      "spec": "CSS Shapes 1",
      "text": "Terms defined by reference",
      "url": "https://www.w3.org/TR/css-shapes-1/#index-defined-elsewhere"
    }
  },
  "#index-defined-here": {
    "current": {
      "number": "",
      "spec": "CSS Shapes 1",
      "text": "Terms defined by this specification",
      "url": "https://drafts.csswg.org/css-shapes-1/#index-defined-here"
    },
    "snapshot": {
      "number": "",
      "spec": "CSS Shapes 1",
      "text": "Terms defined by this specification",
      "url": "https://www.w3.org/TR/css-shapes-1/#index-defined-here"
    }
  },
  "#informative": {
    "current": {
      "number": "",
      "spec": "CSS Shapes 1",
      "text": "Informative References",
      "url": "https://drafts.csswg.org/css-shapes-1/#informative"
    },
    "snapshot": {
      "number": "",
      "spec": "CSS Shapes 1",
      "text": "Informative References",
      "url": "https://www.w3.org/TR/css-shapes-1/#informative"
    }
  },
  "#intro": {
    "current": {
      "number": "1",
      "spec": "CSS Shapes 1",
      "text": "Introduction",
      "url": "https://drafts.csswg.org/css-shapes-1/#intro"
    },
    "snapshot": {
      "number": "1",
      "spec": "CSS Shapes 1",
      "text": "Introduction",
      "url": "https://www.w3.org/TR/css-shapes-1/#intro"
    }
  },
  "#module-interactions": {
    "current": {
      "number": "1.1",
      "spec": "CSS Shapes 1",
      "text": "Module Interactions",
      "url": "https://drafts.csswg.org/css-shapes-1/#module-interactions"
    },
    "snapshot": {
      "number": "1.1",
      "spec": "CSS Shapes 1",
      "text": "Module Interactions",
      "url": "https://www.w3.org/TR/css-shapes-1/#module-interactions"
    }
  },
  "#normative": {
    "current": {
      "number": "",
      "spec": "CSS Shapes 1",
      "text": "Normative References",
      "url": "https://drafts.csswg.org/css-shapes-1/#normative"
    },
    "snapshot": {
      "number": "",
      "spec": "CSS Shapes 1",
      "text": "Normative References",
      "url": "https://www.w3.org/TR/css-shapes-1/#normative"
    }
  },
  "#privacy": {
    "current": {
      "number": "7",
      "spec": "CSS Shapes 1",
      "text": "Privacy Considerations",
      "url": "https://drafts.csswg.org/css-shapes-1/#privacy"
    },
    "snapshot": {
      "number": "7",
      "spec": "CSS Shapes 1",
      "text": "Privacy Considerations",
      "url": "https://www.w3.org/TR/css-shapes-1/#privacy"
    }
  },
  "#property-index": {
    "current": {
      "number": "",
      "spec": "CSS Shapes 1",
      "text": "Property Index",
      "url": "https://drafts.csswg.org/css-shapes-1/#property-index"
    },
    "snapshot": {
      "number": "",
      "spec": "CSS Shapes 1",
      "text": "Property Index",
      "url": "https://www.w3.org/TR/css-shapes-1/#property-index"
    }
  },
  "#references": {
    "current": {
      "number": "",
      "spec": "CSS Shapes 1",
      "text": "References",
      "url": "https://drafts.csswg.org/css-shapes-1/#references"
    },
    "snapshot": {
      "number": "",
      "spec": "CSS Shapes 1",
      "text": "References",
      "url": "https://www.w3.org/TR/css-shapes-1/#references"
    }
  },
  "#relation-to-box-model-and-float-behavior": {
    "current": {
      "number": "2",
      "spec": "CSS Shapes 1",
      "text": "Relation to the box model and float behavior",
      "url": "https://drafts.csswg.org/css-shapes-1/#relation-to-box-model-and-float-behavior"
    },
    "snapshot": {
      "number": "2",
      "spec": "CSS Shapes 1",
      "text": "Relation to the box model and float behavior",
      "url": "https://www.w3.org/TR/css-shapes-1/#relation-to-box-model-and-float-behavior"
    }
  },
  "#security": {
    "current": {
      "number": "8",
      "spec": "CSS Shapes 1",
      "text": "Security Considerations",
      "url": "https://drafts.csswg.org/css-shapes-1/#security"
    },
    "snapshot": {
      "number": "8",
      "spec": "CSS Shapes 1",
      "text": "Security Considerations",
      "url": "https://www.w3.org/TR/css-shapes-1/#security"
    }
  },
  "#shape-image-threshold-property": {
    "current": {
      "number": "6.2",
      "spec": "CSS Shapes 1",
      "text": "Choosing Image Pixels: the shape-image-threshold property",
      "url": "https://drafts.csswg.org/css-shapes-1/#shape-image-threshold-property"
    },
    "snapshot": {
      "number": "6.2",
      "spec": "CSS Shapes 1",
      "text": "Choosing Image Pixels: the shape-image-threshold property",
      "url": "https://www.w3.org/TR/css-shapes-1/#shape-image-threshold-property"
    }
  },
  "#shape-margin-property": {
    "current": {
      "number": "6.3",
      "spec": "CSS Shapes 1",
      "text": "Expanding a Shape: the shape-margin property",
      "url": "https://drafts.csswg.org/css-shapes-1/#shape-margin-property"
    },
    "snapshot": {
      "number": "6.3",
      "spec": "CSS Shapes 1",
      "text": "Expanding a Shape: the shape-margin property",
      "url": "https://www.w3.org/TR/css-shapes-1/#shape-margin-property"
    }
  },
  "#shape-outside-property": {
    "current": {
      "number": "6.1",
      "spec": "CSS Shapes 1",
      "text": "Float Area Shape: the shape-outside property",
      "url": "https://drafts.csswg.org/css-shapes-1/#shape-outside-property"
    },
    "snapshot": {
      "number": "6.1",
      "spec": "CSS Shapes 1",
      "text": "Float Area Shape: the shape-outside property",
      "url": "https://www.w3.org/TR/css-shapes-1/#shape-outside-property"
    }
  },
  "#shapes-from-box-values": {
    "current": {
      "number": "5",
      "spec": "CSS Shapes 1",
      "text": "Shapes from Box Values",
      "url": "https://drafts.csswg.org/css-shapes-1/#shapes-from-box-values"
    },
    "snapshot": {
      "number": "5",
      "spec": "CSS Shapes 1",
      "text": "Shapes from Box Values",
      "url": "https://www.w3.org/TR/css-shapes-1/#shapes-from-box-values"
    }
  },
  "#shapes-from-image": {
    "current": {
      "number": "4",
      "spec": "CSS Shapes 1",
      "text": "Shapes from Image",
      "url": "https://drafts.csswg.org/css-shapes-1/#shapes-from-image"
    },
    "snapshot": {
      "number": "4",
      "spec": "CSS Shapes 1",
      "text": "Shapes from Image",
      "url": "https://www.w3.org/TR/css-shapes-1/#shapes-from-image"
    }
  },
  "#sotd": {
    "current": {
      "number": "",
      "spec": "CSS Shapes 1",
      "text": "Status of this document",
      "url": "https://drafts.csswg.org/css-shapes-1/#sotd"
    },
    "snapshot": {
      "number": "",
      "spec": "CSS Shapes 1",
      "text": "Status of this document",
      "url": "https://www.w3.org/TR/css-shapes-1/#sotd"
    }
  },
  "#supported-basic-shapes": {
    "current": {
      "number": "3.1",
      "spec": "CSS Shapes 1",
      "text": "Supported Shapes",
      "url": "https://drafts.csswg.org/css-shapes-1/#supported-basic-shapes"
    },
    "snapshot": {
      "number": "3.1",
      "spec": "CSS Shapes 1",
      "text": "Supported Shapes",
      "url": "https://www.w3.org/TR/css-shapes-1/#supported-basic-shapes"
    }
  },
  "#terminology": {
    "current": {
      "number": "1.3",
      "spec": "CSS Shapes 1",
      "text": "Terminology",
      "url": "https://drafts.csswg.org/css-shapes-1/#terminology"
    },
    "snapshot": {
      "number": "1.4",
      "spec": "CSS Shapes 1",
      "text": "Terminology",
      "url": "https://www.w3.org/TR/css-shapes-1/#terminology"
    }
  },
  "#title": {
    "current": {
      "number": "",
      "spec": "CSS Shapes 1",
      "text": "CSS Shapes Module Level 1",
      "url": "https://drafts.csswg.org/css-shapes-1/#title"
    },
    "snapshot": {
      "number": "",
      "spec": "CSS Shapes 1",
      "text": "CSS Shapes Module Level 1",
      "url": "https://www.w3.org/TR/css-shapes-1/#title"
    }
  },
  "#toc": {
    "current": {
      "number": "",
      "spec": "CSS Shapes 1",
      "text": "Table of Contents",
      "url": "https://drafts.csswg.org/css-shapes-1/#toc"
    },
    "snapshot": {
      "number": "",
      "spec": "CSS Shapes 1",
      "text": "Table of Contents",
      "url": "https://www.w3.org/TR/css-shapes-1/#toc"
    }
  },
  "#values": {
    "current": {
      "number": "1.2",
      "spec": "CSS Shapes 1",
      "text": "Values",
      "url": "https://drafts.csswg.org/css-shapes-1/#values"
    },
    "snapshot": {
      "number": "1.2",
      "spec": "CSS Shapes 1",
      "text": "Values",
      "url": "https://www.w3.org/TR/css-shapes-1/#values"
    }
  },
  "#w3c-conform-future-proofing": {
    "current": {
      "number": "",
      "spec": "CSS Shapes 1",
      "text": "Implementations of Unstable and Proprietary Features",
      "url": "https://drafts.csswg.org/css-shapes-1/#w3c-conform-future-proofing"
    },
    "snapshot": {
      "number": "",
      "spec": "CSS Shapes 1",
      "text": "Implementations of Unstable and Proprietary Features",
      "url": "https://www.w3.org/TR/css-shapes-1/#w3c-conform-future-proofing"
    }
  },
  "#w3c-conformance": {
    "current": {
      "number": "",
      "spec": "CSS Shapes 1",
      "text": "Conformance",
      "url": "https://drafts.csswg.org/css-shapes-1/#w3c-conformance"
    },
    "snapshot": {
      "number": "",
      "spec": "CSS Shapes 1",
      "text": "Conformance",
      "url": "https://www.w3.org/TR/css-shapes-1/#w3c-conformance"
    }
  },
  "#w3c-conformance-classes": {
    "current": {
      "number": "",
      "spec": "CSS Shapes 1",
      "text": "Conformance classes",
      "url": "https://drafts.csswg.org/css-shapes-1/#w3c-conformance-classes"
    },
    "snapshot": {
      "number": "",
      "spec": "CSS Shapes 1",
      "text": "Conformance classes",
      "url": "https://www.w3.org/TR/css-shapes-1/#w3c-conformance-classes"
    }
  },
  "#w3c-conventions": {
    "current": {
      "number": "",
      "spec": "CSS Shapes 1",
      "text": "Document conventions",
      "url": "https://drafts.csswg.org/css-shapes-1/#w3c-conventions"
    },
    "snapshot": {
      "number": "",
      "spec": "CSS Shapes 1",
      "text": "Document conventions",
      "url": "https://www.w3.org/TR/css-shapes-1/#w3c-conventions"
    }
  },
  "#w3c-cr-exit-criteria": {
    "snapshot": {
      "number": "",
      "spec": "CSS Shapes 1",
      "text": "CR exit criteria",
      "url": "https://www.w3.org/TR/css-shapes-1/#w3c-cr-exit-criteria"
    }
  },
  "#w3c-partial": {
    "current": {
      "number": "",
      "spec": "CSS Shapes 1",
      "text": "Partial implementations",
      "url": "https://drafts.csswg.org/css-shapes-1/#w3c-partial"
    },
    "snapshot": {
      "number": "",
      "spec": "CSS Shapes 1",
      "text": "Partial implementations",
      "url": "https://www.w3.org/TR/css-shapes-1/#w3c-partial"
    }
  },
  "#w3c-testing": {
    "current": {
      "number": "",
      "spec": "CSS Shapes 1",
      "text": "Non-experimental implementations",
      "url": "https://drafts.csswg.org/css-shapes-1/#w3c-testing"
    },
    "snapshot": {
      "number": "",
      "spec": "CSS Shapes 1",
      "text": "Non-experimental implementations",
      "url": "https://www.w3.org/TR/css-shapes-1/#w3c-testing"
    }
  }
}