{
  "#background": {
    "current": {
      "number": "2",
      "spec": "Captured Mouse Events",
      "text": "Background",
      "url": "https://screen-share.github.io/captured-mouse-events/#background"
    }
  },
  "#capture-controller-extensions": {
    "current": {
      "number": "6",
      "spec": "Captured Mouse Events",
      "text": "CaptureController Extensions",
      "url": "https://screen-share.github.io/captured-mouse-events/#capture-controller-extensions"
    }
  },
  "#captured-mouse-change-event": {
    "current": {
      "number": "4",
      "spec": "Captured Mouse Events",
      "text": "CapturedMouseEvent interface",
      "url": "https://screen-share.github.io/captured-mouse-events/#captured-mouse-change-event"
    }
  },
  "#captured-mouse-change-event-init": {
    "current": {
      "number": "5",
      "spec": "Captured Mouse Events",
      "text": "CapturedMouseEventInit dictionary",
      "url": "https://screen-share.github.io/captured-mouse-events/#captured-mouse-change-event-init"
    }
  },
  "#conformance": {
    "current": {
      "number": "1",
      "spec": "Captured Mouse Events",
      "text": "Conformance",
      "url": "https://screen-share.github.io/captured-mouse-events/#conformance"
    }
  },
  "#examples": {
    "current": {
      "number": "7",
      "spec": "Captured Mouse Events",
      "text": "Examples",
      "url": "https://screen-share.github.io/captured-mouse-events/#examples"
    }
  },
  "#informative-references": {
    "current": {
      "number": "A.2",
      "spec": "Captured Mouse Events",
      "text": "Informative references",
      "url": "https://screen-share.github.io/captured-mouse-events/#informative-references"
    }
  },
  "#normative-references": {
    "current": {
      "number": "A.1",
      "spec": "Captured Mouse Events",
      "text": "Normative references",
      "url": "https://screen-share.github.io/captured-mouse-events/#normative-references"
    }
  },
  "#privacy-and-security-considerations": {
    "current": {
      "number": "8",
      "spec": "Captured Mouse Events",
      "text": "Privacy and Security Considerations",
      "url": "https://screen-share.github.io/captured-mouse-events/#privacy-and-security-considerations"
    }
  },
  "#references": {
    "current": {
      "number": "A",
      "spec": "Captured Mouse Events",
      "text": "References",
      "url": "https://screen-share.github.io/captured-mouse-events/#references"
    }
  },
  "#title": {
    "current": {
      "number": "",
      "spec": "Captured Mouse Events",
      "text": "Captured Mouse Events",
      "url": "https://screen-share.github.io/captured-mouse-events/#title"
    }
  },
  "#toc": {
    "current": {
      "number": "",
      "spec": "Captured Mouse Events",
      "text": "Table of Contents",
      "url": "https://screen-share.github.io/captured-mouse-events/#toc"
    }
  },
  "#use-case-1": {
    "current": {
      "number": "3.1",
      "spec": "Captured Mouse Events",
      "text": "Use case #1: Cursor enhancement",
      "url": "https://screen-share.github.io/captured-mouse-events/#use-case-1"
    }
  },
  "#use-case-2": {
    "current": {
      "number": "3.2",
      "spec": "Captured Mouse Events",
      "text": "Use case #2: Efficiency enhancements during RTC",
      "url": "https://screen-share.github.io/captured-mouse-events/#use-case-2"
    }
  },
  "#use-cases": {
    "current": {
      "number": "3",
      "spec": "Captured Mouse Events",
      "text": "Use cases",
      "url": "https://screen-share.github.io/captured-mouse-events/#use-cases"
    }
  }
}