{
  "#section-1": {
    "current": {
      "number": "1",
      "spec": "Client Hint Reliability",
      "text": "Introduction",
      "url": "https://www.ietf.org/archive/id/draft-davidben-http-client-hint-reliability-03.html#section-1"
    }
  },
  "#section-2": {
    "current": {
      "number": "2",
      "spec": "Client Hint Reliability",
      "text": "Conventions and Definitions",
      "url": "https://www.ietf.org/archive/id/draft-davidben-http-client-hint-reliability-03.html#section-2"
    }
  },
  "#section-3": {
    "current": {
      "number": "3",
      "spec": "Client Hint Reliability",
      "text": "The Critical-CH Response Header Field",
      "url": "https://www.ietf.org/archive/id/draft-davidben-http-client-hint-reliability-03.html#section-3"
    }
  },
  "#section-3.1": {
    "current": {
      "number": "3.1",
      "spec": "Client Hint Reliability",
      "text": "Example",
      "url": "https://www.ietf.org/archive/id/draft-davidben-http-client-hint-reliability-03.html#section-3.1"
    }
  },
  "#section-4": {
    "current": {
      "number": "4",
      "spec": "Client Hint Reliability",
      "text": "The ACCEPT_CH Frame",
      "url": "https://www.ietf.org/archive/id/draft-davidben-http-client-hint-reliability-03.html#section-4"
    }
  },
  "#section-4.1": {
    "current": {
      "number": "4.1",
      "spec": "Client Hint Reliability",
      "text": "HTTP/2 ACCEPT_CH Frame",
      "url": "https://www.ietf.org/archive/id/draft-davidben-http-client-hint-reliability-03.html#section-4.1"
    }
  },
  "#section-4.2": {
    "current": {
      "number": "4.2",
      "spec": "Client Hint Reliability",
      "text": "HTTP/3 ACCEPT_CH Frame",
      "url": "https://www.ietf.org/archive/id/draft-davidben-http-client-hint-reliability-03.html#section-4.2"
    }
  },
  "#section-4.3": {
    "current": {
      "number": "4.3",
      "spec": "Client Hint Reliability",
      "text": "Processing ACCEPT_CH Frames",
      "url": "https://www.ietf.org/archive/id/draft-davidben-http-client-hint-reliability-03.html#section-4.3"
    }
  },
  "#section-4.4": {
    "current": {
      "number": "4.4",
      "spec": "Client Hint Reliability",
      "text": "Interaction with Critical-CH",
      "url": "https://www.ietf.org/archive/id/draft-davidben-http-client-hint-reliability-03.html#section-4.4"
    }
  },
  "#section-5": {
    "current": {
      "number": "5",
      "spec": "Client Hint Reliability",
      "text": "Security Considerations",
      "url": "https://www.ietf.org/archive/id/draft-davidben-http-client-hint-reliability-03.html#section-5"
    }
  },
  "#section-6": {
    "current": {
      "number": "6",
      "spec": "Client Hint Reliability",
      "text": "IANA Considerations",
      "url": "https://www.ietf.org/archive/id/draft-davidben-http-client-hint-reliability-03.html#section-6"
    }
  },
  "#section-7": {
    "current": {
      "number": "7",
      "spec": "Client Hint Reliability",
      "text": "References",
      "url": "https://www.ietf.org/archive/id/draft-davidben-http-client-hint-reliability-03.html#section-7"
    }
  },
  "#section-7.1": {
    "current": {
      "number": "7.1",
      "spec": "Client Hint Reliability",
      "text": "Normative References",
      "url": "https://www.ietf.org/archive/id/draft-davidben-http-client-hint-reliability-03.html#section-7.1"
    }
  },
  "#section-7.2": {
    "current": {
      "number": "7.2",
      "spec": "Client Hint Reliability",
      "text": "Informative References",
      "url": "https://www.ietf.org/archive/id/draft-davidben-http-client-hint-reliability-03.html#section-7.2"
    }
  },
  "#section-abstract": {
    "current": {
      "number": "",
      "spec": "Client Hint Reliability",
      "text": "Abstract",
      "url": "https://www.ietf.org/archive/id/draft-davidben-http-client-hint-reliability-03.html#section-abstract"
    }
  },
  "#section-appendix.a": {
    "current": {
      "number": "",
      "spec": "Client Hint Reliability",
      "text": "Acknowledgments",
      "url": "https://www.ietf.org/archive/id/draft-davidben-http-client-hint-reliability-03.html#section-appendix.a"
    }
  },
  "#section-appendix.b": {
    "current": {
      "number": "",
      "spec": "Client Hint Reliability",
      "text": "Author's Address",
      "url": "https://www.ietf.org/archive/id/draft-davidben-http-client-hint-reliability-03.html#section-appendix.b"
    }
  },
  "#section-boilerplate.1": {
    "current": {
      "number": "",
      "spec": "Client Hint Reliability",
      "text": "Status of This Memo",
      "url": "https://www.ietf.org/archive/id/draft-davidben-http-client-hint-reliability-03.html#section-boilerplate.1"
    }
  },
  "#section-boilerplate.2": {
    "current": {
      "number": "",
      "spec": "Client Hint Reliability",
      "text": "Copyright Notice",
      "url": "https://www.ietf.org/archive/id/draft-davidben-http-client-hint-reliability-03.html#section-boilerplate.2"
    }
  },
  "#section-note.1": {
    "current": {
      "number": "",
      "spec": "Client Hint Reliability",
      "text": "Discussion Venues",
      "url": "https://www.ietf.org/archive/id/draft-davidben-http-client-hint-reliability-03.html#section-note.1"
    }
  },
  "#section-toc.1": {
    "current": {
      "number": "",
      "spec": "Client Hint Reliability",
      "text": "Table of Contents",
      "url": "https://www.ietf.org/archive/id/draft-davidben-http-client-hint-reliability-03.html#section-toc.1"
    }
  },
  "#title": {
    "current": {
      "number": "",
      "spec": "Client Hint Reliability",
      "text": "Client Hint Reliability",
      "url": "https://www.ietf.org/archive/id/draft-davidben-http-client-hint-reliability-03.html#title"
    }
  }
}