{
  "#acknowledgements": {
    "current": {
      "number": "A",
      "spec": "Gamepad",
      "text": "Acknowledgements",
      "url": "https://w3c.github.io/gamepad/#acknowledgements"
    },
    "snapshot": {
      "number": "A",
      "spec": "Gamepad",
      "text": "Acknowledgements",
      "url": "https://www.w3.org/TR/gamepad/#acknowledgements"
    }
  },
  "#conformance": {
    "current": {
      "number": "",
      "spec": "Gamepad",
      "text": "19. Conformance",
      "url": "https://w3c.github.io/gamepad/#conformance"
    },
    "snapshot": {
      "number": "",
      "spec": "Gamepad",
      "text": "19. Conformance",
      "url": "https://www.w3.org/TR/gamepad/#conformance"
    }
  },
  "#constructing-a-gamepad": {
    "current": {
      "number": "3.2",
      "spec": "Gamepad",
      "text": "Constructing a Gamepad",
      "url": "https://w3c.github.io/gamepad/#constructing-a-gamepad"
    },
    "snapshot": {
      "number": "3.2",
      "spec": "Gamepad",
      "text": "Constructing a Gamepad",
      "url": "https://www.w3.org/TR/gamepad/#constructing-a-gamepad"
    }
  },
  "#constructing-a-gamepadhapticactuator": {
    "current": {
      "number": "6.2",
      "spec": "Gamepad",
      "text": "Constructing a GamepadHapticActuator",
      "url": "https://w3c.github.io/gamepad/#constructing-a-gamepadhapticactuator"
    },
    "snapshot": {
      "number": "6.2",
      "spec": "Gamepad",
      "text": "Constructing a GamepadHapticActuator",
      "url": "https://www.w3.org/TR/gamepad/#constructing-a-gamepadhapticactuator"
    }
  },
  "#extensions-to-the-navigator-interface": {
    "current": {
      "number": "",
      "spec": "Gamepad",
      "text": "10. Extensions to the Navigator interface",
      "url": "https://w3c.github.io/gamepad/#extensions-to-the-navigator-interface"
    },
    "snapshot": {
      "number": "",
      "spec": "Gamepad",
      "text": "10. Extensions to the Navigator interface",
      "url": "https://www.w3.org/TR/gamepad/#extensions-to-the-navigator-interface"
    }
  },
  "#extensions-to-the-windoweventhandlers-interface-mixin": {
    "current": {
      "number": "",
      "spec": "Gamepad",
      "text": "17. Extensions to the WindowEventHandlers Interface Mixin",
      "url": "https://w3c.github.io/gamepad/#extensions-to-the-windoweventhandlers-interface-mixin"
    },
    "snapshot": {
      "number": "",
      "spec": "Gamepad",
      "text": "17. Extensions to the WindowEventHandlers Interface Mixin",
      "url": "https://www.w3.org/TR/gamepad/#extensions-to-the-windoweventhandlers-interface-mixin"
    }
  },
  "#fingerprinting-mitigation": {
    "current": {
      "number": "12.1",
      "spec": "Gamepad",
      "text": "Fingerprinting mitigation",
      "url": "https://w3c.github.io/gamepad/#fingerprinting-mitigation"
    },
    "snapshot": {
      "number": "12.1",
      "spec": "Gamepad",
      "text": "Fingerprinting mitigation",
      "url": "https://www.w3.org/TR/gamepad/#fingerprinting-mitigation"
    }
  },
  "#gamepad-interface": {
    "current": {
      "number": "3",
      "spec": "Gamepad",
      "text": "Gamepad interface",
      "url": "https://w3c.github.io/gamepad/#gamepad-interface"
    },
    "snapshot": {
      "number": "3",
      "spec": "Gamepad",
      "text": "Gamepad interface",
      "url": "https://www.w3.org/TR/gamepad/#gamepad-interface"
    }
  },
  "#gamepadbutton-interface": {
    "current": {
      "number": "4",
      "spec": "Gamepad",
      "text": "GamepadButton Interface",
      "url": "https://w3c.github.io/gamepad/#gamepadbutton-interface"
    },
    "snapshot": {
      "number": "4",
      "spec": "Gamepad",
      "text": "GamepadButton Interface",
      "url": "https://www.w3.org/TR/gamepad/#gamepadbutton-interface"
    }
  },
  "#gamepadeffectparameters-dictionary": {
    "current": {
      "number": "9",
      "spec": "Gamepad",
      "text": "GamepadEffectParameters Dictionary",
      "url": "https://w3c.github.io/gamepad/#gamepadeffectparameters-dictionary"
    },
    "snapshot": {
      "number": "9",
      "spec": "Gamepad",
      "text": "GamepadEffectParameters Dictionary",
      "url": "https://www.w3.org/TR/gamepad/#gamepadeffectparameters-dictionary"
    }
  },
  "#gamepadevent-interface": {
    "current": {
      "number": "",
      "spec": "Gamepad",
      "text": "11. GamepadEvent Interface",
      "url": "https://w3c.github.io/gamepad/#gamepadevent-interface"
    },
    "snapshot": {
      "number": "",
      "spec": "Gamepad",
      "text": "11. GamepadEvent Interface",
      "url": "https://www.w3.org/TR/gamepad/#gamepadevent-interface"
    }
  },
  "#gamepadeventinit-dictionary": {
    "current": {
      "number": "11.1",
      "spec": "Gamepad",
      "text": "GamepadEventInit dictionary",
      "url": "https://w3c.github.io/gamepad/#gamepadeventinit-dictionary"
    },
    "snapshot": {
      "number": "11.1",
      "spec": "Gamepad",
      "text": "GamepadEventInit dictionary",
      "url": "https://www.w3.org/TR/gamepad/#gamepadeventinit-dictionary"
    }
  },
  "#gamepadhapticactuator-interface": {
    "current": {
      "number": "6",
      "spec": "Gamepad",
      "text": "GamepadHapticActuator Interface",
      "url": "https://w3c.github.io/gamepad/#gamepadhapticactuator-interface"
    },
    "snapshot": {
      "number": "6",
      "spec": "Gamepad",
      "text": "GamepadHapticActuator Interface",
      "url": "https://www.w3.org/TR/gamepad/#gamepadhapticactuator-interface"
    }
  },
  "#gamepadhapticeffecttype-enum": {
    "current": {
      "number": "8",
      "spec": "Gamepad",
      "text": "GamepadHapticEffectType enum",
      "url": "https://w3c.github.io/gamepad/#gamepadhapticeffecttype-enum"
    },
    "snapshot": {
      "number": "8",
      "spec": "Gamepad",
      "text": "GamepadHapticEffectType enum",
      "url": "https://www.w3.org/TR/gamepad/#gamepadhapticeffecttype-enum"
    }
  },
  "#gamepadhapticsresult-enum": {
    "current": {
      "number": "7",
      "spec": "Gamepad",
      "text": "GamepadHapticsResult Enum",
      "url": "https://w3c.github.io/gamepad/#gamepadhapticsresult-enum"
    },
    "snapshot": {
      "number": "7",
      "spec": "Gamepad",
      "text": "GamepadHapticsResult Enum",
      "url": "https://www.w3.org/TR/gamepad/#gamepadhapticsresult-enum"
    }
  },
  "#gamepadmappingtype-enum": {
    "current": {
      "number": "5",
      "spec": "Gamepad",
      "text": "GamepadMappingType enum",
      "url": "https://w3c.github.io/gamepad/#gamepadmappingtype-enum"
    },
    "snapshot": {
      "number": "5",
      "spec": "Gamepad",
      "text": "GamepadMappingType enum",
      "url": "https://www.w3.org/TR/gamepad/#gamepadmappingtype-enum"
    }
  },
  "#getgamepads-method": {
    "current": {
      "number": "10.1",
      "spec": "Gamepad",
      "text": "getGamepads() method",
      "url": "https://w3c.github.io/gamepad/#getgamepads-method"
    },
    "snapshot": {
      "number": "10.1",
      "spec": "Gamepad",
      "text": "getGamepads() method",
      "url": "https://www.w3.org/TR/gamepad/#getgamepads-method"
    }
  },
  "#handling-visibility-change": {
    "current": {
      "number": "6.1",
      "spec": "Gamepad",
      "text": "Handling visibility change",
      "url": "https://w3c.github.io/gamepad/#handling-visibility-change"
    },
    "snapshot": {
      "number": "6.1",
      "spec": "Gamepad",
      "text": "Handling visibility change",
      "url": "https://www.w3.org/TR/gamepad/#handling-visibility-change"
    }
  },
  "#introduction": {
    "current": {
      "number": "1",
      "spec": "Gamepad",
      "text": "Introduction",
      "url": "https://w3c.github.io/gamepad/#introduction"
    },
    "snapshot": {
      "number": "1",
      "spec": "Gamepad",
      "text": "Introduction",
      "url": "https://www.w3.org/TR/gamepad/#introduction"
    }
  },
  "#normative-references": {
    "current": {
      "number": "B.1",
      "spec": "Gamepad",
      "text": "Normative references",
      "url": "https://w3c.github.io/gamepad/#normative-references"
    },
    "snapshot": {
      "number": "B.1",
      "spec": "Gamepad",
      "text": "Normative references",
      "url": "https://www.w3.org/TR/gamepad/#normative-references"
    }
  },
  "#other-events": {
    "current": {
      "number": "",
      "spec": "Gamepad",
      "text": "16. Other events",
      "url": "https://w3c.github.io/gamepad/#other-events"
    },
    "snapshot": {
      "number": "",
      "spec": "Gamepad",
      "text": "16. Other events",
      "url": "https://www.w3.org/TR/gamepad/#other-events"
    }
  },
  "#permission-policy": {
    "current": {
      "number": "",
      "spec": "Gamepad",
      "text": "18. Integration with Permissions Policy",
      "url": "https://w3c.github.io/gamepad/#permission-policy"
    },
    "snapshot": {
      "number": "",
      "spec": "Gamepad",
      "text": "18. Integration with Permissions Policy",
      "url": "https://www.w3.org/TR/gamepad/#permission-policy"
    }
  },
  "#receiving-inputs": {
    "current": {
      "number": "3.1",
      "spec": "Gamepad",
      "text": "Receiving inputs",
      "url": "https://w3c.github.io/gamepad/#receiving-inputs"
    },
    "snapshot": {
      "number": "3.1",
      "spec": "Gamepad",
      "text": "Receiving inputs",
      "url": "https://www.w3.org/TR/gamepad/#receiving-inputs"
    }
  },
  "#references": {
    "current": {
      "number": "B",
      "spec": "Gamepad",
      "text": "References",
      "url": "https://w3c.github.io/gamepad/#references"
    },
    "snapshot": {
      "number": "B",
      "spec": "Gamepad",
      "text": "References",
      "url": "https://www.w3.org/TR/gamepad/#references"
    }
  },
  "#remapping": {
    "current": {
      "number": "",
      "spec": "Gamepad",
      "text": "12. Remapping",
      "url": "https://w3c.github.io/gamepad/#remapping"
    },
    "snapshot": {
      "number": "",
      "spec": "Gamepad",
      "text": "12. Remapping",
      "url": "https://www.w3.org/TR/gamepad/#remapping"
    }
  },
  "#scope": {
    "current": {
      "number": "2",
      "spec": "Gamepad",
      "text": "Scope",
      "url": "https://w3c.github.io/gamepad/#scope"
    },
    "snapshot": {
      "number": "2",
      "spec": "Gamepad",
      "text": "Scope",
      "url": "https://www.w3.org/TR/gamepad/#scope"
    }
  },
  "#the-gamepadconnected-event": {
    "current": {
      "number": "",
      "spec": "Gamepad",
      "text": "14. The gamepadconnected event",
      "url": "https://w3c.github.io/gamepad/#the-gamepadconnected-event"
    },
    "snapshot": {
      "number": "",
      "spec": "Gamepad",
      "text": "14. The gamepadconnected event",
      "url": "https://www.w3.org/TR/gamepad/#the-gamepadconnected-event"
    }
  },
  "#the-gamepaddisconnected-event": {
    "current": {
      "number": "",
      "spec": "Gamepad",
      "text": "15. The gamepaddisconnected event",
      "url": "https://w3c.github.io/gamepad/#the-gamepaddisconnected-event"
    },
    "snapshot": {
      "number": "",
      "spec": "Gamepad",
      "text": "15. The gamepaddisconnected event",
      "url": "https://www.w3.org/TR/gamepad/#the-gamepaddisconnected-event"
    }
  },
  "#title": {
    "current": {
      "number": "",
      "spec": "Gamepad",
      "text": "Gamepad",
      "url": "https://w3c.github.io/gamepad/#title"
    },
    "snapshot": {
      "number": "",
      "spec": "Gamepad",
      "text": "Gamepad",
      "url": "https://www.w3.org/TR/gamepad/#title"
    }
  },
  "#toc": {
    "current": {
      "number": "",
      "spec": "Gamepad",
      "text": "Table of Contents",
      "url": "https://w3c.github.io/gamepad/#toc"
    },
    "snapshot": {
      "number": "",
      "spec": "Gamepad",
      "text": "Table of Contents",
      "url": "https://www.w3.org/TR/gamepad/#toc"
    }
  },
  "#usage-examples": {
    "current": {
      "number": "",
      "spec": "Gamepad",
      "text": "13. Usage Examples",
      "url": "https://w3c.github.io/gamepad/#usage-examples"
    },
    "snapshot": {
      "number": "",
      "spec": "Gamepad",
      "text": "13. Usage Examples",
      "url": "https://www.w3.org/TR/gamepad/#usage-examples"
    }
  }
}