{
  "#acknowledgements": {
    "current": {
      "number": "A",
      "spec": "An HTTP Status Code for Indicating Hints",
      "text": "Acknowledgements",
      "url": "https://httpwg.org/specs/rfc8297.html#acknowledgements"
    }
  },
  "#early-hints": {
    "current": {
      "number": "2",
      "spec": "An HTTP Status Code for Indicating Hints",
      "text": "HTTP Status Code 103: Early Hints",
      "url": "https://httpwg.org/specs/rfc8297.html#early-hints"
    }
  },
  "#iana-considerations": {
    "current": {
      "number": "4",
      "spec": "An HTTP Status Code for Indicating Hints",
      "text": "IANA Considerations",
      "url": "https://httpwg.org/specs/rfc8297.html#iana-considerations"
    }
  },
  "#introduction": {
    "current": {
      "number": "1",
      "spec": "An HTTP Status Code for Indicating Hints",
      "text": "Introduction",
      "url": "https://httpwg.org/specs/rfc8297.html#introduction"
    }
  },
  "#notational-conventions": {
    "current": {
      "number": "1.1",
      "spec": "An HTTP Status Code for Indicating Hints",
      "text": "Notational Conventions",
      "url": "https://httpwg.org/specs/rfc8297.html#notational-conventions"
    }
  },
  "#rfc.abstract": {
    "current": {
      "number": "",
      "spec": "An HTTP Status Code for Indicating Hints",
      "text": "Abstract",
      "url": "https://httpwg.org/specs/rfc8297.html#rfc.abstract"
    }
  },
  "#rfc.references": {
    "current": {
      "number": "5",
      "spec": "An HTTP Status Code for Indicating Hints",
      "text": "References",
      "url": "https://httpwg.org/specs/rfc8297.html#rfc.references"
    }
  },
  "#rfc.section.5.1": {
    "current": {
      "number": "5.1",
      "spec": "An HTTP Status Code for Indicating Hints",
      "text": "Normative References",
      "url": "https://httpwg.org/specs/rfc8297.html#rfc.section.5.1"
    }
  },
  "#rfc.section.5.2": {
    "current": {
      "number": "5.2",
      "spec": "An HTTP Status Code for Indicating Hints",
      "text": "Informative References",
      "url": "https://httpwg.org/specs/rfc8297.html#rfc.section.5.2"
    }
  },
  "#security-considerations": {
    "current": {
      "number": "3",
      "spec": "An HTTP Status Code for Indicating Hints",
      "text": "Security Considerations",
      "url": "https://httpwg.org/specs/rfc8297.html#security-considerations"
    }
  }
}