{
  "#abstract": {
    "current": {
      "number": "",
      "spec": "CSS Will Change 1",
      "text": "Abstract",
      "url": "https://drafts.csswg.org/css-will-change-1/#abstract"
    },
    "snapshot": {
      "number": "",
      "spec": "CSS Will Change 1",
      "text": "Abstract",
      "url": "https://www.w3.org/TR/css-will-change-1/#abstract"
    }
  },
  "#acks": {
    "current": {
      "number": "5",
      "spec": "CSS Will Change 1",
      "text": "Acknowledgements",
      "url": "https://drafts.csswg.org/css-will-change-1/#acks"
    },
    "snapshot": {
      "number": "5",
      "spec": "CSS Will Change 1",
      "text": "Acknowledgements",
      "url": "https://www.w3.org/TR/css-will-change-1/#acks"
    }
  },
  "#changes": {
    "current": {
      "number": "6",
      "spec": "CSS Will Change 1",
      "text": "Changes",
      "url": "https://drafts.csswg.org/css-will-change-1/#changes"
    },
    "snapshot": {
      "number": "6",
      "spec": "CSS Will Change 1",
      "text": "Changes",
      "url": "https://www.w3.org/TR/css-will-change-1/#changes"
    }
  },
  "#css-sparingly": {
    "current": {
      "number": "",
      "spec": "CSS Will Change 1",
      "text": "Use will-change Sparingly In Stylesheets",
      "url": "https://drafts.csswg.org/css-will-change-1/#css-sparingly"
    },
    "snapshot": {
      "number": "",
      "spec": "CSS Will Change 1",
      "text": "Use will-change Sparingly In Stylesheets",
      "url": "https://www.w3.org/TR/css-will-change-1/#css-sparingly"
    }
  },
  "#dont-global": {
    "current": {
      "number": "",
      "spec": "CSS Will Change 1",
      "text": "Don’t Spam will-change Across Too Many Properties or Elements",
      "url": "https://drafts.csswg.org/css-will-change-1/#dont-global"
    },
    "snapshot": {
      "number": "",
      "spec": "CSS Will Change 1",
      "text": "Don’t Spam will-change Across Too Many Properties or Elements",
      "url": "https://www.w3.org/TR/css-will-change-1/#dont-global"
    }
  },
  "#dont-waste": {
    "current": {
      "number": "",
      "spec": "CSS Will Change 1",
      "text": "Don’t Waste Resources On Elements That Have Stopped Changing",
      "url": "https://drafts.csswg.org/css-will-change-1/#dont-waste"
    },
    "snapshot": {
      "number": "",
      "spec": "CSS Will Change 1",
      "text": "Don’t Waste Resources On Elements That Have Stopped Changing",
      "url": "https://www.w3.org/TR/css-will-change-1/#dont-waste"
    }
  },
  "#give-time": {
    "current": {
      "number": "",
      "spec": "CSS Will Change 1",
      "text": "Give will-change Sufficient Time To Work",
      "url": "https://drafts.csswg.org/css-will-change-1/#give-time"
    },
    "snapshot": {
      "number": "",
      "spec": "CSS Will Change 1",
      "text": "Give will-change Sufficient Time To Work",
      "url": "https://www.w3.org/TR/css-will-change-1/#give-time"
    }
  },
  "#index": {
    "current": {
      "number": "",
      "spec": "CSS Will Change 1",
      "text": "Index",
      "url": "https://drafts.csswg.org/css-will-change-1/#index"
    },
    "snapshot": {
      "number": "",
      "spec": "CSS Will Change 1",
      "text": "Index",
      "url": "https://www.w3.org/TR/css-will-change-1/#index"
    }
  },
  "#index-defined-elsewhere": {
    "current": {
      "number": "",
      "spec": "CSS Will Change 1",
      "text": "Terms defined by reference",
      "url": "https://drafts.csswg.org/css-will-change-1/#index-defined-elsewhere"
    },
    "snapshot": {
      "number": "",
      "spec": "CSS Will Change 1",
      "text": "Terms defined by reference",
      "url": "https://www.w3.org/TR/css-will-change-1/#index-defined-elsewhere"
    }
  },
  "#index-defined-here": {
    "current": {
      "number": "",
      "spec": "CSS Will Change 1",
      "text": "Terms defined by this specification",
      "url": "https://drafts.csswg.org/css-will-change-1/#index-defined-here"
    },
    "snapshot": {
      "number": "",
      "spec": "CSS Will Change 1",
      "text": "Terms defined by this specification",
      "url": "https://www.w3.org/TR/css-will-change-1/#index-defined-here"
    }
  },
  "#informative": {
    "current": {
      "number": "",
      "spec": "CSS Will Change 1",
      "text": "Informative References",
      "url": "https://drafts.csswg.org/css-will-change-1/#informative"
    },
    "snapshot": {
      "number": "",
      "spec": "CSS Will Change 1",
      "text": "Informative References",
      "url": "https://www.w3.org/TR/css-will-change-1/#informative"
    }
  },
  "#intro": {
    "current": {
      "number": "1",
      "spec": "CSS Will Change 1",
      "text": "Introduction",
      "url": "https://drafts.csswg.org/css-will-change-1/#intro"
    },
    "snapshot": {
      "number": "1",
      "spec": "CSS Will Change 1",
      "text": "Introduction",
      "url": "https://www.w3.org/TR/css-will-change-1/#intro"
    }
  },
  "#normative": {
    "current": {
      "number": "",
      "spec": "CSS Will Change 1",
      "text": "Normative References",
      "url": "https://drafts.csswg.org/css-will-change-1/#normative"
    },
    "snapshot": {
      "number": "",
      "spec": "CSS Will Change 1",
      "text": "Normative References",
      "url": "https://www.w3.org/TR/css-will-change-1/#normative"
    }
  },
  "#privacy": {
    "current": {
      "number": "4",
      "spec": "CSS Will Change 1",
      "text": "Privacy Considerations",
      "url": "https://drafts.csswg.org/css-will-change-1/#privacy"
    },
    "snapshot": {
      "number": "4",
      "spec": "CSS Will Change 1",
      "text": "Privacy Considerations",
      "url": "https://www.w3.org/TR/css-will-change-1/#privacy"
    }
  },
  "#property-index": {
    "current": {
      "number": "",
      "spec": "CSS Will Change 1",
      "text": "Property Index",
      "url": "https://drafts.csswg.org/css-will-change-1/#property-index"
    },
    "snapshot": {
      "number": "",
      "spec": "CSS Will Change 1",
      "text": "Property Index",
      "url": "https://www.w3.org/TR/css-will-change-1/#property-index"
    }
  },
  "#references": {
    "current": {
      "number": "",
      "spec": "CSS Will Change 1",
      "text": "References",
      "url": "https://drafts.csswg.org/css-will-change-1/#references"
    },
    "snapshot": {
      "number": "",
      "spec": "CSS Will Change 1",
      "text": "References",
      "url": "https://www.w3.org/TR/css-will-change-1/#references"
    }
  },
  "#security": {
    "current": {
      "number": "3",
      "spec": "CSS Will Change 1",
      "text": "Security Considerations",
      "url": "https://drafts.csswg.org/css-will-change-1/#security"
    },
    "snapshot": {
      "number": "3",
      "spec": "CSS Will Change 1",
      "text": "Security Considerations",
      "url": "https://www.w3.org/TR/css-will-change-1/#security"
    }
  },
  "#sotd": {
    "current": {
      "number": "",
      "spec": "CSS Will Change 1",
      "text": "Status of this document",
      "url": "https://drafts.csswg.org/css-will-change-1/#sotd"
    }
  },
  "#status": {
    "snapshot": {
      "number": "",
      "spec": "CSS Will Change 1",
      "text": "Status of this document",
      "url": "https://www.w3.org/TR/css-will-change-1/#status"
    }
  },
  "#title": {
    "current": {
      "number": "",
      "spec": "CSS Will Change 1",
      "text": "CSS Will Change Module Level 1",
      "url": "https://drafts.csswg.org/css-will-change-1/#title"
    },
    "snapshot": {
      "number": "",
      "spec": "CSS Will Change 1",
      "text": "CSS Will Change Module Level 1",
      "url": "https://www.w3.org/TR/css-will-change-1/#title"
    }
  },
  "#toc": {
    "current": {
      "number": "",
      "spec": "CSS Will Change 1",
      "text": "Table of Contents",
      "url": "https://drafts.csswg.org/css-will-change-1/#toc"
    },
    "snapshot": {
      "number": "",
      "spec": "CSS Will Change 1",
      "text": "Table of Contents",
      "url": "https://www.w3.org/TR/css-will-change-1/#toc"
    }
  },
  "#using": {
    "current": {
      "number": "1.2",
      "spec": "CSS Will Change 1",
      "text": "Using will-change Well",
      "url": "https://drafts.csswg.org/css-will-change-1/#using"
    },
    "snapshot": {
      "number": "1.2",
      "spec": "CSS Will Change 1",
      "text": "Using will-change Well",
      "url": "https://www.w3.org/TR/css-will-change-1/#using"
    }
  },
  "#values": {
    "current": {
      "number": "1.1",
      "spec": "CSS Will Change 1",
      "text": "Value Definitions",
      "url": "https://drafts.csswg.org/css-will-change-1/#values"
    },
    "snapshot": {
      "number": "1.1",
      "spec": "CSS Will Change 1",
      "text": "Value Definitions",
      "url": "https://www.w3.org/TR/css-will-change-1/#values"
    }
  },
  "#w3c-conform-future-proofing": {
    "current": {
      "number": "",
      "spec": "CSS Will Change 1",
      "text": "Implementations of Unstable and Proprietary Features",
      "url": "https://drafts.csswg.org/css-will-change-1/#w3c-conform-future-proofing"
    },
    "snapshot": {
      "number": "",
      "spec": "CSS Will Change 1",
      "text": "Implementations of Unstable and Proprietary Features",
      "url": "https://www.w3.org/TR/css-will-change-1/#w3c-conform-future-proofing"
    }
  },
  "#w3c-conformance": {
    "current": {
      "number": "",
      "spec": "CSS Will Change 1",
      "text": "Conformance",
      "url": "https://drafts.csswg.org/css-will-change-1/#w3c-conformance"
    },
    "snapshot": {
      "number": "",
      "spec": "CSS Will Change 1",
      "text": "Conformance",
      "url": "https://www.w3.org/TR/css-will-change-1/#w3c-conformance"
    }
  },
  "#w3c-conformance-classes": {
    "current": {
      "number": "",
      "spec": "CSS Will Change 1",
      "text": "Conformance classes",
      "url": "https://drafts.csswg.org/css-will-change-1/#w3c-conformance-classes"
    },
    "snapshot": {
      "number": "",
      "spec": "CSS Will Change 1",
      "text": "Conformance classes",
      "url": "https://www.w3.org/TR/css-will-change-1/#w3c-conformance-classes"
    }
  },
  "#w3c-conventions": {
    "current": {
      "number": "",
      "spec": "CSS Will Change 1",
      "text": "Document conventions",
      "url": "https://drafts.csswg.org/css-will-change-1/#w3c-conventions"
    },
    "snapshot": {
      "number": "",
      "spec": "CSS Will Change 1",
      "text": "Document conventions",
      "url": "https://www.w3.org/TR/css-will-change-1/#w3c-conventions"
    }
  },
  "#w3c-cr-exit-criteria": {
    "snapshot": {
      "number": "",
      "spec": "CSS Will Change 1",
      "text": "CR exit criteria",
      "url": "https://www.w3.org/TR/css-will-change-1/#w3c-cr-exit-criteria"
    }
  },
  "#w3c-partial": {
    "current": {
      "number": "",
      "spec": "CSS Will Change 1",
      "text": "Partial implementations",
      "url": "https://drafts.csswg.org/css-will-change-1/#w3c-partial"
    },
    "snapshot": {
      "number": "",
      "spec": "CSS Will Change 1",
      "text": "Partial implementations",
      "url": "https://www.w3.org/TR/css-will-change-1/#w3c-partial"
    }
  },
  "#w3c-testing": {
    "current": {
      "number": "",
      "spec": "CSS Will Change 1",
      "text": "Non-experimental implementations",
      "url": "https://drafts.csswg.org/css-will-change-1/#w3c-testing"
    },
    "snapshot": {
      "number": "",
      "spec": "CSS Will Change 1",
      "text": "Non-experimental implementations",
      "url": "https://www.w3.org/TR/css-will-change-1/#w3c-testing"
    }
  },
  "#will-change": {
    "current": {
      "number": "2",
      "spec": "CSS Will Change 1",
      "text": "Hinting at Future Behavior: the will-change property",
      "url": "https://drafts.csswg.org/css-will-change-1/#will-change"
    },
    "snapshot": {
      "number": "2",
      "spec": "CSS Will Change 1",
      "text": "Hinting at Future Behavior: the will-change property",
      "url": "https://www.w3.org/TR/css-will-change-1/#will-change"
    }
  }
}