{
  "#sec-getsetrecord": {
    "current": {
      "number": "9",
      "spec": "Set methods",
      "text": "GetSetRecord ( obj )",
      "url": "https://tc39.es/proposal-set-methods/#sec-getsetrecord"
    }
  },
  "#sec-set-records": {
    "current": {
      "number": "8",
      "spec": "Set methods",
      "text": "Set Records",
      "url": "https://tc39.es/proposal-set-methods/#sec-set-records"
    }
  },
  "#sec-set.prototype.difference": {
    "current": {
      "number": "3",
      "spec": "Set methods",
      "text": "Set.prototype.difference ( other )",
      "url": "https://tc39.es/proposal-set-methods/#sec-set.prototype.difference"
    }
  },
  "#sec-set.prototype.intersection": {
    "current": {
      "number": "2",
      "spec": "Set methods",
      "text": "Set.prototype.intersection ( other )",
      "url": "https://tc39.es/proposal-set-methods/#sec-set.prototype.intersection"
    }
  },
  "#sec-set.prototype.isdisjointfrom": {
    "current": {
      "number": "7",
      "spec": "Set methods",
      "text": "Set.prototype.isDisjointFrom ( other )",
      "url": "https://tc39.es/proposal-set-methods/#sec-set.prototype.isdisjointfrom"
    }
  },
  "#sec-set.prototype.issubsetof": {
    "current": {
      "number": "5",
      "spec": "Set methods",
      "text": "Set.prototype.isSubsetOf ( other )",
      "url": "https://tc39.es/proposal-set-methods/#sec-set.prototype.issubsetof"
    }
  },
  "#sec-set.prototype.issupersetof": {
    "current": {
      "number": "6",
      "spec": "Set methods",
      "text": "Set.prototype.isSupersetOf ( other )",
      "url": "https://tc39.es/proposal-set-methods/#sec-set.prototype.issupersetof"
    }
  },
  "#sec-set.prototype.symmetricdifference": {
    "current": {
      "number": "4",
      "spec": "Set methods",
      "text": "Set.prototype.symmetricDifference ( other )",
      "url": "https://tc39.es/proposal-set-methods/#sec-set.prototype.symmetricdifference"
    }
  },
  "#sec-set.prototype.union": {
    "current": {
      "number": "1",
      "spec": "Set methods",
      "text": "Set.prototype.union ( other )",
      "url": "https://tc39.es/proposal-set-methods/#sec-set.prototype.union"
    }
  },
  "#sec-setdatahas": {
    "current": {
      "number": "10",
      "spec": "Set methods",
      "text": "SetDataHas ( resultSetData, value )",
      "url": "https://tc39.es/proposal-set-methods/#sec-setdatahas"
    }
  },
  "#sec-setdatasize": {
    "current": {
      "number": "11",
      "spec": "Set methods",
      "text": "SetDataSize ( setData )",
      "url": "https://tc39.es/proposal-set-methods/#sec-setdatasize"
    }
  }
}