{
  "#abstract": {
    "current": {
      "number": "",
      "spec": "Intervention Reporting",
      "text": "Abstract",
      "url": "https://wicg.github.io/intervention-reporting/#abstract"
    }
  },
  "#concept": {
    "current": {
      "number": "2",
      "spec": "Intervention Reporting",
      "text": "Concepts",
      "url": "https://wicg.github.io/intervention-reporting/#concept"
    }
  },
  "#concept-intervention": {
    "current": {
      "number": "2.1",
      "spec": "Intervention Reporting",
      "text": "Intervention",
      "url": "https://wicg.github.io/intervention-reporting/#concept-intervention"
    }
  },
  "#examples": {
    "current": {
      "number": "1.1",
      "spec": "Intervention Reporting",
      "text": "Examples",
      "url": "https://wicg.github.io/intervention-reporting/#examples"
    }
  },
  "#idl-index": {
    "current": {
      "number": "",
      "spec": "Intervention Reporting",
      "text": "IDL Index",
      "url": "https://wicg.github.io/intervention-reporting/#idl-index"
    }
  },
  "#index": {
    "current": {
      "number": "",
      "spec": "Intervention Reporting",
      "text": "Index",
      "url": "https://wicg.github.io/intervention-reporting/#index"
    }
  },
  "#index-defined-elsewhere": {
    "current": {
      "number": "",
      "spec": "Intervention Reporting",
      "text": "Terms defined by reference",
      "url": "https://wicg.github.io/intervention-reporting/#index-defined-elsewhere"
    }
  },
  "#index-defined-here": {
    "current": {
      "number": "",
      "spec": "Intervention Reporting",
      "text": "Terms defined by this specification",
      "url": "https://wicg.github.io/intervention-reporting/#index-defined-here"
    }
  },
  "#intervention-report": {
    "current": {
      "number": "3",
      "spec": "Intervention Reporting",
      "text": "Intervention Reports",
      "url": "https://wicg.github.io/intervention-reporting/#intervention-report"
    }
  },
  "#intro": {
    "current": {
      "number": "1",
      "spec": "Intervention Reporting",
      "text": "Introduction",
      "url": "https://wicg.github.io/intervention-reporting/#intro"
    }
  },
  "#normative": {
    "current": {
      "number": "",
      "spec": "Intervention Reporting",
      "text": "Normative References",
      "url": "https://wicg.github.io/intervention-reporting/#normative"
    }
  },
  "#privacy": {
    "current": {
      "number": "6",
      "spec": "Intervention Reporting",
      "text": "Privacy Considerations",
      "url": "https://wicg.github.io/intervention-reporting/#privacy"
    }
  },
  "#references": {
    "current": {
      "number": "",
      "spec": "Intervention Reporting",
      "text": "References",
      "url": "https://wicg.github.io/intervention-reporting/#references"
    }
  },
  "#sample-reports": {
    "current": {
      "number": "4",
      "spec": "Intervention Reporting",
      "text": "Sample Reports",
      "url": "https://wicg.github.io/intervention-reporting/#sample-reports"
    }
  },
  "#security": {
    "current": {
      "number": "5",
      "spec": "Intervention Reporting",
      "text": "Security Considerations",
      "url": "https://wicg.github.io/intervention-reporting/#security"
    }
  },
  "#status": {
    "current": {
      "number": "",
      "spec": "Intervention Reporting",
      "text": "Status of this document",
      "url": "https://wicg.github.io/intervention-reporting/#status"
    }
  },
  "#subtitle": {
    "current": {
      "number": "",
      "spec": "Intervention Reporting",
      "text": "Draft Community Group Report, 6 March 2020",
      "url": "https://wicg.github.io/intervention-reporting/#subtitle"
    }
  },
  "#toc": {
    "current": {
      "number": "",
      "spec": "Intervention Reporting",
      "text": "Table of Contents",
      "url": "https://wicg.github.io/intervention-reporting/#toc"
    }
  }
}