{
  "#abstract": {
    "current": {
      "number": "",
      "spec": "Motion Path 1",
      "text": "Abstract",
      "url": "https://drafts.fxtf.org/motion-1/#abstract"
    },
    "snapshot": {
      "number": "",
      "spec": "Motion Path 1",
      "text": "Abstract",
      "url": "https://www.w3.org/TR/motion-1/#abstract"
    }
  },
  "#acknowledgments": {
    "current": {
      "number": "",
      "spec": "Motion Path 1",
      "text": "Acknowledgments",
      "url": "https://drafts.fxtf.org/motion-1/#acknowledgments"
    },
    "snapshot": {
      "number": "",
      "spec": "Motion Path 1",
      "text": "Acknowledgments",
      "url": "https://www.w3.org/TR/motion-1/#acknowledgments"
    }
  },
  "#calculating-path-transform": {
    "snapshot": {
      "number": "4.5.1",
      "spec": "Motion Path 1",
      "text": "Calculating the path transform",
      "url": "https://www.w3.org/TR/motion-1/#calculating-path-transform"
    }
  },
  "#calculating-the-computed-distance-along-a-path": {
    "snapshot": {
      "number": "4.2.1",
      "spec": "Motion Path 1",
      "text": "Calculating the computed distance along a path",
      "url": "https://www.w3.org/TR/motion-1/#calculating-the-computed-distance-along-a-path"
    }
  },
  "#changes": {
    "current": {
      "number": "",
      "spec": "Motion Path 1",
      "text": "Changes",
      "url": "https://drafts.fxtf.org/motion-1/#changes"
    },
    "snapshot": {
      "number": "",
      "spec": "Motion Path 1",
      "text": "Changes",
      "url": "https://www.w3.org/TR/motion-1/#changes"
    }
  },
  "#conform-classes": {
    "snapshot": {
      "number": "",
      "spec": "Motion Path 1",
      "text": "Conformance classes",
      "url": "https://www.w3.org/TR/motion-1/#conform-classes"
    }
  },
  "#conform-future-proofing": {
    "snapshot": {
      "number": "",
      "spec": "Motion Path 1",
      "text": "Implementations of Unstable and Proprietary Features",
      "url": "https://www.w3.org/TR/motion-1/#conform-future-proofing"
    }
  },
  "#conform-partial": {
    "snapshot": {
      "number": "",
      "spec": "Motion Path 1",
      "text": "Partial Implementations",
      "url": "https://www.w3.org/TR/motion-1/#conform-partial"
    }
  },
  "#conform-responsible": {
    "snapshot": {
      "number": "",
      "spec": "Motion Path 1",
      "text": "Requirements for Responsible Implementation of CSS",
      "url": "https://www.w3.org/TR/motion-1/#conform-responsible"
    }
  },
  "#conform-testing": {
    "snapshot": {
      "number": "",
      "spec": "Motion Path 1",
      "text": "Implementations of CR-level Features",
      "url": "https://www.w3.org/TR/motion-1/#conform-testing"
    }
  },
  "#conformance": {
    "snapshot": {
      "number": "",
      "spec": "Motion Path 1",
      "text": "Conformance",
      "url": "https://www.w3.org/TR/motion-1/#conformance"
    }
  },
  "#document-conventions": {
    "snapshot": {
      "number": "",
      "spec": "Motion Path 1",
      "text": "Document conventions",
      "url": "https://www.w3.org/TR/motion-1/#document-conventions"
    }
  },
  "#example-coord": {
    "current": {
      "number": "2.1.3",
      "spec": "Motion Path 1",
      "text": "Examples of <coord-box> Positioning",
      "url": "https://drafts.fxtf.org/motion-1/#example-coord"
    }
  },
  "#example-shape": {
    "current": {
      "number": "2.1.2",
      "spec": "Motion Path 1",
      "text": "Examples Of <basic-shape> Positioning",
      "url": "https://drafts.fxtf.org/motion-1/#example-shape"
    }
  },
  "#index": {
    "current": {
      "number": "",
      "spec": "Motion Path 1",
      "text": "Index",
      "url": "https://drafts.fxtf.org/motion-1/#index"
    },
    "snapshot": {
      "number": "",
      "spec": "Motion Path 1",
      "text": "Index",
      "url": "https://www.w3.org/TR/motion-1/#index"
    }
  },
  "#index-defined-elsewhere": {
    "current": {
      "number": "",
      "spec": "Motion Path 1",
      "text": "Terms defined by reference",
      "url": "https://drafts.fxtf.org/motion-1/#index-defined-elsewhere"
    },
    "snapshot": {
      "number": "",
      "spec": "Motion Path 1",
      "text": "Terms defined by reference",
      "url": "https://www.w3.org/TR/motion-1/#index-defined-elsewhere"
    }
  },
  "#index-defined-here": {
    "current": {
      "number": "",
      "spec": "Motion Path 1",
      "text": "Terms defined by this specification",
      "url": "https://drafts.fxtf.org/motion-1/#index-defined-here"
    },
    "snapshot": {
      "number": "",
      "spec": "Motion Path 1",
      "text": "Terms defined by this specification",
      "url": "https://www.w3.org/TR/motion-1/#index-defined-here"
    }
  },
  "#informative": {
    "current": {
      "number": "",
      "spec": "Motion Path 1",
      "text": "Informative References",
      "url": "https://drafts.fxtf.org/motion-1/#informative"
    },
    "snapshot": {
      "number": "",
      "spec": "Motion Path 1",
      "text": "Informative References",
      "url": "https://www.w3.org/TR/motion-1/#informative"
    }
  },
  "#intro": {
    "current": {
      "number": "1",
      "spec": "Motion Path 1",
      "text": "Introduction",
      "url": "https://drafts.fxtf.org/motion-1/#intro"
    },
    "snapshot": {
      "number": "1",
      "spec": "Motion Path 1",
      "text": "Introduction",
      "url": "https://www.w3.org/TR/motion-1/#intro"
    }
  },
  "#issues-index": {
    "current": {
      "number": "",
      "spec": "Motion Path 1",
      "text": "Issues Index",
      "url": "https://drafts.fxtf.org/motion-1/#issues-index"
    },
    "snapshot": {
      "number": "",
      "spec": "Motion Path 1",
      "text": "Issues Index",
      "url": "https://www.w3.org/TR/motion-1/#issues-index"
    }
  },
  "#motion-paths-overview": {
    "current": {
      "number": "2",
      "spec": "Motion Path 1",
      "text": "Motion Paths",
      "url": "https://drafts.fxtf.org/motion-1/#motion-paths-overview"
    },
    "snapshot": {
      "number": "4",
      "spec": "Motion Path 1",
      "text": "Motion Paths",
      "url": "https://www.w3.org/TR/motion-1/#motion-paths-overview"
    }
  },
  "#normative": {
    "current": {
      "number": "",
      "spec": "Motion Path 1",
      "text": "Normative References",
      "url": "https://drafts.fxtf.org/motion-1/#normative"
    },
    "snapshot": {
      "number": "",
      "spec": "Motion Path 1",
      "text": "Normative References",
      "url": "https://www.w3.org/TR/motion-1/#normative"
    }
  },
  "#offset-anchor-property": {
    "current": {
      "number": "2.4",
      "spec": "Motion Path 1",
      "text": "The Element’s Anchor Point: the offset-anchor property",
      "url": "https://drafts.fxtf.org/motion-1/#offset-anchor-property"
    },
    "snapshot": {
      "number": "4.4",
      "spec": "Motion Path 1",
      "text": "Define an anchor point: The offset-anchor property",
      "url": "https://www.w3.org/TR/motion-1/#offset-anchor-property"
    }
  },
  "#offset-distance-property": {
    "current": {
      "number": "2.2",
      "spec": "Motion Path 1",
      "text": "Position On The Path: the offset-distance property",
      "url": "https://drafts.fxtf.org/motion-1/#offset-distance-property"
    },
    "snapshot": {
      "number": "4.2",
      "spec": "Motion Path 1",
      "text": "Position on the path: The offset-distance property",
      "url": "https://www.w3.org/TR/motion-1/#offset-distance-property"
    }
  },
  "#offset-path-property": {
    "current": {
      "number": "2.1",
      "spec": "Motion Path 1",
      "text": "Defining A Path: the offset-path property",
      "url": "https://drafts.fxtf.org/motion-1/#offset-path-property"
    },
    "snapshot": {
      "number": "4.1",
      "spec": "Motion Path 1",
      "text": "Define a path: The offset-path property",
      "url": "https://www.w3.org/TR/motion-1/#offset-path-property"
    }
  },
  "#offset-position-property": {
    "current": {
      "number": "2.3",
      "spec": "Motion Path 1",
      "text": "Starting Point Of The Path: the offset-position property",
      "url": "https://drafts.fxtf.org/motion-1/#offset-position-property"
    },
    "snapshot": {
      "number": "4.3",
      "spec": "Motion Path 1",
      "text": "Define the starting point of the path: The offset-position property",
      "url": "https://www.w3.org/TR/motion-1/#offset-position-property"
    }
  },
  "#offset-rotate-property": {
    "current": {
      "number": "2.5",
      "spec": "Motion Path 1",
      "text": "Rotating To Match The Path: the offset-rotate property",
      "url": "https://drafts.fxtf.org/motion-1/#offset-rotate-property"
    },
    "snapshot": {
      "number": "4.5",
      "spec": "Motion Path 1",
      "text": "Rotation at point: The offset-rotate property",
      "url": "https://www.w3.org/TR/motion-1/#offset-rotate-property"
    }
  },
  "#offset-shorthand": {
    "current": {
      "number": "2.6",
      "spec": "Motion Path 1",
      "text": "The offset Shorthand",
      "url": "https://drafts.fxtf.org/motion-1/#offset-shorthand"
    },
    "snapshot": {
      "number": "4.6",
      "spec": "Motion Path 1",
      "text": "Offset shorthand: The offset property",
      "url": "https://www.w3.org/TR/motion-1/#offset-shorthand"
    }
  },
  "#path-distance": {
    "current": {
      "number": "2.2.1",
      "spec": "Motion Path 1",
      "text": "Calculating the computed distance along a path",
      "url": "https://drafts.fxtf.org/motion-1/#path-distance"
    }
  },
  "#paths": {
    "current": {
      "number": "3",
      "spec": "Motion Path 1",
      "text": "Equivalent Paths For <basic-shape>",
      "url": "https://drafts.fxtf.org/motion-1/#paths"
    }
  },
  "#placement": {
    "current": {
      "number": "1.1",
      "spec": "Motion Path 1",
      "text": "Module interactions",
      "url": "https://drafts.fxtf.org/motion-1/#placement"
    },
    "snapshot": {
      "number": "2",
      "spec": "Motion Path 1",
      "text": "Module interactions",
      "url": "https://www.w3.org/TR/motion-1/#placement"
    }
  },
  "#priv-sec": {
    "snapshot": {
      "number": "5",
      "spec": "Motion Path 1",
      "text": "Privacy and Security Considerations",
      "url": "https://www.w3.org/TR/motion-1/#priv-sec"
    }
  },
  "#privacy": {
    "current": {
      "number": "4",
      "spec": "Motion Path 1",
      "text": "Privacy Considerations",
      "url": "https://drafts.fxtf.org/motion-1/#privacy"
    }
  },
  "#property-index": {
    "current": {
      "number": "",
      "spec": "Motion Path 1",
      "text": "Property Index",
      "url": "https://drafts.fxtf.org/motion-1/#property-index"
    },
    "snapshot": {
      "number": "",
      "spec": "Motion Path 1",
      "text": "Property Index",
      "url": "https://www.w3.org/TR/motion-1/#property-index"
    }
  },
  "#ray-function": {
    "current": {
      "number": "2.1.1",
      "spec": "Motion Path 1",
      "text": "The ray() Function",
      "url": "https://drafts.fxtf.org/motion-1/#ray-function"
    }
  },
  "#references": {
    "current": {
      "number": "",
      "spec": "Motion Path 1",
      "text": "References",
      "url": "https://drafts.fxtf.org/motion-1/#references"
    },
    "snapshot": {
      "number": "",
      "spec": "Motion Path 1",
      "text": "References",
      "url": "https://www.w3.org/TR/motion-1/#references"
    }
  },
  "#security": {
    "current": {
      "number": "5",
      "spec": "Motion Path 1",
      "text": "Security Considerations",
      "url": "https://drafts.fxtf.org/motion-1/#security"
    }
  },
  "#sotd": {
    "current": {
      "number": "",
      "spec": "Motion Path 1",
      "text": "Status of this document",
      "url": "https://drafts.fxtf.org/motion-1/#sotd"
    }
  },
  "#status": {
    "snapshot": {
      "number": "",
      "spec": "Motion Path 1",
      "text": "Status of this document",
      "url": "https://www.w3.org/TR/motion-1/#status"
    }
  },
  "#subtitle": {
    "snapshot": {
      "number": "",
      "spec": "Motion Path 1",
      "text": "W3C Working Draft, 18 December 2018",
      "url": "https://www.w3.org/TR/motion-1/#subtitle"
    }
  },
  "#title": {
    "current": {
      "number": "",
      "spec": "Motion Path 1",
      "text": "Motion Path Module Level 1",
      "url": "https://drafts.fxtf.org/motion-1/#title"
    },
    "snapshot": {
      "number": "",
      "spec": "Motion Path 1",
      "text": "Motion Path Module Level 1",
      "url": "https://www.w3.org/TR/motion-1/#title"
    }
  },
  "#toc": {
    "current": {
      "number": "",
      "spec": "Motion Path 1",
      "text": "Table of Contents",
      "url": "https://drafts.fxtf.org/motion-1/#toc"
    },
    "snapshot": {
      "number": "",
      "spec": "Motion Path 1",
      "text": "Table of Contents",
      "url": "https://www.w3.org/TR/motion-1/#toc"
    }
  },
  "#transform": {
    "current": {
      "number": "2.7",
      "spec": "Motion Path 1",
      "text": "Calculating The Offset Transform",
      "url": "https://drafts.fxtf.org/motion-1/#transform"
    }
  },
  "#values": {
    "current": {
      "number": "1.2",
      "spec": "Motion Path 1",
      "text": "Values",
      "url": "https://drafts.fxtf.org/motion-1/#values"
    },
    "snapshot": {
      "number": "3",
      "spec": "Motion Path 1",
      "text": "Values",
      "url": "https://www.w3.org/TR/motion-1/#values"
    }
  },
  "#w3c-conform-future-proofing": {
    "current": {
      "number": "",
      "spec": "Motion Path 1",
      "text": "Implementations of Unstable and Proprietary Features",
      "url": "https://drafts.fxtf.org/motion-1/#w3c-conform-future-proofing"
    }
  },
  "#w3c-conformance": {
    "current": {
      "number": "",
      "spec": "Motion Path 1",
      "text": "Conformance",
      "url": "https://drafts.fxtf.org/motion-1/#w3c-conformance"
    }
  },
  "#w3c-conformance-classes": {
    "current": {
      "number": "",
      "spec": "Motion Path 1",
      "text": "Conformance classes",
      "url": "https://drafts.fxtf.org/motion-1/#w3c-conformance-classes"
    }
  },
  "#w3c-conventions": {
    "current": {
      "number": "",
      "spec": "Motion Path 1",
      "text": "Document conventions",
      "url": "https://drafts.fxtf.org/motion-1/#w3c-conventions"
    }
  },
  "#w3c-partial": {
    "current": {
      "number": "",
      "spec": "Motion Path 1",
      "text": "Partial implementations",
      "url": "https://drafts.fxtf.org/motion-1/#w3c-partial"
    }
  },
  "#w3c-testing": {
    "current": {
      "number": "",
      "spec": "Motion Path 1",
      "text": "Non-experimental implementations",
      "url": "https://drafts.fxtf.org/motion-1/#w3c-testing"
    }
  }
}