{
  "#abstract": {
    "current": {
      "number": "",
      "spec": "CSS Logical Properties 1",
      "text": "Abstract",
      "url": "https://drafts.csswg.org/css-logical-1/#abstract"
    },
    "snapshot": {
      "number": "",
      "spec": "CSS Logical Properties 1",
      "text": "Abstract",
      "url": "https://www.w3.org/TR/css-logical-1/#abstract"
    }
  },
  "#acknowledgements": {
    "current": {
      "number": "5",
      "spec": "CSS Logical Properties 1",
      "text": "Acknowledgements",
      "url": "https://drafts.csswg.org/css-logical-1/#acknowledgements"
    },
    "snapshot": {
      "number": "5",
      "spec": "CSS Logical Properties 1",
      "text": "Acknowledgements",
      "url": "https://www.w3.org/TR/css-logical-1/#acknowledgements"
    }
  },
  "#border-color": {
    "current": {
      "number": "4.5.3",
      "spec": "CSS Logical Properties 1",
      "text": "Flow-Relative Border Colors: the border-block-start-color, border-block-end-color, border-inline-start-color, border-inline-end-color properties and border-block-color and border-inline-color shorthands",
      "url": "https://drafts.csswg.org/css-logical-1/#border-color"
    },
    "snapshot": {
      "number": "4.5.3",
      "spec": "CSS Logical Properties 1",
      "text": "Flow-relative Border Colors: the border-block-start-color, border-block-end-color, border-inline-start-color, border-inline-end-color properties and border-block-color and border-inline-color shorthands",
      "url": "https://www.w3.org/TR/css-logical-1/#border-color"
    }
  },
  "#border-properties": {
    "current": {
      "number": "4.5",
      "spec": "CSS Logical Properties 1",
      "text": "Flow-Relative Borders",
      "url": "https://drafts.csswg.org/css-logical-1/#border-properties"
    },
    "snapshot": {
      "number": "4.5",
      "spec": "CSS Logical Properties 1",
      "text": "Flow-relative Borders",
      "url": "https://www.w3.org/TR/css-logical-1/#border-properties"
    }
  },
  "#border-radius-properties": {
    "current": {
      "number": "4.6",
      "spec": "CSS Logical Properties 1",
      "text": "Flow-Relative Corner Rounding: the border-start-start-radius, border-start-end-radius, border-end-start-radius, border-end-end-radius properties",
      "url": "https://drafts.csswg.org/css-logical-1/#border-radius-properties"
    }
  },
  "#border-radius-shorthands": {
    "snapshot": {
      "number": "4.6",
      "spec": "CSS Logical Properties 1",
      "text": "Flow-relative Corner Rounding: the border-start-start-radius, border-start-end-radius, border-end-start-radius, border-end-end-radius properties",
      "url": "https://www.w3.org/TR/css-logical-1/#border-radius-shorthands"
    }
  },
  "#border-shorthands": {
    "current": {
      "number": "4.5.4",
      "spec": "CSS Logical Properties 1",
      "text": "Flow-Relative Border Shorthands: the border-block-start, border-block-end, border-inline-start, border-inline-end properties and border-block and border-inline shorthands",
      "url": "https://drafts.csswg.org/css-logical-1/#border-shorthands"
    },
    "snapshot": {
      "number": "4.5.4",
      "spec": "CSS Logical Properties 1",
      "text": "Flow-relative Border Shorthands: the border-block-start, border-block-end, border-inline-start, border-inline-end properties and border-block and border-inline shorthands",
      "url": "https://www.w3.org/TR/css-logical-1/#border-shorthands"
    }
  },
  "#border-style": {
    "current": {
      "number": "4.5.2",
      "spec": "CSS Logical Properties 1",
      "text": "Flow-Relative Border Styles: the border-block-start-style, border-block-end-style, border-inline-start-style, border-inline-end-style properties and border-block-style and border-inline-style shorthands",
      "url": "https://drafts.csswg.org/css-logical-1/#border-style"
    },
    "snapshot": {
      "number": "4.5.2",
      "spec": "CSS Logical Properties 1",
      "text": "Flow-relative Border Styles: the border-block-start-style, border-block-end-style, border-inline-start-style, border-inline-end-style properties and border-block-style and border-inline-style shorthands",
      "url": "https://www.w3.org/TR/css-logical-1/#border-style"
    }
  },
  "#border-width": {
    "current": {
      "number": "4.5.1",
      "spec": "CSS Logical Properties 1",
      "text": "Flow-Relative Border Widths: the border-block-start-width, border-block-end-width, border-inline-start-width, border-inline-end-width properties and border-block-width and border-inline-width shorthands",
      "url": "https://drafts.csswg.org/css-logical-1/#border-width"
    },
    "snapshot": {
      "number": "4.5.1",
      "spec": "CSS Logical Properties 1",
      "text": "Flow-relative Border Widths: the border-block-start-width, border-block-end-width, border-inline-start-width, border-inline-end-width properties and border-block-width and border-inline-width shorthands",
      "url": "https://www.w3.org/TR/css-logical-1/#border-width"
    }
  },
  "#box": {
    "current": {
      "number": "4",
      "spec": "CSS Logical Properties 1",
      "text": "Flow-Relative Box Model Properties",
      "url": "https://drafts.csswg.org/css-logical-1/#box"
    },
    "snapshot": {
      "number": "4",
      "spec": "CSS Logical Properties 1",
      "text": "Flow-Relative Box Model Properties",
      "url": "https://www.w3.org/TR/css-logical-1/#box"
    }
  },
  "#caption-side": {
    "current": {
      "number": "2.1",
      "spec": "CSS Logical Properties 1",
      "text": "Logical Values for the caption-side Property",
      "url": "https://drafts.csswg.org/css-logical-1/#caption-side"
    },
    "snapshot": {
      "number": "2.1",
      "spec": "CSS Logical Properties 1",
      "text": "Logical Values for the caption-side Property",
      "url": "https://www.w3.org/TR/css-logical-1/#caption-side"
    }
  },
  "#changes": {
    "current": {
      "number": "6",
      "spec": "CSS Logical Properties 1",
      "text": "Changes",
      "url": "https://drafts.csswg.org/css-logical-1/#changes"
    },
    "snapshot": {
      "number": "6",
      "spec": "CSS Logical Properties 1",
      "text": "Changes",
      "url": "https://www.w3.org/TR/css-logical-1/#changes"
    }
  },
  "#conform-classes": {
    "snapshot": {
      "number": "",
      "spec": "CSS Logical Properties 1",
      "text": "Conformance classes",
      "url": "https://www.w3.org/TR/css-logical-1/#conform-classes"
    }
  },
  "#conform-future-proofing": {
    "snapshot": {
      "number": "",
      "spec": "CSS Logical Properties 1",
      "text": "Implementations of Unstable and Proprietary Features",
      "url": "https://www.w3.org/TR/css-logical-1/#conform-future-proofing"
    }
  },
  "#conform-partial": {
    "snapshot": {
      "number": "",
      "spec": "CSS Logical Properties 1",
      "text": "Partial Implementations",
      "url": "https://www.w3.org/TR/css-logical-1/#conform-partial"
    }
  },
  "#conform-responsible": {
    "snapshot": {
      "number": "",
      "spec": "CSS Logical Properties 1",
      "text": "Requirements for Responsible Implementation of CSS",
      "url": "https://www.w3.org/TR/css-logical-1/#conform-responsible"
    }
  },
  "#conform-testing": {
    "snapshot": {
      "number": "",
      "spec": "CSS Logical Properties 1",
      "text": "Implementations of CR-level Features",
      "url": "https://www.w3.org/TR/css-logical-1/#conform-testing"
    }
  },
  "#conformance": {
    "snapshot": {
      "number": "",
      "spec": "CSS Logical Properties 1",
      "text": "Conformance",
      "url": "https://www.w3.org/TR/css-logical-1/#conformance"
    }
  },
  "#dimension-properties": {
    "current": {
      "number": "4.1",
      "spec": "CSS Logical Properties 1",
      "text": "Logical Height and Logical Width: the block-size/inline-size, min-block-size/min-inline-size, and max-block-size/max-inline-size properties",
      "url": "https://drafts.csswg.org/css-logical-1/#dimension-properties"
    },
    "snapshot": {
      "number": "4.1",
      "spec": "CSS Logical Properties 1",
      "text": "Logical Height and Logical Width: the block-size and inline-size properties",
      "url": "https://www.w3.org/TR/css-logical-1/#dimension-properties"
    }
  },
  "#directional-keywords": {
    "current": {
      "number": "2",
      "spec": "CSS Logical Properties 1",
      "text": "Flow-Relative Values: block-start, block-end, inline-start, inline-end",
      "url": "https://drafts.csswg.org/css-logical-1/#directional-keywords"
    },
    "snapshot": {
      "number": "2",
      "spec": "CSS Logical Properties 1",
      "text": "Flow-Relative Values: block-start, block-end, inline-start, inline-end",
      "url": "https://www.w3.org/TR/css-logical-1/#directional-keywords"
    }
  },
  "#document-conventions": {
    "snapshot": {
      "number": "",
      "spec": "CSS Logical Properties 1",
      "text": "Document conventions",
      "url": "https://www.w3.org/TR/css-logical-1/#document-conventions"
    }
  },
  "#float-clear": {
    "current": {
      "number": "2.2",
      "spec": "CSS Logical Properties 1",
      "text": "Flow-Relative Values for the float and clear Properties",
      "url": "https://drafts.csswg.org/css-logical-1/#float-clear"
    },
    "snapshot": {
      "number": "2.2",
      "spec": "CSS Logical Properties 1",
      "text": "Flow-Relative Values for the float and clear Properties",
      "url": "https://www.w3.org/TR/css-logical-1/#float-clear"
    }
  },
  "#index": {
    "current": {
      "number": "",
      "spec": "CSS Logical Properties 1",
      "text": "Index",
      "url": "https://drafts.csswg.org/css-logical-1/#index"
    },
    "snapshot": {
      "number": "",
      "spec": "CSS Logical Properties 1",
      "text": "Index",
      "url": "https://www.w3.org/TR/css-logical-1/#index"
    }
  },
  "#index-defined-elsewhere": {
    "current": {
      "number": "",
      "spec": "CSS Logical Properties 1",
      "text": "Terms defined by reference",
      "url": "https://drafts.csswg.org/css-logical-1/#index-defined-elsewhere"
    },
    "snapshot": {
      "number": "",
      "spec": "CSS Logical Properties 1",
      "text": "Terms defined by reference",
      "url": "https://www.w3.org/TR/css-logical-1/#index-defined-elsewhere"
    }
  },
  "#index-defined-here": {
    "current": {
      "number": "",
      "spec": "CSS Logical Properties 1",
      "text": "Terms defined by this specification",
      "url": "https://drafts.csswg.org/css-logical-1/#index-defined-here"
    },
    "snapshot": {
      "number": "",
      "spec": "CSS Logical Properties 1",
      "text": "Terms defined by this specification",
      "url": "https://www.w3.org/TR/css-logical-1/#index-defined-here"
    }
  },
  "#inset-properties": {
    "snapshot": {
      "number": "4.3",
      "spec": "CSS Logical Properties 1",
      "text": "Flow-relative Offsets: the inset-block-start, inset-block-end, inset-inline-start, inset-inline-end properties and inset-block, inset-inline, and inset shorthands",
      "url": "https://www.w3.org/TR/css-logical-1/#inset-properties"
    }
  },
  "#intro": {
    "current": {
      "number": "1",
      "spec": "CSS Logical Properties 1",
      "text": "Introduction",
      "url": "https://drafts.csswg.org/css-logical-1/#intro"
    },
    "snapshot": {
      "number": "1",
      "spec": "CSS Logical Properties 1",
      "text": "Introduction",
      "url": "https://www.w3.org/TR/css-logical-1/#intro"
    }
  },
  "#issues-index": {
    "current": {
      "number": "",
      "spec": "CSS Logical Properties 1",
      "text": "Issues Index",
      "url": "https://drafts.csswg.org/css-logical-1/#issues-index"
    },
    "snapshot": {
      "number": "",
      "spec": "CSS Logical Properties 1",
      "text": "Issues Index",
      "url": "https://www.w3.org/TR/css-logical-1/#issues-index"
    }
  },
  "#logical-shorthand-keyword": {
    "current": {
      "number": "4.7",
      "spec": "CSS Logical Properties 1",
      "text": "Four-Directional Shorthand Properties: the margin, padding, border-width, border-style, and border-color shorthands",
      "url": "https://drafts.csswg.org/css-logical-1/#logical-shorthand-keyword"
    },
    "snapshot": {
      "number": "4.7",
      "spec": "CSS Logical Properties 1",
      "text": "Four-Directional Shorthand Properties: the margin, padding, border-width, border-style, and border-color shorthands",
      "url": "https://www.w3.org/TR/css-logical-1/#logical-shorthand-keyword"
    }
  },
  "#margin-properties": {
    "current": {
      "number": "4.2",
      "spec": "CSS Logical Properties 1",
      "text": "Flow-Relative Margins: the margin-block-start, margin-block-end, margin-inline-start, margin-inline-end properties and margin-block and margin-inline shorthands",
      "url": "https://drafts.csswg.org/css-logical-1/#margin-properties"
    },
    "snapshot": {
      "number": "4.2",
      "spec": "CSS Logical Properties 1",
      "text": "Flow-relative Margins: the margin-block-start, margin-block-end, margin-inline-start, margin-inline-end properties and margin-block and margin-inline shorthands",
      "url": "https://www.w3.org/TR/css-logical-1/#margin-properties"
    }
  },
  "#normative": {
    "current": {
      "number": "",
      "spec": "CSS Logical Properties 1",
      "text": "Normative References",
      "url": "https://drafts.csswg.org/css-logical-1/#normative"
    },
    "snapshot": {
      "number": "",
      "spec": "CSS Logical Properties 1",
      "text": "Normative References",
      "url": "https://www.w3.org/TR/css-logical-1/#normative"
    }
  },
  "#padding-properties": {
    "current": {
      "number": "4.4",
      "spec": "CSS Logical Properties 1",
      "text": "Flow-Relative Padding: the padding-block-start, padding-block-end, padding-inline-start, padding-inline-end properties and padding-block and padding-inline shorthands",
      "url": "https://drafts.csswg.org/css-logical-1/#padding-properties"
    },
    "snapshot": {
      "number": "4.4",
      "spec": "CSS Logical Properties 1",
      "text": "Flow-relative Padding: the padding-block-start, padding-block-end, padding-inline-start, padding-inline-end properties and padding-block and padding-inline shorthands",
      "url": "https://www.w3.org/TR/css-logical-1/#padding-properties"
    }
  },
  "#page": {
    "current": {
      "number": "3",
      "spec": "CSS Logical Properties 1",
      "text": "Flow-Relative Page Classifications",
      "url": "https://drafts.csswg.org/css-logical-1/#page"
    },
    "snapshot": {
      "number": "3",
      "spec": "CSS Logical Properties 1",
      "text": "Flow-Relative Page Classifications",
      "url": "https://www.w3.org/TR/css-logical-1/#page"
    }
  },
  "#position-properties": {
    "current": {
      "number": "4.3",
      "spec": "CSS Logical Properties 1",
      "text": "Flow-Relative Offsets: the inset-block-start, inset-block-end, inset-inline-start, inset-inline-end properties and inset-block, inset-inline, and inset shorthands",
      "url": "https://drafts.csswg.org/css-logical-1/#position-properties"
    }
  },
  "#privacy": {
    "current": {
      "number": "",
      "spec": "CSS Logical Properties 1",
      "text": "Privacy Considerations",
      "url": "https://drafts.csswg.org/css-logical-1/#privacy"
    }
  },
  "#property-index": {
    "current": {
      "number": "",
      "spec": "CSS Logical Properties 1",
      "text": "Property Index",
      "url": "https://drafts.csswg.org/css-logical-1/#property-index"
    },
    "snapshot": {
      "number": "",
      "spec": "CSS Logical Properties 1",
      "text": "Property Index",
      "url": "https://www.w3.org/TR/css-logical-1/#property-index"
    }
  },
  "#references": {
    "current": {
      "number": "",
      "spec": "CSS Logical Properties 1",
      "text": "References",
      "url": "https://drafts.csswg.org/css-logical-1/#references"
    },
    "snapshot": {
      "number": "",
      "spec": "CSS Logical Properties 1",
      "text": "References",
      "url": "https://www.w3.org/TR/css-logical-1/#references"
    }
  },
  "#resize": {
    "snapshot": {
      "number": "2.4",
      "spec": "CSS Logical Properties 1",
      "text": "Flow-Relative Values for the resize Property",
      "url": "https://www.w3.org/TR/css-logical-1/#resize"
    }
  },
  "#security": {
    "current": {
      "number": "",
      "spec": "CSS Logical Properties 1",
      "text": "Security Considerations",
      "url": "https://drafts.csswg.org/css-logical-1/#security"
    }
  },
  "#sotd": {
    "current": {
      "number": "",
      "spec": "CSS Logical Properties 1",
      "text": "Status of this document",
      "url": "https://drafts.csswg.org/css-logical-1/#sotd"
    }
  },
  "#status": {
    "snapshot": {
      "number": "",
      "spec": "CSS Logical Properties 1",
      "text": "Status of this document",
      "url": "https://www.w3.org/TR/css-logical-1/#status"
    }
  },
  "#subtitle": {
    "snapshot": {
      "number": "",
      "spec": "CSS Logical Properties 1",
      "text": "W3C Working Draft, 27 August 2018",
      "url": "https://www.w3.org/TR/css-logical-1/#subtitle"
    }
  },
  "#text-align": {
    "current": {
      "number": "2.3",
      "spec": "CSS Logical Properties 1",
      "text": "Flow-Relative Values for the text-align Property",
      "url": "https://drafts.csswg.org/css-logical-1/#text-align"
    },
    "snapshot": {
      "number": "2.3",
      "spec": "CSS Logical Properties 1",
      "text": "Flow-Relative Values for the text-align Property",
      "url": "https://www.w3.org/TR/css-logical-1/#text-align"
    }
  },
  "#title": {
    "current": {
      "number": "",
      "spec": "CSS Logical Properties 1",
      "text": "CSS Logical Properties and Values Level 1",
      "url": "https://drafts.csswg.org/css-logical-1/#title"
    },
    "snapshot": {
      "number": "",
      "spec": "CSS Logical Properties 1",
      "text": "CSS Logical Properties and Values Level 1",
      "url": "https://www.w3.org/TR/css-logical-1/#title"
    }
  },
  "#toc": {
    "current": {
      "number": "",
      "spec": "CSS Logical Properties 1",
      "text": "Table of Contents",
      "url": "https://drafts.csswg.org/css-logical-1/#toc"
    },
    "snapshot": {
      "number": "",
      "spec": "CSS Logical Properties 1",
      "text": "Table of Contents",
      "url": "https://www.w3.org/TR/css-logical-1/#toc"
    }
  },
  "#values": {
    "current": {
      "number": "1.1",
      "spec": "CSS Logical Properties 1",
      "text": "Value Definitions",
      "url": "https://drafts.csswg.org/css-logical-1/#values"
    }
  },
  "#w3c-conform-future-proofing": {
    "current": {
      "number": "",
      "spec": "CSS Logical Properties 1",
      "text": "Implementations of Unstable and Proprietary Features",
      "url": "https://drafts.csswg.org/css-logical-1/#w3c-conform-future-proofing"
    }
  },
  "#w3c-conformance": {
    "current": {
      "number": "",
      "spec": "CSS Logical Properties 1",
      "text": "Conformance",
      "url": "https://drafts.csswg.org/css-logical-1/#w3c-conformance"
    }
  },
  "#w3c-conformance-classes": {
    "current": {
      "number": "",
      "spec": "CSS Logical Properties 1",
      "text": "Conformance classes",
      "url": "https://drafts.csswg.org/css-logical-1/#w3c-conformance-classes"
    }
  },
  "#w3c-conventions": {
    "current": {
      "number": "",
      "spec": "CSS Logical Properties 1",
      "text": "Document conventions",
      "url": "https://drafts.csswg.org/css-logical-1/#w3c-conventions"
    }
  },
  "#w3c-partial": {
    "current": {
      "number": "",
      "spec": "CSS Logical Properties 1",
      "text": "Partial implementations",
      "url": "https://drafts.csswg.org/css-logical-1/#w3c-partial"
    }
  },
  "#w3c-testing": {
    "current": {
      "number": "",
      "spec": "CSS Logical Properties 1",
      "text": "Non-experimental implementations",
      "url": "https://drafts.csswg.org/css-logical-1/#w3c-testing"
    }
  }
}