{
  "#abstract": {
    "current": {
      "number": "",
      "spec": "Fetch",
      "text": "Abstract",
      "url": "https://fetch.spec.whatwg.org/#abstract"
    }
  },
  "#acknowledgments": {
    "current": {
      "number": "",
      "spec": "Fetch",
      "text": "Acknowledgments",
      "url": "https://fetch.spec.whatwg.org/#acknowledgments"
    }
  },
  "#atomic-http-redirect-handling": {
    "current": {
      "number": "",
      "spec": "Fetch",
      "text": "Atomic HTTP redirect handling",
      "url": "https://fetch.spec.whatwg.org/#atomic-http-redirect-handling"
    }
  },
  "#authentication-entries": {
    "current": {
      "number": "2.3",
      "spec": "Fetch",
      "text": "Authentication entries",
      "url": "https://fetch.spec.whatwg.org/#authentication-entries"
    }
  },
  "#background-reading": {
    "current": {
      "number": "",
      "spec": "Fetch",
      "text": "Background reading",
      "url": "https://fetch.spec.whatwg.org/#background-reading"
    }
  },
  "#basic-safe-cors-protocol-setup": {
    "current": {
      "number": "",
      "spec": "Fetch",
      "text": "Basic safe CORS protocol setup",
      "url": "https://fetch.spec.whatwg.org/#basic-safe-cors-protocol-setup"
    }
  },
  "#bodies": {
    "current": {
      "number": "2.2.4",
      "spec": "Fetch",
      "text": "Bodies",
      "url": "https://fetch.spec.whatwg.org/#bodies"
    }
  },
  "#body-mixin": {
    "current": {
      "number": "5.3",
      "spec": "Fetch",
      "text": "Body mixin",
      "url": "https://fetch.spec.whatwg.org/#body-mixin"
    }
  },
  "#bodyinit-unions": {
    "current": {
      "number": "5.2",
      "spec": "Fetch",
      "text": "BodyInit unions",
      "url": "https://fetch.spec.whatwg.org/#bodyinit-unions"
    }
  },
  "#connections": {
    "current": {
      "number": "2.6",
      "spec": "Fetch",
      "text": "Connections",
      "url": "https://fetch.spec.whatwg.org/#connections"
    }
  },
  "#content-length-header": {
    "current": {
      "number": "3.3",
      "spec": "Fetch",
      "text": "`Content-Length` header",
      "url": "https://fetch.spec.whatwg.org/#content-length-header"
    }
  },
  "#content-type-header": {
    "current": {
      "number": "3.4",
      "spec": "Fetch",
      "text": "`Content-Type` header",
      "url": "https://fetch.spec.whatwg.org/#content-type-header"
    }
  },
  "#cors-check": {
    "current": {
      "number": "4.9",
      "spec": "Fetch",
      "text": "CORS check",
      "url": "https://fetch.spec.whatwg.org/#cors-check"
    }
  },
  "#cors-preflight-cache": {
    "current": {
      "number": "4.8",
      "spec": "Fetch",
      "text": "CORS-preflight cache",
      "url": "https://fetch.spec.whatwg.org/#cors-preflight-cache"
    }
  },
  "#cors-preflight-fetch": {
    "current": {
      "number": "4.7",
      "spec": "Fetch",
      "text": "CORS-preflight fetch",
      "url": "https://fetch.spec.whatwg.org/#cors-preflight-fetch"
    }
  },
  "#cors-protocol-and-credentials": {
    "current": {
      "number": "3.2.5",
      "spec": "Fetch",
      "text": "CORS protocol and credentials",
      "url": "https://fetch.spec.whatwg.org/#cors-protocol-and-credentials"
    }
  },
  "#cors-protocol-and-http-caches": {
    "current": {
      "number": "",
      "spec": "Fetch",
      "text": "CORS protocol and HTTP caches",
      "url": "https://fetch.spec.whatwg.org/#cors-protocol-and-http-caches"
    }
  },
  "#cors-protocol-examples": {
    "current": {
      "number": "3.2.6",
      "spec": "Fetch",
      "text": "Examples",
      "url": "https://fetch.spec.whatwg.org/#cors-protocol-examples"
    }
  },
  "#cors-protocol-exceptions": {
    "current": {
      "number": "3.2.7",
      "spec": "Fetch",
      "text": "CORS protocol exceptions",
      "url": "https://fetch.spec.whatwg.org/#cors-protocol-exceptions"
    }
  },
  "#cross-origin-resource-policy-header": {
    "current": {
      "number": "3.6",
      "spec": "Fetch",
      "text": "`Cross-Origin-Resource-Policy` header",
      "url": "https://fetch.spec.whatwg.org/#cross-origin-resource-policy-header"
    }
  },
  "#data-urls": {
    "current": {
      "number": "6",
      "spec": "Fetch",
      "text": "data: URLs",
      "url": "https://fetch.spec.whatwg.org/#data-urls"
    }
  },
  "#fetch-api": {
    "current": {
      "number": "5",
      "spec": "Fetch",
      "text": "Fetch API",
      "url": "https://fetch.spec.whatwg.org/#fetch-api"
    }
  },
  "#fetch-elsewhere": {
    "current": {
      "number": "",
      "spec": "Fetch",
      "text": "Using fetch in other standards",
      "url": "https://fetch.spec.whatwg.org/#fetch-elsewhere"
    }
  },
  "#fetch-elsewhere-fetch": {
    "current": {
      "number": "",
      "spec": "Fetch",
      "text": "Invoking fetch and processing responses",
      "url": "https://fetch.spec.whatwg.org/#fetch-elsewhere-fetch"
    }
  },
  "#fetch-elsewhere-ongoing": {
    "current": {
      "number": "",
      "spec": "Fetch",
      "text": "Manipulating an ongoing fetch",
      "url": "https://fetch.spec.whatwg.org/#fetch-elsewhere-ongoing"
    }
  },
  "#fetch-elsewhere-request": {
    "current": {
      "number": "",
      "spec": "Fetch",
      "text": "Setting up a request",
      "url": "https://fetch.spec.whatwg.org/#fetch-elsewhere-request"
    }
  },
  "#fetch-groups": {
    "current": {
      "number": "2.4",
      "spec": "Fetch",
      "text": "Fetch groups",
      "url": "https://fetch.spec.whatwg.org/#fetch-groups"
    }
  },
  "#fetch-method": {
    "current": {
      "number": "5.6",
      "spec": "Fetch",
      "text": "Fetch method",
      "url": "https://fetch.spec.whatwg.org/#fetch-method"
    }
  },
  "#fetching": {
    "current": {
      "number": "4",
      "spec": "Fetch",
      "text": "Fetching",
      "url": "https://fetch.spec.whatwg.org/#fetching"
    }
  },
  "#garbage-collection": {
    "current": {
      "number": "5.7",
      "spec": "Fetch",
      "text": "Garbage collection",
      "url": "https://fetch.spec.whatwg.org/#garbage-collection"
    }
  },
  "#general": {
    "current": {
      "number": "3.2.1",
      "spec": "Fetch",
      "text": "General",
      "url": "https://fetch.spec.whatwg.org/#general"
    }
  },
  "#goals": {
    "current": {
      "number": "",
      "spec": "Fetch",
      "text": "Goals",
      "url": "https://fetch.spec.whatwg.org/#goals"
    }
  },
  "#headers-class": {
    "current": {
      "number": "5.1",
      "spec": "Fetch",
      "text": "Headers class",
      "url": "https://fetch.spec.whatwg.org/#headers-class"
    }
  },
  "#http": {
    "current": {
      "number": "2.2",
      "spec": "Fetch",
      "text": "HTTP",
      "url": "https://fetch.spec.whatwg.org/#http"
    }
  },
  "#http-cache-partitions": {
    "current": {
      "number": "2.8",
      "spec": "Fetch",
      "text": "HTTP cache partitions",
      "url": "https://fetch.spec.whatwg.org/#http-cache-partitions"
    }
  },
  "#http-cors-protocol": {
    "current": {
      "number": "3.2",
      "spec": "Fetch",
      "text": "CORS protocol",
      "url": "https://fetch.spec.whatwg.org/#http-cors-protocol"
    }
  },
  "#http-extensions": {
    "current": {
      "number": "3",
      "spec": "Fetch",
      "text": "HTTP extensions",
      "url": "https://fetch.spec.whatwg.org/#http-extensions"
    }
  },
  "#http-fetch": {
    "current": {
      "number": "4.3",
      "spec": "Fetch",
      "text": "HTTP fetch",
      "url": "https://fetch.spec.whatwg.org/#http-fetch"
    }
  },
  "#http-header-layer-division": {
    "current": {
      "number": "",
      "spec": "Fetch",
      "text": "HTTP header layer division",
      "url": "https://fetch.spec.whatwg.org/#http-header-layer-division"
    }
  },
  "#http-network-fetch": {
    "current": {
      "number": "4.6",
      "spec": "Fetch",
      "text": "HTTP-network fetch",
      "url": "https://fetch.spec.whatwg.org/#http-network-fetch"
    }
  },
  "#http-network-or-cache-fetch": {
    "current": {
      "number": "4.5",
      "spec": "Fetch",
      "text": "HTTP-network-or-cache fetch",
      "url": "https://fetch.spec.whatwg.org/#http-network-or-cache-fetch"
    }
  },
  "#http-new-header-syntax": {
    "current": {
      "number": "3.2.4",
      "spec": "Fetch",
      "text": "HTTP new-header syntax",
      "url": "https://fetch.spec.whatwg.org/#http-new-header-syntax"
    }
  },
  "#http-redirect-fetch": {
    "current": {
      "number": "4.4",
      "spec": "Fetch",
      "text": "HTTP-redirect fetch",
      "url": "https://fetch.spec.whatwg.org/#http-redirect-fetch"
    }
  },
  "#http-requests": {
    "current": {
      "number": "3.2.2",
      "spec": "Fetch",
      "text": "HTTP requests",
      "url": "https://fetch.spec.whatwg.org/#http-requests"
    }
  },
  "#http-responses": {
    "current": {
      "number": "3.2.3",
      "spec": "Fetch",
      "text": "HTTP responses",
      "url": "https://fetch.spec.whatwg.org/#http-responses"
    }
  },
  "#idl-index": {
    "current": {
      "number": "",
      "spec": "Fetch",
      "text": "IDL Index",
      "url": "https://fetch.spec.whatwg.org/#idl-index"
    }
  },
  "#index": {
    "current": {
      "number": "",
      "spec": "Fetch",
      "text": "Index",
      "url": "https://fetch.spec.whatwg.org/#index"
    }
  },
  "#index-defined-elsewhere": {
    "current": {
      "number": "",
      "spec": "Fetch",
      "text": "Terms defined by reference",
      "url": "https://fetch.spec.whatwg.org/#index-defined-elsewhere"
    }
  },
  "#index-defined-here": {
    "current": {
      "number": "",
      "spec": "Fetch",
      "text": "Terms defined by this specification",
      "url": "https://fetch.spec.whatwg.org/#index-defined-here"
    }
  },
  "#informative": {
    "current": {
      "number": "",
      "spec": "Fetch",
      "text": "Informative References",
      "url": "https://fetch.spec.whatwg.org/#informative"
    }
  },
  "#infrastructure": {
    "current": {
      "number": "2",
      "spec": "Fetch",
      "text": "Infrastructure",
      "url": "https://fetch.spec.whatwg.org/#infrastructure"
    }
  },
  "#ipr": {
    "current": {
      "number": "",
      "spec": "Fetch",
      "text": "Intellectual property rights",
      "url": "https://fetch.spec.whatwg.org/#ipr"
    }
  },
  "#main-fetch": {
    "current": {
      "number": "4.1",
      "spec": "Fetch",
      "text": "Main fetch",
      "url": "https://fetch.spec.whatwg.org/#main-fetch"
    }
  },
  "#methods": {
    "current": {
      "number": "2.2.1",
      "spec": "Fetch",
      "text": "Methods",
      "url": "https://fetch.spec.whatwg.org/#methods"
    }
  },
  "#miscellaneous": {
    "current": {
      "number": "2.2.7",
      "spec": "Fetch",
      "text": "Miscellaneous",
      "url": "https://fetch.spec.whatwg.org/#miscellaneous"
    }
  },
  "#network-partition-keys": {
    "current": {
      "number": "2.7",
      "spec": "Fetch",
      "text": "Network partition keys",
      "url": "https://fetch.spec.whatwg.org/#network-partition-keys"
    }
  },
  "#normative": {
    "current": {
      "number": "",
      "spec": "Fetch",
      "text": "Normative References",
      "url": "https://fetch.spec.whatwg.org/#normative"
    }
  },
  "#origin-header": {
    "current": {
      "number": "3.1",
      "spec": "Fetch",
      "text": "`Origin` header",
      "url": "https://fetch.spec.whatwg.org/#origin-header"
    }
  },
  "#port-blocking": {
    "current": {
      "number": "2.9",
      "spec": "Fetch",
      "text": "Port blocking",
      "url": "https://fetch.spec.whatwg.org/#port-blocking"
    }
  },
  "#preface": {
    "current": {
      "number": "1",
      "spec": "Fetch",
      "text": "Preface",
      "url": "https://fetch.spec.whatwg.org/#preface"
    }
  },
  "#references": {
    "current": {
      "number": "",
      "spec": "Fetch",
      "text": "References",
      "url": "https://fetch.spec.whatwg.org/#references"
    }
  },
  "#request-class": {
    "current": {
      "number": "5.4",
      "spec": "Fetch",
      "text": "Request class",
      "url": "https://fetch.spec.whatwg.org/#request-class"
    }
  },
  "#requests": {
    "current": {
      "number": "2.2.5",
      "spec": "Fetch",
      "text": "Requests",
      "url": "https://fetch.spec.whatwg.org/#requests"
    }
  },
  "#resolving-domains": {
    "current": {
      "number": "2.5",
      "spec": "Fetch",
      "text": "Resolving domains",
      "url": "https://fetch.spec.whatwg.org/#resolving-domains"
    }
  },
  "#response-class": {
    "current": {
      "number": "5.5",
      "spec": "Fetch",
      "text": "Response class",
      "url": "https://fetch.spec.whatwg.org/#response-class"
    }
  },
  "#responses": {
    "current": {
      "number": "2.2.6",
      "spec": "Fetch",
      "text": "Responses",
      "url": "https://fetch.spec.whatwg.org/#responses"
    }
  },
  "#scheme-fetch": {
    "current": {
      "number": "4.2",
      "spec": "Fetch",
      "text": "Scheme fetch",
      "url": "https://fetch.spec.whatwg.org/#scheme-fetch"
    }
  },
  "#sec-purpose-header": {
    "current": {
      "number": "3.7",
      "spec": "Fetch",
      "text": "`Sec-Purpose` header",
      "url": "https://fetch.spec.whatwg.org/#sec-purpose-header"
    }
  },
  "#should-response-to-request-be-blocked-due-to-mime-type%3F": {
    "current": {
      "number": "2.10",
      "spec": "Fetch",
      "text": "Should response to request be blocked due to its MIME type?",
      "url": "https://fetch.spec.whatwg.org/#should-response-to-request-be-blocked-due-to-mime-type%3F"
    }
  },
  "#should-response-to-request-be-blocked-due-to-nosniff%3F": {
    "current": {
      "number": "3.5.1",
      "spec": "Fetch",
      "text": "Should response to request be blocked due to nosniff?",
      "url": "https://fetch.spec.whatwg.org/#should-response-to-request-be-blocked-due-to-nosniff%3F"
    }
  },
  "#statuses": {
    "current": {
      "number": "2.2.3",
      "spec": "Fetch",
      "text": "Statuses",
      "url": "https://fetch.spec.whatwg.org/#statuses"
    }
  },
  "#tao-check": {
    "current": {
      "number": "4.10",
      "spec": "Fetch",
      "text": "TAO check",
      "url": "https://fetch.spec.whatwg.org/#tao-check"
    }
  },
  "#terminology-headers": {
    "current": {
      "number": "2.2.2",
      "spec": "Fetch",
      "text": "Headers",
      "url": "https://fetch.spec.whatwg.org/#terminology-headers"
    }
  },
  "#title": {
    "current": {
      "number": "",
      "spec": "Fetch",
      "text": "Fetch",
      "url": "https://fetch.spec.whatwg.org/#title"
    }
  },
  "#toc": {
    "current": {
      "number": "",
      "spec": "Fetch",
      "text": "Table of Contents",
      "url": "https://fetch.spec.whatwg.org/#toc"
    }
  },
  "#url": {
    "current": {
      "number": "2.1",
      "spec": "Fetch",
      "text": "URL",
      "url": "https://fetch.spec.whatwg.org/#url"
    }
  },
  "#websocket-protocol": {
    "current": {
      "number": "",
      "spec": "Fetch",
      "text": "WebSockets",
      "url": "https://fetch.spec.whatwg.org/#websocket-protocol"
    }
  },
  "#x-content-type-options-header": {
    "current": {
      "number": "3.5",
      "spec": "Fetch",
      "text": "`X-Content-Type-Options` header",
      "url": "https://fetch.spec.whatwg.org/#x-content-type-options-header"
    }
  }
}