{
  "#abstract": {
    "current": {
      "number": "",
      "spec": "Test Utils",
      "text": "Abstract",
      "url": "https://testutils.spec.whatwg.org/#abstract"
    }
  },
  "#acknowledgements": {
    "current": {
      "number": "",
      "spec": "Test Utils",
      "text": "Acknowledgments",
      "url": "https://testutils.spec.whatwg.org/#acknowledgements"
    }
  },
  "#availability": {
    "current": {
      "number": "3",
      "spec": "Test Utils",
      "text": "Availability",
      "url": "https://testutils.spec.whatwg.org/#availability"
    }
  },
  "#idl-index": {
    "current": {
      "number": "",
      "spec": "Test Utils",
      "text": "IDL Index",
      "url": "https://testutils.spec.whatwg.org/#idl-index"
    }
  },
  "#index": {
    "current": {
      "number": "",
      "spec": "Test Utils",
      "text": "Index",
      "url": "https://testutils.spec.whatwg.org/#index"
    }
  },
  "#index-defined-elsewhere": {
    "current": {
      "number": "",
      "spec": "Test Utils",
      "text": "Terms defined by reference",
      "url": "https://testutils.spec.whatwg.org/#index-defined-elsewhere"
    }
  },
  "#index-defined-here": {
    "current": {
      "number": "",
      "spec": "Test Utils",
      "text": "Terms defined by this specification",
      "url": "https://testutils.spec.whatwg.org/#index-defined-here"
    }
  },
  "#infrastructure": {
    "current": {
      "number": "2",
      "spec": "Test Utils",
      "text": "Infrastructure",
      "url": "https://testutils.spec.whatwg.org/#infrastructure"
    }
  },
  "#intro": {
    "current": {
      "number": "1",
      "spec": "Test Utils",
      "text": "Introduction",
      "url": "https://testutils.spec.whatwg.org/#intro"
    }
  },
  "#ipr": {
    "current": {
      "number": "",
      "spec": "Test Utils",
      "text": "Intellectual property rights",
      "url": "https://testutils.spec.whatwg.org/#ipr"
    }
  },
  "#normative": {
    "current": {
      "number": "",
      "spec": "Test Utils",
      "text": "Normative References",
      "url": "https://testutils.spec.whatwg.org/#normative"
    }
  },
  "#references": {
    "current": {
      "number": "",
      "spec": "Test Utils",
      "text": "References",
      "url": "https://testutils.spec.whatwg.org/#references"
    }
  },
  "#the-testutils-namespace": {
    "current": {
      "number": "4",
      "spec": "Test Utils",
      "text": "The TestUtils Namespace",
      "url": "https://testutils.spec.whatwg.org/#the-testutils-namespace"
    }
  },
  "#title": {
    "current": {
      "number": "",
      "spec": "Test Utils",
      "text": "Test Utils",
      "url": "https://testutils.spec.whatwg.org/#title"
    }
  },
  "#toc": {
    "current": {
      "number": "",
      "spec": "Test Utils",
      "text": "Table of Contents",
      "url": "https://testutils.spec.whatwg.org/#toc"
    }
  }
}