{
  "#abstract": {
    "current": {
      "number": "",
      "spec": "CSS Lists 3",
      "text": "Abstract",
      "url": "https://drafts.csswg.org/css-lists-3/#abstract"
    },
    "snapshot": {
      "number": "",
      "spec": "CSS Lists 3",
      "text": "Abstract",
      "url": "https://www.w3.org/TR/css-lists-3/#abstract"
    }
  },
  "#acknowledgments": {
    "current": {
      "number": "",
      "spec": "CSS Lists 3",
      "text": "Acknowledgments",
      "url": "https://drafts.csswg.org/css-lists-3/#acknowledgments"
    },
    "snapshot": {
      "number": "",
      "spec": "CSS Lists 3",
      "text": "Acknowledgments",
      "url": "https://www.w3.org/TR/css-lists-3/#acknowledgments"
    }
  },
  "#auto-numbering": {
    "current": {
      "number": "4",
      "spec": "CSS Lists 3",
      "text": "Automatic Numbering With Counters",
      "url": "https://drafts.csswg.org/css-lists-3/#auto-numbering"
    },
    "snapshot": {
      "number": "4",
      "spec": "CSS Lists 3",
      "text": "Automatic Numbering With Counters",
      "url": "https://www.w3.org/TR/css-lists-3/#auto-numbering"
    }
  },
  "#changes": {
    "current": {
      "number": "",
      "spec": "CSS Lists 3",
      "text": "Changes",
      "url": "https://drafts.csswg.org/css-lists-3/#changes"
    },
    "snapshot": {
      "number": "",
      "spec": "CSS Lists 3",
      "text": "Changes",
      "url": "https://www.w3.org/TR/css-lists-3/#changes"
    }
  },
  "#changes-20140320": {
    "current": {
      "number": "",
      "spec": "CSS Lists 3",
      "text": "Changes since the 20 March 2014 WD",
      "url": "https://drafts.csswg.org/css-lists-3/#changes-20140320"
    },
    "snapshot": {
      "number": "",
      "spec": "CSS Lists 3",
      "text": "Changes since the 20 March 2014 WD",
      "url": "https://www.w3.org/TR/css-lists-3/#changes-20140320"
    }
  },
  "#changes-20190425": {
    "current": {
      "number": "",
      "spec": "CSS Lists 3",
      "text": "Changes since the 25 April 2019 WD",
      "url": "https://drafts.csswg.org/css-lists-3/#changes-20190425"
    },
    "snapshot": {
      "number": "",
      "spec": "CSS Lists 3",
      "text": "Changes since the 25 April 2019 WD",
      "url": "https://www.w3.org/TR/css-lists-3/#changes-20190425"
    }
  },
  "#changes-20190817": {
    "current": {
      "number": "",
      "spec": "CSS Lists 3",
      "text": "Changes since the 17 August 2019 WD",
      "url": "https://drafts.csswg.org/css-lists-3/#changes-20190817"
    },
    "snapshot": {
      "number": "",
      "spec": "CSS Lists 3",
      "text": "Changes since the 17 August 2019 WD",
      "url": "https://www.w3.org/TR/css-lists-3/#changes-20190817"
    }
  },
  "#changes-20200709": {
    "current": {
      "number": "",
      "spec": "CSS Lists 3",
      "text": "Changes since the 9 July 2020 WD",
      "url": "https://drafts.csswg.org/css-lists-3/#changes-20200709"
    },
    "snapshot": {
      "number": "",
      "spec": "CSS Lists 3",
      "text": "Changes since the 9 July 2020 WD",
      "url": "https://www.w3.org/TR/css-lists-3/#changes-20200709"
    }
  },
  "#changes-from-css2": {
    "current": {
      "number": "",
      "spec": "CSS Lists 3",
      "text": "Changes From CSS Level 2",
      "url": "https://drafts.csswg.org/css-lists-3/#changes-from-css2"
    },
    "snapshot": {
      "number": "",
      "spec": "CSS Lists 3",
      "text": "Changes From CSS Level 2",
      "url": "https://www.w3.org/TR/css-lists-3/#changes-from-css2"
    }
  },
  "#conform-future-proofing": {
    "snapshot": {
      "number": "",
      "spec": "CSS Lists 3",
      "text": "Implementations of Unstable and Proprietary Features",
      "url": "https://www.w3.org/TR/css-lists-3/#conform-future-proofing"
    }
  },
  "#conformance": {
    "snapshot": {
      "number": "",
      "spec": "CSS Lists 3",
      "text": "Conformance",
      "url": "https://www.w3.org/TR/css-lists-3/#conformance"
    }
  },
  "#conformance-classes": {
    "snapshot": {
      "number": "",
      "spec": "CSS Lists 3",
      "text": "Conformance classes",
      "url": "https://www.w3.org/TR/css-lists-3/#conformance-classes"
    }
  },
  "#content-property": {
    "current": {
      "number": "3.2",
      "spec": "CSS Lists 3",
      "text": "Generating Marker Contents",
      "url": "https://drafts.csswg.org/css-lists-3/#content-property"
    },
    "snapshot": {
      "number": "3.2",
      "spec": "CSS Lists 3",
      "text": "Generating Marker Contents",
      "url": "https://www.w3.org/TR/css-lists-3/#content-property"
    }
  },
  "#conventions": {
    "snapshot": {
      "number": "",
      "spec": "CSS Lists 3",
      "text": "Document conventions",
      "url": "https://www.w3.org/TR/css-lists-3/#conventions"
    }
  },
  "#counter-functions": {
    "current": {
      "number": "4.7",
      "spec": "CSS Lists 3",
      "text": "Outputting Counters: the counter() and counters() functions",
      "url": "https://drafts.csswg.org/css-lists-3/#counter-functions"
    },
    "snapshot": {
      "number": "4.7",
      "spec": "CSS Lists 3",
      "text": "Outputting Counters: the counter() and counters() functions",
      "url": "https://www.w3.org/TR/css-lists-3/#counter-functions"
    }
  },
  "#counter-reset": {
    "current": {
      "number": "4.1",
      "spec": "CSS Lists 3",
      "text": "Creating Counters: the counter-reset property",
      "url": "https://drafts.csswg.org/css-lists-3/#counter-reset"
    },
    "snapshot": {
      "number": "4.1",
      "spec": "CSS Lists 3",
      "text": "Creating Counters: the counter-reset property",
      "url": "https://www.w3.org/TR/css-lists-3/#counter-reset"
    }
  },
  "#counters-without-boxes": {
    "current": {
      "number": "4.5",
      "spec": "CSS Lists 3",
      "text": "Counters in elements that do not generate boxes",
      "url": "https://drafts.csswg.org/css-lists-3/#counters-without-boxes"
    },
    "snapshot": {
      "number": "4.5",
      "spec": "CSS Lists 3",
      "text": "Counters in elements that do not generate boxes",
      "url": "https://www.w3.org/TR/css-lists-3/#counters-without-boxes"
    }
  },
  "#creating-counters": {
    "current": {
      "number": "4.4",
      "spec": "CSS Lists 3",
      "text": "Creating and Inheriting Counters",
      "url": "https://drafts.csswg.org/css-lists-3/#creating-counters"
    },
    "snapshot": {
      "number": "4.4",
      "spec": "CSS Lists 3",
      "text": "Creating and Inheriting Counters",
      "url": "https://www.w3.org/TR/css-lists-3/#creating-counters"
    }
  },
  "#declaring-a-list-item": {
    "current": {
      "number": "2",
      "spec": "CSS Lists 3",
      "text": "Declaring a List Item",
      "url": "https://drafts.csswg.org/css-lists-3/#declaring-a-list-item"
    },
    "snapshot": {
      "number": "2",
      "spec": "CSS Lists 3",
      "text": "Declaring a List Item",
      "url": "https://www.w3.org/TR/css-lists-3/#declaring-a-list-item"
    }
  },
  "#image-markers": {
    "current": {
      "number": "3.3",
      "spec": "CSS Lists 3",
      "text": "Image Markers: the list-style-image property",
      "url": "https://drafts.csswg.org/css-lists-3/#image-markers"
    },
    "snapshot": {
      "number": "3.3",
      "spec": "CSS Lists 3",
      "text": "Image Markers: the list-style-image property",
      "url": "https://www.w3.org/TR/css-lists-3/#image-markers"
    }
  },
  "#increment-set": {
    "current": {
      "number": "4.2",
      "spec": "CSS Lists 3",
      "text": "Manipulating Counter Values: the counter-increment and counter-set properties",
      "url": "https://drafts.csswg.org/css-lists-3/#increment-set"
    },
    "snapshot": {
      "number": "4.2",
      "spec": "CSS Lists 3",
      "text": "Manipulating Counter Values: the counter-increment and counter-set properties",
      "url": "https://www.w3.org/TR/css-lists-3/#increment-set"
    }
  },
  "#index": {
    "current": {
      "number": "",
      "spec": "CSS Lists 3",
      "text": "Index",
      "url": "https://drafts.csswg.org/css-lists-3/#index"
    },
    "snapshot": {
      "number": "",
      "spec": "CSS Lists 3",
      "text": "Index",
      "url": "https://www.w3.org/TR/css-lists-3/#index"
    }
  },
  "#index-defined-elsewhere": {
    "current": {
      "number": "",
      "spec": "CSS Lists 3",
      "text": "Terms defined by reference",
      "url": "https://drafts.csswg.org/css-lists-3/#index-defined-elsewhere"
    },
    "snapshot": {
      "number": "",
      "spec": "CSS Lists 3",
      "text": "Terms defined by reference",
      "url": "https://www.w3.org/TR/css-lists-3/#index-defined-elsewhere"
    }
  },
  "#index-defined-here": {
    "current": {
      "number": "",
      "spec": "CSS Lists 3",
      "text": "Terms defined by this specification",
      "url": "https://drafts.csswg.org/css-lists-3/#index-defined-here"
    },
    "snapshot": {
      "number": "",
      "spec": "CSS Lists 3",
      "text": "Terms defined by this specification",
      "url": "https://www.w3.org/TR/css-lists-3/#index-defined-here"
    }
  },
  "#informative": {
    "current": {
      "number": "",
      "spec": "CSS Lists 3",
      "text": "Informative References",
      "url": "https://drafts.csswg.org/css-lists-3/#informative"
    },
    "snapshot": {
      "number": "",
      "spec": "CSS Lists 3",
      "text": "Informative References",
      "url": "https://www.w3.org/TR/css-lists-3/#informative"
    }
  },
  "#inheriting-counters": {
    "current": {
      "number": "4.4.1",
      "spec": "CSS Lists 3",
      "text": "Inheriting Counters",
      "url": "https://drafts.csswg.org/css-lists-3/#inheriting-counters"
    },
    "snapshot": {
      "number": "4.4.1",
      "spec": "CSS Lists 3",
      "text": "Inheriting Counters",
      "url": "https://www.w3.org/TR/css-lists-3/#inheriting-counters"
    }
  },
  "#instantiating-counters": {
    "current": {
      "number": "4.4.2",
      "spec": "CSS Lists 3",
      "text": "Instantiating Counters",
      "url": "https://drafts.csswg.org/css-lists-3/#instantiating-counters"
    },
    "snapshot": {
      "number": "4.4.2",
      "spec": "CSS Lists 3",
      "text": "Instantiating Counters",
      "url": "https://www.w3.org/TR/css-lists-3/#instantiating-counters"
    }
  },
  "#intro": {
    "current": {
      "number": "1",
      "spec": "CSS Lists 3",
      "text": "Introduction",
      "url": "https://drafts.csswg.org/css-lists-3/#intro"
    },
    "snapshot": {
      "number": "1",
      "spec": "CSS Lists 3",
      "text": "Introduction",
      "url": "https://www.w3.org/TR/css-lists-3/#intro"
    }
  },
  "#issues-index": {
    "current": {
      "number": "",
      "spec": "CSS Lists 3",
      "text": "Issues Index",
      "url": "https://drafts.csswg.org/css-lists-3/#issues-index"
    },
    "snapshot": {
      "number": "",
      "spec": "CSS Lists 3",
      "text": "Issues Index",
      "url": "https://www.w3.org/TR/css-lists-3/#issues-index"
    }
  },
  "#list-item-counter": {
    "current": {
      "number": "4.6",
      "spec": "CSS Lists 3",
      "text": "The Implicit list-item Counter",
      "url": "https://drafts.csswg.org/css-lists-3/#list-item-counter"
    },
    "snapshot": {
      "number": "4.6",
      "spec": "CSS Lists 3",
      "text": "The Implicit list-item Counter",
      "url": "https://www.w3.org/TR/css-lists-3/#list-item-counter"
    }
  },
  "#list-style-position-property": {
    "current": {
      "number": "3.5",
      "spec": "CSS Lists 3",
      "text": "Positioning Markers: The list-style-position property",
      "url": "https://drafts.csswg.org/css-lists-3/#list-style-position-property"
    },
    "snapshot": {
      "number": "3.5",
      "spec": "CSS Lists 3",
      "text": "Positioning Markers: The list-style-position property",
      "url": "https://www.w3.org/TR/css-lists-3/#list-style-position-property"
    }
  },
  "#list-style-property": {
    "current": {
      "number": "3.6",
      "spec": "CSS Lists 3",
      "text": "Styling Markers: the list-style shorthand property",
      "url": "https://drafts.csswg.org/css-lists-3/#list-style-property"
    },
    "snapshot": {
      "number": "3.6",
      "spec": "CSS Lists 3",
      "text": "Styling Markers: the list-style shorthand property",
      "url": "https://www.w3.org/TR/css-lists-3/#list-style-property"
    }
  },
  "#marker-properties": {
    "current": {
      "number": "3.1.1",
      "spec": "CSS Lists 3",
      "text": "Properties Applying to ::marker",
      "url": "https://drafts.csswg.org/css-lists-3/#marker-properties"
    },
    "snapshot": {
      "number": "3.1.1",
      "spec": "CSS Lists 3",
      "text": "Properties Applying to ::marker",
      "url": "https://www.w3.org/TR/css-lists-3/#marker-properties"
    }
  },
  "#marker-pseudo": {
    "current": {
      "number": "3.1",
      "spec": "CSS Lists 3",
      "text": "The ::marker Pseudo-Element",
      "url": "https://drafts.csswg.org/css-lists-3/#marker-pseudo"
    },
    "snapshot": {
      "number": "3.1",
      "spec": "CSS Lists 3",
      "text": "The ::marker Pseudo-Element",
      "url": "https://www.w3.org/TR/css-lists-3/#marker-pseudo"
    }
  },
  "#marker-side": {
    "current": {
      "number": "3.7",
      "spec": "CSS Lists 3",
      "text": "The marker-side property",
      "url": "https://drafts.csswg.org/css-lists-3/#marker-side"
    },
    "snapshot": {
      "number": "3.7",
      "spec": "CSS Lists 3",
      "text": "The marker-side property",
      "url": "https://www.w3.org/TR/css-lists-3/#marker-side"
    }
  },
  "#markers": {
    "current": {
      "number": "3",
      "spec": "CSS Lists 3",
      "text": "Markers",
      "url": "https://drafts.csswg.org/css-lists-3/#markers"
    },
    "snapshot": {
      "number": "3",
      "spec": "CSS Lists 3",
      "text": "Markers",
      "url": "https://www.w3.org/TR/css-lists-3/#markers"
    }
  },
  "#nested-counters": {
    "current": {
      "number": "4.3",
      "spec": "CSS Lists 3",
      "text": "Nested Counters and Scope",
      "url": "https://drafts.csswg.org/css-lists-3/#nested-counters"
    },
    "snapshot": {
      "number": "4.3",
      "spec": "CSS Lists 3",
      "text": "Nested Counters and Scope",
      "url": "https://www.w3.org/TR/css-lists-3/#nested-counters"
    }
  },
  "#normative": {
    "current": {
      "number": "",
      "spec": "CSS Lists 3",
      "text": "Normative References",
      "url": "https://drafts.csswg.org/css-lists-3/#normative"
    },
    "snapshot": {
      "number": "",
      "spec": "CSS Lists 3",
      "text": "Normative References",
      "url": "https://www.w3.org/TR/css-lists-3/#normative"
    }
  },
  "#partial": {
    "snapshot": {
      "number": "",
      "spec": "CSS Lists 3",
      "text": "Partial implementations",
      "url": "https://www.w3.org/TR/css-lists-3/#partial"
    }
  },
  "#privacy": {
    "current": {
      "number": "",
      "spec": "CSS Lists 3",
      "text": "Privacy Considerations",
      "url": "https://drafts.csswg.org/css-lists-3/#privacy"
    }
  },
  "#property-index": {
    "current": {
      "number": "",
      "spec": "CSS Lists 3",
      "text": "Property Index",
      "url": "https://drafts.csswg.org/css-lists-3/#property-index"
    },
    "snapshot": {
      "number": "",
      "spec": "CSS Lists 3",
      "text": "Property Index",
      "url": "https://www.w3.org/TR/css-lists-3/#property-index"
    }
  },
  "#references": {
    "current": {
      "number": "",
      "spec": "CSS Lists 3",
      "text": "References",
      "url": "https://drafts.csswg.org/css-lists-3/#references"
    },
    "snapshot": {
      "number": "",
      "spec": "CSS Lists 3",
      "text": "References",
      "url": "https://www.w3.org/TR/css-lists-3/#references"
    }
  },
  "#security": {
    "current": {
      "number": "",
      "spec": "CSS Lists 3",
      "text": "Security Considerations",
      "url": "https://drafts.csswg.org/css-lists-3/#security"
    }
  },
  "#sotd": {
    "current": {
      "number": "",
      "spec": "CSS Lists 3",
      "text": "Status of this document",
      "url": "https://drafts.csswg.org/css-lists-3/#sotd"
    }
  },
  "#status": {
    "snapshot": {
      "number": "",
      "spec": "CSS Lists 3",
      "text": "Status of this document",
      "url": "https://www.w3.org/TR/css-lists-3/#status"
    }
  },
  "#subtitle": {
    "snapshot": {
      "number": "",
      "spec": "CSS Lists 3",
      "text": "W3C Working Draft, 17 November 2020",
      "url": "https://www.w3.org/TR/css-lists-3/#subtitle"
    }
  },
  "#testing": {
    "snapshot": {
      "number": "",
      "spec": "CSS Lists 3",
      "text": "Non-experimental implementations",
      "url": "https://www.w3.org/TR/css-lists-3/#testing"
    }
  },
  "#text-markers": {
    "current": {
      "number": "3.4",
      "spec": "CSS Lists 3",
      "text": "Text-based Markers: the list-style-type property",
      "url": "https://drafts.csswg.org/css-lists-3/#text-markers"
    },
    "snapshot": {
      "number": "3.4",
      "spec": "CSS Lists 3",
      "text": "Text-based Markers: the list-style-type property",
      "url": "https://www.w3.org/TR/css-lists-3/#text-markers"
    }
  },
  "#title": {
    "current": {
      "number": "",
      "spec": "CSS Lists 3",
      "text": "CSS Lists and Counters Module Level 3",
      "url": "https://drafts.csswg.org/css-lists-3/#title"
    },
    "snapshot": {
      "number": "",
      "spec": "CSS Lists 3",
      "text": "CSS Lists and Counters Module Level 3",
      "url": "https://www.w3.org/TR/css-lists-3/#title"
    }
  },
  "#toc": {
    "current": {
      "number": "",
      "spec": "CSS Lists 3",
      "text": "Table of Contents",
      "url": "https://drafts.csswg.org/css-lists-3/#toc"
    },
    "snapshot": {
      "number": "",
      "spec": "CSS Lists 3",
      "text": "Table of Contents",
      "url": "https://www.w3.org/TR/css-lists-3/#toc"
    }
  },
  "#ua-stylesheet": {
    "current": {
      "number": "A",
      "spec": "CSS Lists 3",
      "text": "Sample Style Sheet For HTML",
      "url": "https://drafts.csswg.org/css-lists-3/#ua-stylesheet"
    },
    "snapshot": {
      "number": "A",
      "spec": "CSS Lists 3",
      "text": "Sample Style Sheet For HTML",
      "url": "https://www.w3.org/TR/css-lists-3/#ua-stylesheet"
    }
  },
  "#values": {
    "current": {
      "number": "1.1",
      "spec": "CSS Lists 3",
      "text": "Value Definitions",
      "url": "https://drafts.csswg.org/css-lists-3/#values"
    },
    "snapshot": {
      "number": "1.1",
      "spec": "CSS Lists 3",
      "text": "Value Definitions",
      "url": "https://www.w3.org/TR/css-lists-3/#values"
    }
  },
  "#w3c-conform-future-proofing": {
    "current": {
      "number": "",
      "spec": "CSS Lists 3",
      "text": "Implementations of Unstable and Proprietary Features",
      "url": "https://drafts.csswg.org/css-lists-3/#w3c-conform-future-proofing"
    }
  },
  "#w3c-conformance": {
    "current": {
      "number": "",
      "spec": "CSS Lists 3",
      "text": "Conformance",
      "url": "https://drafts.csswg.org/css-lists-3/#w3c-conformance"
    }
  },
  "#w3c-conformance-classes": {
    "current": {
      "number": "",
      "spec": "CSS Lists 3",
      "text": "Conformance classes",
      "url": "https://drafts.csswg.org/css-lists-3/#w3c-conformance-classes"
    }
  },
  "#w3c-conventions": {
    "current": {
      "number": "",
      "spec": "CSS Lists 3",
      "text": "Document conventions",
      "url": "https://drafts.csswg.org/css-lists-3/#w3c-conventions"
    }
  },
  "#w3c-partial": {
    "current": {
      "number": "",
      "spec": "CSS Lists 3",
      "text": "Partial implementations",
      "url": "https://drafts.csswg.org/css-lists-3/#w3c-partial"
    }
  },
  "#w3c-testing": {
    "current": {
      "number": "",
      "spec": "CSS Lists 3",
      "text": "Non-experimental implementations",
      "url": "https://drafts.csswg.org/css-lists-3/#w3c-testing"
    }
  }
}