{
  "#abstract": {
    "current": {
      "number": "",
      "spec": "requestStorageAccessFor API",
      "text": "Abstract",
      "url": "https://privacycg.github.io/requestStorageAccessFor/#abstract"
    }
  },
  "#fetch-integration": {
    "current": {
      "number": "5",
      "spec": "requestStorageAccessFor API",
      "text": "Fetch Integration",
      "url": "https://privacycg.github.io/requestStorageAccessFor/#fetch-integration"
    }
  },
  "#idl-index": {
    "current": {
      "number": "",
      "spec": "requestStorageAccessFor API",
      "text": "IDL Index",
      "url": "https://privacycg.github.io/requestStorageAccessFor/#idl-index"
    }
  },
  "#index": {
    "current": {
      "number": "",
      "spec": "requestStorageAccessFor API",
      "text": "Index",
      "url": "https://privacycg.github.io/requestStorageAccessFor/#index"
    }
  },
  "#index-defined-elsewhere": {
    "current": {
      "number": "",
      "spec": "requestStorageAccessFor API",
      "text": "Terms defined by reference",
      "url": "https://privacycg.github.io/requestStorageAccessFor/#index-defined-elsewhere"
    }
  },
  "#index-defined-here": {
    "current": {
      "number": "",
      "spec": "requestStorageAccessFor API",
      "text": "Terms defined by this specification",
      "url": "https://privacycg.github.io/requestStorageAccessFor/#index-defined-here"
    }
  },
  "#infra": {
    "current": {
      "number": "2",
      "spec": "requestStorageAccessFor API",
      "text": "Infrastructure",
      "url": "https://privacycg.github.io/requestStorageAccessFor/#infra"
    }
  },
  "#intro": {
    "current": {
      "number": "1",
      "spec": "requestStorageAccessFor API",
      "text": "Introduction",
      "url": "https://privacycg.github.io/requestStorageAccessFor/#intro"
    }
  },
  "#issues-index": {
    "current": {
      "number": "",
      "spec": "requestStorageAccessFor API",
      "text": "Issues Index",
      "url": "https://privacycg.github.io/requestStorageAccessFor/#issues-index"
    }
  },
  "#normative": {
    "current": {
      "number": "",
      "spec": "requestStorageAccessFor API",
      "text": "Normative References",
      "url": "https://privacycg.github.io/requestStorageAccessFor/#normative"
    }
  },
  "#notification-abuse": {
    "current": {
      "number": "8.2",
      "spec": "requestStorageAccessFor API",
      "text": "Notification Abuse",
      "url": "https://privacycg.github.io/requestStorageAccessFor/#notification-abuse"
    }
  },
  "#permissions-integration": {
    "current": {
      "number": "4",
      "spec": "requestStorageAccessFor API",
      "text": "Permissions Integration",
      "url": "https://privacycg.github.io/requestStorageAccessFor/#permissions-integration"
    }
  },
  "#privacy": {
    "current": {
      "number": "7",
      "spec": "requestStorageAccessFor API",
      "text": "Privacy considerations",
      "url": "https://privacycg.github.io/requestStorageAccessFor/#privacy"
    }
  },
  "#references": {
    "current": {
      "number": "",
      "spec": "requestStorageAccessFor API",
      "text": "References",
      "url": "https://privacycg.github.io/requestStorageAccessFor/#references"
    }
  },
  "#security": {
    "current": {
      "number": "8",
      "spec": "requestStorageAccessFor API",
      "text": "Security considerations",
      "url": "https://privacycg.github.io/requestStorageAccessFor/#security"
    }
  },
  "#status": {
    "current": {
      "number": "",
      "spec": "requestStorageAccessFor API",
      "text": "Status of this document",
      "url": "https://privacycg.github.io/requestStorageAccessFor/#status"
    }
  },
  "#storage-access-api-integration": {
    "current": {
      "number": "6",
      "spec": "requestStorageAccessFor API",
      "text": "Storage Access API Integration",
      "url": "https://privacycg.github.io/requestStorageAccessFor/#storage-access-api-integration"
    }
  },
  "#subresources": {
    "current": {
      "number": "8.1",
      "spec": "requestStorageAccessFor API",
      "text": "Subresource Requests",
      "url": "https://privacycg.github.io/requestStorageAccessFor/#subresources"
    }
  },
  "#subtitle": {
    "current": {
      "number": "",
      "spec": "requestStorageAccessFor API",
      "text": "Draft Community Group Report, 16 January 2024",
      "url": "https://privacycg.github.io/requestStorageAccessFor/#subtitle"
    }
  },
  "#the-document-object": {
    "current": {
      "number": "3.1",
      "spec": "requestStorageAccessFor API",
      "text": "Changes to Document",
      "url": "https://privacycg.github.io/requestStorageAccessFor/#the-document-object"
    }
  },
  "#the-rsa-for-api": {
    "current": {
      "number": "3",
      "spec": "requestStorageAccessFor API",
      "text": "The requestStorageAccessFor API",
      "url": "https://privacycg.github.io/requestStorageAccessFor/#the-rsa-for-api"
    }
  },
  "#title": {
    "current": {
      "number": "",
      "spec": "requestStorageAccessFor API",
      "text": "requestStorageAccessFor API",
      "url": "https://privacycg.github.io/requestStorageAccessFor/#title"
    }
  },
  "#toc": {
    "current": {
      "number": "",
      "spec": "requestStorageAccessFor API",
      "text": "Table of Contents",
      "url": "https://privacycg.github.io/requestStorageAccessFor/#toc"
    }
  },
  "#ua-policies": {
    "current": {
      "number": "3.2",
      "spec": "requestStorageAccessFor API",
      "text": "User Agent top-level storage access policies",
      "url": "https://privacycg.github.io/requestStorageAccessFor/#ua-policies"
    }
  },
  "#w3c-conformance": {
    "current": {
      "number": "",
      "spec": "requestStorageAccessFor API",
      "text": "Conformance",
      "url": "https://privacycg.github.io/requestStorageAccessFor/#w3c-conformance"
    }
  },
  "#w3c-conventions": {
    "current": {
      "number": "",
      "spec": "requestStorageAccessFor API",
      "text": "Document conventions",
      "url": "https://privacycg.github.io/requestStorageAccessFor/#w3c-conventions"
    }
  }
}