{
  "#abstract": {
    "current": {
      "number": "",
      "spec": "Storage",
      "text": "Abstract",
      "url": "https://storage.spec.whatwg.org/#abstract"
    }
  },
  "#acks": {
    "current": {
      "number": "",
      "spec": "Storage",
      "text": "Acknowledgments",
      "url": "https://storage.spec.whatwg.org/#acks"
    }
  },
  "#api": {
    "current": {
      "number": "8",
      "spec": "Storage",
      "text": "API",
      "url": "https://storage.spec.whatwg.org/#api"
    }
  },
  "#buckets": {
    "current": {
      "number": "4.5",
      "spec": "Storage",
      "text": "Storage buckets",
      "url": "https://storage.spec.whatwg.org/#buckets"
    }
  },
  "#idl-index": {
    "current": {
      "number": "",
      "spec": "Storage",
      "text": "IDL Index",
      "url": "https://storage.spec.whatwg.org/#idl-index"
    }
  },
  "#index": {
    "current": {
      "number": "",
      "spec": "Storage",
      "text": "Index",
      "url": "https://storage.spec.whatwg.org/#index"
    }
  },
  "#index-defined-elsewhere": {
    "current": {
      "number": "",
      "spec": "Storage",
      "text": "Terms defined by reference",
      "url": "https://storage.spec.whatwg.org/#index-defined-elsewhere"
    }
  },
  "#index-defined-here": {
    "current": {
      "number": "",
      "spec": "Storage",
      "text": "Terms defined by this specification",
      "url": "https://storage.spec.whatwg.org/#index-defined-here"
    }
  },
  "#infrastructure": {
    "current": {
      "number": "3",
      "spec": "Storage",
      "text": "Lay of the land",
      "url": "https://storage.spec.whatwg.org/#infrastructure"
    }
  },
  "#introduction": {
    "current": {
      "number": "1",
      "spec": "Storage",
      "text": "Introduction",
      "url": "https://storage.spec.whatwg.org/#introduction"
    }
  },
  "#ipr": {
    "current": {
      "number": "",
      "spec": "Storage",
      "text": "Intellectual property rights",
      "url": "https://storage.spec.whatwg.org/#ipr"
    }
  },
  "#management": {
    "current": {
      "number": "7",
      "spec": "Storage",
      "text": "Management",
      "url": "https://storage.spec.whatwg.org/#management"
    }
  },
  "#model": {
    "current": {
      "number": "4",
      "spec": "Storage",
      "text": "Model",
      "url": "https://storage.spec.whatwg.org/#model"
    }
  },
  "#normative": {
    "current": {
      "number": "",
      "spec": "Storage",
      "text": "Normative References",
      "url": "https://storage.spec.whatwg.org/#normative"
    }
  },
  "#persistence": {
    "current": {
      "number": "5",
      "spec": "Storage",
      "text": "Persistence permission",
      "url": "https://storage.spec.whatwg.org/#persistence"
    }
  },
  "#references": {
    "current": {
      "number": "",
      "spec": "Storage",
      "text": "References",
      "url": "https://storage.spec.whatwg.org/#references"
    }
  },
  "#storage-bottles": {
    "current": {
      "number": "4.6",
      "spec": "Storage",
      "text": "Storage bottles",
      "url": "https://storage.spec.whatwg.org/#storage-bottles"
    }
  },
  "#storage-endpoints": {
    "current": {
      "number": "4.1",
      "spec": "Storage",
      "text": "Storage endpoints",
      "url": "https://storage.spec.whatwg.org/#storage-endpoints"
    }
  },
  "#storage-keys": {
    "current": {
      "number": "4.2",
      "spec": "Storage",
      "text": "Storage keys",
      "url": "https://storage.spec.whatwg.org/#storage-keys"
    }
  },
  "#storage-pressure": {
    "current": {
      "number": "7.1",
      "spec": "Storage",
      "text": "Storage pressure",
      "url": "https://storage.spec.whatwg.org/#storage-pressure"
    }
  },
  "#storage-proxy-maps": {
    "current": {
      "number": "4.7",
      "spec": "Storage",
      "text": "Storage proxy maps",
      "url": "https://storage.spec.whatwg.org/#storage-proxy-maps"
    }
  },
  "#storage-sheds": {
    "current": {
      "number": "4.3",
      "spec": "Storage",
      "text": "Storage sheds",
      "url": "https://storage.spec.whatwg.org/#storage-sheds"
    }
  },
  "#storage-shelves": {
    "current": {
      "number": "4.4",
      "spec": "Storage",
      "text": "Storage shelves",
      "url": "https://storage.spec.whatwg.org/#storage-shelves"
    }
  },
  "#storage-task-source": {
    "current": {
      "number": "4.8",
      "spec": "Storage",
      "text": "Storage task source",
      "url": "https://storage.spec.whatwg.org/#storage-task-source"
    }
  },
  "#terminology": {
    "current": {
      "number": "2",
      "spec": "Storage",
      "text": "Terminology",
      "url": "https://storage.spec.whatwg.org/#terminology"
    }
  },
  "#title": {
    "current": {
      "number": "",
      "spec": "Storage",
      "text": "Storage",
      "url": "https://storage.spec.whatwg.org/#title"
    }
  },
  "#toc": {
    "current": {
      "number": "",
      "spec": "Storage",
      "text": "Table of Contents",
      "url": "https://storage.spec.whatwg.org/#toc"
    }
  },
  "#ui-guidelines": {
    "current": {
      "number": "7.2",
      "spec": "Storage",
      "text": "User interface guidelines",
      "url": "https://storage.spec.whatwg.org/#ui-guidelines"
    }
  },
  "#usage-and-quota": {
    "current": {
      "number": "6",
      "spec": "Storage",
      "text": "Usage and quota",
      "url": "https://storage.spec.whatwg.org/#usage-and-quota"
    }
  }
}