{
  "#BNodes": {
    "current": {
      "number": "2.5",
      "spec": "RDF 1.2 N-Triples",
      "text": "RDF Blank Nodes",
      "url": "https://w3c.github.io/rdf-n-triples/spec/#BNodes"
    },
    "snapshot": {
      "number": "2.5",
      "spec": "RDF 1.2 N-Triples",
      "text": "RDF Blank Nodes",
      "url": "https://www.w3.org/TR/rdf12-n-triples/#BNodes"
    }
  },
  "#acknowledgments-for-rdf-1-1": {
    "current": {
      "number": "D.1",
      "spec": "RDF 1.2 N-Triples",
      "text": "Acknowledgments for RDF 1.1",
      "url": "https://w3c.github.io/rdf-n-triples/spec/#acknowledgments-for-rdf-1-1"
    },
    "snapshot": {
      "number": "D.1",
      "spec": "RDF 1.2 N-Triples",
      "text": "Acknowledgments for RDF 1.1",
      "url": "https://www.w3.org/TR/rdf12-n-triples/#acknowledgments-for-rdf-1-1"
    }
  },
  "#acknowledgments-for-rdf-1-2": {
    "current": {
      "number": "D.2",
      "spec": "RDF 1.2 N-Triples",
      "text": "Acknowledgments for RDF 1.2",
      "url": "https://w3c.github.io/rdf-n-triples/spec/#acknowledgments-for-rdf-1-2"
    },
    "snapshot": {
      "number": "D.2",
      "spec": "RDF 1.2 N-Triples",
      "text": "Acknowledgments for RDF 1.2",
      "url": "https://www.w3.org/TR/rdf12-n-triples/#acknowledgments-for-rdf-1-2"
    }
  },
  "#canonical-ntriples": {
    "current": {
      "number": "3",
      "spec": "RDF 1.2 N-Triples",
      "text": "A Canonical form of N-Triples",
      "url": "https://w3c.github.io/rdf-n-triples/spec/#canonical-ntriples"
    },
    "snapshot": {
      "number": "3",
      "spec": "RDF 1.2 N-Triples",
      "text": "A Canonical form of N-Triples",
      "url": "https://www.w3.org/TR/rdf12-n-triples/#canonical-ntriples"
    }
  },
  "#changes-12": {
    "current": {
      "number": "E",
      "spec": "RDF 1.2 N-Triples",
      "text": "Changes between RDF 1.1 and RDF 1.2",
      "url": "https://w3c.github.io/rdf-n-triples/spec/#changes-12"
    },
    "snapshot": {
      "number": "E",
      "spec": "RDF 1.2 N-Triples",
      "text": "Changes between RDF 1.1 and RDF 1.2",
      "url": "https://www.w3.org/TR/rdf12-n-triples/#changes-12"
    }
  },
  "#conformance": {
    "current": {
      "number": "4",
      "spec": "RDF 1.2 N-Triples",
      "text": "Conformance",
      "url": "https://w3c.github.io/rdf-n-triples/spec/#conformance"
    },
    "snapshot": {
      "number": "4",
      "spec": "RDF 1.2 N-Triples",
      "text": "Conformance",
      "url": "https://www.w3.org/TR/rdf12-n-triples/#conformance"
    }
  },
  "#index": {
    "current": {
      "number": "F",
      "spec": "RDF 1.2 N-Triples",
      "text": "Index",
      "url": "https://w3c.github.io/rdf-n-triples/spec/#index"
    },
    "snapshot": {
      "number": "F",
      "spec": "RDF 1.2 N-Triples",
      "text": "Index",
      "url": "https://www.w3.org/TR/rdf12-n-triples/#index"
    }
  },
  "#index-defined-elsewhere": {
    "current": {
      "number": "F.2",
      "spec": "RDF 1.2 N-Triples",
      "text": "Terms defined by reference",
      "url": "https://w3c.github.io/rdf-n-triples/spec/#index-defined-elsewhere"
    },
    "snapshot": {
      "number": "F.2",
      "spec": "RDF 1.2 N-Triples",
      "text": "Terms defined by reference",
      "url": "https://www.w3.org/TR/rdf12-n-triples/#index-defined-elsewhere"
    }
  },
  "#index-defined-here": {
    "current": {
      "number": "F.1",
      "spec": "RDF 1.2 N-Triples",
      "text": "Terms defined by this specification",
      "url": "https://w3c.github.io/rdf-n-triples/spec/#index-defined-here"
    },
    "snapshot": {
      "number": "F.1",
      "spec": "RDF 1.2 N-Triples",
      "text": "Terms defined by this specification",
      "url": "https://www.w3.org/TR/rdf12-n-triples/#index-defined-here"
    }
  },
  "#informative-references": {
    "current": {
      "number": "H.2",
      "spec": "RDF 1.2 N-Triples",
      "text": "Informative references",
      "url": "https://w3c.github.io/rdf-n-triples/spec/#informative-references"
    },
    "snapshot": {
      "number": "H.2",
      "spec": "RDF 1.2 N-Triples",
      "text": "Informative references",
      "url": "https://www.w3.org/TR/rdf12-n-triples/#informative-references"
    }
  },
  "#issue-summary": {
    "current": {
      "number": "G",
      "spec": "RDF 1.2 N-Triples",
      "text": "Issue summary",
      "url": "https://w3c.github.io/rdf-n-triples/spec/#issue-summary"
    },
    "snapshot": {
      "number": "G",
      "spec": "RDF 1.2 N-Triples",
      "text": "Issue summary",
      "url": "https://www.w3.org/TR/rdf12-n-triples/#issue-summary"
    }
  },
  "#n-triples-grammar": {
    "current": {
      "number": "5",
      "spec": "RDF 1.2 N-Triples",
      "text": "N-Triples Grammar",
      "url": "https://w3c.github.io/rdf-n-triples/spec/#n-triples-grammar"
    },
    "snapshot": {
      "number": "5",
      "spec": "RDF 1.2 N-Triples",
      "text": "N-Triples Grammar",
      "url": "https://www.w3.org/TR/rdf12-n-triples/#n-triples-grammar"
    }
  },
  "#n-triples-mediatype": {
    "current": {
      "number": "4.1",
      "spec": "RDF 1.2 N-Triples",
      "text": "Media Type and Content Encoding",
      "url": "https://w3c.github.io/rdf-n-triples/spec/#n-triples-mediatype"
    },
    "snapshot": {
      "number": "4.1",
      "spec": "RDF 1.2 N-Triples",
      "text": "Media Type and Content Encoding",
      "url": "https://www.w3.org/TR/rdf12-n-triples/#n-triples-mediatype"
    }
  },
  "#normative-references": {
    "current": {
      "number": "H.1",
      "spec": "RDF 1.2 N-Triples",
      "text": "Normative references",
      "url": "https://w3c.github.io/rdf-n-triples/spec/#normative-references"
    },
    "snapshot": {
      "number": "H.1",
      "spec": "RDF 1.2 N-Triples",
      "text": "Normative references",
      "url": "https://www.w3.org/TR/rdf12-n-triples/#normative-references"
    }
  },
  "#privacy-considerations": {
    "current": {
      "number": "A",
      "spec": "RDF 1.2 N-Triples",
      "text": "Privacy Considerations",
      "url": "https://w3c.github.io/rdf-n-triples/spec/#privacy-considerations"
    },
    "snapshot": {
      "number": "A",
      "spec": "RDF 1.2 N-Triples",
      "text": "Privacy Considerations",
      "url": "https://www.w3.org/TR/rdf12-n-triples/#privacy-considerations"
    }
  },
  "#quoted-triples": {
    "current": {
      "number": "2.2",
      "spec": "RDF 1.2 N-Triples",
      "text": "Quoted Triples",
      "url": "https://w3c.github.io/rdf-n-triples/spec/#quoted-triples"
    },
    "snapshot": {
      "number": "2.2",
      "spec": "RDF 1.2 N-Triples",
      "text": "Quoted Triples",
      "url": "https://www.w3.org/TR/rdf12-n-triples/#quoted-triples"
    }
  },
  "#rdf-triple-construction": {
    "current": {
      "number": "6.2",
      "spec": "RDF 1.2 N-Triples",
      "text": "RDF Triple Construction",
      "url": "https://w3c.github.io/rdf-n-triples/spec/#rdf-triple-construction"
    },
    "snapshot": {
      "number": "6.2",
      "spec": "RDF 1.2 N-Triples",
      "text": "RDF Triple Construction",
      "url": "https://www.w3.org/TR/rdf12-n-triples/#rdf-triple-construction"
    }
  },
  "#references": {
    "current": {
      "number": "H",
      "spec": "RDF 1.2 N-Triples",
      "text": "References",
      "url": "https://w3c.github.io/rdf-n-triples/spec/#references"
    },
    "snapshot": {
      "number": "H",
      "spec": "RDF 1.2 N-Triples",
      "text": "References",
      "url": "https://www.w3.org/TR/rdf12-n-triples/#references"
    }
  },
  "#related": {
    "current": {
      "number": "",
      "spec": "RDF 1.2 N-Triples",
      "text": "Set of Documents",
      "url": "https://w3c.github.io/rdf-n-triples/spec/#related"
    },
    "snapshot": {
      "number": "",
      "spec": "RDF 1.2 N-Triples",
      "text": "Set of Documents",
      "url": "https://www.w3.org/TR/rdf12-n-triples/#related"
    }
  },
  "#sec-grammar-comments": {
    "current": {
      "number": "5.2",
      "spec": "RDF 1.2 N-Triples",
      "text": "Comments",
      "url": "https://w3c.github.io/rdf-n-triples/spec/#sec-grammar-comments"
    },
    "snapshot": {
      "number": "5.2",
      "spec": "RDF 1.2 N-Triples",
      "text": "Comments",
      "url": "https://www.w3.org/TR/rdf12-n-triples/#sec-grammar-comments"
    }
  },
  "#sec-grammar-grammar": {
    "current": {
      "number": "5.3",
      "spec": "RDF 1.2 N-Triples",
      "text": "Grammar",
      "url": "https://w3c.github.io/rdf-n-triples/spec/#sec-grammar-grammar"
    },
    "snapshot": {
      "number": "5.3",
      "spec": "RDF 1.2 N-Triples",
      "text": "Grammar",
      "url": "https://www.w3.org/TR/rdf12-n-triples/#sec-grammar-grammar"
    }
  },
  "#sec-grammar-ws": {
    "current": {
      "number": "5.1",
      "spec": "RDF 1.2 N-Triples",
      "text": "White Space",
      "url": "https://w3c.github.io/rdf-n-triples/spec/#sec-grammar-ws"
    },
    "snapshot": {
      "number": "5.1",
      "spec": "RDF 1.2 N-Triples",
      "text": "White Space",
      "url": "https://www.w3.org/TR/rdf12-n-triples/#sec-grammar-ws"
    }
  },
  "#sec-intro": {
    "current": {
      "number": "1",
      "spec": "RDF 1.2 N-Triples",
      "text": "Introduction",
      "url": "https://w3c.github.io/rdf-n-triples/spec/#sec-intro"
    },
    "snapshot": {
      "number": "1",
      "spec": "RDF 1.2 N-Triples",
      "text": "Introduction",
      "url": "https://www.w3.org/TR/rdf12-n-triples/#sec-intro"
    }
  },
  "#sec-iri": {
    "current": {
      "number": "2.3",
      "spec": "RDF 1.2 N-Triples",
      "text": "IRIs",
      "url": "https://w3c.github.io/rdf-n-triples/spec/#sec-iri"
    },
    "snapshot": {
      "number": "2.3",
      "spec": "RDF 1.2 N-Triples",
      "text": "IRIs",
      "url": "https://www.w3.org/TR/rdf12-n-triples/#sec-iri"
    }
  },
  "#sec-literals": {
    "current": {
      "number": "2.4",
      "spec": "RDF 1.2 N-Triples",
      "text": "RDF Literals",
      "url": "https://w3c.github.io/rdf-n-triples/spec/#sec-literals"
    },
    "snapshot": {
      "number": "2.4",
      "spec": "RDF 1.2 N-Triples",
      "text": "RDF Literals",
      "url": "https://www.w3.org/TR/rdf12-n-triples/#sec-literals"
    }
  },
  "#sec-mediaReg-n-triples": {
    "current": {
      "number": "C",
      "spec": "RDF 1.2 N-Triples",
      "text": "N-Triples Internet Media Type, File Extension and Macintosh File Type",
      "url": "https://w3c.github.io/rdf-n-triples/spec/#sec-mediaReg-n-triples"
    },
    "snapshot": {
      "number": "C",
      "spec": "RDF 1.2 N-Triples",
      "text": "N-Triples Internet Media Type, File Extension and Macintosh File Type",
      "url": "https://www.w3.org/TR/rdf12-n-triples/#sec-mediaReg-n-triples"
    }
  },
  "#sec-n-triples-language": {
    "current": {
      "number": "2",
      "spec": "RDF 1.2 N-Triples",
      "text": "N-Triples Language",
      "url": "https://w3c.github.io/rdf-n-triples/spec/#sec-n-triples-language"
    },
    "snapshot": {
      "number": "2",
      "spec": "RDF 1.2 N-Triples",
      "text": "N-Triples Language",
      "url": "https://www.w3.org/TR/rdf12-n-triples/#sec-n-triples-language"
    }
  },
  "#sec-other-media-types": {
    "current": {
      "number": "4.1.1",
      "spec": "RDF 1.2 N-Triples",
      "text": "Other Media Types",
      "url": "https://w3c.github.io/rdf-n-triples/spec/#sec-other-media-types"
    },
    "snapshot": {
      "number": "4.1.1",
      "spec": "RDF 1.2 N-Triples",
      "text": "Other Media Types",
      "url": "https://www.w3.org/TR/rdf12-n-triples/#sec-other-media-types"
    }
  },
  "#sec-parsing": {
    "current": {
      "number": "6",
      "spec": "RDF 1.2 N-Triples",
      "text": "Parsing",
      "url": "https://w3c.github.io/rdf-n-triples/spec/#sec-parsing"
    },
    "snapshot": {
      "number": "6",
      "spec": "RDF 1.2 N-Triples",
      "text": "Parsing",
      "url": "https://www.w3.org/TR/rdf12-n-triples/#sec-parsing"
    }
  },
  "#sec-parsing-terms": {
    "current": {
      "number": "6.1",
      "spec": "RDF 1.2 N-Triples",
      "text": "RDF Term Constructors",
      "url": "https://w3c.github.io/rdf-n-triples/spec/#sec-parsing-terms"
    },
    "snapshot": {
      "number": "6.1",
      "spec": "RDF 1.2 N-Triples",
      "text": "RDF Term Constructors",
      "url": "https://www.w3.org/TR/rdf12-n-triples/#sec-parsing-terms"
    }
  },
  "#section-ack": {
    "current": {
      "number": "D",
      "spec": "RDF 1.2 N-Triples",
      "text": "Acknowledgments",
      "url": "https://w3c.github.io/rdf-n-triples/spec/#section-ack"
    },
    "snapshot": {
      "number": "D",
      "spec": "RDF 1.2 N-Triples",
      "text": "Acknowledgments",
      "url": "https://www.w3.org/TR/rdf12-n-triples/#section-ack"
    }
  },
  "#security": {
    "current": {
      "number": "B",
      "spec": "RDF 1.2 N-Triples",
      "text": "Security Considerations",
      "url": "https://w3c.github.io/rdf-n-triples/spec/#security"
    },
    "snapshot": {
      "number": "B",
      "spec": "RDF 1.2 N-Triples",
      "text": "Security Considerations",
      "url": "https://www.w3.org/TR/rdf12-n-triples/#security"
    }
  },
  "#selected-terminal-literal-strings": {
    "current": {
      "number": "5.4",
      "spec": "RDF 1.2 N-Triples",
      "text": "Selected Terminal Literal Strings",
      "url": "https://w3c.github.io/rdf-n-triples/spec/#selected-terminal-literal-strings"
    },
    "snapshot": {
      "number": "5.4",
      "spec": "RDF 1.2 N-Triples",
      "text": "Selected Terminal Literal Strings",
      "url": "https://www.w3.org/TR/rdf12-n-triples/#selected-terminal-literal-strings"
    }
  },
  "#simple-triples": {
    "current": {
      "number": "2.1",
      "spec": "RDF 1.2 N-Triples",
      "text": "Simple Triples",
      "url": "https://w3c.github.io/rdf-n-triples/spec/#simple-triples"
    },
    "snapshot": {
      "number": "2.1",
      "spec": "RDF 1.2 N-Triples",
      "text": "Simple Triples",
      "url": "https://www.w3.org/TR/rdf12-n-triples/#simple-triples"
    }
  },
  "#subtitle": {
    "current": {
      "number": "",
      "spec": "RDF 1.2 N-Triples",
      "text": "A line-based syntax for an RDF graph",
      "url": "https://w3c.github.io/rdf-n-triples/spec/#subtitle"
    },
    "snapshot": {
      "number": "",
      "spec": "RDF 1.2 N-Triples",
      "text": "A line-based syntax for an RDF graph",
      "url": "https://www.w3.org/TR/rdf12-n-triples/#subtitle"
    }
  },
  "#terminals": {
    "current": {
      "number": "",
      "spec": "RDF 1.2 N-Triples",
      "text": "Productions for terminals",
      "url": "https://w3c.github.io/rdf-n-triples/spec/#terminals"
    },
    "snapshot": {
      "number": "",
      "spec": "RDF 1.2 N-Triples",
      "text": "Productions for terminals",
      "url": "https://www.w3.org/TR/rdf12-n-triples/#terminals"
    }
  },
  "#title": {
    "current": {
      "number": "",
      "spec": "RDF 1.2 N-Triples",
      "text": "RDF 1.2 N-Triples",
      "url": "https://w3c.github.io/rdf-n-triples/spec/#title"
    },
    "snapshot": {
      "number": "",
      "spec": "RDF 1.2 N-Triples",
      "text": "RDF 1.2 N-Triples",
      "url": "https://www.w3.org/TR/rdf12-n-triples/#title"
    }
  },
  "#toc": {
    "current": {
      "number": "",
      "spec": "RDF 1.2 N-Triples",
      "text": "Table of Contents",
      "url": "https://w3c.github.io/rdf-n-triples/spec/#toc"
    },
    "snapshot": {
      "number": "",
      "spec": "RDF 1.2 N-Triples",
      "text": "Table of Contents",
      "url": "https://www.w3.org/TR/rdf12-n-triples/#toc"
    }
  }
}