{
  "#abstract": {
    "current": {
      "number": "",
      "spec": "Requesting Permissions",
      "text": "Abstract",
      "url": "https://wicg.github.io/permissions-request/#abstract"
    }
  },
  "#api": {
    "current": {
      "number": "2",
      "spec": "Requesting Permissions",
      "text": "Request API",
      "url": "https://wicg.github.io/permissions-request/#api"
    }
  },
  "#default-request-algorithm": {
    "current": {
      "number": "3.1",
      "spec": "Requesting Permissions",
      "text": "Default request algorithm",
      "url": "https://wicg.github.io/permissions-request/#default-request-algorithm"
    }
  },
  "#idl-index": {
    "current": {
      "number": "",
      "spec": "Requesting Permissions",
      "text": "IDL Index",
      "url": "https://wicg.github.io/permissions-request/#idl-index"
    }
  },
  "#index": {
    "current": {
      "number": "",
      "spec": "Requesting Permissions",
      "text": "Index",
      "url": "https://wicg.github.io/permissions-request/#index"
    }
  },
  "#index-defined-elsewhere": {
    "current": {
      "number": "",
      "spec": "Requesting Permissions",
      "text": "Terms defined by reference",
      "url": "https://wicg.github.io/permissions-request/#index-defined-elsewhere"
    }
  },
  "#index-defined-here": {
    "current": {
      "number": "",
      "spec": "Requesting Permissions",
      "text": "Terms defined by this specification",
      "url": "https://wicg.github.io/permissions-request/#index-defined-here"
    }
  },
  "#informative": {
    "current": {
      "number": "",
      "spec": "Requesting Permissions",
      "text": "Informative References",
      "url": "https://wicg.github.io/permissions-request/#informative"
    }
  },
  "#intro": {
    "current": {
      "number": "1",
      "spec": "Requesting Permissions",
      "text": "Introduction",
      "url": "https://wicg.github.io/permissions-request/#intro"
    }
  },
  "#issues-index": {
    "current": {
      "number": "",
      "spec": "Requesting Permissions",
      "text": "Issues Index",
      "url": "https://wicg.github.io/permissions-request/#issues-index"
    }
  },
  "#normative": {
    "current": {
      "number": "",
      "spec": "Requesting Permissions",
      "text": "Normative References",
      "url": "https://wicg.github.io/permissions-request/#normative"
    }
  },
  "#privacy": {
    "current": {
      "number": "5",
      "spec": "Requesting Permissions",
      "text": "Privacy Considerations",
      "url": "https://wicg.github.io/permissions-request/#privacy"
    }
  },
  "#references": {
    "current": {
      "number": "",
      "spec": "Requesting Permissions",
      "text": "References",
      "url": "https://wicg.github.io/permissions-request/#references"
    }
  },
  "#registry-additions": {
    "current": {
      "number": "3",
      "spec": "Requesting Permissions",
      "text": "Additional fields in the Permission Registry",
      "url": "https://wicg.github.io/permissions-request/#registry-additions"
    }
  },
  "#security": {
    "current": {
      "number": "4",
      "spec": "Requesting Permissions",
      "text": "Security Considerations",
      "url": "https://wicg.github.io/permissions-request/#security"
    }
  },
  "#status": {
    "current": {
      "number": "",
      "spec": "Requesting Permissions",
      "text": "Status of this document",
      "url": "https://wicg.github.io/permissions-request/#status"
    }
  },
  "#title": {
    "current": {
      "number": "",
      "spec": "Requesting Permissions",
      "text": "Requesting Permissions",
      "url": "https://wicg.github.io/permissions-request/#title"
    }
  },
  "#toc": {
    "current": {
      "number": "",
      "spec": "Requesting Permissions",
      "text": "Table of Contents",
      "url": "https://wicg.github.io/permissions-request/#toc"
    }
  },
  "#w3c-conformance": {
    "current": {
      "number": "",
      "spec": "Requesting Permissions",
      "text": "Conformance",
      "url": "https://wicg.github.io/permissions-request/#w3c-conformance"
    }
  },
  "#w3c-conformant-algorithms": {
    "current": {
      "number": "",
      "spec": "Requesting Permissions",
      "text": "Conformant Algorithms",
      "url": "https://wicg.github.io/permissions-request/#w3c-conformant-algorithms"
    }
  },
  "#w3c-conventions": {
    "current": {
      "number": "",
      "spec": "Requesting Permissions",
      "text": "Document conventions",
      "url": "https://wicg.github.io/permissions-request/#w3c-conventions"
    }
  }
}