{
  "#abstract": {
    "current": {
      "number": "",
      "spec": "MIME Sniffing",
      "text": "Abstract",
      "url": "https://mimesniff.spec.whatwg.org/#abstract"
    }
  },
  "#acknowledgements": {
    "current": {
      "number": "",
      "spec": "MIME Sniffing",
      "text": "Acknowledgments",
      "url": "https://mimesniff.spec.whatwg.org/#acknowledgements"
    }
  },
  "#conformance-requirements": {
    "current": {
      "number": "2",
      "spec": "MIME Sniffing",
      "text": "Conformance requirements",
      "url": "https://mimesniff.spec.whatwg.org/#conformance-requirements"
    }
  },
  "#context-specific-sniffing": {
    "current": {
      "number": "8",
      "spec": "MIME Sniffing",
      "text": "Context-specific sniffing",
      "url": "https://mimesniff.spec.whatwg.org/#context-specific-sniffing"
    }
  },
  "#determining-the-computed-mime-type-of-a-resource": {
    "current": {
      "number": "7",
      "spec": "MIME Sniffing",
      "text": "Determining the computed MIME type of a resource",
      "url": "https://mimesniff.spec.whatwg.org/#determining-the-computed-mime-type-of-a-resource"
    }
  },
  "#handling-a-resource": {
    "current": {
      "number": "5",
      "spec": "MIME Sniffing",
      "text": "Handling a resource",
      "url": "https://mimesniff.spec.whatwg.org/#handling-a-resource"
    }
  },
  "#identifying-a-resource-with-an-unknown-mime-type": {
    "current": {
      "number": "7.1",
      "spec": "MIME Sniffing",
      "text": "Identifying a resource with an unknown MIME type",
      "url": "https://mimesniff.spec.whatwg.org/#identifying-a-resource-with-an-unknown-mime-type"
    }
  },
  "#index": {
    "current": {
      "number": "",
      "spec": "MIME Sniffing",
      "text": "Index",
      "url": "https://mimesniff.spec.whatwg.org/#index"
    }
  },
  "#index-defined-elsewhere": {
    "current": {
      "number": "",
      "spec": "MIME Sniffing",
      "text": "Terms defined by reference",
      "url": "https://mimesniff.spec.whatwg.org/#index-defined-elsewhere"
    }
  },
  "#index-defined-here": {
    "current": {
      "number": "",
      "spec": "MIME Sniffing",
      "text": "Terms defined by this specification",
      "url": "https://mimesniff.spec.whatwg.org/#index-defined-here"
    }
  },
  "#informative": {
    "current": {
      "number": "",
      "spec": "MIME Sniffing",
      "text": "Informative References",
      "url": "https://mimesniff.spec.whatwg.org/#informative"
    }
  },
  "#interpreting-the-resource-metadata": {
    "current": {
      "number": "5.1",
      "spec": "MIME Sniffing",
      "text": "Interpreting the resource metadata",
      "url": "https://mimesniff.spec.whatwg.org/#interpreting-the-resource-metadata"
    }
  },
  "#introduction": {
    "current": {
      "number": "1",
      "spec": "MIME Sniffing",
      "text": "Introduction",
      "url": "https://mimesniff.spec.whatwg.org/#introduction"
    }
  },
  "#ipr": {
    "current": {
      "number": "",
      "spec": "MIME Sniffing",
      "text": "Intellectual property rights",
      "url": "https://mimesniff.spec.whatwg.org/#ipr"
    }
  },
  "#matching-a-font-type-pattern": {
    "current": {
      "number": "6.3",
      "spec": "MIME Sniffing",
      "text": "Matching a font type pattern",
      "url": "https://mimesniff.spec.whatwg.org/#matching-a-font-type-pattern"
    }
  },
  "#matching-a-mime-type-pattern": {
    "current": {
      "number": "6",
      "spec": "MIME Sniffing",
      "text": "Matching a MIME type pattern",
      "url": "https://mimesniff.spec.whatwg.org/#matching-a-mime-type-pattern"
    }
  },
  "#matching-an-archive-type-pattern": {
    "current": {
      "number": "6.4",
      "spec": "MIME Sniffing",
      "text": "Matching an archive type pattern",
      "url": "https://mimesniff.spec.whatwg.org/#matching-an-archive-type-pattern"
    }
  },
  "#matching-an-audio-or-video-type-pattern": {
    "current": {
      "number": "6.2",
      "spec": "MIME Sniffing",
      "text": "Matching an audio or video type pattern",
      "url": "https://mimesniff.spec.whatwg.org/#matching-an-audio-or-video-type-pattern"
    }
  },
  "#matching-an-image-type-pattern": {
    "current": {
      "number": "6.1",
      "spec": "MIME Sniffing",
      "text": "Matching an image type pattern",
      "url": "https://mimesniff.spec.whatwg.org/#matching-an-image-type-pattern"
    }
  },
  "#mime-type-groups": {
    "current": {
      "number": "4.6",
      "spec": "MIME Sniffing",
      "text": "MIME type groups",
      "url": "https://mimesniff.spec.whatwg.org/#mime-type-groups"
    }
  },
  "#mime-type-miscellaneous": {
    "current": {
      "number": "4.2",
      "spec": "MIME Sniffing",
      "text": "MIME type miscellaneous",
      "url": "https://mimesniff.spec.whatwg.org/#mime-type-miscellaneous"
    }
  },
  "#mime-type-representation": {
    "current": {
      "number": "4.1",
      "spec": "MIME Sniffing",
      "text": "MIME type representation",
      "url": "https://mimesniff.spec.whatwg.org/#mime-type-representation"
    }
  },
  "#mime-type-writing": {
    "current": {
      "number": "4.3",
      "spec": "MIME Sniffing",
      "text": "MIME type writing",
      "url": "https://mimesniff.spec.whatwg.org/#mime-type-writing"
    }
  },
  "#normative": {
    "current": {
      "number": "",
      "spec": "MIME Sniffing",
      "text": "Normative References",
      "url": "https://mimesniff.spec.whatwg.org/#normative"
    }
  },
  "#parsing-a-mime-type": {
    "current": {
      "number": "4.4",
      "spec": "MIME Sniffing",
      "text": "Parsing a MIME type",
      "url": "https://mimesniff.spec.whatwg.org/#parsing-a-mime-type"
    }
  },
  "#reading-the-resource-header": {
    "current": {
      "number": "5.2",
      "spec": "MIME Sniffing",
      "text": "Reading the resource header",
      "url": "https://mimesniff.spec.whatwg.org/#reading-the-resource-header"
    }
  },
  "#references": {
    "current": {
      "number": "",
      "spec": "MIME Sniffing",
      "text": "References",
      "url": "https://mimesniff.spec.whatwg.org/#references"
    }
  },
  "#serializing-a-mime-type": {
    "current": {
      "number": "4.5",
      "spec": "MIME Sniffing",
      "text": "Serializing a MIME type",
      "url": "https://mimesniff.spec.whatwg.org/#serializing-a-mime-type"
    }
  },
  "#signature-for-mp3-without-id3": {
    "current": {
      "number": "6.2.3",
      "spec": "MIME Sniffing",
      "text": "Signature for MP3 without ID3",
      "url": "https://mimesniff.spec.whatwg.org/#signature-for-mp3-without-id3"
    }
  },
  "#signature-for-mp4": {
    "current": {
      "number": "6.2.1",
      "spec": "MIME Sniffing",
      "text": "Signature for MP4",
      "url": "https://mimesniff.spec.whatwg.org/#signature-for-mp4"
    }
  },
  "#signature-for-webm": {
    "current": {
      "number": "6.2.2",
      "spec": "MIME Sniffing",
      "text": "Signature for WebM",
      "url": "https://mimesniff.spec.whatwg.org/#signature-for-webm"
    }
  },
  "#sniffing-a-mislabeled-binary-resource": {
    "current": {
      "number": "7.2",
      "spec": "MIME Sniffing",
      "text": "Sniffing a mislabeled binary resource",
      "url": "https://mimesniff.spec.whatwg.org/#sniffing-a-mislabeled-binary-resource"
    }
  },
  "#sniffing-a-mislabeled-feed": {
    "current": {
      "number": "7.3",
      "spec": "MIME Sniffing",
      "text": "Sniffing a mislabeled feed",
      "url": "https://mimesniff.spec.whatwg.org/#sniffing-a-mislabeled-feed"
    }
  },
  "#sniffing-in-a-browsing-context": {
    "current": {
      "number": "8.1",
      "spec": "MIME Sniffing",
      "text": "Sniffing in a browsing context",
      "url": "https://mimesniff.spec.whatwg.org/#sniffing-in-a-browsing-context"
    }
  },
  "#sniffing-in-a-cache-manifest-context": {
    "current": {
      "number": "8.9",
      "spec": "MIME Sniffing",
      "text": "Sniffing in a cache manifest context",
      "url": "https://mimesniff.spec.whatwg.org/#sniffing-in-a-cache-manifest-context"
    }
  },
  "#sniffing-in-a-font-context": {
    "current": {
      "number": "8.7",
      "spec": "MIME Sniffing",
      "text": "Sniffing in a font context",
      "url": "https://mimesniff.spec.whatwg.org/#sniffing-in-a-font-context"
    }
  },
  "#sniffing-in-a-plugin-context": {
    "current": {
      "number": "8.4",
      "spec": "MIME Sniffing",
      "text": "Sniffing in a plugin context",
      "url": "https://mimesniff.spec.whatwg.org/#sniffing-in-a-plugin-context"
    }
  },
  "#sniffing-in-a-script-context": {
    "current": {
      "number": "8.6",
      "spec": "MIME Sniffing",
      "text": "Sniffing in a script context",
      "url": "https://mimesniff.spec.whatwg.org/#sniffing-in-a-script-context"
    }
  },
  "#sniffing-in-a-style-context": {
    "current": {
      "number": "8.5",
      "spec": "MIME Sniffing",
      "text": "Sniffing in a style context",
      "url": "https://mimesniff.spec.whatwg.org/#sniffing-in-a-style-context"
    }
  },
  "#sniffing-in-a-text-track-context": {
    "current": {
      "number": "8.8",
      "spec": "MIME Sniffing",
      "text": "Sniffing in a text track context",
      "url": "https://mimesniff.spec.whatwg.org/#sniffing-in-a-text-track-context"
    }
  },
  "#sniffing-in-an-audio-or-video-context": {
    "current": {
      "number": "8.3",
      "spec": "MIME Sniffing",
      "text": "Sniffing in an audio or video context",
      "url": "https://mimesniff.spec.whatwg.org/#sniffing-in-an-audio-or-video-context"
    }
  },
  "#sniffing-in-an-image-context": {
    "current": {
      "number": "8.2",
      "spec": "MIME Sniffing",
      "text": "Sniffing in an image context",
      "url": "https://mimesniff.spec.whatwg.org/#sniffing-in-an-image-context"
    }
  },
  "#terminology": {
    "current": {
      "number": "3",
      "spec": "MIME Sniffing",
      "text": "Terminology",
      "url": "https://mimesniff.spec.whatwg.org/#terminology"
    }
  },
  "#title": {
    "current": {
      "number": "",
      "spec": "MIME Sniffing",
      "text": "MIME Sniffing",
      "url": "https://mimesniff.spec.whatwg.org/#title"
    }
  },
  "#toc": {
    "current": {
      "number": "",
      "spec": "MIME Sniffing",
      "text": "Table of Contents",
      "url": "https://mimesniff.spec.whatwg.org/#toc"
    }
  },
  "#understanding-mime-types": {
    "current": {
      "number": "4",
      "spec": "MIME Sniffing",
      "text": "MIME types",
      "url": "https://mimesniff.spec.whatwg.org/#understanding-mime-types"
    }
  }
}