{
  "#abstract": {
    "current": {
      "number": "",
      "spec": "Compression Streams",
      "text": "Abstract",
      "url": "https://wicg.github.io/compression/#abstract"
    }
  },
  "#acknowledgments": {
    "current": {
      "number": "9",
      "spec": "Compression Streams",
      "text": "Acknowledgments",
      "url": "https://wicg.github.io/compression/#acknowledgments"
    }
  },
  "#compression-stream": {
    "current": {
      "number": "5",
      "spec": "Compression Streams",
      "text": "Interface CompressionStream",
      "url": "https://wicg.github.io/compression/#compression-stream"
    }
  },
  "#conformance": {
    "current": {
      "number": "2",
      "spec": "Compression Streams",
      "text": "Conformance",
      "url": "https://wicg.github.io/compression/#conformance"
    }
  },
  "#decompression-stream": {
    "current": {
      "number": "6",
      "spec": "Compression Streams",
      "text": "Interface DecompressionStream",
      "url": "https://wicg.github.io/compression/#decompression-stream"
    }
  },
  "#example-deflate-compress": {
    "current": {
      "number": "8.2",
      "spec": "Compression Streams",
      "text": "Deflate-compress an ArrayBuffer to a Uint8Array",
      "url": "https://wicg.github.io/compression/#example-deflate-compress"
    }
  },
  "#example-gzip-compress-stream": {
    "current": {
      "number": "8.1",
      "spec": "Compression Streams",
      "text": "Gzip-compress a stream",
      "url": "https://wicg.github.io/compression/#example-gzip-compress-stream"
    }
  },
  "#example-gzip-decompress": {
    "current": {
      "number": "8.3",
      "spec": "Compression Streams",
      "text": "Gzip-decompress a Blob to Blob",
      "url": "https://wicg.github.io/compression/#example-gzip-decompress"
    }
  },
  "#examples": {
    "current": {
      "number": "8",
      "spec": "Compression Streams",
      "text": "Examples",
      "url": "https://wicg.github.io/compression/#examples"
    }
  },
  "#idl-index": {
    "current": {
      "number": "",
      "spec": "Compression Streams",
      "text": "IDL Index",
      "url": "https://wicg.github.io/compression/#idl-index"
    }
  },
  "#index": {
    "current": {
      "number": "",
      "spec": "Compression Streams",
      "text": "Index",
      "url": "https://wicg.github.io/compression/#index"
    }
  },
  "#index-defined-elsewhere": {
    "current": {
      "number": "",
      "spec": "Compression Streams",
      "text": "Terms defined by reference",
      "url": "https://wicg.github.io/compression/#index-defined-elsewhere"
    }
  },
  "#index-defined-here": {
    "current": {
      "number": "",
      "spec": "Compression Streams",
      "text": "Terms defined by this specification",
      "url": "https://wicg.github.io/compression/#index-defined-here"
    }
  },
  "#informative": {
    "current": {
      "number": "",
      "spec": "Compression Streams",
      "text": "Informative References",
      "url": "https://wicg.github.io/compression/#informative"
    }
  },
  "#introduction": {
    "current": {
      "number": "1",
      "spec": "Compression Streams",
      "text": "Introduction",
      "url": "https://wicg.github.io/compression/#introduction"
    }
  },
  "#normative": {
    "current": {
      "number": "",
      "spec": "Compression Streams",
      "text": "Normative References",
      "url": "https://wicg.github.io/compression/#normative"
    }
  },
  "#privacy-security": {
    "current": {
      "number": "7",
      "spec": "Compression Streams",
      "text": "Privacy and Security Considerations",
      "url": "https://wicg.github.io/compression/#privacy-security"
    }
  },
  "#references": {
    "current": {
      "number": "",
      "spec": "Compression Streams",
      "text": "References",
      "url": "https://wicg.github.io/compression/#references"
    }
  },
  "#status": {
    "current": {
      "number": "",
      "spec": "Compression Streams",
      "text": "Status of this document",
      "url": "https://wicg.github.io/compression/#status"
    }
  },
  "#supported-formats": {
    "current": {
      "number": "4",
      "spec": "Compression Streams",
      "text": "Supported formats",
      "url": "https://wicg.github.io/compression/#supported-formats"
    }
  },
  "#terminology": {
    "current": {
      "number": "3",
      "spec": "Compression Streams",
      "text": "Terminology",
      "url": "https://wicg.github.io/compression/#terminology"
    }
  },
  "#title": {
    "current": {
      "number": "",
      "spec": "Compression Streams",
      "text": "Compression Streams",
      "url": "https://wicg.github.io/compression/#title"
    }
  },
  "#toc": {
    "current": {
      "number": "",
      "spec": "Compression Streams",
      "text": "Table of Contents",
      "url": "https://wicg.github.io/compression/#toc"
    }
  }
}