{
  "#active-user-consent": {
    "current": {
      "number": "9.2.1",
      "spec": "Screen Capture",
      "text": "Active User Consent",
      "url": "https://w3c.github.io/mediacapture-screen-share/#active-user-consent"
    },
    "snapshot": {
      "number": "9.2.1",
      "spec": "Screen Capture",
      "text": "Active User Consent",
      "url": "https://www.w3.org/TR/screen-capture/#active-user-consent"
    }
  },
  "#authorizing-display-capture": {
    "current": {
      "number": "9.2",
      "spec": "Screen Capture",
      "text": "Authorizing Display Capture",
      "url": "https://w3c.github.io/mediacapture-screen-share/#authorizing-display-capture"
    },
    "snapshot": {
      "number": "9.2",
      "spec": "Screen Capture",
      "text": "Authorizing Display Capture",
      "url": "https://www.w3.org/TR/screen-capture/#authorizing-display-capture"
    }
  },
  "#capabilities-depending-on-elevated-permissions": {
    "current": {
      "number": "9.2.3",
      "spec": "Screen Capture",
      "text": "Capabilities Depending on Elevated Permissions",
      "url": "https://w3c.github.io/mediacapture-screen-share/#capabilities-depending-on-elevated-permissions"
    },
    "snapshot": {
      "number": "9.2.3",
      "spec": "Screen Capture",
      "text": "Capabilities Depending on Elevated Permissions",
      "url": "https://www.w3.org/TR/screen-capture/#capabilities-depending-on-elevated-permissions"
    }
  },
  "#capturecontroller": {
    "current": {
      "number": "5.4.3",
      "spec": "Screen Capture",
      "text": "CaptureController",
      "url": "https://w3c.github.io/mediacapture-screen-share/#capturecontroller"
    },
    "snapshot": {
      "number": "5.4.3",
      "spec": "Screen Capture",
      "text": "CaptureController",
      "url": "https://www.w3.org/TR/screen-capture/#capturecontroller"
    }
  },
  "#capturestartfocusbehavior": {
    "current": {
      "number": "5.4.2",
      "spec": "Screen Capture",
      "text": "CaptureStartFocusBehavior",
      "url": "https://w3c.github.io/mediacapture-screen-share/#capturestartfocusbehavior"
    },
    "snapshot": {
      "number": "5.4.2",
      "spec": "Screen Capture",
      "text": "CaptureStartFocusBehavior",
      "url": "https://www.w3.org/TR/screen-capture/#capturestartfocusbehavior"
    }
  },
  "#capturing-audio": {
    "current": {
      "number": "9.1.1",
      "spec": "Screen Capture",
      "text": "Capturing Audio",
      "url": "https://w3c.github.io/mediacapture-screen-share/#capturing-audio"
    },
    "snapshot": {
      "number": "9.1.1",
      "spec": "Screen Capture",
      "text": "Capturing Audio",
      "url": "https://www.w3.org/TR/screen-capture/#capturing-audio"
    }
  },
  "#capturing-displayed-media": {
    "current": {
      "number": "5",
      "spec": "Screen Capture",
      "text": "Capturing Displayed Media",
      "url": "https://w3c.github.io/mediacapture-screen-share/#capturing-displayed-media"
    },
    "snapshot": {
      "number": "5",
      "spec": "Screen Capture",
      "text": "Capturing Displayed Media",
      "url": "https://www.w3.org/TR/screen-capture/#capturing-displayed-media"
    }
  },
  "#capturing-logical-or-visible-display-surfaces": {
    "current": {
      "number": "9.1",
      "spec": "Screen Capture",
      "text": "Capturing Logical or Visible Display Surfaces",
      "url": "https://w3c.github.io/mediacapture-screen-share/#capturing-logical-or-visible-display-surfaces"
    },
    "snapshot": {
      "number": "9.1",
      "spec": "Screen Capture",
      "text": "Capturing Logical or Visible Display Surfaces",
      "url": "https://www.w3.org/TR/screen-capture/#capturing-logical-or-visible-display-surfaces"
    }
  },
  "#closed-and-minimized-display-surfaces": {
    "current": {
      "number": "5.2",
      "spec": "Screen Capture",
      "text": "Closed and Minimized Display Surfaces",
      "url": "https://w3c.github.io/mediacapture-screen-share/#closed-and-minimized-display-surfaces"
    },
    "snapshot": {
      "number": "5.2",
      "spec": "Screen Capture",
      "text": "Closed and Minimized Display Surfaces",
      "url": "https://www.w3.org/TR/screen-capture/#closed-and-minimized-display-surfaces"
    }
  },
  "#conformance": {
    "current": {
      "number": "2",
      "spec": "Screen Capture",
      "text": "Conformance",
      "url": "https://w3c.github.io/mediacapture-screen-share/#conformance"
    },
    "snapshot": {
      "number": "2",
      "spec": "Screen Capture",
      "text": "Conformance",
      "url": "https://www.w3.org/TR/screen-capture/#conformance"
    }
  },
  "#constrainable-properties-for-captured-display-surfaces": {
    "current": {
      "number": "5.4",
      "spec": "Screen Capture",
      "text": "Constrainable Properties for Captured Display Surfaces",
      "url": "https://w3c.github.io/mediacapture-screen-share/#constrainable-properties-for-captured-display-surfaces"
    },
    "snapshot": {
      "number": "5.4",
      "spec": "Screen Capture",
      "text": "Constrainable Properties for Captured Display Surfaces",
      "url": "https://www.w3.org/TR/screen-capture/#constrainable-properties-for-captured-display-surfaces"
    }
  },
  "#cursorcaptureconstraint": {
    "current": {
      "number": "5.4.14",
      "spec": "Screen Capture",
      "text": "CursorCaptureConstraint",
      "url": "https://w3c.github.io/mediacapture-screen-share/#cursorcaptureconstraint"
    },
    "snapshot": {
      "number": "5.4.14",
      "spec": "Screen Capture",
      "text": "CursorCaptureConstraint",
      "url": "https://www.w3.org/TR/screen-capture/#cursorcaptureconstraint"
    }
  },
  "#device-identifiers": {
    "current": {
      "number": "5.5",
      "spec": "Screen Capture",
      "text": "Device Identifiers",
      "url": "https://w3c.github.io/mediacapture-screen-share/#device-identifiers"
    },
    "snapshot": {
      "number": "5.5",
      "spec": "Screen Capture",
      "text": "Device Identifiers",
      "url": "https://www.w3.org/TR/screen-capture/#device-identifiers"
    }
  },
  "#dictionary-displaymediastreamoptions-members": {
    "current": {
      "number": "",
      "spec": "Screen Capture",
      "text": "Dictionary DisplayMediaStreamOptions Members",
      "url": "https://w3c.github.io/mediacapture-screen-share/#dictionary-displaymediastreamoptions-members"
    },
    "snapshot": {
      "number": "",
      "spec": "Screen Capture",
      "text": "Dictionary DisplayMediaStreamOptions Members",
      "url": "https://www.w3.org/TR/screen-capture/#dictionary-displaymediastreamoptions-members"
    }
  },
  "#displaycapturesurfacetype": {
    "current": {
      "number": "5.4.13",
      "spec": "Screen Capture",
      "text": "DisplayCaptureSurfaceType",
      "url": "https://w3c.github.io/mediacapture-screen-share/#displaycapturesurfacetype"
    },
    "snapshot": {
      "number": "5.4.13",
      "spec": "Screen Capture",
      "text": "DisplayCaptureSurfaceType",
      "url": "https://www.w3.org/TR/screen-capture/#displaycapturesurfacetype"
    }
  },
  "#displaymediastreamoptions": {
    "current": {
      "number": "5.4.8",
      "spec": "Screen Capture",
      "text": "DisplayMediaStreamOptions",
      "url": "https://w3c.github.io/mediacapture-screen-share/#displaymediastreamoptions"
    },
    "snapshot": {
      "number": "5.4.8",
      "spec": "Screen Capture",
      "text": "DisplayMediaStreamOptions",
      "url": "https://www.w3.org/TR/screen-capture/#displaymediastreamoptions"
    }
  },
  "#downscaling-and-frame-decimation": {
    "current": {
      "number": "5.4.1",
      "spec": "Screen Capture",
      "text": "Downscaling and Frame Decimation",
      "url": "https://w3c.github.io/mediacapture-screen-share/#downscaling-and-frame-decimation"
    },
    "snapshot": {
      "number": "5.4.1",
      "spec": "Screen Capture",
      "text": "Downscaling and Frame Decimation",
      "url": "https://www.w3.org/TR/screen-capture/#downscaling-and-frame-decimation"
    }
  },
  "#elevated-permissions": {
    "current": {
      "number": "9.2.2",
      "spec": "Screen Capture",
      "text": "Elevated Permissions",
      "url": "https://w3c.github.io/mediacapture-screen-share/#elevated-permissions"
    },
    "snapshot": {
      "number": "9.2.2",
      "spec": "Screen Capture",
      "text": "Elevated Permissions",
      "url": "https://www.w3.org/TR/screen-capture/#elevated-permissions"
    }
  },
  "#example": {
    "current": {
      "number": "3",
      "spec": "Screen Capture",
      "text": "Example",
      "url": "https://w3c.github.io/mediacapture-screen-share/#example"
    },
    "snapshot": {
      "number": "3",
      "spec": "Screen Capture",
      "text": "Example",
      "url": "https://www.w3.org/TR/screen-capture/#example"
    }
  },
  "#extensions-to-mediatrackcapabilities": {
    "current": {
      "number": "5.4.12",
      "spec": "Screen Capture",
      "text": "Extensions to MediaTrackCapabilities",
      "url": "https://w3c.github.io/mediacapture-screen-share/#extensions-to-mediatrackcapabilities"
    },
    "snapshot": {
      "number": "5.4.12",
      "spec": "Screen Capture",
      "text": "Extensions to MediaTrackCapabilities",
      "url": "https://www.w3.org/TR/screen-capture/#extensions-to-mediatrackcapabilities"
    }
  },
  "#extensions-to-mediatrackconstraintset": {
    "current": {
      "number": "5.4.10",
      "spec": "Screen Capture",
      "text": "Extensions to MediaTrackConstraintSet",
      "url": "https://w3c.github.io/mediacapture-screen-share/#extensions-to-mediatrackconstraintset"
    },
    "snapshot": {
      "number": "5.4.10",
      "spec": "Screen Capture",
      "text": "Extensions to MediaTrackConstraintSet",
      "url": "https://www.w3.org/TR/screen-capture/#extensions-to-mediatrackconstraintset"
    }
  },
  "#extensions-to-mediatracksettings": {
    "current": {
      "number": "5.4.11",
      "spec": "Screen Capture",
      "text": "Extensions to MediaTrackSettings",
      "url": "https://w3c.github.io/mediacapture-screen-share/#extensions-to-mediatracksettings"
    },
    "snapshot": {
      "number": "5.4.11",
      "spec": "Screen Capture",
      "text": "Extensions to MediaTrackSettings",
      "url": "https://www.w3.org/TR/screen-capture/#extensions-to-mediatracksettings"
    }
  },
  "#extensions-to-mediatracksupportedconstraints": {
    "current": {
      "number": "5.4.9",
      "spec": "Screen Capture",
      "text": "Extensions to MediaTrackSupportedConstraints",
      "url": "https://w3c.github.io/mediacapture-screen-share/#extensions-to-mediatracksupportedconstraints"
    },
    "snapshot": {
      "number": "5.4.9",
      "spec": "Screen Capture",
      "text": "Extensions to MediaTrackSupportedConstraints",
      "url": "https://www.w3.org/TR/screen-capture/#extensions-to-mediatracksupportedconstraints"
    }
  },
  "#feedback-and-interface-during-capture": {
    "current": {
      "number": "9.3",
      "spec": "Screen Capture",
      "text": "Feedback and Interface During Capture",
      "url": "https://w3c.github.io/mediacapture-screen-share/#feedback-and-interface-during-capture"
    },
    "snapshot": {
      "number": "9.3",
      "spec": "Screen Capture",
      "text": "Feedback and Interface During Capture",
      "url": "https://www.w3.org/TR/screen-capture/#feedback-and-interface-during-capture"
    }
  },
  "#informative-references": {
    "current": {
      "number": "A.2",
      "spec": "Screen Capture",
      "text": "Informative references",
      "url": "https://w3c.github.io/mediacapture-screen-share/#informative-references"
    },
    "snapshot": {
      "number": "A.2",
      "spec": "Screen Capture",
      "text": "Informative references",
      "url": "https://www.w3.org/TR/screen-capture/#informative-references"
    }
  },
  "#intro": {
    "current": {
      "number": "1",
      "spec": "Screen Capture",
      "text": "Introduction",
      "url": "https://w3c.github.io/mediacapture-screen-share/#intro"
    },
    "snapshot": {
      "number": "1",
      "spec": "Screen Capture",
      "text": "Introduction",
      "url": "https://www.w3.org/TR/screen-capture/#intro"
    }
  },
  "#mediadevices-additions": {
    "current": {
      "number": "5.1",
      "spec": "Screen Capture",
      "text": "MediaDevices Additions",
      "url": "https://w3c.github.io/mediacapture-screen-share/#mediadevices-additions"
    },
    "snapshot": {
      "number": "5.1",
      "spec": "Screen Capture",
      "text": "MediaDevices Additions",
      "url": "https://www.w3.org/TR/screen-capture/#mediadevices-additions"
    }
  },
  "#monitortypesurfacesenum": {
    "current": {
      "number": "5.4.7",
      "spec": "Screen Capture",
      "text": "MonitorTypeSurfacesEnum",
      "url": "https://w3c.github.io/mediacapture-screen-share/#monitortypesurfacesenum"
    },
    "snapshot": {
      "number": "5.4.7",
      "spec": "Screen Capture",
      "text": "MonitorTypeSurfacesEnum",
      "url": "https://www.w3.org/TR/screen-capture/#monitortypesurfacesenum"
    }
  },
  "#normative-references": {
    "current": {
      "number": "A.1",
      "spec": "Screen Capture",
      "text": "Normative references",
      "url": "https://w3c.github.io/mediacapture-screen-share/#normative-references"
    },
    "snapshot": {
      "number": "A.1",
      "spec": "Screen Capture",
      "text": "Normative references",
      "url": "https://www.w3.org/TR/screen-capture/#normative-references"
    }
  },
  "#permissions-integration": {
    "current": {
      "number": "6",
      "spec": "Screen Capture",
      "text": "Permissions Integration",
      "url": "https://w3c.github.io/mediacapture-screen-share/#permissions-integration"
    },
    "snapshot": {
      "number": "6",
      "spec": "Screen Capture",
      "text": "Permissions Integration",
      "url": "https://www.w3.org/TR/screen-capture/#permissions-integration"
    }
  },
  "#permissions-policy-integration": {
    "current": {
      "number": "7",
      "spec": "Screen Capture",
      "text": "Permissions Policy Integration",
      "url": "https://w3c.github.io/mediacapture-screen-share/#permissions-policy-integration"
    },
    "snapshot": {
      "number": "7",
      "spec": "Screen Capture",
      "text": "Permissions Policy Integration",
      "url": "https://www.w3.org/TR/screen-capture/#permissions-policy-integration"
    }
  },
  "#privacy-indicator-requirements": {
    "current": {
      "number": "8",
      "spec": "Screen Capture",
      "text": "Privacy Indicator Requirements",
      "url": "https://w3c.github.io/mediacapture-screen-share/#privacy-indicator-requirements"
    },
    "snapshot": {
      "number": "8",
      "spec": "Screen Capture",
      "text": "Privacy Indicator Requirements",
      "url": "https://www.w3.org/TR/screen-capture/#privacy-indicator-requirements"
    }
  },
  "#references": {
    "current": {
      "number": "A",
      "spec": "Screen Capture",
      "text": "References",
      "url": "https://w3c.github.io/mediacapture-screen-share/#references"
    },
    "snapshot": {
      "number": "A",
      "spec": "Screen Capture",
      "text": "References",
      "url": "https://www.w3.org/TR/screen-capture/#references"
    }
  },
  "#security-and-permissions": {
    "current": {
      "number": "9",
      "spec": "Screen Capture",
      "text": "Security and Permissions",
      "url": "https://w3c.github.io/mediacapture-screen-share/#security-and-permissions"
    },
    "snapshot": {
      "number": "9",
      "spec": "Screen Capture",
      "text": "Security and Permissions",
      "url": "https://www.w3.org/TR/screen-capture/#security-and-permissions"
    }
  },
  "#selfcapturepreferenceenum": {
    "current": {
      "number": "5.4.4",
      "spec": "Screen Capture",
      "text": "SelfCapturePreferenceEnum",
      "url": "https://w3c.github.io/mediacapture-screen-share/#selfcapturepreferenceenum"
    },
    "snapshot": {
      "number": "5.4.4",
      "spec": "Screen Capture",
      "text": "SelfCapturePreferenceEnum",
      "url": "https://www.w3.org/TR/screen-capture/#selfcapturepreferenceenum"
    }
  },
  "#surfaceswitchingpreferenceenum": {
    "current": {
      "number": "5.4.6",
      "spec": "Screen Capture",
      "text": "SurfaceSwitchingPreferenceEnum",
      "url": "https://w3c.github.io/mediacapture-screen-share/#surfaceswitchingpreferenceenum"
    },
    "snapshot": {
      "number": "5.4.6",
      "spec": "Screen Capture",
      "text": "SurfaceSwitchingPreferenceEnum",
      "url": "https://www.w3.org/TR/screen-capture/#surfaceswitchingpreferenceenum"
    }
  },
  "#systemaudiopreferenceenum": {
    "current": {
      "number": "5.4.5",
      "spec": "Screen Capture",
      "text": "SystemAudioPreferenceEnum",
      "url": "https://w3c.github.io/mediacapture-screen-share/#systemaudiopreferenceenum"
    },
    "snapshot": {
      "number": "5.4.5",
      "spec": "Screen Capture",
      "text": "SystemAudioPreferenceEnum",
      "url": "https://www.w3.org/TR/screen-capture/#systemaudiopreferenceenum"
    }
  },
  "#terminology": {
    "current": {
      "number": "4",
      "spec": "Screen Capture",
      "text": "Terminology",
      "url": "https://w3c.github.io/mediacapture-screen-share/#terminology"
    },
    "snapshot": {
      "number": "4",
      "spec": "Screen Capture",
      "text": "Terminology",
      "url": "https://www.w3.org/TR/screen-capture/#terminology"
    }
  },
  "#title": {
    "current": {
      "number": "",
      "spec": "Screen Capture",
      "text": "Screen Capture",
      "url": "https://w3c.github.io/mediacapture-screen-share/#title"
    },
    "snapshot": {
      "number": "",
      "spec": "Screen Capture",
      "text": "Screen Capture",
      "url": "https://www.w3.org/TR/screen-capture/#title"
    }
  },
  "#toc": {
    "current": {
      "number": "",
      "spec": "Screen Capture",
      "text": "Table of Contents",
      "url": "https://w3c.github.io/mediacapture-screen-share/#toc"
    },
    "snapshot": {
      "number": "",
      "spec": "Screen Capture",
      "text": "Table of Contents",
      "url": "https://www.w3.org/TR/screen-capture/#toc"
    }
  },
  "#unconstrained-display-surface-selection": {
    "current": {
      "number": "5.3",
      "spec": "Screen Capture",
      "text": "Unconstrained Display Surface Selection",
      "url": "https://w3c.github.io/mediacapture-screen-share/#unconstrained-display-surface-selection"
    },
    "snapshot": {
      "number": "5.3",
      "spec": "Screen Capture",
      "text": "Unconstrained Display Surface Selection",
      "url": "https://www.w3.org/TR/screen-capture/#unconstrained-display-surface-selection"
    }
  }
}