{
  "#accessibility-considerations": {
    "current": {
      "number": "8.8",
      "spec": "ContentEditable",
      "text": "Accessibility Considerations",
      "url": "https://w3c.github.io/contentEditable/#accessibility-considerations"
    }
  },
  "#acknowledgements": {
    "current": {
      "number": "8.10",
      "spec": "ContentEditable",
      "text": "Acknowledgements",
      "url": "https://w3c.github.io/contentEditable/#acknowledgements"
    }
  },
  "#advanced-grammar-checking": {
    "current": {
      "number": "8.5",
      "spec": "ContentEditable",
      "text": "Advanced grammar checking",
      "url": "https://w3c.github.io/contentEditable/#advanced-grammar-checking"
    }
  },
  "#caret-drawing": {
    "current": {
      "number": "8.1",
      "spec": "ContentEditable",
      "text": "Caret drawing",
      "url": "https://w3c.github.io/contentEditable/#caret-drawing"
    }
  },
  "#caret-drawing-and-movement": {
    "current": {
      "number": "8",
      "spec": "ContentEditable",
      "text": "Caret drawing and movement",
      "url": "https://w3c.github.io/contentEditable/#caret-drawing-and-movement"
    }
  },
  "#caret-movement": {
    "current": {
      "number": "8.2.2",
      "spec": "ContentEditable",
      "text": "Caret movement",
      "url": "https://w3c.github.io/contentEditable/#caret-movement"
    }
  },
  "#caret-positions": {
    "current": {
      "number": "8.2",
      "spec": "ContentEditable",
      "text": "Caret positions",
      "url": "https://w3c.github.io/contentEditable/#caret-positions"
    }
  },
  "#conformance": {
    "current": {
      "number": "8.9",
      "spec": "ContentEditable",
      "text": "Conformance",
      "url": "https://w3c.github.io/contentEditable/#conformance"
    }
  },
  "#contenteditable": {
    "current": {
      "number": "4",
      "spec": "ContentEditable",
      "text": "contenteditable",
      "url": "https://w3c.github.io/contentEditable/#contenteditable"
    }
  },
  "#contenteditable-caret-state": {
    "current": {
      "number": "6.2",
      "spec": "ContentEditable",
      "text": "contentEditable=caret state",
      "url": "https://w3c.github.io/contentEditable/#contenteditable-caret-state"
    }
  },
  "#contenteditable-events-state": {
    "current": {
      "number": "6.1",
      "spec": "ContentEditable",
      "text": "contentEditable=events state",
      "url": "https://w3c.github.io/contentEditable/#contenteditable-events-state"
    }
  },
  "#contenteditable-plaintext-only-state": {
    "current": {
      "number": "6.4",
      "spec": "ContentEditable",
      "text": "contentEditable=plaintext-only state",
      "url": "https://w3c.github.io/contentEditable/#contenteditable-plaintext-only-state"
    }
  },
  "#contenteditable-states": {
    "current": {
      "number": "6",
      "spec": "ContentEditable",
      "text": "contentEditable states",
      "url": "https://w3c.github.io/contentEditable/#contenteditable-states"
    }
  },
  "#contenteditable-typing-state": {
    "current": {
      "number": "6.3",
      "spec": "ContentEditable",
      "text": "contentEditable=typing state",
      "url": "https://w3c.github.io/contentEditable/#contenteditable-typing-state"
    }
  },
  "#context-menu": {
    "current": {
      "number": "8.6",
      "spec": "ContentEditable",
      "text": "Context menu",
      "url": "https://w3c.github.io/contentEditable/#context-menu"
    }
  },
  "#cutting-and-pasting": {
    "current": {
      "number": "7",
      "spec": "ContentEditable",
      "text": "Cutting and pasting",
      "url": "https://w3c.github.io/contentEditable/#cutting-and-pasting"
    }
  },
  "#informative-references": {
    "current": {
      "number": "A.2",
      "spec": "ContentEditable",
      "text": "Informative references",
      "url": "https://w3c.github.io/contentEditable/#informative-references"
    }
  },
  "#initial-caret-placement": {
    "current": {
      "number": "8.2.1",
      "spec": "ContentEditable",
      "text": "Initial caret placement",
      "url": "https://w3c.github.io/contentEditable/#initial-caret-placement"
    }
  },
  "#meaning-of-states": {
    "current": {
      "number": "5",
      "spec": "ContentEditable",
      "text": "Meaning of states",
      "url": "https://w3c.github.io/contentEditable/#meaning-of-states"
    }
  },
  "#normative-references": {
    "current": {
      "number": "A.1",
      "spec": "ContentEditable",
      "text": "Normative references",
      "url": "https://w3c.github.io/contentEditable/#normative-references"
    }
  },
  "#privacy-and-security-considerations": {
    "current": {
      "number": "8.7",
      "spec": "ContentEditable",
      "text": "Privacy and Security Considerations",
      "url": "https://w3c.github.io/contentEditable/#privacy-and-security-considerations"
    }
  },
  "#problems-solved": {
    "current": {
      "number": "1",
      "spec": "ContentEditable",
      "text": "Problems solved",
      "url": "https://w3c.github.io/contentEditable/#problems-solved"
    }
  },
  "#references": {
    "current": {
      "number": "A",
      "spec": "ContentEditable",
      "text": "References",
      "url": "https://w3c.github.io/contentEditable/#references"
    }
  },
  "#removal-of-content": {
    "current": {
      "number": "8.4",
      "spec": "ContentEditable",
      "text": "Removal of content",
      "url": "https://w3c.github.io/contentEditable/#removal-of-content"
    }
  },
  "#replacing-text-content": {
    "current": {
      "number": "8.3",
      "spec": "ContentEditable",
      "text": "Replacing text/content",
      "url": "https://w3c.github.io/contentEditable/#replacing-text-content"
    }
  },
  "#terminology-0": {
    "current": {
      "number": "3",
      "spec": "ContentEditable",
      "text": "Terminology",
      "url": "https://w3c.github.io/contentEditable/#terminology-0"
    }
  },
  "#title": {
    "current": {
      "number": "",
      "spec": "ContentEditable",
      "text": "ContentEditable",
      "url": "https://w3c.github.io/contentEditable/#title"
    }
  },
  "#toc": {
    "current": {
      "number": "",
      "spec": "ContentEditable",
      "text": "Table of Contents",
      "url": "https://w3c.github.io/contentEditable/#toc"
    }
  },
  "#use-cases": {
    "current": {
      "number": "2",
      "spec": "ContentEditable",
      "text": "Use cases",
      "url": "https://w3c.github.io/contentEditable/#use-cases"
    }
  }
}