{
  "#abstract": {
    "current": {
      "number": "",
      "spec": "WebAssembly JavaScript Interface",
      "text": "Abstract",
      "url": "https://webassembly.github.io/spec/js-api/#abstract"
    },
    "snapshot": {
      "number": "",
      "spec": "WebAssembly JavaScript Interface",
      "text": "Abstract",
      "url": "https://www.w3.org/TR/wasm-js-api-2/#abstract"
    }
  },
  "#error-objects": {
    "current": {
      "number": "4.7",
      "spec": "WebAssembly JavaScript Interface",
      "text": "Error Objects",
      "url": "https://webassembly.github.io/spec/js-api/#error-objects"
    },
    "snapshot": {
      "number": "4.7",
      "spec": "WebAssembly JavaScript Interface",
      "text": "Error Objects",
      "url": "https://www.w3.org/TR/wasm-js-api-2/#error-objects"
    }
  },
  "#errors": {
    "current": {
      "number": "5",
      "spec": "WebAssembly JavaScript Interface",
      "text": "Error Condition Mappings to JavaScript",
      "url": "https://webassembly.github.io/spec/js-api/#errors"
    },
    "snapshot": {
      "number": "5",
      "spec": "WebAssembly JavaScript Interface",
      "text": "Error Condition Mappings to JavaScript",
      "url": "https://www.w3.org/TR/wasm-js-api-2/#errors"
    }
  },
  "#exported-function-exotic-objects": {
    "current": {
      "number": "4.6",
      "spec": "WebAssembly JavaScript Interface",
      "text": "Exported Functions",
      "url": "https://webassembly.github.io/spec/js-api/#exported-function-exotic-objects"
    },
    "snapshot": {
      "number": "4.6",
      "spec": "WebAssembly JavaScript Interface",
      "text": "Exported Functions",
      "url": "https://www.w3.org/TR/wasm-js-api-2/#exported-function-exotic-objects"
    }
  },
  "#globals": {
    "current": {
      "number": "4.5",
      "spec": "WebAssembly JavaScript Interface",
      "text": "Globals",
      "url": "https://webassembly.github.io/spec/js-api/#globals"
    },
    "snapshot": {
      "number": "4.5",
      "spec": "WebAssembly JavaScript Interface",
      "text": "Globals",
      "url": "https://www.w3.org/TR/wasm-js-api-2/#globals"
    }
  },
  "#idl-index": {
    "current": {
      "number": "",
      "spec": "WebAssembly JavaScript Interface",
      "text": "IDL Index",
      "url": "https://webassembly.github.io/spec/js-api/#idl-index"
    },
    "snapshot": {
      "number": "",
      "spec": "WebAssembly JavaScript Interface",
      "text": "IDL Index",
      "url": "https://www.w3.org/TR/wasm-js-api-2/#idl-index"
    }
  },
  "#index": {
    "current": {
      "number": "",
      "spec": "WebAssembly JavaScript Interface",
      "text": "Index",
      "url": "https://webassembly.github.io/spec/js-api/#index"
    },
    "snapshot": {
      "number": "",
      "spec": "WebAssembly JavaScript Interface",
      "text": "Index",
      "url": "https://www.w3.org/TR/wasm-js-api-2/#index"
    }
  },
  "#index-defined-elsewhere": {
    "current": {
      "number": "",
      "spec": "WebAssembly JavaScript Interface",
      "text": "Terms defined by reference",
      "url": "https://webassembly.github.io/spec/js-api/#index-defined-elsewhere"
    },
    "snapshot": {
      "number": "",
      "spec": "WebAssembly JavaScript Interface",
      "text": "Terms defined by reference",
      "url": "https://www.w3.org/TR/wasm-js-api-2/#index-defined-elsewhere"
    }
  },
  "#index-defined-here": {
    "current": {
      "number": "",
      "spec": "WebAssembly JavaScript Interface",
      "text": "Terms defined by this specification",
      "url": "https://webassembly.github.io/spec/js-api/#index-defined-here"
    },
    "snapshot": {
      "number": "",
      "spec": "WebAssembly JavaScript Interface",
      "text": "Terms defined by this specification",
      "url": "https://www.w3.org/TR/wasm-js-api-2/#index-defined-here"
    }
  },
  "#informative": {
    "current": {
      "number": "",
      "spec": "WebAssembly JavaScript Interface",
      "text": "Informative References",
      "url": "https://webassembly.github.io/spec/js-api/#informative"
    },
    "snapshot": {
      "number": "",
      "spec": "WebAssembly JavaScript Interface",
      "text": "Informative References",
      "url": "https://www.w3.org/TR/wasm-js-api-2/#informative"
    }
  },
  "#instances": {
    "current": {
      "number": "4.2",
      "spec": "WebAssembly JavaScript Interface",
      "text": "Instances",
      "url": "https://webassembly.github.io/spec/js-api/#instances"
    },
    "snapshot": {
      "number": "4.2",
      "spec": "WebAssembly JavaScript Interface",
      "text": "Instances",
      "url": "https://www.w3.org/TR/wasm-js-api-2/#instances"
    }
  },
  "#issues-index": {
    "current": {
      "number": "",
      "spec": "WebAssembly JavaScript Interface",
      "text": "Issues Index",
      "url": "https://webassembly.github.io/spec/js-api/#issues-index"
    },
    "snapshot": {
      "number": "",
      "spec": "WebAssembly JavaScript Interface",
      "text": "Issues Index",
      "url": "https://www.w3.org/TR/wasm-js-api-2/#issues-index"
    }
  },
  "#limits": {
    "current": {
      "number": "6",
      "spec": "WebAssembly JavaScript Interface",
      "text": "Implementation-defined Limits",
      "url": "https://webassembly.github.io/spec/js-api/#limits"
    },
    "snapshot": {
      "number": "6",
      "spec": "WebAssembly JavaScript Interface",
      "text": "Implementation-defined Limits",
      "url": "https://www.w3.org/TR/wasm-js-api-2/#limits"
    }
  },
  "#memories": {
    "current": {
      "number": "4.3",
      "spec": "WebAssembly JavaScript Interface",
      "text": "Memories",
      "url": "https://webassembly.github.io/spec/js-api/#memories"
    },
    "snapshot": {
      "number": "4.3",
      "spec": "WebAssembly JavaScript Interface",
      "text": "Memories",
      "url": "https://www.w3.org/TR/wasm-js-api-2/#memories"
    }
  },
  "#modules": {
    "current": {
      "number": "4.1",
      "spec": "WebAssembly JavaScript Interface",
      "text": "Modules",
      "url": "https://webassembly.github.io/spec/js-api/#modules"
    },
    "snapshot": {
      "number": "4.1",
      "spec": "WebAssembly JavaScript Interface",
      "text": "Modules",
      "url": "https://www.w3.org/TR/wasm-js-api-2/#modules"
    }
  },
  "#normative": {
    "current": {
      "number": "",
      "spec": "WebAssembly JavaScript Interface",
      "text": "Normative References",
      "url": "https://webassembly.github.io/spec/js-api/#normative"
    },
    "snapshot": {
      "number": "",
      "spec": "WebAssembly JavaScript Interface",
      "text": "Normative References",
      "url": "https://www.w3.org/TR/wasm-js-api-2/#normative"
    }
  },
  "#notation": {
    "current": {
      "number": "2",
      "spec": "WebAssembly JavaScript Interface",
      "text": "Notation",
      "url": "https://webassembly.github.io/spec/js-api/#notation"
    },
    "snapshot": {
      "number": "2",
      "spec": "WebAssembly JavaScript Interface",
      "text": "Notation",
      "url": "https://www.w3.org/TR/wasm-js-api-2/#notation"
    }
  },
  "#object-caches": {
    "current": {
      "number": "3.2",
      "spec": "WebAssembly JavaScript Interface",
      "text": "WebAssembly JS Object Caches",
      "url": "https://webassembly.github.io/spec/js-api/#object-caches"
    },
    "snapshot": {
      "number": "3.2",
      "spec": "WebAssembly JavaScript Interface",
      "text": "WebAssembly JS Object Caches",
      "url": "https://www.w3.org/TR/wasm-js-api-2/#object-caches"
    }
  },
  "#out-of-memory": {
    "current": {
      "number": "5.2",
      "spec": "WebAssembly JavaScript Interface",
      "text": "Out of Memory",
      "url": "https://webassembly.github.io/spec/js-api/#out-of-memory"
    },
    "snapshot": {
      "number": "5.2",
      "spec": "WebAssembly JavaScript Interface",
      "text": "Out of Memory",
      "url": "https://www.w3.org/TR/wasm-js-api-2/#out-of-memory"
    }
  },
  "#references": {
    "current": {
      "number": "",
      "spec": "WebAssembly JavaScript Interface",
      "text": "References",
      "url": "https://webassembly.github.io/spec/js-api/#references"
    },
    "snapshot": {
      "number": "",
      "spec": "WebAssembly JavaScript Interface",
      "text": "References",
      "url": "https://www.w3.org/TR/wasm-js-api-2/#references"
    }
  },
  "#sample": {
    "current": {
      "number": "1",
      "spec": "WebAssembly JavaScript Interface",
      "text": "Sample API Usage",
      "url": "https://webassembly.github.io/spec/js-api/#sample"
    },
    "snapshot": {
      "number": "1",
      "spec": "WebAssembly JavaScript Interface",
      "text": "Sample API Usage",
      "url": "https://www.w3.org/TR/wasm-js-api-2/#sample"
    }
  },
  "#security-considerations": {
    "current": {
      "number": "7",
      "spec": "WebAssembly JavaScript Interface",
      "text": "Security and Privacy Considerations",
      "url": "https://webassembly.github.io/spec/js-api/#security-considerations"
    },
    "snapshot": {
      "number": "7",
      "spec": "WebAssembly JavaScript Interface",
      "text": "Security and Privacy Considerations",
      "url": "https://www.w3.org/TR/wasm-js-api-2/#security-considerations"
    }
  },
  "#sotd": {
    "current": {
      "number": "",
      "spec": "WebAssembly JavaScript Interface",
      "text": "Status of this document",
      "url": "https://webassembly.github.io/spec/js-api/#sotd"
    },
    "snapshot": {
      "number": "",
      "spec": "WebAssembly JavaScript Interface",
      "text": "Status of this document",
      "url": "https://www.w3.org/TR/wasm-js-api-2/#sotd"
    }
  },
  "#stack-overflow": {
    "current": {
      "number": "5.1",
      "spec": "WebAssembly JavaScript Interface",
      "text": "Stack Overflow",
      "url": "https://webassembly.github.io/spec/js-api/#stack-overflow"
    },
    "snapshot": {
      "number": "5.1",
      "spec": "WebAssembly JavaScript Interface",
      "text": "Stack Overflow",
      "url": "https://www.w3.org/TR/wasm-js-api-2/#stack-overflow"
    }
  },
  "#store": {
    "current": {
      "number": "3.1",
      "spec": "WebAssembly JavaScript Interface",
      "text": "Interaction of the WebAssembly Store with JavaScript",
      "url": "https://webassembly.github.io/spec/js-api/#store"
    },
    "snapshot": {
      "number": "3.1",
      "spec": "WebAssembly JavaScript Interface",
      "text": "Interaction of the WebAssembly Store with JavaScript",
      "url": "https://www.w3.org/TR/wasm-js-api-2/#store"
    }
  },
  "#tables": {
    "current": {
      "number": "4.4",
      "spec": "WebAssembly JavaScript Interface",
      "text": "Tables",
      "url": "https://webassembly.github.io/spec/js-api/#tables"
    },
    "snapshot": {
      "number": "4.4",
      "spec": "WebAssembly JavaScript Interface",
      "text": "Tables",
      "url": "https://www.w3.org/TR/wasm-js-api-2/#tables"
    }
  },
  "#title": {
    "current": {
      "number": "",
      "spec": "WebAssembly JavaScript Interface",
      "text": "WebAssembly JavaScript Interface",
      "url": "https://webassembly.github.io/spec/js-api/#title"
    },
    "snapshot": {
      "number": "",
      "spec": "WebAssembly JavaScript Interface",
      "text": "WebAssembly JavaScript Interface",
      "url": "https://www.w3.org/TR/wasm-js-api-2/#title"
    }
  },
  "#toc": {
    "current": {
      "number": "",
      "spec": "WebAssembly JavaScript Interface",
      "text": "Table of Contents",
      "url": "https://webassembly.github.io/spec/js-api/#toc"
    },
    "snapshot": {
      "number": "",
      "spec": "WebAssembly JavaScript Interface",
      "text": "Table of Contents",
      "url": "https://www.w3.org/TR/wasm-js-api-2/#toc"
    }
  },
  "#w3c-conformance": {
    "current": {
      "number": "",
      "spec": "WebAssembly JavaScript Interface",
      "text": "Conformance",
      "url": "https://webassembly.github.io/spec/js-api/#w3c-conformance"
    },
    "snapshot": {
      "number": "",
      "spec": "WebAssembly JavaScript Interface",
      "text": "Conformance",
      "url": "https://www.w3.org/TR/wasm-js-api-2/#w3c-conformance"
    }
  },
  "#w3c-conformant-algorithms": {
    "current": {
      "number": "",
      "spec": "WebAssembly JavaScript Interface",
      "text": "Conformant Algorithms",
      "url": "https://webassembly.github.io/spec/js-api/#w3c-conformant-algorithms"
    },
    "snapshot": {
      "number": "",
      "spec": "WebAssembly JavaScript Interface",
      "text": "Conformant Algorithms",
      "url": "https://www.w3.org/TR/wasm-js-api-2/#w3c-conformant-algorithms"
    }
  },
  "#w3c-conventions": {
    "current": {
      "number": "",
      "spec": "WebAssembly JavaScript Interface",
      "text": "Document conventions",
      "url": "https://webassembly.github.io/spec/js-api/#w3c-conventions"
    },
    "snapshot": {
      "number": "",
      "spec": "WebAssembly JavaScript Interface",
      "text": "Document conventions",
      "url": "https://www.w3.org/TR/wasm-js-api-2/#w3c-conventions"
    }
  },
  "#webassembly-namespace": {
    "current": {
      "number": "4",
      "spec": "WebAssembly JavaScript Interface",
      "text": "The WebAssembly Namespace",
      "url": "https://webassembly.github.io/spec/js-api/#webassembly-namespace"
    },
    "snapshot": {
      "number": "4",
      "spec": "WebAssembly JavaScript Interface",
      "text": "The WebAssembly Namespace",
      "url": "https://www.w3.org/TR/wasm-js-api-2/#webassembly-namespace"
    }
  },
  "#webassembly-storage": {
    "current": {
      "number": "3",
      "spec": "WebAssembly JavaScript Interface",
      "text": "Internal storage",
      "url": "https://webassembly.github.io/spec/js-api/#webassembly-storage"
    },
    "snapshot": {
      "number": "3",
      "spec": "WebAssembly JavaScript Interface",
      "text": "Internal storage",
      "url": "https://www.w3.org/TR/wasm-js-api-2/#webassembly-storage"
    }
  }
}