{
  "#abstract": {
    "current": {
      "number": "",
      "spec": "Secure Payment Confirmation",
      "text": "Abstract",
      "url": "https://w3c.github.io/secure-payment-confirmation/#abstract"
    },
    "snapshot": {
      "number": "",
      "spec": "Secure Payment Confirmation",
      "text": "Abstract",
      "url": "https://www.w3.org/TR/secure-payment-confirmation/#abstract"
    }
  },
  "#idl-index": {
    "current": {
      "number": "",
      "spec": "Secure Payment Confirmation",
      "text": "IDL Index",
      "url": "https://w3c.github.io/secure-payment-confirmation/#idl-index"
    },
    "snapshot": {
      "number": "",
      "spec": "Secure Payment Confirmation",
      "text": "IDL Index",
      "url": "https://www.w3.org/TR/secure-payment-confirmation/#idl-index"
    }
  },
  "#index": {
    "current": {
      "number": "",
      "spec": "Secure Payment Confirmation",
      "text": "Index",
      "url": "https://w3c.github.io/secure-payment-confirmation/#index"
    },
    "snapshot": {
      "number": "",
      "spec": "Secure Payment Confirmation",
      "text": "Index",
      "url": "https://www.w3.org/TR/secure-payment-confirmation/#index"
    }
  },
  "#index-defined-elsewhere": {
    "current": {
      "number": "",
      "spec": "Secure Payment Confirmation",
      "text": "Terms defined by reference",
      "url": "https://w3c.github.io/secure-payment-confirmation/#index-defined-elsewhere"
    },
    "snapshot": {
      "number": "",
      "spec": "Secure Payment Confirmation",
      "text": "Terms defined by reference",
      "url": "https://www.w3.org/TR/secure-payment-confirmation/#index-defined-elsewhere"
    }
  },
  "#index-defined-here": {
    "current": {
      "number": "",
      "spec": "Secure Payment Confirmation",
      "text": "Terms defined by this specification",
      "url": "https://w3c.github.io/secure-payment-confirmation/#index-defined-here"
    },
    "snapshot": {
      "number": "",
      "spec": "Secure Payment Confirmation",
      "text": "Terms defined by this specification",
      "url": "https://www.w3.org/TR/secure-payment-confirmation/#index-defined-here"
    }
  },
  "#informative": {
    "current": {
      "number": "",
      "spec": "Secure Payment Confirmation",
      "text": "Informative References",
      "url": "https://w3c.github.io/secure-payment-confirmation/#informative"
    },
    "snapshot": {
      "number": "",
      "spec": "Secure Payment Confirmation",
      "text": "Informative References",
      "url": "https://www.w3.org/TR/secure-payment-confirmation/#informative"
    }
  },
  "#normative": {
    "current": {
      "number": "",
      "spec": "Secure Payment Confirmation",
      "text": "Normative References",
      "url": "https://w3c.github.io/secure-payment-confirmation/#normative"
    },
    "snapshot": {
      "number": "",
      "spec": "Secure Payment Confirmation",
      "text": "Normative References",
      "url": "https://www.w3.org/TR/secure-payment-confirmation/#normative"
    }
  },
  "#references": {
    "current": {
      "number": "",
      "spec": "Secure Payment Confirmation",
      "text": "References",
      "url": "https://w3c.github.io/secure-payment-confirmation/#references"
    },
    "snapshot": {
      "number": "",
      "spec": "Secure Payment Confirmation",
      "text": "References",
      "url": "https://www.w3.org/TR/secure-payment-confirmation/#references"
    }
  },
  "#sctn-accessibility-considerations": {
    "current": {
      "number": "",
      "spec": "Secure Payment Confirmation",
      "text": "12. Accessibility Considerations",
      "url": "https://w3c.github.io/secure-payment-confirmation/#sctn-accessibility-considerations"
    },
    "snapshot": {
      "number": "",
      "spec": "Secure Payment Confirmation",
      "text": "12. Accessibility Considerations",
      "url": "https://www.w3.org/TR/secure-payment-confirmation/#sctn-accessibility-considerations"
    }
  },
  "#sctn-authentication": {
    "current": {
      "number": "4",
      "spec": "Secure Payment Confirmation",
      "text": "Authentication",
      "url": "https://w3c.github.io/secure-payment-confirmation/#sctn-authentication"
    },
    "snapshot": {
      "number": "4",
      "spec": "Secure Payment Confirmation",
      "text": "Authentication",
      "url": "https://www.w3.org/TR/secure-payment-confirmation/#sctn-authentication"
    }
  },
  "#sctn-automation": {
    "current": {
      "number": "9",
      "spec": "Secure Payment Confirmation",
      "text": "User Agent Automation",
      "url": "https://w3c.github.io/secure-payment-confirmation/#sctn-automation"
    },
    "snapshot": {
      "number": "9",
      "spec": "Secure Payment Confirmation",
      "text": "User Agent Automation",
      "url": "https://www.w3.org/TR/secure-payment-confirmation/#sctn-automation"
    }
  },
  "#sctn-automation-set-spc-transaction-mode": {
    "current": {
      "number": "9.1",
      "spec": "Secure Payment Confirmation",
      "text": "Set SPC Transaction Mode",
      "url": "https://w3c.github.io/secure-payment-confirmation/#sctn-automation-set-spc-transaction-mode"
    },
    "snapshot": {
      "number": "9.1",
      "spec": "Secure Payment Confirmation",
      "text": "Set SPC Transaction Mode",
      "url": "https://www.w3.org/TR/secure-payment-confirmation/#sctn-automation-set-spc-transaction-mode"
    }
  },
  "#sctn-collectedclientadditionalpaymentdata-dictionary": {
    "current": {
      "number": "5.2",
      "spec": "Secure Payment Confirmation",
      "text": "CollectedClientAdditionalPaymentData Dictionary",
      "url": "https://w3c.github.io/secure-payment-confirmation/#sctn-collectedclientadditionalpaymentdata-dictionary"
    },
    "snapshot": {
      "number": "5.2",
      "spec": "Secure Payment Confirmation",
      "text": "CollectedClientAdditionalPaymentData Dictionary",
      "url": "https://www.w3.org/TR/secure-payment-confirmation/#sctn-collectedclientadditionalpaymentdata-dictionary"
    }
  },
  "#sctn-collectedclientpaymentdata-dictionary": {
    "current": {
      "number": "5.1",
      "spec": "Secure Payment Confirmation",
      "text": "CollectedClientPaymentData Dictionary",
      "url": "https://w3c.github.io/secure-payment-confirmation/#sctn-collectedclientpaymentdata-dictionary"
    },
    "snapshot": {
      "number": "5.1",
      "spec": "Secure Payment Confirmation",
      "text": "CollectedClientPaymentData Dictionary",
      "url": "https://www.w3.org/TR/secure-payment-confirmation/#sctn-collectedclientpaymentdata-dictionary"
    }
  },
  "#sctn-common-data-structures": {
    "current": {
      "number": "6",
      "spec": "Secure Payment Confirmation",
      "text": "Common Data Structures",
      "url": "https://w3c.github.io/secure-payment-confirmation/#sctn-common-data-structures"
    },
    "snapshot": {
      "number": "6",
      "spec": "Secure Payment Confirmation",
      "text": "Common Data Structures",
      "url": "https://www.w3.org/TR/secure-payment-confirmation/#sctn-common-data-structures"
    }
  },
  "#sctn-i18n-considerations": {
    "current": {
      "number": "",
      "spec": "Secure Payment Confirmation",
      "text": "13. Internationalization Considerations",
      "url": "https://w3c.github.io/secure-payment-confirmation/#sctn-i18n-considerations"
    },
    "snapshot": {
      "number": "",
      "spec": "Secure Payment Confirmation",
      "text": "13. Internationalization Considerations",
      "url": "https://www.w3.org/TR/secure-payment-confirmation/#sctn-i18n-considerations"
    }
  },
  "#sctn-iana-considerations": {
    "current": {
      "number": "",
      "spec": "Secure Payment Confirmation",
      "text": "14. IANA Considerations",
      "url": "https://w3c.github.io/secure-payment-confirmation/#sctn-iana-considerations"
    },
    "snapshot": {
      "number": "",
      "spec": "Secure Payment Confirmation",
      "text": "14. IANA Considerations",
      "url": "https://www.w3.org/TR/secure-payment-confirmation/#sctn-iana-considerations"
    }
  },
  "#sctn-intro": {
    "current": {
      "number": "1",
      "spec": "Secure Payment Confirmation",
      "text": "Introduction",
      "url": "https://w3c.github.io/secure-payment-confirmation/#sctn-intro"
    },
    "snapshot": {
      "number": "1",
      "spec": "Secure Payment Confirmation",
      "text": "Introduction",
      "url": "https://www.w3.org/TR/secure-payment-confirmation/#sctn-intro"
    }
  },
  "#sctn-modify-payment-request-constructor": {
    "current": {
      "number": "4.1.3",
      "spec": "Secure Payment Confirmation",
      "text": "Modification of Payment Request constructor",
      "url": "https://w3c.github.io/secure-payment-confirmation/#sctn-modify-payment-request-constructor"
    },
    "snapshot": {
      "number": "4.1.3",
      "spec": "Secure Payment Confirmation",
      "text": "Modification of Payment Request constructor",
      "url": "https://www.w3.org/TR/secure-payment-confirmation/#sctn-modify-payment-request-constructor"
    }
  },
  "#sctn-modify-user-activation-requirement": {
    "current": {
      "number": "4.1.4",
      "spec": "Secure Payment Confirmation",
      "text": "Modification of user activation requirement",
      "url": "https://w3c.github.io/secure-payment-confirmation/#sctn-modify-user-activation-requirement"
    },
    "snapshot": {
      "number": "4.1.4",
      "spec": "Secure Payment Confirmation",
      "text": "Modification of user activation requirement",
      "url": "https://www.w3.org/TR/secure-payment-confirmation/#sctn-modify-user-activation-requirement"
    }
  },
  "#sctn-payment-extension-registration": {
    "current": {
      "number": "5",
      "spec": "Secure Payment Confirmation",
      "text": "WebAuthn Extension - \"payment\"",
      "url": "https://w3c.github.io/secure-payment-confirmation/#sctn-payment-extension-registration"
    },
    "snapshot": {
      "number": "5",
      "spec": "Secure Payment Confirmation",
      "text": "WebAuthn Extension - \"payment\"",
      "url": "https://www.w3.org/TR/secure-payment-confirmation/#sctn-payment-extension-registration"
    }
  },
  "#sctn-payment-method-additional-data-type": {
    "current": {
      "number": "4.1.6",
      "spec": "Secure Payment Confirmation",
      "text": "Payment Method additional data type",
      "url": "https://w3c.github.io/secure-payment-confirmation/#sctn-payment-method-additional-data-type"
    },
    "snapshot": {
      "number": "4.1.6",
      "spec": "Secure Payment Confirmation",
      "text": "Payment Method additional data type",
      "url": "https://www.w3.org/TR/secure-payment-confirmation/#sctn-payment-method-additional-data-type"
    }
  },
  "#sctn-payment-method-identifier": {
    "current": {
      "number": "4.1.1",
      "spec": "Secure Payment Confirmation",
      "text": "Payment Method Identifier",
      "url": "https://w3c.github.io/secure-payment-confirmation/#sctn-payment-method-identifier"
    },
    "snapshot": {
      "number": "4.1.1",
      "spec": "Secure Payment Confirmation",
      "text": "Payment Method Identifier",
      "url": "https://www.w3.org/TR/secure-payment-confirmation/#sctn-payment-method-identifier"
    }
  },
  "#sctn-payment-method-spc": {
    "current": {
      "number": "4.1",
      "spec": "Secure Payment Confirmation",
      "text": "Payment Method: Secure Payment Confirmation",
      "url": "https://w3c.github.io/secure-payment-confirmation/#sctn-payment-method-spc"
    },
    "snapshot": {
      "number": "4.1",
      "spec": "Secure Payment Confirmation",
      "text": "Payment Method: Secure Payment Confirmation",
      "url": "https://www.w3.org/TR/secure-payment-confirmation/#sctn-payment-method-spc"
    }
  },
  "#sctn-paymentcredentialinstrument-dictionary": {
    "current": {
      "number": "6.1",
      "spec": "Secure Payment Confirmation",
      "text": "PaymentCredentialInstrument Dictionary",
      "url": "https://w3c.github.io/secure-payment-confirmation/#sctn-paymentcredentialinstrument-dictionary"
    },
    "snapshot": {
      "number": "6.1",
      "spec": "Secure Payment Confirmation",
      "text": "PaymentCredentialInstrument Dictionary",
      "url": "https://www.w3.org/TR/secure-payment-confirmation/#sctn-paymentcredentialinstrument-dictionary"
    }
  },
  "#sctn-permissions-policy": {
    "current": {
      "number": "7",
      "spec": "Secure Payment Confirmation",
      "text": "Permissions Policy integration",
      "url": "https://w3c.github.io/secure-payment-confirmation/#sctn-permissions-policy"
    },
    "snapshot": {
      "number": "7",
      "spec": "Secure Payment Confirmation",
      "text": "Permissions Policy integration",
      "url": "https://www.w3.org/TR/secure-payment-confirmation/#sctn-permissions-policy"
    }
  },
  "#sctn-privacy-considerations": {
    "current": {
      "number": "",
      "spec": "Secure Payment Confirmation",
      "text": "11. Privacy Considerations",
      "url": "https://w3c.github.io/secure-payment-confirmation/#sctn-privacy-considerations"
    },
    "snapshot": {
      "number": "",
      "spec": "Secure Payment Confirmation",
      "text": "11. Privacy Considerations",
      "url": "https://www.w3.org/TR/secure-payment-confirmation/#sctn-privacy-considerations"
    }
  },
  "#sctn-privacy-credential-id-tracking-vector": {
    "current": {
      "number": "11.4",
      "spec": "Secure Payment Confirmation",
      "text": "Credential ID(s) as a tracking vector",
      "url": "https://w3c.github.io/secure-payment-confirmation/#sctn-privacy-credential-id-tracking-vector"
    },
    "snapshot": {
      "number": "11.4",
      "spec": "Secure Payment Confirmation",
      "text": "Credential ID(s) as a tracking vector",
      "url": "https://www.w3.org/TR/secure-payment-confirmation/#sctn-privacy-credential-id-tracking-vector"
    }
  },
  "#sctn-privacy-joining-payment-instruments": {
    "current": {
      "number": "11.3",
      "spec": "Secure Payment Confirmation",
      "text": "Joining different payment instruments",
      "url": "https://w3c.github.io/secure-payment-confirmation/#sctn-privacy-joining-payment-instruments"
    },
    "snapshot": {
      "number": "11.3",
      "spec": "Secure Payment Confirmation",
      "text": "Joining different payment instruments",
      "url": "https://www.w3.org/TR/secure-payment-confirmation/#sctn-privacy-joining-payment-instruments"
    }
  },
  "#sctn-privacy-probing-credential-ids": {
    "current": {
      "number": "11.2",
      "spec": "Secure Payment Confirmation",
      "text": "Probing for credential ids",
      "url": "https://w3c.github.io/secure-payment-confirmation/#sctn-privacy-probing-credential-ids"
    },
    "snapshot": {
      "number": "11.2",
      "spec": "Secure Payment Confirmation",
      "text": "Probing for credential ids",
      "url": "https://www.w3.org/TR/secure-payment-confirmation/#sctn-privacy-probing-credential-ids"
    }
  },
  "#sctn-registration": {
    "current": {
      "number": "3",
      "spec": "Secure Payment Confirmation",
      "text": "Registration",
      "url": "https://w3c.github.io/secure-payment-confirmation/#sctn-registration"
    },
    "snapshot": {
      "number": "3",
      "spec": "Secure Payment Confirmation",
      "text": "Registration",
      "url": "https://www.w3.org/TR/secure-payment-confirmation/#sctn-registration"
    }
  },
  "#sctn-registration-in-payment-method-id": {
    "current": {
      "number": "4.1.2",
      "spec": "Secure Payment Confirmation",
      "text": "Registration in [payment-method-id]",
      "url": "https://w3c.github.io/secure-payment-confirmation/#sctn-registration-in-payment-method-id"
    },
    "snapshot": {
      "number": "4.1.2",
      "spec": "Secure Payment Confirmation",
      "text": "Registration in [payment-method-id]",
      "url": "https://www.w3.org/TR/secure-payment-confirmation/#sctn-registration-in-payment-method-id"
    }
  },
  "#sctn-relying-party-operations": {
    "current": {
      "number": "8",
      "spec": "Secure Payment Confirmation",
      "text": "SPC Relying Party Operations",
      "url": "https://w3c.github.io/secure-payment-confirmation/#sctn-relying-party-operations"
    },
    "snapshot": {
      "number": "8",
      "spec": "Secure Payment Confirmation",
      "text": "SPC Relying Party Operations",
      "url": "https://www.w3.org/TR/secure-payment-confirmation/#sctn-relying-party-operations"
    }
  },
  "#sctn-sample-authentication": {
    "current": {
      "number": "1.2.2",
      "spec": "Secure Payment Confirmation",
      "text": "Authentication on merchant site",
      "url": "https://w3c.github.io/secure-payment-confirmation/#sctn-sample-authentication"
    },
    "snapshot": {
      "number": "1.2.2",
      "spec": "Secure Payment Confirmation",
      "text": "Authentication on merchant site",
      "url": "https://www.w3.org/TR/secure-payment-confirmation/#sctn-sample-authentication"
    }
  },
  "#sctn-sample-registration": {
    "current": {
      "number": "1.2.1",
      "spec": "Secure Payment Confirmation",
      "text": "Registration during a checkout",
      "url": "https://w3c.github.io/secure-payment-confirmation/#sctn-sample-registration"
    },
    "snapshot": {
      "number": "1.2.1",
      "spec": "Secure Payment Confirmation",
      "text": "Registration during a checkout",
      "url": "https://www.w3.org/TR/secure-payment-confirmation/#sctn-sample-registration"
    }
  },
  "#sctn-sample-scenarios": {
    "current": {
      "number": "1.2",
      "spec": "Secure Payment Confirmation",
      "text": "Sample API Usage Scenarios",
      "url": "https://w3c.github.io/secure-payment-confirmation/#sctn-sample-scenarios"
    },
    "snapshot": {
      "number": "1.2",
      "spec": "Secure Payment Confirmation",
      "text": "Sample API Usage Scenarios",
      "url": "https://www.w3.org/TR/secure-payment-confirmation/#sctn-sample-scenarios"
    }
  },
  "#sctn-secure-payment-confirmation-available-api": {
    "current": {
      "number": "4.1.7",
      "spec": "Secure Payment Confirmation",
      "text": "Checking if Secure Payment Confirmation is available",
      "url": "https://w3c.github.io/secure-payment-confirmation/#sctn-secure-payment-confirmation-available-api"
    },
    "snapshot": {
      "number": "4.1.7",
      "spec": "Secure Payment Confirmation",
      "text": "Checking if Secure Payment Confirmation is available",
      "url": "https://www.w3.org/TR/secure-payment-confirmation/#sctn-secure-payment-confirmation-available-api"
    }
  },
  "#sctn-securepaymentconfirmationrequest-dictionary": {
    "current": {
      "number": "4.1.5",
      "spec": "Secure Payment Confirmation",
      "text": "SecurePaymentConfirmationRequest Dictionary",
      "url": "https://w3c.github.io/secure-payment-confirmation/#sctn-securepaymentconfirmationrequest-dictionary"
    },
    "snapshot": {
      "number": "4.1.5",
      "spec": "Secure Payment Confirmation",
      "text": "SecurePaymentConfirmationRequest Dictionary",
      "url": "https://www.w3.org/TR/secure-payment-confirmation/#sctn-securepaymentconfirmationrequest-dictionary"
    }
  },
  "#sctn-security-considerations": {
    "current": {
      "number": "",
      "spec": "Secure Payment Confirmation",
      "text": "10. Security Considerations",
      "url": "https://w3c.github.io/secure-payment-confirmation/#sctn-security-considerations"
    },
    "snapshot": {
      "number": "",
      "spec": "Secure Payment Confirmation",
      "text": "10. Security Considerations",
      "url": "https://www.w3.org/TR/secure-payment-confirmation/#sctn-security-considerations"
    }
  },
  "#sctn-security-cross-origin-auth": {
    "current": {
      "number": "10.1",
      "spec": "Secure Payment Confirmation",
      "text": "Cross-origin authentication ceremony",
      "url": "https://w3c.github.io/secure-payment-confirmation/#sctn-security-cross-origin-auth"
    },
    "snapshot": {
      "number": "10.1",
      "spec": "Secure Payment Confirmation",
      "text": "Cross-origin authentication ceremony",
      "url": "https://www.w3.org/TR/secure-payment-confirmation/#sctn-security-cross-origin-auth"
    }
  },
  "#sctn-security-cross-origin-registration": {
    "current": {
      "number": "11.1",
      "spec": "Secure Payment Confirmation",
      "text": "Registration in a Cross-Origin iframe",
      "url": "https://w3c.github.io/secure-payment-confirmation/#sctn-security-cross-origin-registration"
    },
    "snapshot": {
      "number": "11.1",
      "spec": "Secure Payment Confirmation",
      "text": "Registration in a Cross-Origin iframe",
      "url": "https://www.w3.org/TR/secure-payment-confirmation/#sctn-security-cross-origin-registration"
    }
  },
  "#sctn-security-login-attack": {
    "current": {
      "number": "10.1.1",
      "spec": "Secure Payment Confirmation",
      "text": "Login Attack",
      "url": "https://w3c.github.io/secure-payment-confirmation/#sctn-security-login-attack"
    },
    "snapshot": {
      "number": "10.1.1",
      "spec": "Secure Payment Confirmation",
      "text": "Login Attack",
      "url": "https://www.w3.org/TR/secure-payment-confirmation/#sctn-security-login-attack"
    }
  },
  "#sctn-security-merchant-data": {
    "current": {
      "number": "10.2",
      "spec": "Secure Payment Confirmation",
      "text": "Merchant-supplied authentication data",
      "url": "https://w3c.github.io/secure-payment-confirmation/#sctn-security-merchant-data"
    },
    "snapshot": {
      "number": "10.2",
      "spec": "Secure Payment Confirmation",
      "text": "Merchant-supplied authentication data",
      "url": "https://www.w3.org/TR/secure-payment-confirmation/#sctn-security-merchant-data"
    }
  },
  "#sctn-security-payment-attack": {
    "current": {
      "number": "10.1.2",
      "spec": "Secure Payment Confirmation",
      "text": "Payment Attack",
      "url": "https://w3c.github.io/secure-payment-confirmation/#sctn-security-payment-attack"
    },
    "snapshot": {
      "number": "10.1.2",
      "spec": "Secure Payment Confirmation",
      "text": "Payment Attack",
      "url": "https://www.w3.org/TR/secure-payment-confirmation/#sctn-security-payment-attack"
    }
  },
  "#sctn-security-user-activation-requirement": {
    "current": {
      "number": "10.3",
      "spec": "Secure Payment Confirmation",
      "text": "Lack of user activation requirement",
      "url": "https://w3c.github.io/secure-payment-confirmation/#sctn-security-user-activation-requirement"
    },
    "snapshot": {
      "number": "10.3",
      "spec": "Secure Payment Confirmation",
      "text": "Lack of user activation requirement",
      "url": "https://www.w3.org/TR/secure-payment-confirmation/#sctn-security-user-activation-requirement"
    }
  },
  "#sctn-steps-to-check-if-a-payment-can-be-made": {
    "current": {
      "number": "4.1.9",
      "spec": "Secure Payment Confirmation",
      "text": "Steps to check if a payment can be made",
      "url": "https://w3c.github.io/secure-payment-confirmation/#sctn-steps-to-check-if-a-payment-can-be-made"
    },
    "snapshot": {
      "number": "4.1.9",
      "spec": "Secure Payment Confirmation",
      "text": "Steps to check if a payment can be made",
      "url": "https://www.w3.org/TR/secure-payment-confirmation/#sctn-steps-to-check-if-a-payment-can-be-made"
    }
  },
  "#sctn-steps-to-respond-to-a-payment-request": {
    "current": {
      "number": "4.1.11",
      "spec": "Secure Payment Confirmation",
      "text": "Steps to respond to a payment request",
      "url": "https://w3c.github.io/secure-payment-confirmation/#sctn-steps-to-respond-to-a-payment-request"
    },
    "snapshot": {
      "number": "4.1.11",
      "spec": "Secure Payment Confirmation",
      "text": "Steps to respond to a payment request",
      "url": "https://www.w3.org/TR/secure-payment-confirmation/#sctn-steps-to-respond-to-a-payment-request"
    }
  },
  "#sctn-steps-to-validate-payment-method-data": {
    "current": {
      "number": "4.1.8",
      "spec": "Secure Payment Confirmation",
      "text": "Steps to validate payment method data",
      "url": "https://w3c.github.io/secure-payment-confirmation/#sctn-steps-to-validate-payment-method-data"
    },
    "snapshot": {
      "number": "4.1.8",
      "spec": "Secure Payment Confirmation",
      "text": "Steps to validate payment method data",
      "url": "https://www.w3.org/TR/secure-payment-confirmation/#sctn-steps-to-validate-payment-method-data"
    }
  },
  "#sctn-terminology": {
    "current": {
      "number": "2",
      "spec": "Secure Payment Confirmation",
      "text": "Terminology",
      "url": "https://w3c.github.io/secure-payment-confirmation/#sctn-terminology"
    },
    "snapshot": {
      "number": "2",
      "spec": "Secure Payment Confirmation",
      "text": "Terminology",
      "url": "https://www.w3.org/TR/secure-payment-confirmation/#sctn-terminology"
    }
  },
  "#sctn-transaction-confirmation-ux": {
    "current": {
      "number": "4.1.10",
      "spec": "Secure Payment Confirmation",
      "text": "Displaying a transaction confirmation UX",
      "url": "https://w3c.github.io/secure-payment-confirmation/#sctn-transaction-confirmation-ux"
    },
    "snapshot": {
      "number": "4.1.10",
      "spec": "Secure Payment Confirmation",
      "text": "Displaying a transaction confirmation UX",
      "url": "https://www.w3.org/TR/secure-payment-confirmation/#sctn-transaction-confirmation-ux"
    }
  },
  "#sctn-use-case-iframe-registration": {
    "current": {
      "number": "1.1.2",
      "spec": "Secure Payment Confirmation",
      "text": "Registration in a third-party iframe",
      "url": "https://w3c.github.io/secure-payment-confirmation/#sctn-use-case-iframe-registration"
    },
    "snapshot": {
      "number": "1.1.2",
      "spec": "Secure Payment Confirmation",
      "text": "Registration in a third-party iframe",
      "url": "https://www.w3.org/TR/secure-payment-confirmation/#sctn-use-case-iframe-registration"
    }
  },
  "#sctn-use-case-merchant-authentication": {
    "current": {
      "number": "1.1.3",
      "spec": "Secure Payment Confirmation",
      "text": "Merchant control of authentication",
      "url": "https://w3c.github.io/secure-payment-confirmation/#sctn-use-case-merchant-authentication"
    },
    "snapshot": {
      "number": "1.1.3",
      "spec": "Secure Payment Confirmation",
      "text": "Merchant control of authentication",
      "url": "https://www.w3.org/TR/secure-payment-confirmation/#sctn-use-case-merchant-authentication"
    }
  },
  "#sctn-use-case-verifying-payment": {
    "current": {
      "number": "1.1.1",
      "spec": "Secure Payment Confirmation",
      "text": "Cryptographic evidence of transaction confirmation",
      "url": "https://w3c.github.io/secure-payment-confirmation/#sctn-use-case-verifying-payment"
    },
    "snapshot": {
      "number": "1.1.1",
      "spec": "Secure Payment Confirmation",
      "text": "Cryptographic evidence of transaction confirmation",
      "url": "https://www.w3.org/TR/secure-payment-confirmation/#sctn-use-case-verifying-payment"
    }
  },
  "#sctn-use-cases": {
    "current": {
      "number": "1.1",
      "spec": "Secure Payment Confirmation",
      "text": "Use Cases",
      "url": "https://w3c.github.io/secure-payment-confirmation/#sctn-use-cases"
    },
    "snapshot": {
      "number": "1.1",
      "spec": "Secure Payment Confirmation",
      "text": "Use Cases",
      "url": "https://www.w3.org/TR/secure-payment-confirmation/#sctn-use-cases"
    }
  },
  "#sctn-user-opt-out": {
    "current": {
      "number": "11.5",
      "spec": "Secure Payment Confirmation",
      "text": "User opt out",
      "url": "https://w3c.github.io/secure-payment-confirmation/#sctn-user-opt-out"
    },
    "snapshot": {
      "number": "11.5",
      "spec": "Secure Payment Confirmation",
      "text": "User opt out",
      "url": "https://www.w3.org/TR/secure-payment-confirmation/#sctn-user-opt-out"
    }
  },
  "#sctn-verifying-assertion": {
    "current": {
      "number": "8.1",
      "spec": "Secure Payment Confirmation",
      "text": "Verifying an Authentication Assertion",
      "url": "https://w3c.github.io/secure-payment-confirmation/#sctn-verifying-assertion"
    },
    "snapshot": {
      "number": "8.1",
      "spec": "Secure Payment Confirmation",
      "text": "Verifying an Authentication Assertion",
      "url": "https://www.w3.org/TR/secure-payment-confirmation/#sctn-verifying-assertion"
    }
  },
  "#sotd": {
    "current": {
      "number": "",
      "spec": "Secure Payment Confirmation",
      "text": "Status of this document",
      "url": "https://w3c.github.io/secure-payment-confirmation/#sotd"
    },
    "snapshot": {
      "number": "",
      "spec": "Secure Payment Confirmation",
      "text": "Status of this document",
      "url": "https://www.w3.org/TR/secure-payment-confirmation/#sotd"
    }
  },
  "#title": {
    "current": {
      "number": "",
      "spec": "Secure Payment Confirmation",
      "text": "Secure Payment Confirmation",
      "url": "https://w3c.github.io/secure-payment-confirmation/#title"
    },
    "snapshot": {
      "number": "",
      "spec": "Secure Payment Confirmation",
      "text": "Secure Payment Confirmation",
      "url": "https://www.w3.org/TR/secure-payment-confirmation/#title"
    }
  },
  "#toc": {
    "current": {
      "number": "",
      "spec": "Secure Payment Confirmation",
      "text": "Table of Contents",
      "url": "https://w3c.github.io/secure-payment-confirmation/#toc"
    },
    "snapshot": {
      "number": "",
      "spec": "Secure Payment Confirmation",
      "text": "Table of Contents",
      "url": "https://www.w3.org/TR/secure-payment-confirmation/#toc"
    }
  },
  "#w3c-conformance": {
    "current": {
      "number": "",
      "spec": "Secure Payment Confirmation",
      "text": "Conformance",
      "url": "https://w3c.github.io/secure-payment-confirmation/#w3c-conformance"
    },
    "snapshot": {
      "number": "",
      "spec": "Secure Payment Confirmation",
      "text": "Conformance",
      "url": "https://www.w3.org/TR/secure-payment-confirmation/#w3c-conformance"
    }
  },
  "#w3c-conformant-algorithms": {
    "current": {
      "number": "",
      "spec": "Secure Payment Confirmation",
      "text": "Conformant Algorithms",
      "url": "https://w3c.github.io/secure-payment-confirmation/#w3c-conformant-algorithms"
    },
    "snapshot": {
      "number": "",
      "spec": "Secure Payment Confirmation",
      "text": "Conformant Algorithms",
      "url": "https://www.w3.org/TR/secure-payment-confirmation/#w3c-conformant-algorithms"
    }
  },
  "#w3c-conventions": {
    "current": {
      "number": "",
      "spec": "Secure Payment Confirmation",
      "text": "Document conventions",
      "url": "https://w3c.github.io/secure-payment-confirmation/#w3c-conventions"
    },
    "snapshot": {
      "number": "",
      "spec": "Secure Payment Confirmation",
      "text": "Document conventions",
      "url": "https://www.w3.org/TR/secure-payment-confirmation/#w3c-conventions"
    }
  }
}