{
  "#sec-add-value-to-keyed-group": {
    "current": {
      "number": "4.2",
      "spec": "Array Grouping",
      "text": "AddValueToKeyedGroup ( groups, key, value )",
      "url": "https://tc39.es/proposal-array-grouping/#sec-add-value-to-keyed-group"
    }
  },
  "#sec-group-by": {
    "current": {
      "number": "4.1",
      "spec": "Array Grouping",
      "text": "GroupBy ( items, callbackfn, keyCoercion )",
      "url": "https://tc39.es/proposal-array-grouping/#sec-group-by"
    }
  },
  "#sec-group-by-helpers": {
    "current": {
      "number": "4",
      "spec": "Array Grouping",
      "text": "Group By Helpers",
      "url": "https://tc39.es/proposal-array-grouping/#sec-group-by-helpers"
    }
  },
  "#sec-map.groupby": {
    "current": {
      "number": "3.1",
      "spec": "Array Grouping",
      "text": "Map.groupBy ( items, callbackfn )",
      "url": "https://tc39.es/proposal-array-grouping/#sec-map.groupby"
    }
  },
  "#sec-object.groupby": {
    "current": {
      "number": "2.1",
      "spec": "Array Grouping",
      "text": "Object.groupBy ( items, callbackfn )",
      "url": "https://tc39.es/proposal-array-grouping/#sec-object.groupby"
    }
  },
  "#sec-properties-of-the-map-constructor": {
    "current": {
      "number": "3",
      "spec": "Array Grouping",
      "text": "Properties of the Map Constructor (24.1.2)",
      "url": "https://tc39.es/proposal-array-grouping/#sec-properties-of-the-map-constructor"
    }
  },
  "#sec-properties-of-the-object-constructor": {
    "current": {
      "number": "2",
      "spec": "Array Grouping",
      "text": "Properties of the Object Constructor (20.1.2)",
      "url": "https://tc39.es/proposal-array-grouping/#sec-properties-of-the-object-constructor"
    }
  },
  "#sec-scope": {
    "current": {
      "number": "1",
      "spec": "Array Grouping",
      "text": "Scope",
      "url": "https://tc39.es/proposal-array-grouping/#sec-scope"
    }
  }
}