{
  "#BNodes": {
    "current": {
      "number": "2.5",
      "spec": "RDF 1.2 N-Quads",
      "text": "RDF Blank Nodes",
      "url": "https://w3c.github.io/rdf-n-quads/spec/#BNodes"
    },
    "snapshot": {
      "number": "2.5",
      "spec": "RDF 1.2 N-Quads",
      "text": "RDF Blank Nodes",
      "url": "https://www.w3.org/TR/rdf12-n-quads/#BNodes"
    }
  },
  "#acknowledgments-for-rdf-1-1": {
    "current": {
      "number": "D.1",
      "spec": "RDF 1.2 N-Quads",
      "text": "Acknowledgments for RDF 1.1",
      "url": "https://w3c.github.io/rdf-n-quads/spec/#acknowledgments-for-rdf-1-1"
    },
    "snapshot": {
      "number": "D.1",
      "spec": "RDF 1.2 N-Quads",
      "text": "Acknowledgments for RDF 1.1",
      "url": "https://www.w3.org/TR/rdf12-n-quads/#acknowledgments-for-rdf-1-1"
    }
  },
  "#acknowledgments-for-rdf-1-2": {
    "current": {
      "number": "D.2",
      "spec": "RDF 1.2 N-Quads",
      "text": "Acknowledgments for RDF 1.2",
      "url": "https://w3c.github.io/rdf-n-quads/spec/#acknowledgments-for-rdf-1-2"
    },
    "snapshot": {
      "number": "D.2",
      "spec": "RDF 1.2 N-Quads",
      "text": "Acknowledgments for RDF 1.2",
      "url": "https://www.w3.org/TR/rdf12-n-quads/#acknowledgments-for-rdf-1-2"
    }
  },
  "#canonical-quads": {
    "current": {
      "number": "3",
      "spec": "RDF 1.2 N-Quads",
      "text": "A Canonical form of N-Quads",
      "url": "https://w3c.github.io/rdf-n-quads/spec/#canonical-quads"
    },
    "snapshot": {
      "number": "3",
      "spec": "RDF 1.2 N-Quads",
      "text": "A Canonical form of N-Quads",
      "url": "https://www.w3.org/TR/rdf12-n-quads/#canonical-quads"
    }
  },
  "#changes-12": {
    "current": {
      "number": "E",
      "spec": "RDF 1.2 N-Quads",
      "text": "Changes between RDF 1.1 and RDF 1.2",
      "url": "https://w3c.github.io/rdf-n-quads/spec/#changes-12"
    },
    "snapshot": {
      "number": "E",
      "spec": "RDF 1.2 N-Quads",
      "text": "Changes between RDF 1.1 and RDF 1.2",
      "url": "https://www.w3.org/TR/rdf12-n-quads/#changes-12"
    }
  },
  "#conformance": {
    "current": {
      "number": "4",
      "spec": "RDF 1.2 N-Quads",
      "text": "Conformance",
      "url": "https://w3c.github.io/rdf-n-quads/spec/#conformance"
    },
    "snapshot": {
      "number": "4",
      "spec": "RDF 1.2 N-Quads",
      "text": "Conformance",
      "url": "https://www.w3.org/TR/rdf12-n-quads/#conformance"
    }
  },
  "#index": {
    "current": {
      "number": "F",
      "spec": "RDF 1.2 N-Quads",
      "text": "Index",
      "url": "https://w3c.github.io/rdf-n-quads/spec/#index"
    },
    "snapshot": {
      "number": "F",
      "spec": "RDF 1.2 N-Quads",
      "text": "Index",
      "url": "https://www.w3.org/TR/rdf12-n-quads/#index"
    }
  },
  "#index-defined-elsewhere": {
    "current": {
      "number": "F.2",
      "spec": "RDF 1.2 N-Quads",
      "text": "Terms defined by reference",
      "url": "https://w3c.github.io/rdf-n-quads/spec/#index-defined-elsewhere"
    },
    "snapshot": {
      "number": "F.2",
      "spec": "RDF 1.2 N-Quads",
      "text": "Terms defined by reference",
      "url": "https://www.w3.org/TR/rdf12-n-quads/#index-defined-elsewhere"
    }
  },
  "#index-defined-here": {
    "current": {
      "number": "F.1",
      "spec": "RDF 1.2 N-Quads",
      "text": "Terms defined by this specification",
      "url": "https://w3c.github.io/rdf-n-quads/spec/#index-defined-here"
    },
    "snapshot": {
      "number": "F.1",
      "spec": "RDF 1.2 N-Quads",
      "text": "Terms defined by this specification",
      "url": "https://www.w3.org/TR/rdf12-n-quads/#index-defined-here"
    }
  },
  "#informative-references": {
    "current": {
      "number": "H.2",
      "spec": "RDF 1.2 N-Quads",
      "text": "Informative references",
      "url": "https://w3c.github.io/rdf-n-quads/spec/#informative-references"
    },
    "snapshot": {
      "number": "H.2",
      "spec": "RDF 1.2 N-Quads",
      "text": "Informative references",
      "url": "https://www.w3.org/TR/rdf12-n-quads/#informative-references"
    }
  },
  "#issue-summary": {
    "current": {
      "number": "G",
      "spec": "RDF 1.2 N-Quads",
      "text": "Issue summary",
      "url": "https://w3c.github.io/rdf-n-quads/spec/#issue-summary"
    },
    "snapshot": {
      "number": "G",
      "spec": "RDF 1.2 N-Quads",
      "text": "Issue summary",
      "url": "https://www.w3.org/TR/rdf12-n-quads/#issue-summary"
    }
  },
  "#n-quads-grammar": {
    "current": {
      "number": "5",
      "spec": "RDF 1.2 N-Quads",
      "text": "N-Quads Grammar",
      "url": "https://w3c.github.io/rdf-n-quads/spec/#n-quads-grammar"
    },
    "snapshot": {
      "number": "5",
      "spec": "RDF 1.2 N-Quads",
      "text": "N-Quads Grammar",
      "url": "https://www.w3.org/TR/rdf12-n-quads/#n-quads-grammar"
    }
  },
  "#normative-references": {
    "current": {
      "number": "H.1",
      "spec": "RDF 1.2 N-Quads",
      "text": "Normative references",
      "url": "https://w3c.github.io/rdf-n-quads/spec/#normative-references"
    },
    "snapshot": {
      "number": "H.1",
      "spec": "RDF 1.2 N-Quads",
      "text": "Normative references",
      "url": "https://www.w3.org/TR/rdf12-n-quads/#normative-references"
    }
  },
  "#privacy-considerations": {
    "current": {
      "number": "A",
      "spec": "RDF 1.2 N-Quads",
      "text": "Privacy Considerations",
      "url": "https://w3c.github.io/rdf-n-quads/spec/#privacy-considerations"
    },
    "snapshot": {
      "number": "A",
      "spec": "RDF 1.2 N-Quads",
      "text": "Privacy Considerations",
      "url": "https://www.w3.org/TR/rdf12-n-quads/#privacy-considerations"
    }
  },
  "#quoted-triples": {
    "current": {
      "number": "2.2",
      "spec": "RDF 1.2 N-Quads",
      "text": "Quoted Triples",
      "url": "https://w3c.github.io/rdf-n-quads/spec/#quoted-triples"
    },
    "snapshot": {
      "number": "2.2",
      "spec": "RDF 1.2 N-Quads",
      "text": "Quoted Triples",
      "url": "https://www.w3.org/TR/rdf12-n-quads/#quoted-triples"
    }
  },
  "#rdf-dataset-construction": {
    "current": {
      "number": "6.2",
      "spec": "RDF 1.2 N-Quads",
      "text": "RDF Dataset Construction",
      "url": "https://w3c.github.io/rdf-n-quads/spec/#rdf-dataset-construction"
    },
    "snapshot": {
      "number": "6.2",
      "spec": "RDF 1.2 N-Quads",
      "text": "RDF Dataset Construction",
      "url": "https://www.w3.org/TR/rdf12-n-quads/#rdf-dataset-construction"
    }
  },
  "#references": {
    "current": {
      "number": "H",
      "spec": "RDF 1.2 N-Quads",
      "text": "References",
      "url": "https://w3c.github.io/rdf-n-quads/spec/#references"
    },
    "snapshot": {
      "number": "H",
      "spec": "RDF 1.2 N-Quads",
      "text": "References",
      "url": "https://www.w3.org/TR/rdf12-n-quads/#references"
    }
  },
  "#related": {
    "current": {
      "number": "",
      "spec": "RDF 1.2 N-Quads",
      "text": "Set of Documents",
      "url": "https://w3c.github.io/rdf-n-quads/spec/#related"
    },
    "snapshot": {
      "number": "",
      "spec": "RDF 1.2 N-Quads",
      "text": "Set of Documents",
      "url": "https://www.w3.org/TR/rdf12-n-quads/#related"
    }
  },
  "#sec-grammar-comments": {
    "current": {
      "number": "5.2",
      "spec": "RDF 1.2 N-Quads",
      "text": "Comments",
      "url": "https://w3c.github.io/rdf-n-quads/spec/#sec-grammar-comments"
    },
    "snapshot": {
      "number": "5.2",
      "spec": "RDF 1.2 N-Quads",
      "text": "Comments",
      "url": "https://www.w3.org/TR/rdf12-n-quads/#sec-grammar-comments"
    }
  },
  "#sec-grammar-grammar": {
    "current": {
      "number": "5.3",
      "spec": "RDF 1.2 N-Quads",
      "text": "Grammar",
      "url": "https://w3c.github.io/rdf-n-quads/spec/#sec-grammar-grammar"
    },
    "snapshot": {
      "number": "5.3",
      "spec": "RDF 1.2 N-Quads",
      "text": "Grammar",
      "url": "https://www.w3.org/TR/rdf12-n-quads/#sec-grammar-grammar"
    }
  },
  "#sec-grammar-ws": {
    "current": {
      "number": "5.1",
      "spec": "RDF 1.2 N-Quads",
      "text": "White Space",
      "url": "https://w3c.github.io/rdf-n-quads/spec/#sec-grammar-ws"
    },
    "snapshot": {
      "number": "5.1",
      "spec": "RDF 1.2 N-Quads",
      "text": "White Space",
      "url": "https://www.w3.org/TR/rdf12-n-quads/#sec-grammar-ws"
    }
  },
  "#sec-intro": {
    "current": {
      "number": "1",
      "spec": "RDF 1.2 N-Quads",
      "text": "Introduction",
      "url": "https://w3c.github.io/rdf-n-quads/spec/#sec-intro"
    },
    "snapshot": {
      "number": "1",
      "spec": "RDF 1.2 N-Quads",
      "text": "Introduction",
      "url": "https://www.w3.org/TR/rdf12-n-quads/#sec-intro"
    }
  },
  "#sec-iri": {
    "current": {
      "number": "2.3",
      "spec": "RDF 1.2 N-Quads",
      "text": "IRIs",
      "url": "https://w3c.github.io/rdf-n-quads/spec/#sec-iri"
    },
    "snapshot": {
      "number": "2.3",
      "spec": "RDF 1.2 N-Quads",
      "text": "IRIs",
      "url": "https://www.w3.org/TR/rdf12-n-quads/#sec-iri"
    }
  },
  "#sec-literals": {
    "current": {
      "number": "2.4",
      "spec": "RDF 1.2 N-Quads",
      "text": "RDF Literals",
      "url": "https://w3c.github.io/rdf-n-quads/spec/#sec-literals"
    },
    "snapshot": {
      "number": "2.4",
      "spec": "RDF 1.2 N-Quads",
      "text": "RDF Literals",
      "url": "https://www.w3.org/TR/rdf12-n-quads/#sec-literals"
    }
  },
  "#sec-mediaReg": {
    "current": {
      "number": "C",
      "spec": "RDF 1.2 N-Quads",
      "text": "N-Quads Internet Media Type, File Extension and Macintosh File Type",
      "url": "https://w3c.github.io/rdf-n-quads/spec/#sec-mediaReg"
    },
    "snapshot": {
      "number": "C",
      "spec": "RDF 1.2 N-Quads",
      "text": "N-Quads Internet Media Type, File Extension and Macintosh File Type",
      "url": "https://www.w3.org/TR/rdf12-n-quads/#sec-mediaReg"
    }
  },
  "#sec-mediatype": {
    "current": {
      "number": "4.1",
      "spec": "RDF 1.2 N-Quads",
      "text": "Media Type and Content Encoding",
      "url": "https://w3c.github.io/rdf-n-quads/spec/#sec-mediatype"
    },
    "snapshot": {
      "number": "4.1",
      "spec": "RDF 1.2 N-Quads",
      "text": "Media Type and Content Encoding",
      "url": "https://www.w3.org/TR/rdf12-n-quads/#sec-mediatype"
    }
  },
  "#sec-n-quads-language": {
    "current": {
      "number": "2",
      "spec": "RDF 1.2 N-Quads",
      "text": "N-Quads Language",
      "url": "https://w3c.github.io/rdf-n-quads/spec/#sec-n-quads-language"
    },
    "snapshot": {
      "number": "2",
      "spec": "RDF 1.2 N-Quads",
      "text": "N-Quads Language",
      "url": "https://www.w3.org/TR/rdf12-n-quads/#sec-n-quads-language"
    }
  },
  "#sec-other-media-types": {
    "current": {
      "number": "4.1.1",
      "spec": "RDF 1.2 N-Quads",
      "text": "Other Media Types",
      "url": "https://w3c.github.io/rdf-n-quads/spec/#sec-other-media-types"
    },
    "snapshot": {
      "number": "4.1.1",
      "spec": "RDF 1.2 N-Quads",
      "text": "Other Media Types",
      "url": "https://www.w3.org/TR/rdf12-n-quads/#sec-other-media-types"
    }
  },
  "#sec-parsing": {
    "current": {
      "number": "6",
      "spec": "RDF 1.2 N-Quads",
      "text": "Parsing",
      "url": "https://w3c.github.io/rdf-n-quads/spec/#sec-parsing"
    },
    "snapshot": {
      "number": "6",
      "spec": "RDF 1.2 N-Quads",
      "text": "Parsing",
      "url": "https://www.w3.org/TR/rdf12-n-quads/#sec-parsing"
    }
  },
  "#sec-parsing-terms": {
    "current": {
      "number": "6.1",
      "spec": "RDF 1.2 N-Quads",
      "text": "RDF Term Constructors",
      "url": "https://w3c.github.io/rdf-n-quads/spec/#sec-parsing-terms"
    },
    "snapshot": {
      "number": "6.1",
      "spec": "RDF 1.2 N-Quads",
      "text": "RDF Term Constructors",
      "url": "https://www.w3.org/TR/rdf12-n-quads/#sec-parsing-terms"
    }
  },
  "#section-ack": {
    "current": {
      "number": "D",
      "spec": "RDF 1.2 N-Quads",
      "text": "Acknowledgments",
      "url": "https://w3c.github.io/rdf-n-quads/spec/#section-ack"
    },
    "snapshot": {
      "number": "D",
      "spec": "RDF 1.2 N-Quads",
      "text": "Acknowledgments",
      "url": "https://www.w3.org/TR/rdf12-n-quads/#section-ack"
    }
  },
  "#security": {
    "current": {
      "number": "B",
      "spec": "RDF 1.2 N-Quads",
      "text": "Security Considerations",
      "url": "https://w3c.github.io/rdf-n-quads/spec/#security"
    },
    "snapshot": {
      "number": "B",
      "spec": "RDF 1.2 N-Quads",
      "text": "Security Considerations",
      "url": "https://www.w3.org/TR/rdf12-n-quads/#security"
    }
  },
  "#selected-terminal-literal-strings": {
    "current": {
      "number": "5.4",
      "spec": "RDF 1.2 N-Quads",
      "text": "Selected Terminal Literal Strings",
      "url": "https://w3c.github.io/rdf-n-quads/spec/#selected-terminal-literal-strings"
    },
    "snapshot": {
      "number": "5.4",
      "spec": "RDF 1.2 N-Quads",
      "text": "Selected Terminal Literal Strings",
      "url": "https://www.w3.org/TR/rdf12-n-quads/#selected-terminal-literal-strings"
    }
  },
  "#simple-triples": {
    "current": {
      "number": "2.1",
      "spec": "RDF 1.2 N-Quads",
      "text": "Simple Statements",
      "url": "https://w3c.github.io/rdf-n-quads/spec/#simple-triples"
    },
    "snapshot": {
      "number": "2.1",
      "spec": "RDF 1.2 N-Quads",
      "text": "Simple Statements",
      "url": "https://www.w3.org/TR/rdf12-n-quads/#simple-triples"
    }
  },
  "#subtitle": {
    "current": {
      "number": "",
      "spec": "RDF 1.2 N-Quads",
      "text": "A line-based syntax for RDF datasets",
      "url": "https://w3c.github.io/rdf-n-quads/spec/#subtitle"
    },
    "snapshot": {
      "number": "",
      "spec": "RDF 1.2 N-Quads",
      "text": "A line-based syntax for RDF datasets",
      "url": "https://www.w3.org/TR/rdf12-n-quads/#subtitle"
    }
  },
  "#terminals": {
    "current": {
      "number": "",
      "spec": "RDF 1.2 N-Quads",
      "text": "Productions for terminals",
      "url": "https://w3c.github.io/rdf-n-quads/spec/#terminals"
    },
    "snapshot": {
      "number": "",
      "spec": "RDF 1.2 N-Quads",
      "text": "Productions for terminals",
      "url": "https://www.w3.org/TR/rdf12-n-quads/#terminals"
    }
  },
  "#title": {
    "current": {
      "number": "",
      "spec": "RDF 1.2 N-Quads",
      "text": "RDF 1.2 N-Quads",
      "url": "https://w3c.github.io/rdf-n-quads/spec/#title"
    },
    "snapshot": {
      "number": "",
      "spec": "RDF 1.2 N-Quads",
      "text": "RDF 1.2 N-Quads",
      "url": "https://www.w3.org/TR/rdf12-n-quads/#title"
    }
  },
  "#toc": {
    "current": {
      "number": "",
      "spec": "RDF 1.2 N-Quads",
      "text": "Table of Contents",
      "url": "https://w3c.github.io/rdf-n-quads/spec/#toc"
    },
    "snapshot": {
      "number": "",
      "spec": "RDF 1.2 N-Quads",
      "text": "Table of Contents",
      "url": "https://www.w3.org/TR/rdf12-n-quads/#toc"
    }
  }
}