{
  "#IANA.considerations": {
    "current": {
      "number": "7",
      "spec": "HTTP/1.1 Conditional Requests",
      "text": "IANA Considerations",
      "url": "https://httpwg.org/specs/rfc7232.html#IANA.considerations"
    }
  },
  "#acks": {
    "current": {
      "number": "9",
      "spec": "HTTP/1.1 Conditional Requests",
      "text": "Acknowledgments",
      "url": "https://httpwg.org/specs/rfc7232.html#acks"
    }
  },
  "#changes.from.rfc.2616": {
    "current": {
      "number": "A",
      "spec": "HTTP/1.1 Conditional Requests",
      "text": "Changes from RFC 2616",
      "url": "https://httpwg.org/specs/rfc7232.html#changes.from.rfc.2616"
    }
  },
  "#collected.abnf": {
    "current": {
      "number": "C",
      "spec": "HTTP/1.1 Conditional Requests",
      "text": "Collected ABNF",
      "url": "https://httpwg.org/specs/rfc7232.html#collected.abnf"
    }
  },
  "#conformance": {
    "current": {
      "number": "1.1",
      "spec": "HTTP/1.1 Conditional Requests",
      "text": "Conformance and Error Handling",
      "url": "https://httpwg.org/specs/rfc7232.html#conformance"
    }
  },
  "#entity.tag.comparison": {
    "current": {
      "number": "2.3.2",
      "spec": "HTTP/1.1 Conditional Requests",
      "text": "Comparison",
      "url": "https://httpwg.org/specs/rfc7232.html#entity.tag.comparison"
    }
  },
  "#entity.tag.generation": {
    "current": {
      "number": "2.3.1",
      "spec": "HTTP/1.1 Conditional Requests",
      "text": "Generation",
      "url": "https://httpwg.org/specs/rfc7232.html#entity.tag.generation"
    }
  },
  "#evaluation": {
    "current": {
      "number": "5",
      "spec": "HTTP/1.1 Conditional Requests",
      "text": "Evaluation",
      "url": "https://httpwg.org/specs/rfc7232.html#evaluation"
    }
  },
  "#example.entity.tag.vs.conneg": {
    "current": {
      "number": "2.3.3",
      "spec": "HTTP/1.1 Conditional Requests",
      "text": "Example: Entity-Tags Varying on Content-Negotiated Resources",
      "url": "https://httpwg.org/specs/rfc7232.html#example.entity.tag.vs.conneg"
    }
  },
  "#header.etag": {
    "current": {
      "number": "2.3",
      "spec": "HTTP/1.1 Conditional Requests",
      "text": "ETag",
      "url": "https://httpwg.org/specs/rfc7232.html#header.etag"
    }
  },
  "#header.field.registration": {
    "current": {
      "number": "7.2",
      "spec": "HTTP/1.1 Conditional Requests",
      "text": "Header Field Registration",
      "url": "https://httpwg.org/specs/rfc7232.html#header.field.registration"
    }
  },
  "#header.if-match": {
    "current": {
      "number": "3.1",
      "spec": "HTTP/1.1 Conditional Requests",
      "text": "If-Match",
      "url": "https://httpwg.org/specs/rfc7232.html#header.if-match"
    }
  },
  "#header.if-modified-since": {
    "current": {
      "number": "3.3",
      "spec": "HTTP/1.1 Conditional Requests",
      "text": "If-Modified-Since",
      "url": "https://httpwg.org/specs/rfc7232.html#header.if-modified-since"
    }
  },
  "#header.if-none-match": {
    "current": {
      "number": "3.2",
      "spec": "HTTP/1.1 Conditional Requests",
      "text": "If-None-Match",
      "url": "https://httpwg.org/specs/rfc7232.html#header.if-none-match"
    }
  },
  "#header.if-range": {
    "current": {
      "number": "3.5",
      "spec": "HTTP/1.1 Conditional Requests",
      "text": "If-Range",
      "url": "https://httpwg.org/specs/rfc7232.html#header.if-range"
    }
  },
  "#header.if-unmodified-since": {
    "current": {
      "number": "3.4",
      "spec": "HTTP/1.1 Conditional Requests",
      "text": "If-Unmodified-Since",
      "url": "https://httpwg.org/specs/rfc7232.html#header.if-unmodified-since"
    }
  },
  "#header.last-modified": {
    "current": {
      "number": "2.2",
      "spec": "HTTP/1.1 Conditional Requests",
      "text": "Last-Modified",
      "url": "https://httpwg.org/specs/rfc7232.html#header.last-modified"
    }
  },
  "#imported.abnf": {
    "current": {
      "number": "B",
      "spec": "HTTP/1.1 Conditional Requests",
      "text": "Imported ABNF",
      "url": "https://httpwg.org/specs/rfc7232.html#imported.abnf"
    }
  },
  "#introduction": {
    "current": {
      "number": "1",
      "spec": "HTTP/1.1 Conditional Requests",
      "text": "Introduction",
      "url": "https://httpwg.org/specs/rfc7232.html#introduction"
    }
  },
  "#lastmod.comparison": {
    "current": {
      "number": "2.2.2",
      "spec": "HTTP/1.1 Conditional Requests",
      "text": "Comparison",
      "url": "https://httpwg.org/specs/rfc7232.html#lastmod.comparison"
    }
  },
  "#lastmod.generation": {
    "current": {
      "number": "2.2.1",
      "spec": "HTTP/1.1 Conditional Requests",
      "text": "Generation",
      "url": "https://httpwg.org/specs/rfc7232.html#lastmod.generation"
    }
  },
  "#notation": {
    "current": {
      "number": "1.2",
      "spec": "HTTP/1.1 Conditional Requests",
      "text": "Syntax Notation",
      "url": "https://httpwg.org/specs/rfc7232.html#notation"
    }
  },
  "#precedence": {
    "current": {
      "number": "6",
      "spec": "HTTP/1.1 Conditional Requests",
      "text": "Precedence",
      "url": "https://httpwg.org/specs/rfc7232.html#precedence"
    }
  },
  "#preconditions": {
    "current": {
      "number": "3",
      "spec": "HTTP/1.1 Conditional Requests",
      "text": "Precondition Header Fields",
      "url": "https://httpwg.org/specs/rfc7232.html#preconditions"
    }
  },
  "#rfc.abstract": {
    "current": {
      "number": "",
      "spec": "HTTP/1.1 Conditional Requests",
      "text": "Abstract",
      "url": "https://httpwg.org/specs/rfc7232.html#rfc.abstract"
    }
  },
  "#rfc.references": {
    "current": {
      "number": "",
      "spec": "HTTP/1.1 Conditional Requests",
      "text": "10. References",
      "url": "https://httpwg.org/specs/rfc7232.html#rfc.references"
    }
  },
  "#rfc.section.10.1": {
    "current": {
      "number": "10.1",
      "spec": "HTTP/1.1 Conditional Requests",
      "text": "Normative References",
      "url": "https://httpwg.org/specs/rfc7232.html#rfc.section.10.1"
    }
  },
  "#rfc.section.10.2": {
    "current": {
      "number": "10.2",
      "spec": "HTTP/1.1 Conditional Requests",
      "text": "Informative References",
      "url": "https://httpwg.org/specs/rfc7232.html#rfc.section.10.2"
    }
  },
  "#security.considerations": {
    "current": {
      "number": "8",
      "spec": "HTTP/1.1 Conditional Requests",
      "text": "Security Considerations",
      "url": "https://httpwg.org/specs/rfc7232.html#security.considerations"
    }
  },
  "#status.304": {
    "current": {
      "number": "4.1",
      "spec": "HTTP/1.1 Conditional Requests",
      "text": "304 Not Modified",
      "url": "https://httpwg.org/specs/rfc7232.html#status.304"
    }
  },
  "#status.412": {
    "current": {
      "number": "4.2",
      "spec": "HTTP/1.1 Conditional Requests",
      "text": "412 Precondition Failed",
      "url": "https://httpwg.org/specs/rfc7232.html#status.412"
    }
  },
  "#status.code.definitions": {
    "current": {
      "number": "4",
      "spec": "HTTP/1.1 Conditional Requests",
      "text": "Status Code Definitions",
      "url": "https://httpwg.org/specs/rfc7232.html#status.code.definitions"
    }
  },
  "#status.code.registration": {
    "current": {
      "number": "7.1",
      "spec": "HTTP/1.1 Conditional Requests",
      "text": "Status Code Registration",
      "url": "https://httpwg.org/specs/rfc7232.html#status.code.registration"
    }
  },
  "#validators": {
    "current": {
      "number": "2",
      "spec": "HTTP/1.1 Conditional Requests",
      "text": "Validators",
      "url": "https://httpwg.org/specs/rfc7232.html#validators"
    }
  },
  "#weak.and.strong.validators": {
    "current": {
      "number": "2.1",
      "spec": "HTTP/1.1 Conditional Requests",
      "text": "Weak versus Strong",
      "url": "https://httpwg.org/specs/rfc7232.html#weak.and.strong.validators"
    }
  },
  "#when.to.use.entity.tags.and.last-modified.dates": {
    "current": {
      "number": "2.4",
      "spec": "HTTP/1.1 Conditional Requests",
      "text": "When to Use Entity-Tags and Last-Modified Dates",
      "url": "https://httpwg.org/specs/rfc7232.html#when.to.use.entity.tags.and.last-modified.dates"
    }
  }
}