{
  "#collator-objects": {
    "current": {
      "number": "10",
      "spec": "ECMAScript Internationalization API",
      "text": "Collator Objects",
      "url": "https://tc39.es/ecma402/#collator-objects"
    }
  },
  "#conformance": {
    "current": {
      "number": "2",
      "spec": "ECMAScript Internationalization API",
      "text": "Conformance",
      "url": "https://tc39.es/ecma402/#conformance"
    }
  },
  "#conventions": {
    "current": {
      "number": "5",
      "spec": "ECMAScript Internationalization API",
      "text": "Notational Conventions",
      "url": "https://tc39.es/ecma402/#conventions"
    }
  },
  "#datetimeformat-objects": {
    "current": {
      "number": "11",
      "spec": "ECMAScript Internationalization API",
      "text": "DateTimeFormat Objects",
      "url": "https://tc39.es/ecma402/#datetimeformat-objects"
    }
  },
  "#intl-displaynames-objects": {
    "current": {
      "number": "12",
      "spec": "ECMAScript Internationalization API",
      "text": "DisplayNames Objects",
      "url": "https://tc39.es/ecma402/#intl-displaynames-objects"
    }
  },
  "#intl-object": {
    "current": {
      "number": "8",
      "spec": "ECMAScript Internationalization API",
      "text": "The Intl Object",
      "url": "https://tc39.es/ecma402/#intl-object"
    }
  },
  "#listformat-objects": {
    "current": {
      "number": "13",
      "spec": "ECMAScript Internationalization API",
      "text": "ListFormat Objects",
      "url": "https://tc39.es/ecma402/#listformat-objects"
    }
  },
  "#locale-and-parameter-negotiation": {
    "current": {
      "number": "9",
      "spec": "ECMAScript Internationalization API",
      "text": "Locale and Parameter Negotiation",
      "url": "https://tc39.es/ecma402/#locale-and-parameter-negotiation"
    }
  },
  "#locale-objects": {
    "current": {
      "number": "14",
      "spec": "ECMAScript Internationalization API",
      "text": "Locale Objects",
      "url": "https://tc39.es/ecma402/#locale-objects"
    }
  },
  "#locale-sensitive-functions": {
    "current": {
      "number": "19",
      "spec": "ECMAScript Internationalization API",
      "text": "Locale Sensitive Functions of the ECMAScript Language Specification",
      "url": "https://tc39.es/ecma402/#locale-sensitive-functions"
    }
  },
  "#locales-currencies-tz": {
    "current": {
      "number": "6",
      "spec": "ECMAScript Internationalization API",
      "text": "Identification of Locales, Currencies, Time Zones, Measurement Units, Numbering Systems, Collations, and Calendars",
      "url": "https://tc39.es/ecma402/#locales-currencies-tz"
    }
  },
  "#normative-references": {
    "current": {
      "number": "3",
      "spec": "ECMAScript Internationalization API",
      "text": "Normative References",
      "url": "https://tc39.es/ecma402/#normative-references"
    }
  },
  "#numberformat-objects": {
    "current": {
      "number": "15",
      "spec": "ECMAScript Internationalization API",
      "text": "NumberFormat Objects",
      "url": "https://tc39.es/ecma402/#numberformat-objects"
    }
  },
  "#overview": {
    "current": {
      "number": "4",
      "spec": "ECMAScript Internationalization API",
      "text": "Overview",
      "url": "https://tc39.es/ecma402/#overview"
    }
  },
  "#pluralrules-objects": {
    "current": {
      "number": "16",
      "spec": "ECMAScript Internationalization API",
      "text": "PluralRules Objects",
      "url": "https://tc39.es/ecma402/#pluralrules-objects"
    }
  },
  "#relativetimeformat-objects": {
    "current": {
      "number": "17",
      "spec": "ECMAScript Internationalization API",
      "text": "RelativeTimeFormat Objects",
      "url": "https://tc39.es/ecma402/#relativetimeformat-objects"
    }
  },
  "#requirements": {
    "current": {
      "number": "7",
      "spec": "ECMAScript Internationalization API",
      "text": "Requirements for Standard Built-in ECMAScript Objects",
      "url": "https://tc39.es/ecma402/#requirements"
    }
  },
  "#scope": {
    "current": {
      "number": "1",
      "spec": "ECMAScript Internationalization API",
      "text": "Scope",
      "url": "https://tc39.es/ecma402/#scope"
    }
  },
  "#sec-%25intlsegmentiteratorprototype%25-object": {
    "current": {
      "number": "18.6.2",
      "spec": "ECMAScript Internationalization API",
      "text": "The %IntlSegmentIteratorPrototype% Object",
      "url": "https://tc39.es/ecma402/#sec-%25intlsegmentiteratorprototype%25-object"
    }
  },
  "#sec-%25intlsegmentiteratorprototype%25.%40%40tostringtag": {
    "current": {
      "number": "18.6.2.2",
      "spec": "ECMAScript Internationalization API",
      "text": "%IntlSegmentIteratorPrototype% [ @@toStringTag ]",
      "url": "https://tc39.es/ecma402/#sec-%25intlsegmentiteratorprototype%25.%40%40tostringtag"
    }
  },
  "#sec-%25intlsegmentiteratorprototype%25.next": {
    "current": {
      "number": "18.6.2.1",
      "spec": "ECMAScript Internationalization API",
      "text": "%IntlSegmentIteratorPrototype%.next ( )",
      "url": "https://tc39.es/ecma402/#sec-%25intlsegmentiteratorprototype%25.next"
    }
  },
  "#sec-%25intlsegmentsprototype%25-%40%40iterator": {
    "current": {
      "number": "18.5.2.2",
      "spec": "ECMAScript Internationalization API",
      "text": "%IntlSegmentsPrototype% [ @@iterator ] ( )",
      "url": "https://tc39.es/ecma402/#sec-%25intlsegmentsprototype%25-%40%40iterator"
    }
  },
  "#sec-%25intlsegmentsprototype%25-object": {
    "current": {
      "number": "18.5.2",
      "spec": "ECMAScript Internationalization API",
      "text": "The %IntlSegmentsPrototype% Object",
      "url": "https://tc39.es/ecma402/#sec-%25intlsegmentsprototype%25-object"
    }
  },
  "#sec-%25intlsegmentsprototype%25.containing": {
    "current": {
      "number": "18.5.2.1",
      "spec": "ECMAScript Internationalization API",
      "text": "%IntlSegmentsPrototype%.containing ( index )",
      "url": "https://tc39.es/ecma402/#sec-%25intlsegmentsprototype%25.containing"
    }
  },
  "#sec-402-well-known-intrinsic-objects": {
    "current": {
      "number": "5.1",
      "spec": "ECMAScript Internationalization API",
      "text": "Well-Known Intrinsic Objects",
      "url": "https://tc39.es/ecma402/#sec-402-well-known-intrinsic-objects"
    }
  },
  "#sec-FormatRelativeTime": {
    "current": {
      "number": "17.5.4",
      "spec": "ECMAScript Internationalization API",
      "text": "FormatRelativeTime ( relativeTimeFormat, value, unit )",
      "url": "https://tc39.es/ecma402/#sec-FormatRelativeTime"
    }
  },
  "#sec-FormatRelativeTimeToParts": {
    "current": {
      "number": "17.5.5",
      "spec": "ECMAScript Internationalization API",
      "text": "FormatRelativeTimeToParts ( relativeTimeFormat, value, unit )",
      "url": "https://tc39.es/ecma402/#sec-FormatRelativeTimeToParts"
    }
  },
  "#sec-InitializeRelativeTimeFormat": {
    "current": {
      "number": "17.1.2",
      "spec": "ECMAScript Internationalization API",
      "text": "InitializeRelativeTimeFormat ( relativeTimeFormat, locales, options )",
      "url": "https://tc39.es/ecma402/#sec-InitializeRelativeTimeFormat"
    }
  },
  "#sec-Intl-toStringTag": {
    "current": {
      "number": "8.1.1",
      "spec": "ECMAScript Internationalization API",
      "text": "Intl[ @@toStringTag ]",
      "url": "https://tc39.es/ecma402/#sec-Intl-toStringTag"
    }
  },
  "#sec-Intl.DateTimeFormat.prototype.formatRangeToParts": {
    "current": {
      "number": "11.3.6",
      "spec": "ECMAScript Internationalization API",
      "text": "Intl.DateTimeFormat.prototype.formatRangeToParts ( startDate, endDate )",
      "url": "https://tc39.es/ecma402/#sec-Intl.DateTimeFormat.prototype.formatRangeToParts"
    }
  },
  "#sec-Intl.DateTimeFormat.prototype.formatToParts": {
    "current": {
      "number": "11.3.4",
      "spec": "ECMAScript Internationalization API",
      "text": "Intl.DateTimeFormat.prototype.formatToParts ( date )",
      "url": "https://tc39.es/ecma402/#sec-Intl.DateTimeFormat.prototype.formatToParts"
    }
  },
  "#sec-Intl.DisplayNames": {
    "current": {
      "number": "12.1.1",
      "spec": "ECMAScript Internationalization API",
      "text": "Intl.DisplayNames ( locales, options )",
      "url": "https://tc39.es/ecma402/#sec-Intl.DisplayNames"
    }
  },
  "#sec-Intl.DisplayNames-internal-slots": {
    "current": {
      "number": "12.2.3",
      "spec": "ECMAScript Internationalization API",
      "text": "Internal slots",
      "url": "https://tc39.es/ecma402/#sec-Intl.DisplayNames-internal-slots"
    }
  },
  "#sec-Intl.DisplayNames.prototype": {
    "current": {
      "number": "12.2.1",
      "spec": "ECMAScript Internationalization API",
      "text": "Intl.DisplayNames.prototype",
      "url": "https://tc39.es/ecma402/#sec-Intl.DisplayNames.prototype"
    }
  },
  "#sec-Intl.DisplayNames.prototype-%40%40tostringtag": {
    "current": {
      "number": "12.3.2",
      "spec": "ECMAScript Internationalization API",
      "text": "Intl.DisplayNames.prototype[ @@toStringTag ]",
      "url": "https://tc39.es/ecma402/#sec-Intl.DisplayNames.prototype-%40%40tostringtag"
    }
  },
  "#sec-Intl.DisplayNames.prototype.constructor": {
    "current": {
      "number": "12.3.1",
      "spec": "ECMAScript Internationalization API",
      "text": "Intl.DisplayNames.prototype.constructor",
      "url": "https://tc39.es/ecma402/#sec-Intl.DisplayNames.prototype.constructor"
    }
  },
  "#sec-Intl.DisplayNames.prototype.of": {
    "current": {
      "number": "12.3.3",
      "spec": "ECMAScript Internationalization API",
      "text": "Intl.DisplayNames.prototype.of ( code )",
      "url": "https://tc39.es/ecma402/#sec-Intl.DisplayNames.prototype.of"
    }
  },
  "#sec-Intl.DisplayNames.prototype.resolvedOptions": {
    "current": {
      "number": "12.3.4",
      "spec": "ECMAScript Internationalization API",
      "text": "Intl.DisplayNames.prototype.resolvedOptions ( )",
      "url": "https://tc39.es/ecma402/#sec-Intl.DisplayNames.prototype.resolvedOptions"
    }
  },
  "#sec-Intl.DisplayNames.supportedLocalesOf": {
    "current": {
      "number": "12.2.2",
      "spec": "ECMAScript Internationalization API",
      "text": "Intl.DisplayNames.supportedLocalesOf ( locales [ , options ] )",
      "url": "https://tc39.es/ecma402/#sec-Intl.DisplayNames.supportedLocalesOf"
    }
  },
  "#sec-Intl.ListFormat": {
    "current": {
      "number": "13.1.1",
      "spec": "ECMAScript Internationalization API",
      "text": "Intl.ListFormat ( [ locales [ , options ] ] )",
      "url": "https://tc39.es/ecma402/#sec-Intl.ListFormat"
    }
  },
  "#sec-Intl.ListFormat-internal-slots": {
    "current": {
      "number": "13.2.3",
      "spec": "ECMAScript Internationalization API",
      "text": "Internal slots",
      "url": "https://tc39.es/ecma402/#sec-Intl.ListFormat-internal-slots"
    }
  },
  "#sec-Intl.ListFormat.prototype": {
    "current": {
      "number": "13.2.1",
      "spec": "ECMAScript Internationalization API",
      "text": "Intl.ListFormat.prototype",
      "url": "https://tc39.es/ecma402/#sec-Intl.ListFormat.prototype"
    }
  },
  "#sec-Intl.ListFormat.prototype-toStringTag": {
    "current": {
      "number": "13.3.2",
      "spec": "ECMAScript Internationalization API",
      "text": "Intl.ListFormat.prototype [ @@toStringTag ]",
      "url": "https://tc39.es/ecma402/#sec-Intl.ListFormat.prototype-toStringTag"
    }
  },
  "#sec-Intl.ListFormat.prototype.constructor": {
    "current": {
      "number": "13.3.1",
      "spec": "ECMAScript Internationalization API",
      "text": "Intl.ListFormat.prototype.constructor",
      "url": "https://tc39.es/ecma402/#sec-Intl.ListFormat.prototype.constructor"
    }
  },
  "#sec-Intl.ListFormat.prototype.format": {
    "current": {
      "number": "13.3.3",
      "spec": "ECMAScript Internationalization API",
      "text": "Intl.ListFormat.prototype.format ( list )",
      "url": "https://tc39.es/ecma402/#sec-Intl.ListFormat.prototype.format"
    }
  },
  "#sec-Intl.ListFormat.prototype.formatToParts": {
    "current": {
      "number": "13.3.4",
      "spec": "ECMAScript Internationalization API",
      "text": "Intl.ListFormat.prototype.formatToParts ( list )",
      "url": "https://tc39.es/ecma402/#sec-Intl.ListFormat.prototype.formatToParts"
    }
  },
  "#sec-Intl.ListFormat.prototype.resolvedoptions": {
    "current": {
      "number": "13.3.5",
      "spec": "ECMAScript Internationalization API",
      "text": "Intl.ListFormat.prototype.resolvedOptions ( )",
      "url": "https://tc39.es/ecma402/#sec-Intl.ListFormat.prototype.resolvedoptions"
    }
  },
  "#sec-Intl.ListFormat.supportedLocalesOf": {
    "current": {
      "number": "13.2.2",
      "spec": "ECMAScript Internationalization API",
      "text": "Intl.ListFormat.supportedLocalesOf ( locales [ , options ] )",
      "url": "https://tc39.es/ecma402/#sec-Intl.ListFormat.supportedLocalesOf"
    }
  },
  "#sec-Intl.Locale": {
    "current": {
      "number": "14.1.1",
      "spec": "ECMAScript Internationalization API",
      "text": "Intl.Locale ( tag [ , options ] )",
      "url": "https://tc39.es/ecma402/#sec-Intl.Locale"
    }
  },
  "#sec-Intl.Locale.prototype": {
    "current": {
      "number": "14.2.1",
      "spec": "ECMAScript Internationalization API",
      "text": "Intl.Locale.prototype",
      "url": "https://tc39.es/ecma402/#sec-Intl.Locale.prototype"
    }
  },
  "#sec-Intl.Locale.prototype-%40%40tostringtag": {
    "current": {
      "number": "14.3.2",
      "spec": "ECMAScript Internationalization API",
      "text": "Intl.Locale.prototype[ @@toStringTag ]",
      "url": "https://tc39.es/ecma402/#sec-Intl.Locale.prototype-%40%40tostringtag"
    }
  },
  "#sec-Intl.Locale.prototype.baseName": {
    "current": {
      "number": "14.3.6",
      "spec": "ECMAScript Internationalization API",
      "text": "get Intl.Locale.prototype.baseName",
      "url": "https://tc39.es/ecma402/#sec-Intl.Locale.prototype.baseName"
    }
  },
  "#sec-Intl.Locale.prototype.calendar": {
    "current": {
      "number": "14.3.7",
      "spec": "ECMAScript Internationalization API",
      "text": "get Intl.Locale.prototype.calendar",
      "url": "https://tc39.es/ecma402/#sec-Intl.Locale.prototype.calendar"
    }
  },
  "#sec-Intl.Locale.prototype.caseFirst": {
    "current": {
      "number": "14.3.8",
      "spec": "ECMAScript Internationalization API",
      "text": "get Intl.Locale.prototype.caseFirst",
      "url": "https://tc39.es/ecma402/#sec-Intl.Locale.prototype.caseFirst"
    }
  },
  "#sec-Intl.Locale.prototype.collation": {
    "current": {
      "number": "14.3.9",
      "spec": "ECMAScript Internationalization API",
      "text": "get Intl.Locale.prototype.collation",
      "url": "https://tc39.es/ecma402/#sec-Intl.Locale.prototype.collation"
    }
  },
  "#sec-Intl.Locale.prototype.constructor": {
    "current": {
      "number": "14.3.1",
      "spec": "ECMAScript Internationalization API",
      "text": "Intl.Locale.prototype.constructor",
      "url": "https://tc39.es/ecma402/#sec-Intl.Locale.prototype.constructor"
    }
  },
  "#sec-Intl.Locale.prototype.hourCycle": {
    "current": {
      "number": "14.3.10",
      "spec": "ECMAScript Internationalization API",
      "text": "get Intl.Locale.prototype.hourCycle",
      "url": "https://tc39.es/ecma402/#sec-Intl.Locale.prototype.hourCycle"
    }
  },
  "#sec-Intl.Locale.prototype.language": {
    "current": {
      "number": "14.3.13",
      "spec": "ECMAScript Internationalization API",
      "text": "get Intl.Locale.prototype.language",
      "url": "https://tc39.es/ecma402/#sec-Intl.Locale.prototype.language"
    }
  },
  "#sec-Intl.Locale.prototype.maximize": {
    "current": {
      "number": "14.3.3",
      "spec": "ECMAScript Internationalization API",
      "text": "Intl.Locale.prototype.maximize ( )",
      "url": "https://tc39.es/ecma402/#sec-Intl.Locale.prototype.maximize"
    }
  },
  "#sec-Intl.Locale.prototype.minimize": {
    "current": {
      "number": "14.3.4",
      "spec": "ECMAScript Internationalization API",
      "text": "Intl.Locale.prototype.minimize ( )",
      "url": "https://tc39.es/ecma402/#sec-Intl.Locale.prototype.minimize"
    }
  },
  "#sec-Intl.Locale.prototype.numberingSystem": {
    "current": {
      "number": "14.3.12",
      "spec": "ECMAScript Internationalization API",
      "text": "get Intl.Locale.prototype.numberingSystem",
      "url": "https://tc39.es/ecma402/#sec-Intl.Locale.prototype.numberingSystem"
    }
  },
  "#sec-Intl.Locale.prototype.numeric": {
    "current": {
      "number": "14.3.11",
      "spec": "ECMAScript Internationalization API",
      "text": "get Intl.Locale.prototype.numeric",
      "url": "https://tc39.es/ecma402/#sec-Intl.Locale.prototype.numeric"
    }
  },
  "#sec-Intl.Locale.prototype.region": {
    "current": {
      "number": "14.3.15",
      "spec": "ECMAScript Internationalization API",
      "text": "get Intl.Locale.prototype.region",
      "url": "https://tc39.es/ecma402/#sec-Intl.Locale.prototype.region"
    }
  },
  "#sec-Intl.Locale.prototype.script": {
    "current": {
      "number": "14.3.14",
      "spec": "ECMAScript Internationalization API",
      "text": "get Intl.Locale.prototype.script",
      "url": "https://tc39.es/ecma402/#sec-Intl.Locale.prototype.script"
    }
  },
  "#sec-Intl.Locale.prototype.toString": {
    "current": {
      "number": "14.3.5",
      "spec": "ECMAScript Internationalization API",
      "text": "Intl.Locale.prototype.toString ( )",
      "url": "https://tc39.es/ecma402/#sec-Intl.Locale.prototype.toString"
    }
  },
  "#sec-Intl.RelativeTimeFormat": {
    "current": {
      "number": "17.1.1",
      "spec": "ECMAScript Internationalization API",
      "text": "Intl.RelativeTimeFormat ( [ locales [ , options ] ] )",
      "url": "https://tc39.es/ecma402/#sec-Intl.RelativeTimeFormat"
    }
  },
  "#sec-Intl.RelativeTimeFormat-internal-slots": {
    "current": {
      "number": "17.2.3",
      "spec": "ECMAScript Internationalization API",
      "text": "Internal slots",
      "url": "https://tc39.es/ecma402/#sec-Intl.RelativeTimeFormat-internal-slots"
    }
  },
  "#sec-Intl.RelativeTimeFormat.prototype": {
    "current": {
      "number": "17.2.1",
      "spec": "ECMAScript Internationalization API",
      "text": "Intl.RelativeTimeFormat.prototype",
      "url": "https://tc39.es/ecma402/#sec-Intl.RelativeTimeFormat.prototype"
    }
  },
  "#sec-Intl.RelativeTimeFormat.prototype-toStringTag": {
    "current": {
      "number": "17.3.2",
      "spec": "ECMAScript Internationalization API",
      "text": "Intl.RelativeTimeFormat.prototype[ @@toStringTag ]",
      "url": "https://tc39.es/ecma402/#sec-Intl.RelativeTimeFormat.prototype-toStringTag"
    }
  },
  "#sec-Intl.RelativeTimeFormat.prototype.constructor": {
    "current": {
      "number": "17.3.1",
      "spec": "ECMAScript Internationalization API",
      "text": "Intl.RelativeTimeFormat.prototype.constructor",
      "url": "https://tc39.es/ecma402/#sec-Intl.RelativeTimeFormat.prototype.constructor"
    }
  },
  "#sec-Intl.RelativeTimeFormat.prototype.format": {
    "current": {
      "number": "17.3.3",
      "spec": "ECMAScript Internationalization API",
      "text": "Intl.RelativeTimeFormat.prototype.format ( value, unit )",
      "url": "https://tc39.es/ecma402/#sec-Intl.RelativeTimeFormat.prototype.format"
    }
  },
  "#sec-Intl.RelativeTimeFormat.prototype.formatToParts": {
    "current": {
      "number": "17.3.4",
      "spec": "ECMAScript Internationalization API",
      "text": "Intl.RelativeTimeFormat.prototype.formatToParts ( value, unit )",
      "url": "https://tc39.es/ecma402/#sec-Intl.RelativeTimeFormat.prototype.formatToParts"
    }
  },
  "#sec-Intl.RelativeTimeFormat.supportedLocalesOf": {
    "current": {
      "number": "17.2.2",
      "spec": "ECMAScript Internationalization API",
      "text": "Intl.RelativeTimeFormat.supportedLocalesOf ( locales [ , options ] )",
      "url": "https://tc39.es/ecma402/#sec-Intl.RelativeTimeFormat.supportedLocalesOf"
    }
  },
  "#sec-PartitionRelativeTimePattern": {
    "current": {
      "number": "17.5.2",
      "spec": "ECMAScript Internationalization API",
      "text": "PartitionRelativeTimePattern ( relativeTimeFormat, value, unit )",
      "url": "https://tc39.es/ecma402/#sec-PartitionRelativeTimePattern"
    }
  },
  "#sec-abstract-operations": {
    "current": {
      "number": "9.2",
      "spec": "ECMAScript Internationalization API",
      "text": "Abstract Operations",
      "url": "https://tc39.es/ecma402/#sec-abstract-operations"
    }
  },
  "#sec-api-conventions": {
    "current": {
      "number": "4.3",
      "spec": "ECMAScript Internationalization API",
      "text": "API Conventions",
      "url": "https://tc39.es/ecma402/#sec-api-conventions"
    }
  },
  "#sec-api-overview": {
    "current": {
      "number": "4.2",
      "spec": "ECMAScript Internationalization API",
      "text": "API Overview",
      "url": "https://tc39.es/ecma402/#sec-api-overview"
    }
  },
  "#sec-apply-options-to-tag": {
    "current": {
      "number": "14.1.2",
      "spec": "ECMAScript Internationalization API",
      "text": "ApplyOptionsToTag ( tag, options )",
      "url": "https://tc39.es/ecma402/#sec-apply-options-to-tag"
    }
  },
  "#sec-apply-unicode-extension-to-tag": {
    "current": {
      "number": "14.1.3",
      "spec": "ECMAScript Internationalization API",
      "text": "ApplyUnicodeExtensionToTag ( tag, options, relevantExtensionKeys )",
      "url": "https://tc39.es/ecma402/#sec-apply-unicode-extension-to-tag"
    }
  },
  "#sec-applyunsignedroundingmode": {
    "current": {
      "number": "15.5.18",
      "spec": "ECMAScript Internationalization API",
      "text": "ApplyUnsignedRoundingMode ( x, r1, r2, unsignedRoundingMode )",
      "url": "https://tc39.es/ecma402/#sec-applyunsignedroundingmode"
    }
  },
  "#sec-availablecanonicalcalendars": {
    "current": {
      "number": "6.9.1",
      "spec": "ECMAScript Internationalization API",
      "text": "AvailableCanonicalCalendars ( )",
      "url": "https://tc39.es/ecma402/#sec-availablecanonicalcalendars"
    }
  },
  "#sec-availablecanonicalcollations": {
    "current": {
      "number": "6.8.1",
      "spec": "ECMAScript Internationalization API",
      "text": "AvailableCanonicalCollations ( )",
      "url": "https://tc39.es/ecma402/#sec-availablecanonicalcollations"
    }
  },
  "#sec-availablecanonicalcurrencies": {
    "current": {
      "number": "6.4",
      "spec": "ECMAScript Internationalization API",
      "text": "AvailableCanonicalCurrencies ( )",
      "url": "https://tc39.es/ecma402/#sec-availablecanonicalcurrencies"
    }
  },
  "#sec-availablecanonicalnumberingsystems": {
    "current": {
      "number": "6.7.1",
      "spec": "ECMAScript Internationalization API",
      "text": "AvailableCanonicalNumberingSystems ( )",
      "url": "https://tc39.es/ecma402/#sec-availablecanonicalnumberingsystems"
    }
  },
  "#sec-availablecanonicaltimezones": {
    "current": {
      "number": "6.5.3",
      "spec": "ECMAScript Internationalization API",
      "text": "AvailableCanonicalTimeZones ( )",
      "url": "https://tc39.es/ecma402/#sec-availablecanonicaltimezones"
    }
  },
  "#sec-availablecanonicalunits": {
    "current": {
      "number": "6.6.3",
      "spec": "ECMAScript Internationalization API",
      "text": "AvailableCanonicalUnits ( )",
      "url": "https://tc39.es/ecma402/#sec-availablecanonicalunits"
    }
  },
  "#sec-basicformatmatcher": {
    "current": {
      "number": "11.5.2",
      "spec": "ECMAScript Internationalization API",
      "text": "BasicFormatMatcher ( options, formats )",
      "url": "https://tc39.es/ecma402/#sec-basicformatmatcher"
    }
  },
  "#sec-bestavailablelocale": {
    "current": {
      "number": "9.2.2",
      "spec": "ECMAScript Internationalization API",
      "text": "BestAvailableLocale ( availableLocales, locale )",
      "url": "https://tc39.es/ecma402/#sec-bestavailablelocale"
    }
  },
  "#sec-bestfitformatmatcher": {
    "current": {
      "number": "11.5.3",
      "spec": "ECMAScript Internationalization API",
      "text": "BestFitFormatMatcher ( options, formats )",
      "url": "https://tc39.es/ecma402/#sec-bestfitformatmatcher"
    }
  },
  "#sec-bestfitmatcher": {
    "current": {
      "number": "9.2.4",
      "spec": "ECMAScript Internationalization API",
      "text": "BestFitMatcher ( availableLocales, requestedLocales )",
      "url": "https://tc39.es/ecma402/#sec-bestfitmatcher"
    }
  },
  "#sec-bestfitsupportedlocales": {
    "current": {
      "number": "9.2.9",
      "spec": "ECMAScript Internationalization API",
      "text": "BestFitSupportedLocales ( availableLocales, requestedLocales )",
      "url": "https://tc39.es/ecma402/#sec-bestfitsupportedlocales"
    }
  },
  "#sec-calendar-types": {
    "current": {
      "number": "6.9",
      "spec": "ECMAScript Internationalization API",
      "text": "Calendar Types",
      "url": "https://tc39.es/ecma402/#sec-calendar-types"
    }
  },
  "#sec-canonicalcodefordisplaynames": {
    "current": {
      "number": "12.5.1",
      "spec": "ECMAScript Internationalization API",
      "text": "CanonicalCodeForDisplayNames ( type, code )",
      "url": "https://tc39.es/ecma402/#sec-canonicalcodefordisplaynames"
    }
  },
  "#sec-canonicalizelocalelist": {
    "current": {
      "number": "9.2.1",
      "spec": "ECMAScript Internationalization API",
      "text": "CanonicalizeLocaleList ( locales )",
      "url": "https://tc39.es/ecma402/#sec-canonicalizelocalelist"
    }
  },
  "#sec-canonicalizetimezonename": {
    "current": {
      "number": "6.5.2",
      "spec": "ECMAScript Internationalization API",
      "text": "CanonicalizeTimeZoneName ( timeZone )",
      "url": "https://tc39.es/ecma402/#sec-canonicalizetimezonename"
    }
  },
  "#sec-canonicalizeunicodelocaleid": {
    "current": {
      "number": "6.2.2",
      "spec": "ECMAScript Internationalization API",
      "text": "CanonicalizeUnicodeLocaleId ( locale )",
      "url": "https://tc39.es/ecma402/#sec-canonicalizeunicodelocaleid"
    }
  },
  "#sec-case-sensitivity-and-case-mapping": {
    "current": {
      "number": "6.1",
      "spec": "ECMAScript Internationalization API",
      "text": "Case Sensitivity and Case Mapping",
      "url": "https://tc39.es/ecma402/#sec-case-sensitivity-and-case-mapping"
    }
  },
  "#sec-chaindatetimeformat": {
    "current": {
      "number": "11.1.1.1",
      "spec": "ECMAScript Internationalization API",
      "text": "ChainDateTimeFormat ( dateTimeFormat, newTarget, this )",
      "url": "https://tc39.es/ecma402/#sec-chaindatetimeformat"
    }
  },
  "#sec-chainnumberformat": {
    "current": {
      "number": "15.1.1.1",
      "spec": "ECMAScript Internationalization API",
      "text": "ChainNumberFormat ( numberFormat, newTarget, this )",
      "url": "https://tc39.es/ecma402/#sec-chainnumberformat"
    }
  },
  "#sec-coerceoptionstoobject": {
    "current": {
      "number": "9.2.12",
      "spec": "ECMAScript Internationalization API",
      "text": "CoerceOptionsToObject ( options )",
      "url": "https://tc39.es/ecma402/#sec-coerceoptionstoobject"
    }
  },
  "#sec-collapsenumberrange": {
    "current": {
      "number": "15.5.21",
      "spec": "ECMAScript Internationalization API",
      "text": "CollapseNumberRange ( result )",
      "url": "https://tc39.es/ecma402/#sec-collapsenumberrange"
    }
  },
  "#sec-collation-types": {
    "current": {
      "number": "6.8",
      "spec": "ECMAScript Internationalization API",
      "text": "Collation Types",
      "url": "https://tc39.es/ecma402/#sec-collation-types"
    }
  },
  "#sec-collator-compare-functions": {
    "current": {
      "number": "10.3.3.1",
      "spec": "ECMAScript Internationalization API",
      "text": "Collator Compare Functions",
      "url": "https://tc39.es/ecma402/#sec-collator-compare-functions"
    }
  },
  "#sec-collator-comparestrings": {
    "current": {
      "number": "10.3.3.2",
      "spec": "ECMAScript Internationalization API",
      "text": "CompareStrings ( collator, x, y )",
      "url": "https://tc39.es/ecma402/#sec-collator-comparestrings"
    }
  },
  "#sec-compatibility": {
    "current": {
      "number": "4.4.1",
      "spec": "ECMAScript Internationalization API",
      "text": "Compatibility across implementations",
      "url": "https://tc39.es/ecma402/#sec-compatibility"
    }
  },
  "#sec-computeexponent": {
    "current": {
      "number": "15.5.13",
      "spec": "ECMAScript Internationalization API",
      "text": "ComputeExponent ( numberFormat, x )",
      "url": "https://tc39.es/ecma402/#sec-computeexponent"
    }
  },
  "#sec-computeexponentformagnitude": {
    "current": {
      "number": "15.5.14",
      "spec": "ECMAScript Internationalization API",
      "text": "ComputeExponentForMagnitude ( numberFormat, magnitude )",
      "url": "https://tc39.es/ecma402/#sec-computeexponentformagnitude"
    }
  },
  "#sec-constructor-properties-of-the-intl-object": {
    "current": {
      "number": "8.2",
      "spec": "ECMAScript Internationalization API",
      "text": "Constructor Properties of the Intl Object",
      "url": "https://tc39.es/ecma402/#sec-constructor-properties-of-the-intl-object"
    }
  },
  "#sec-createdatetimeformat": {
    "current": {
      "number": "11.1.2",
      "spec": "ECMAScript Internationalization API",
      "text": "CreateDateTimeFormat ( newTarget, locales, options, required, defaults )",
      "url": "https://tc39.es/ecma402/#sec-createdatetimeformat"
    }
  },
  "#sec-createpartsfromlist": {
    "current": {
      "number": "13.5.2",
      "spec": "ECMAScript Internationalization API",
      "text": "CreatePartsFromList ( listFormat, list )",
      "url": "https://tc39.es/ecma402/#sec-createpartsfromlist"
    }
  },
  "#sec-createsegmentdataobject": {
    "current": {
      "number": "18.7.1",
      "spec": "ECMAScript Internationalization API",
      "text": "CreateSegmentDataObject ( segmenter, string, startIndex, endIndex )",
      "url": "https://tc39.es/ecma402/#sec-createsegmentdataobject"
    }
  },
  "#sec-createsegmentiterator": {
    "current": {
      "number": "18.6.1",
      "spec": "ECMAScript Internationalization API",
      "text": "CreateSegmentIterator ( segmenter, string )",
      "url": "https://tc39.es/ecma402/#sec-createsegmentiterator"
    }
  },
  "#sec-createsegmentsobject": {
    "current": {
      "number": "18.5.1",
      "spec": "ECMAScript Internationalization API",
      "text": "CreateSegmentsObject ( segmenter, string )",
      "url": "https://tc39.es/ecma402/#sec-createsegmentsobject"
    }
  },
  "#sec-createstringlistfromiterable": {
    "current": {
      "number": "13.5.5",
      "spec": "ECMAScript Internationalization API",
      "text": "StringListFromIterable ( iterable )",
      "url": "https://tc39.es/ecma402/#sec-createstringlistfromiterable"
    }
  },
  "#sec-currency-codes": {
    "current": {
      "number": "6.3",
      "spec": "ECMAScript Internationalization API",
      "text": "Currency Codes",
      "url": "https://tc39.es/ecma402/#sec-currency-codes"
    }
  },
  "#sec-currencydigits": {
    "current": {
      "number": "15.5.1",
      "spec": "ECMAScript Internationalization API",
      "text": "CurrencyDigits ( currency )",
      "url": "https://tc39.es/ecma402/#sec-currencydigits"
    }
  },
  "#sec-date-time-style-format": {
    "current": {
      "number": "11.5.1",
      "spec": "ECMAScript Internationalization API",
      "text": "DateTimeStyleFormat ( dateStyle, timeStyle, styles )",
      "url": "https://tc39.es/ecma402/#sec-date-time-style-format"
    }
  },
  "#sec-datetime-format-functions": {
    "current": {
      "number": "11.5.4",
      "spec": "ECMAScript Internationalization API",
      "text": "DateTime Format Functions",
      "url": "https://tc39.es/ecma402/#sec-datetime-format-functions"
    }
  },
  "#sec-datetimeformat-abstracts": {
    "current": {
      "number": "11.5",
      "spec": "ECMAScript Internationalization API",
      "text": "Abstract Operations for DateTimeFormat Objects",
      "url": "https://tc39.es/ecma402/#sec-datetimeformat-abstracts"
    }
  },
  "#sec-datetimeformat-tolocaltime-records": {
    "current": {
      "number": "11.5.13",
      "spec": "ECMAScript Internationalization API",
      "text": "ToLocalTime Records",
      "url": "https://tc39.es/ecma402/#sec-datetimeformat-tolocaltime-records"
    }
  },
  "#sec-deconstructpattern": {
    "current": {
      "number": "13.5.1",
      "spec": "ECMAScript Internationalization API",
      "text": "DeconstructPattern ( pattern, placeables )",
      "url": "https://tc39.es/ecma402/#sec-deconstructpattern"
    }
  },
  "#sec-defaultlocale": {
    "current": {
      "number": "6.2.3",
      "spec": "ECMAScript Internationalization API",
      "text": "DefaultLocale ( )",
      "url": "https://tc39.es/ecma402/#sec-defaultlocale"
    }
  },
  "#sec-defaultnumberoption": {
    "current": {
      "number": "9.2.15",
      "spec": "ECMAScript Internationalization API",
      "text": "DefaultNumberOption ( value, minimum, maximum, fallback )",
      "url": "https://tc39.es/ecma402/#sec-defaultnumberoption"
    }
  },
  "#sec-findboundary": {
    "current": {
      "number": "18.8.1",
      "spec": "ECMAScript Internationalization API",
      "text": "FindBoundary ( segmenter, string, startIndex, direction )",
      "url": "https://tc39.es/ecma402/#sec-findboundary"
    }
  },
  "#sec-formatapproximately": {
    "current": {
      "number": "15.5.20",
      "spec": "ECMAScript Internationalization API",
      "text": "FormatApproximately ( numberFormat, result )",
      "url": "https://tc39.es/ecma402/#sec-formatapproximately"
    }
  },
  "#sec-formatdatetime": {
    "current": {
      "number": "11.5.7",
      "spec": "ECMAScript Internationalization API",
      "text": "FormatDateTime ( dateTimeFormat, x )",
      "url": "https://tc39.es/ecma402/#sec-formatdatetime"
    }
  },
  "#sec-formatdatetimepattern": {
    "current": {
      "number": "11.5.5",
      "spec": "ECMAScript Internationalization API",
      "text": "FormatDateTimePattern ( dateTimeFormat, patternParts, x, rangeFormatOptions )",
      "url": "https://tc39.es/ecma402/#sec-formatdatetimepattern"
    }
  },
  "#sec-formatdatetimerange": {
    "current": {
      "number": "11.5.10",
      "spec": "ECMAScript Internationalization API",
      "text": "FormatDateTimeRange ( dateTimeFormat, x, y )",
      "url": "https://tc39.es/ecma402/#sec-formatdatetimerange"
    }
  },
  "#sec-formatdatetimerangetoparts": {
    "current": {
      "number": "11.5.11",
      "spec": "ECMAScript Internationalization API",
      "text": "FormatDateTimeRangeToParts ( dateTimeFormat, x, y )",
      "url": "https://tc39.es/ecma402/#sec-formatdatetimerangetoparts"
    }
  },
  "#sec-formatdatetimetoparts": {
    "current": {
      "number": "11.5.8",
      "spec": "ECMAScript Internationalization API",
      "text": "FormatDateTimeToParts ( dateTimeFormat, x )",
      "url": "https://tc39.es/ecma402/#sec-formatdatetimetoparts"
    }
  },
  "#sec-formatlist": {
    "current": {
      "number": "13.5.3",
      "spec": "ECMAScript Internationalization API",
      "text": "FormatList ( listFormat, list )",
      "url": "https://tc39.es/ecma402/#sec-formatlist"
    }
  },
  "#sec-formatlisttoparts": {
    "current": {
      "number": "13.5.4",
      "spec": "ECMAScript Internationalization API",
      "text": "FormatListToParts ( listFormat, list )",
      "url": "https://tc39.es/ecma402/#sec-formatlisttoparts"
    }
  },
  "#sec-formatnumber": {
    "current": {
      "number": "15.5.6",
      "spec": "ECMAScript Internationalization API",
      "text": "FormatNumeric ( numberFormat, x )",
      "url": "https://tc39.es/ecma402/#sec-formatnumber"
    }
  },
  "#sec-formatnumberstring": {
    "current": {
      "number": "15.5.3",
      "spec": "ECMAScript Internationalization API",
      "text": "FormatNumericToString ( intlObject, x )",
      "url": "https://tc39.es/ecma402/#sec-formatnumberstring"
    }
  },
  "#sec-formatnumbertoparts": {
    "current": {
      "number": "15.5.7",
      "spec": "ECMAScript Internationalization API",
      "text": "FormatNumericToParts ( numberFormat, x )",
      "url": "https://tc39.es/ecma402/#sec-formatnumbertoparts"
    }
  },
  "#sec-formatnumericrange": {
    "current": {
      "number": "15.5.22",
      "spec": "ECMAScript Internationalization API",
      "text": "FormatNumericRange ( numberFormat, x, y )",
      "url": "https://tc39.es/ecma402/#sec-formatnumericrange"
    }
  },
  "#sec-formatnumericrangetoparts": {
    "current": {
      "number": "15.5.23",
      "spec": "ECMAScript Internationalization API",
      "text": "FormatNumericRangeToParts ( numberFormat, x, y )",
      "url": "https://tc39.es/ecma402/#sec-formatnumericrangetoparts"
    }
  },
  "#sec-formatoffsettimezoneidentifier": {
    "current": {
      "number": "11.1.3",
      "spec": "ECMAScript Internationalization API",
      "text": "FormatOffsetTimeZoneIdentifier ( offsetMinutes )",
      "url": "https://tc39.es/ecma402/#sec-formatoffsettimezoneidentifier"
    }
  },
  "#sec-function-properties-of-the-intl-object": {
    "current": {
      "number": "8.3",
      "spec": "ECMAScript Internationalization API",
      "text": "Function Properties of the Intl Object",
      "url": "https://tc39.es/ecma402/#sec-function-properties-of-the-intl-object"
    }
  },
  "#sec-getbooleanorstringnumberformatoption": {
    "current": {
      "number": "9.2.14",
      "spec": "ECMAScript Internationalization API",
      "text": "GetBooleanOrStringNumberFormatOption ( options, property, stringValues, fallback )",
      "url": "https://tc39.es/ecma402/#sec-getbooleanorstringnumberformatoption"
    }
  },
  "#sec-getlocalelanguage": {
    "current": {
      "number": "14.5.1",
      "spec": "ECMAScript Internationalization API",
      "text": "GetLocaleLanguage ( locale )",
      "url": "https://tc39.es/ecma402/#sec-getlocalelanguage"
    }
  },
  "#sec-getlocaleregion": {
    "current": {
      "number": "14.5.3",
      "spec": "ECMAScript Internationalization API",
      "text": "GetLocaleRegion ( locale )",
      "url": "https://tc39.es/ecma402/#sec-getlocaleregion"
    }
  },
  "#sec-getlocalescript": {
    "current": {
      "number": "14.5.2",
      "spec": "ECMAScript Internationalization API",
      "text": "GetLocaleScript ( locale )",
      "url": "https://tc39.es/ecma402/#sec-getlocalescript"
    }
  },
  "#sec-getlocalevariants": {
    "current": {
      "number": "14.5.4",
      "spec": "ECMAScript Internationalization API",
      "text": "GetLocaleVariants ( locale )",
      "url": "https://tc39.es/ecma402/#sec-getlocalevariants"
    }
  },
  "#sec-getnotationsubpattern": {
    "current": {
      "number": "15.5.12",
      "spec": "ECMAScript Internationalization API",
      "text": "GetNotationSubPattern ( numberFormat, exponent )",
      "url": "https://tc39.es/ecma402/#sec-getnotationsubpattern"
    }
  },
  "#sec-getnumberformatpattern": {
    "current": {
      "number": "15.5.11",
      "spec": "ECMAScript Internationalization API",
      "text": "GetNumberFormatPattern ( numberFormat, x )",
      "url": "https://tc39.es/ecma402/#sec-getnumberformatpattern"
    }
  },
  "#sec-getnumberoption": {
    "current": {
      "number": "9.2.16",
      "spec": "ECMAScript Internationalization API",
      "text": "GetNumberOption ( options, property, minimum, maximum, fallback )",
      "url": "https://tc39.es/ecma402/#sec-getnumberoption"
    }
  },
  "#sec-getoperands": {
    "current": {
      "number": "16.5.1",
      "spec": "ECMAScript Internationalization API",
      "text": "GetOperands ( s )",
      "url": "https://tc39.es/ecma402/#sec-getoperands"
    }
  },
  "#sec-getoption": {
    "current": {
      "number": "9.2.13",
      "spec": "ECMAScript Internationalization API",
      "text": "GetOption ( options, property, type, values, default )",
      "url": "https://tc39.es/ecma402/#sec-getoption"
    }
  },
  "#sec-getoptionsobject": {
    "current": {
      "number": "9.2.11",
      "spec": "ECMAScript Internationalization API",
      "text": "GetOptionsObject ( options )",
      "url": "https://tc39.es/ecma402/#sec-getoptionsobject"
    }
  },
  "#sec-getunsignedroundingmode": {
    "current": {
      "number": "15.5.17",
      "spec": "ECMAScript Internationalization API",
      "text": "GetUnsignedRoundingMode ( roundingMode, sign )",
      "url": "https://tc39.es/ecma402/#sec-getunsignedroundingmode"
    }
  },
  "#sec-implementation-dependencies": {
    "current": {
      "number": "4.4",
      "spec": "ECMAScript Internationalization API",
      "text": "Implementation Dependencies",
      "url": "https://tc39.es/ecma402/#sec-implementation-dependencies"
    }
  },
  "#sec-initializecollator": {
    "current": {
      "number": "10.1.2",
      "spec": "ECMAScript Internationalization API",
      "text": "InitializeCollator ( collator, locales, options )",
      "url": "https://tc39.es/ecma402/#sec-initializecollator"
    }
  },
  "#sec-initializenumberformat": {
    "current": {
      "number": "15.1.2",
      "spec": "ECMAScript Internationalization API",
      "text": "InitializeNumberFormat ( numberFormat, locales, options )",
      "url": "https://tc39.es/ecma402/#sec-initializenumberformat"
    }
  },
  "#sec-initializepluralrules": {
    "current": {
      "number": "16.1.2",
      "spec": "ECMAScript Internationalization API",
      "text": "InitializePluralRules ( pluralRules, locales, options )",
      "url": "https://tc39.es/ecma402/#sec-initializepluralrules"
    }
  },
  "#sec-insert-unicode-extension-and-canonicalize": {
    "current": {
      "number": "9.2.6",
      "spec": "ECMAScript Internationalization API",
      "text": "InsertUnicodeExtensionAndCanonicalize ( locale, extension )",
      "url": "https://tc39.es/ecma402/#sec-insert-unicode-extension-and-canonicalize"
    }
  },
  "#sec-internal-slots": {
    "current": {
      "number": "9.1",
      "spec": "ECMAScript Internationalization API",
      "text": "Internal slots of Service Constructors",
      "url": "https://tc39.es/ecma402/#sec-internal-slots"
    }
  },
  "#sec-internationalization-localization-globalization": {
    "current": {
      "number": "4.1",
      "spec": "ECMAScript Internationalization API",
      "text": "Internationalization, Localization, and Globalization",
      "url": "https://tc39.es/ecma402/#sec-internationalization-localization-globalization"
    }
  },
  "#sec-intl-collator-internal-slots": {
    "current": {
      "number": "10.2.3",
      "spec": "ECMAScript Internationalization API",
      "text": "Internal slots",
      "url": "https://tc39.es/ecma402/#sec-intl-collator-internal-slots"
    }
  },
  "#sec-intl-datetimeformat-constructor": {
    "current": {
      "number": "11.1",
      "spec": "ECMAScript Internationalization API",
      "text": "The Intl.DateTimeFormat Constructor",
      "url": "https://tc39.es/ecma402/#sec-intl-datetimeformat-constructor"
    }
  },
  "#sec-intl-displaynames-abstracts": {
    "current": {
      "number": "12.5",
      "spec": "ECMAScript Internationalization API",
      "text": "Abstract Operations for DisplayNames Objects",
      "url": "https://tc39.es/ecma402/#sec-intl-displaynames-abstracts"
    }
  },
  "#sec-intl-displaynames-constructor": {
    "current": {
      "number": "12.1",
      "spec": "ECMAScript Internationalization API",
      "text": "The Intl.DisplayNames Constructor",
      "url": "https://tc39.es/ecma402/#sec-intl-displaynames-constructor"
    }
  },
  "#sec-intl-listformat-abstracts": {
    "current": {
      "number": "13.5",
      "spec": "ECMAScript Internationalization API",
      "text": "Abstract Operations for ListFormat Objects",
      "url": "https://tc39.es/ecma402/#sec-intl-listformat-abstracts"
    }
  },
  "#sec-intl-listformat-constructor": {
    "current": {
      "number": "13.1",
      "spec": "ECMAScript Internationalization API",
      "text": "The Intl.ListFormat Constructor",
      "url": "https://tc39.es/ecma402/#sec-intl-listformat-constructor"
    }
  },
  "#sec-intl-locale-abstracts": {
    "current": {
      "number": "14.5",
      "spec": "ECMAScript Internationalization API",
      "text": "Abstract Operations for Locale Objects",
      "url": "https://tc39.es/ecma402/#sec-intl-locale-abstracts"
    }
  },
  "#sec-intl-locale-constructor": {
    "current": {
      "number": "14.1",
      "spec": "ECMAScript Internationalization API",
      "text": "The Intl.Locale Constructor",
      "url": "https://tc39.es/ecma402/#sec-intl-locale-constructor"
    }
  },
  "#sec-intl-numberformat-constructor": {
    "current": {
      "number": "15.1",
      "spec": "ECMAScript Internationalization API",
      "text": "The Intl.NumberFormat Constructor",
      "url": "https://tc39.es/ecma402/#sec-intl-numberformat-constructor"
    }
  },
  "#sec-intl-pluralrules-abstracts": {
    "current": {
      "number": "16.5",
      "spec": "ECMAScript Internationalization API",
      "text": "Abstract Operations for PluralRules Objects",
      "url": "https://tc39.es/ecma402/#sec-intl-pluralrules-abstracts"
    }
  },
  "#sec-intl-pluralrules-constructor": {
    "current": {
      "number": "16.1",
      "spec": "ECMAScript Internationalization API",
      "text": "The Intl.PluralRules Constructor",
      "url": "https://tc39.es/ecma402/#sec-intl-pluralrules-constructor"
    }
  },
  "#sec-intl-relativetimeformat--abstracts": {
    "current": {
      "number": "17.5",
      "spec": "ECMAScript Internationalization API",
      "text": "Abstract Operations for RelativeTimeFormat Objects",
      "url": "https://tc39.es/ecma402/#sec-intl-relativetimeformat--abstracts"
    }
  },
  "#sec-intl-relativetimeformat-constructor": {
    "current": {
      "number": "17.1",
      "spec": "ECMAScript Internationalization API",
      "text": "The Intl.RelativeTimeFormat Constructor",
      "url": "https://tc39.es/ecma402/#sec-intl-relativetimeformat-constructor"
    }
  },
  "#sec-intl-segmenter-abstracts": {
    "current": {
      "number": "18.8",
      "spec": "ECMAScript Internationalization API",
      "text": "Abstract Operations for Segmenter Objects",
      "url": "https://tc39.es/ecma402/#sec-intl-segmenter-abstracts"
    }
  },
  "#sec-intl-segmenter-constructor": {
    "current": {
      "number": "18.1",
      "spec": "ECMAScript Internationalization API",
      "text": "The Intl.Segmenter Constructor",
      "url": "https://tc39.es/ecma402/#sec-intl-segmenter-constructor"
    }
  },
  "#sec-intl.collator": {
    "current": {
      "number": "10.1.1",
      "spec": "ECMAScript Internationalization API",
      "text": "Intl.Collator ( [ locales [ , options ] ] )",
      "url": "https://tc39.es/ecma402/#sec-intl.collator"
    }
  },
  "#sec-intl.collator-intro": {
    "current": {
      "number": "8.2.1",
      "spec": "ECMAScript Internationalization API",
      "text": "Intl.Collator ( . . . )",
      "url": "https://tc39.es/ecma402/#sec-intl.collator-intro"
    }
  },
  "#sec-intl.collator.prototype": {
    "current": {
      "number": "10.2.1",
      "spec": "ECMAScript Internationalization API",
      "text": "Intl.Collator.prototype",
      "url": "https://tc39.es/ecma402/#sec-intl.collator.prototype"
    }
  },
  "#sec-intl.collator.prototype-%40%40tostringtag": {
    "current": {
      "number": "10.3.2",
      "spec": "ECMAScript Internationalization API",
      "text": "Intl.Collator.prototype [ @@toStringTag ]",
      "url": "https://tc39.es/ecma402/#sec-intl.collator.prototype-%40%40tostringtag"
    }
  },
  "#sec-intl.collator.prototype.compare": {
    "current": {
      "number": "10.3.3",
      "spec": "ECMAScript Internationalization API",
      "text": "get Intl.Collator.prototype.compare",
      "url": "https://tc39.es/ecma402/#sec-intl.collator.prototype.compare"
    }
  },
  "#sec-intl.collator.prototype.constructor": {
    "current": {
      "number": "10.3.1",
      "spec": "ECMAScript Internationalization API",
      "text": "Intl.Collator.prototype.constructor",
      "url": "https://tc39.es/ecma402/#sec-intl.collator.prototype.constructor"
    }
  },
  "#sec-intl.collator.prototype.resolvedoptions": {
    "current": {
      "number": "10.3.4",
      "spec": "ECMAScript Internationalization API",
      "text": "Intl.Collator.prototype.resolvedOptions ( )",
      "url": "https://tc39.es/ecma402/#sec-intl.collator.prototype.resolvedoptions"
    }
  },
  "#sec-intl.collator.supportedlocalesof": {
    "current": {
      "number": "10.2.2",
      "spec": "ECMAScript Internationalization API",
      "text": "Intl.Collator.supportedLocalesOf ( locales [ , options ] )",
      "url": "https://tc39.es/ecma402/#sec-intl.collator.supportedlocalesof"
    }
  },
  "#sec-intl.datetimeformat": {
    "current": {
      "number": "11.1.1",
      "spec": "ECMAScript Internationalization API",
      "text": "Intl.DateTimeFormat ( [ locales [ , options ] ] )",
      "url": "https://tc39.es/ecma402/#sec-intl.datetimeformat"
    }
  },
  "#sec-intl.datetimeformat-internal-slots": {
    "current": {
      "number": "11.2.3",
      "spec": "ECMAScript Internationalization API",
      "text": "Internal slots",
      "url": "https://tc39.es/ecma402/#sec-intl.datetimeformat-internal-slots"
    }
  },
  "#sec-intl.datetimeformat-intro": {
    "current": {
      "number": "8.2.2",
      "spec": "ECMAScript Internationalization API",
      "text": "Intl.DateTimeFormat ( . . . )",
      "url": "https://tc39.es/ecma402/#sec-intl.datetimeformat-intro"
    }
  },
  "#sec-intl.datetimeformat.prototype": {
    "current": {
      "number": "11.2.1",
      "spec": "ECMAScript Internationalization API",
      "text": "Intl.DateTimeFormat.prototype",
      "url": "https://tc39.es/ecma402/#sec-intl.datetimeformat.prototype"
    }
  },
  "#sec-intl.datetimeformat.prototype-%40%40tostringtag": {
    "current": {
      "number": "11.3.2",
      "spec": "ECMAScript Internationalization API",
      "text": "Intl.DateTimeFormat.prototype [ @@toStringTag ]",
      "url": "https://tc39.es/ecma402/#sec-intl.datetimeformat.prototype-%40%40tostringtag"
    }
  },
  "#sec-intl.datetimeformat.prototype.constructor": {
    "current": {
      "number": "11.3.1",
      "spec": "ECMAScript Internationalization API",
      "text": "Intl.DateTimeFormat.prototype.constructor",
      "url": "https://tc39.es/ecma402/#sec-intl.datetimeformat.prototype.constructor"
    }
  },
  "#sec-intl.datetimeformat.prototype.format": {
    "current": {
      "number": "11.3.3",
      "spec": "ECMAScript Internationalization API",
      "text": "get Intl.DateTimeFormat.prototype.format",
      "url": "https://tc39.es/ecma402/#sec-intl.datetimeformat.prototype.format"
    }
  },
  "#sec-intl.datetimeformat.prototype.formatRange": {
    "current": {
      "number": "11.3.5",
      "spec": "ECMAScript Internationalization API",
      "text": "Intl.DateTimeFormat.prototype.formatRange ( startDate, endDate )",
      "url": "https://tc39.es/ecma402/#sec-intl.datetimeformat.prototype.formatRange"
    }
  },
  "#sec-intl.datetimeformat.prototype.resolvedoptions": {
    "current": {
      "number": "11.3.7",
      "spec": "ECMAScript Internationalization API",
      "text": "Intl.DateTimeFormat.prototype.resolvedOptions ( )",
      "url": "https://tc39.es/ecma402/#sec-intl.datetimeformat.prototype.resolvedoptions"
    }
  },
  "#sec-intl.datetimeformat.supportedlocalesof": {
    "current": {
      "number": "11.2.2",
      "spec": "ECMAScript Internationalization API",
      "text": "Intl.DateTimeFormat.supportedLocalesOf ( locales [ , options ] )",
      "url": "https://tc39.es/ecma402/#sec-intl.datetimeformat.supportedlocalesof"
    }
  },
  "#sec-intl.displaynames-intro": {
    "current": {
      "number": "8.2.3",
      "spec": "ECMAScript Internationalization API",
      "text": "Intl.DisplayNames ( . . . )",
      "url": "https://tc39.es/ecma402/#sec-intl.displaynames-intro"
    }
  },
  "#sec-intl.getcanonicallocales": {
    "current": {
      "number": "8.3.1",
      "spec": "ECMAScript Internationalization API",
      "text": "Intl.getCanonicalLocales ( locales )",
      "url": "https://tc39.es/ecma402/#sec-intl.getcanonicallocales"
    }
  },
  "#sec-intl.listformat-intro": {
    "current": {
      "number": "8.2.4",
      "spec": "ECMAScript Internationalization API",
      "text": "Intl.ListFormat ( . . . )",
      "url": "https://tc39.es/ecma402/#sec-intl.listformat-intro"
    }
  },
  "#sec-intl.locale-internal-slots": {
    "current": {
      "number": "14.2.2",
      "spec": "ECMAScript Internationalization API",
      "text": "Internal slots",
      "url": "https://tc39.es/ecma402/#sec-intl.locale-internal-slots"
    }
  },
  "#sec-intl.locale-intro": {
    "current": {
      "number": "8.2.5",
      "spec": "ECMAScript Internationalization API",
      "text": "Intl.Locale ( . . . )",
      "url": "https://tc39.es/ecma402/#sec-intl.locale-intro"
    }
  },
  "#sec-intl.numberformat": {
    "current": {
      "number": "15.1.1",
      "spec": "ECMAScript Internationalization API",
      "text": "Intl.NumberFormat ( [ locales [ , options ] ] )",
      "url": "https://tc39.es/ecma402/#sec-intl.numberformat"
    }
  },
  "#sec-intl.numberformat-internal-slots": {
    "current": {
      "number": "15.2.3",
      "spec": "ECMAScript Internationalization API",
      "text": "Internal slots",
      "url": "https://tc39.es/ecma402/#sec-intl.numberformat-internal-slots"
    }
  },
  "#sec-intl.numberformat-intro": {
    "current": {
      "number": "8.2.6",
      "spec": "ECMAScript Internationalization API",
      "text": "Intl.NumberFormat ( . . . )",
      "url": "https://tc39.es/ecma402/#sec-intl.numberformat-intro"
    }
  },
  "#sec-intl.numberformat.prototype": {
    "current": {
      "number": "15.2.1",
      "spec": "ECMAScript Internationalization API",
      "text": "Intl.NumberFormat.prototype",
      "url": "https://tc39.es/ecma402/#sec-intl.numberformat.prototype"
    }
  },
  "#sec-intl.numberformat.prototype-%40%40tostringtag": {
    "current": {
      "number": "15.3.2",
      "spec": "ECMAScript Internationalization API",
      "text": "Intl.NumberFormat.prototype [ @@toStringTag ]",
      "url": "https://tc39.es/ecma402/#sec-intl.numberformat.prototype-%40%40tostringtag"
    }
  },
  "#sec-intl.numberformat.prototype.constructor": {
    "current": {
      "number": "15.3.1",
      "spec": "ECMAScript Internationalization API",
      "text": "Intl.NumberFormat.prototype.constructor",
      "url": "https://tc39.es/ecma402/#sec-intl.numberformat.prototype.constructor"
    }
  },
  "#sec-intl.numberformat.prototype.format": {
    "current": {
      "number": "15.3.3",
      "spec": "ECMAScript Internationalization API",
      "text": "get Intl.NumberFormat.prototype.format",
      "url": "https://tc39.es/ecma402/#sec-intl.numberformat.prototype.format"
    }
  },
  "#sec-intl.numberformat.prototype.formatrange": {
    "current": {
      "number": "15.3.5",
      "spec": "ECMAScript Internationalization API",
      "text": "Intl.NumberFormat.prototype.formatRange ( start, end )",
      "url": "https://tc39.es/ecma402/#sec-intl.numberformat.prototype.formatrange"
    }
  },
  "#sec-intl.numberformat.prototype.formatrangetoparts": {
    "current": {
      "number": "15.3.6",
      "spec": "ECMAScript Internationalization API",
      "text": "Intl.NumberFormat.prototype.formatRangeToParts ( start, end )",
      "url": "https://tc39.es/ecma402/#sec-intl.numberformat.prototype.formatrangetoparts"
    }
  },
  "#sec-intl.numberformat.prototype.formattoparts": {
    "current": {
      "number": "15.3.4",
      "spec": "ECMAScript Internationalization API",
      "text": "Intl.NumberFormat.prototype.formatToParts ( value )",
      "url": "https://tc39.es/ecma402/#sec-intl.numberformat.prototype.formattoparts"
    }
  },
  "#sec-intl.numberformat.prototype.resolvedoptions": {
    "current": {
      "number": "15.3.7",
      "spec": "ECMAScript Internationalization API",
      "text": "Intl.NumberFormat.prototype.resolvedOptions ( )",
      "url": "https://tc39.es/ecma402/#sec-intl.numberformat.prototype.resolvedoptions"
    }
  },
  "#sec-intl.numberformat.supportedlocalesof": {
    "current": {
      "number": "15.2.2",
      "spec": "ECMAScript Internationalization API",
      "text": "Intl.NumberFormat.supportedLocalesOf ( locales [ , options ] )",
      "url": "https://tc39.es/ecma402/#sec-intl.numberformat.supportedlocalesof"
    }
  },
  "#sec-intl.pluralrules": {
    "current": {
      "number": "16.1.1",
      "spec": "ECMAScript Internationalization API",
      "text": "Intl.PluralRules ( [ locales [ , options ] ] )",
      "url": "https://tc39.es/ecma402/#sec-intl.pluralrules"
    }
  },
  "#sec-intl.pluralrules-internal-slots": {
    "current": {
      "number": "16.2.3",
      "spec": "ECMAScript Internationalization API",
      "text": "Internal slots",
      "url": "https://tc39.es/ecma402/#sec-intl.pluralrules-internal-slots"
    }
  },
  "#sec-intl.pluralrules-intro": {
    "current": {
      "number": "8.2.7",
      "spec": "ECMAScript Internationalization API",
      "text": "Intl.PluralRules ( . . . )",
      "url": "https://tc39.es/ecma402/#sec-intl.pluralrules-intro"
    }
  },
  "#sec-intl.pluralrules.prototype": {
    "current": {
      "number": "16.2.1",
      "spec": "ECMAScript Internationalization API",
      "text": "Intl.PluralRules.prototype",
      "url": "https://tc39.es/ecma402/#sec-intl.pluralrules.prototype"
    }
  },
  "#sec-intl.pluralrules.prototype-tostringtag": {
    "current": {
      "number": "16.3.2",
      "spec": "ECMAScript Internationalization API",
      "text": "Intl.PluralRules.prototype [ @@toStringTag ]",
      "url": "https://tc39.es/ecma402/#sec-intl.pluralrules.prototype-tostringtag"
    }
  },
  "#sec-intl.pluralrules.prototype.constructor": {
    "current": {
      "number": "16.3.1",
      "spec": "ECMAScript Internationalization API",
      "text": "Intl.PluralRules.prototype.constructor",
      "url": "https://tc39.es/ecma402/#sec-intl.pluralrules.prototype.constructor"
    }
  },
  "#sec-intl.pluralrules.prototype.resolvedoptions": {
    "current": {
      "number": "16.3.5",
      "spec": "ECMAScript Internationalization API",
      "text": "Intl.PluralRules.prototype.resolvedOptions ( )",
      "url": "https://tc39.es/ecma402/#sec-intl.pluralrules.prototype.resolvedoptions"
    }
  },
  "#sec-intl.pluralrules.prototype.select": {
    "current": {
      "number": "16.3.3",
      "spec": "ECMAScript Internationalization API",
      "text": "Intl.PluralRules.prototype.select ( value )",
      "url": "https://tc39.es/ecma402/#sec-intl.pluralrules.prototype.select"
    }
  },
  "#sec-intl.pluralrules.prototype.selectrange": {
    "current": {
      "number": "16.3.4",
      "spec": "ECMAScript Internationalization API",
      "text": "Intl.PluralRules.prototype.selectRange ( start, end )",
      "url": "https://tc39.es/ecma402/#sec-intl.pluralrules.prototype.selectrange"
    }
  },
  "#sec-intl.pluralrules.supportedlocalesof": {
    "current": {
      "number": "16.2.2",
      "spec": "ECMAScript Internationalization API",
      "text": "Intl.PluralRules.supportedLocalesOf ( locales [ , options ] )",
      "url": "https://tc39.es/ecma402/#sec-intl.pluralrules.supportedlocalesof"
    }
  },
  "#sec-intl.relativetimeformat-intro": {
    "current": {
      "number": "8.2.8",
      "spec": "ECMAScript Internationalization API",
      "text": "Intl.RelativeTimeFormat ( . . . )",
      "url": "https://tc39.es/ecma402/#sec-intl.relativetimeformat-intro"
    }
  },
  "#sec-intl.relativetimeformat.prototype.resolvedoptions": {
    "current": {
      "number": "17.3.5",
      "spec": "ECMAScript Internationalization API",
      "text": "Intl.RelativeTimeFormat.prototype.resolvedOptions ( )",
      "url": "https://tc39.es/ecma402/#sec-intl.relativetimeformat.prototype.resolvedoptions"
    }
  },
  "#sec-intl.segmenter": {
    "current": {
      "number": "18.1.1",
      "spec": "ECMAScript Internationalization API",
      "text": "Intl.Segmenter ( [ locales [ , options ] ] )",
      "url": "https://tc39.es/ecma402/#sec-intl.segmenter"
    }
  },
  "#sec-intl.segmenter-internal-slots": {
    "current": {
      "number": "18.2.3",
      "spec": "ECMAScript Internationalization API",
      "text": "Internal slots",
      "url": "https://tc39.es/ecma402/#sec-intl.segmenter-internal-slots"
    }
  },
  "#sec-intl.segmenter-intro": {
    "current": {
      "number": "8.2.9",
      "spec": "ECMAScript Internationalization API",
      "text": "Intl.Segmenter ( . . . )",
      "url": "https://tc39.es/ecma402/#sec-intl.segmenter-intro"
    }
  },
  "#sec-intl.segmenter.prototype": {
    "current": {
      "number": "18.2.1",
      "spec": "ECMAScript Internationalization API",
      "text": "Intl.Segmenter.prototype",
      "url": "https://tc39.es/ecma402/#sec-intl.segmenter.prototype"
    }
  },
  "#sec-intl.segmenter.prototype-%40%40tostringtag": {
    "current": {
      "number": "18.3.2",
      "spec": "ECMAScript Internationalization API",
      "text": "Intl.Segmenter.prototype [ @@toStringTag ]",
      "url": "https://tc39.es/ecma402/#sec-intl.segmenter.prototype-%40%40tostringtag"
    }
  },
  "#sec-intl.segmenter.prototype.constructor": {
    "current": {
      "number": "18.3.1",
      "spec": "ECMAScript Internationalization API",
      "text": "Intl.Segmenter.prototype.constructor",
      "url": "https://tc39.es/ecma402/#sec-intl.segmenter.prototype.constructor"
    }
  },
  "#sec-intl.segmenter.prototype.resolvedoptions": {
    "current": {
      "number": "18.3.4",
      "spec": "ECMAScript Internationalization API",
      "text": "Intl.Segmenter.prototype.resolvedOptions ( )",
      "url": "https://tc39.es/ecma402/#sec-intl.segmenter.prototype.resolvedoptions"
    }
  },
  "#sec-intl.segmenter.prototype.segment": {
    "current": {
      "number": "18.3.3",
      "spec": "ECMAScript Internationalization API",
      "text": "Intl.Segmenter.prototype.segment ( string )",
      "url": "https://tc39.es/ecma402/#sec-intl.segmenter.prototype.segment"
    }
  },
  "#sec-intl.segmenter.supportedlocalesof": {
    "current": {
      "number": "18.2.2",
      "spec": "ECMAScript Internationalization API",
      "text": "Intl.Segmenter.supportedLocalesOf ( locales [ , options ] )",
      "url": "https://tc39.es/ecma402/#sec-intl.segmenter.supportedlocalesof"
    }
  },
  "#sec-intl.supportedvaluesof": {
    "current": {
      "number": "8.3.2",
      "spec": "ECMAScript Internationalization API",
      "text": "Intl.supportedValuesOf ( key )",
      "url": "https://tc39.es/ecma402/#sec-intl.supportedvaluesof"
    }
  },
  "#sec-issanctionedsingleunitidentifier": {
    "current": {
      "number": "6.6.2",
      "spec": "ECMAScript Internationalization API",
      "text": "IsSanctionedSingleUnitIdentifier ( unitIdentifier )",
      "url": "https://tc39.es/ecma402/#sec-issanctionedsingleunitidentifier"
    }
  },
  "#sec-isstructurallyvalidlanguagetag": {
    "current": {
      "number": "6.2.1",
      "spec": "ECMAScript Internationalization API",
      "text": "IsStructurallyValidLanguageTag ( locale )",
      "url": "https://tc39.es/ecma402/#sec-isstructurallyvalidlanguagetag"
    }
  },
  "#sec-isvaliddatetimefieldcode": {
    "current": {
      "number": "12.5.2",
      "spec": "ECMAScript Internationalization API",
      "text": "IsValidDateTimeFieldCode ( field )",
      "url": "https://tc39.es/ecma402/#sec-isvaliddatetimefieldcode"
    }
  },
  "#sec-isvalidtimezonename": {
    "current": {
      "number": "6.5.1",
      "spec": "ECMAScript Internationalization API",
      "text": "IsValidTimeZoneName ( timeZone )",
      "url": "https://tc39.es/ecma402/#sec-isvalidtimezonename"
    }
  },
  "#sec-iswellformedcurrencycode": {
    "current": {
      "number": "6.3.1",
      "spec": "ECMAScript Internationalization API",
      "text": "IsWellFormedCurrencyCode ( currency )",
      "url": "https://tc39.es/ecma402/#sec-iswellformedcurrencycode"
    }
  },
  "#sec-iswellformedunitidentifier": {
    "current": {
      "number": "6.6.1",
      "spec": "ECMAScript Internationalization API",
      "text": "IsWellFormedUnitIdentifier ( unitIdentifier )",
      "url": "https://tc39.es/ecma402/#sec-iswellformedunitidentifier"
    }
  },
  "#sec-language-tags": {
    "current": {
      "number": "6.2",
      "spec": "ECMAScript Internationalization API",
      "text": "Language Tags",
      "url": "https://tc39.es/ecma402/#sec-language-tags"
    }
  },
  "#sec-lookupmatcher": {
    "current": {
      "number": "9.2.3",
      "spec": "ECMAScript Internationalization API",
      "text": "LookupMatcher ( availableLocales, requestedLocales )",
      "url": "https://tc39.es/ecma402/#sec-lookupmatcher"
    }
  },
  "#sec-lookupsupportedlocales": {
    "current": {
      "number": "9.2.8",
      "spec": "ECMAScript Internationalization API",
      "text": "LookupSupportedLocales ( availableLocales, requestedLocales )",
      "url": "https://tc39.es/ecma402/#sec-lookupsupportedlocales"
    }
  },
  "#sec-makepartslist": {
    "current": {
      "number": "17.5.3",
      "spec": "ECMAScript Internationalization API",
      "text": "MakePartsList ( pattern, unit, parts )",
      "url": "https://tc39.es/ecma402/#sec-makepartslist"
    }
  },
  "#sec-measurement-unit-identifiers": {
    "current": {
      "number": "6.6",
      "spec": "ECMAScript Internationalization API",
      "text": "Measurement Unit Identifiers",
      "url": "https://tc39.es/ecma402/#sec-measurement-unit-identifiers"
    }
  },
  "#sec-number-format-functions": {
    "current": {
      "number": "15.5.2",
      "spec": "ECMAScript Internationalization API",
      "text": "Number Format Functions",
      "url": "https://tc39.es/ecma402/#sec-number-format-functions"
    }
  },
  "#sec-numberformat-abstracts": {
    "current": {
      "number": "15.5",
      "spec": "ECMAScript Internationalization API",
      "text": "Abstract Operations for NumberFormat Objects",
      "url": "https://tc39.es/ecma402/#sec-numberformat-abstracts"
    }
  },
  "#sec-numberingsystem-identifiers": {
    "current": {
      "number": "6.7",
      "spec": "ECMAScript Internationalization API",
      "text": "Numbering System Identifiers",
      "url": "https://tc39.es/ecma402/#sec-numberingsystem-identifiers"
    }
  },
  "#sec-partitiondatetimepattern": {
    "current": {
      "number": "11.5.6",
      "spec": "ECMAScript Internationalization API",
      "text": "PartitionDateTimePattern ( dateTimeFormat, x )",
      "url": "https://tc39.es/ecma402/#sec-partitiondatetimepattern"
    }
  },
  "#sec-partitiondatetimerangepattern": {
    "current": {
      "number": "11.5.9",
      "spec": "ECMAScript Internationalization API",
      "text": "PartitionDateTimeRangePattern ( dateTimeFormat, x, y )",
      "url": "https://tc39.es/ecma402/#sec-partitiondatetimerangepattern"
    }
  },
  "#sec-partitionnotationsubpattern": {
    "current": {
      "number": "15.5.5",
      "spec": "ECMAScript Internationalization API",
      "text": "PartitionNotationSubPattern ( numberFormat, x, n, exponent )",
      "url": "https://tc39.es/ecma402/#sec-partitionnotationsubpattern"
    }
  },
  "#sec-partitionnumberpattern": {
    "current": {
      "number": "15.5.4",
      "spec": "ECMAScript Internationalization API",
      "text": "PartitionNumberPattern ( numberFormat, x )",
      "url": "https://tc39.es/ecma402/#sec-partitionnumberpattern"
    }
  },
  "#sec-partitionnumberrangepattern": {
    "current": {
      "number": "15.5.19",
      "spec": "ECMAScript Internationalization API",
      "text": "PartitionNumberRangePattern ( numberFormat, x, y )",
      "url": "https://tc39.es/ecma402/#sec-partitionnumberrangepattern"
    }
  },
  "#sec-partitionpattern": {
    "current": {
      "number": "9.2.17",
      "spec": "ECMAScript Internationalization API",
      "text": "PartitionPattern ( pattern )",
      "url": "https://tc39.es/ecma402/#sec-partitionpattern"
    }
  },
  "#sec-plural-rules-operands-records": {
    "current": {
      "number": "16.5.2",
      "spec": "ECMAScript Internationalization API",
      "text": "Plural Rules Operands Records",
      "url": "https://tc39.es/ecma402/#sec-plural-rules-operands-records"
    }
  },
  "#sec-pluralruleselect": {
    "current": {
      "number": "16.5.3",
      "spec": "ECMAScript Internationalization API",
      "text": "PluralRuleSelect ( locale, type, n, operands )",
      "url": "https://tc39.es/ecma402/#sec-pluralruleselect"
    }
  },
  "#sec-pluralruleselectrange": {
    "current": {
      "number": "16.5.5",
      "spec": "ECMAScript Internationalization API",
      "text": "PluralRuleSelectRange ( locale, type, xp, yp )",
      "url": "https://tc39.es/ecma402/#sec-pluralruleselectrange"
    }
  },
  "#sec-properties-of-intl-collator-instances": {
    "current": {
      "number": "10.4",
      "spec": "ECMAScript Internationalization API",
      "text": "Properties of Intl.Collator Instances",
      "url": "https://tc39.es/ecma402/#sec-properties-of-intl-collator-instances"
    }
  },
  "#sec-properties-of-intl-datetimeformat-constructor": {
    "current": {
      "number": "11.2",
      "spec": "ECMAScript Internationalization API",
      "text": "Properties of the Intl.DateTimeFormat Constructor",
      "url": "https://tc39.es/ecma402/#sec-properties-of-intl-datetimeformat-constructor"
    }
  },
  "#sec-properties-of-intl-datetimeformat-instances": {
    "current": {
      "number": "11.4",
      "spec": "ECMAScript Internationalization API",
      "text": "Properties of Intl.DateTimeFormat Instances",
      "url": "https://tc39.es/ecma402/#sec-properties-of-intl-datetimeformat-instances"
    }
  },
  "#sec-properties-of-intl-datetimeformat-prototype-object": {
    "current": {
      "number": "11.3",
      "spec": "ECMAScript Internationalization API",
      "text": "Properties of the Intl.DateTimeFormat Prototype Object",
      "url": "https://tc39.es/ecma402/#sec-properties-of-intl-datetimeformat-prototype-object"
    }
  },
  "#sec-properties-of-intl-displaynames-constructor": {
    "current": {
      "number": "12.2",
      "spec": "ECMAScript Internationalization API",
      "text": "Properties of the Intl.DisplayNames Constructor",
      "url": "https://tc39.es/ecma402/#sec-properties-of-intl-displaynames-constructor"
    }
  },
  "#sec-properties-of-intl-displaynames-instances": {
    "current": {
      "number": "12.4",
      "spec": "ECMAScript Internationalization API",
      "text": "Properties of Intl.DisplayNames Instances",
      "url": "https://tc39.es/ecma402/#sec-properties-of-intl-displaynames-instances"
    }
  },
  "#sec-properties-of-intl-displaynames-prototype-object": {
    "current": {
      "number": "12.3",
      "spec": "ECMAScript Internationalization API",
      "text": "Properties of the Intl.DisplayNames Prototype Object",
      "url": "https://tc39.es/ecma402/#sec-properties-of-intl-displaynames-prototype-object"
    }
  },
  "#sec-properties-of-intl-listformat-constructor": {
    "current": {
      "number": "13.2",
      "spec": "ECMAScript Internationalization API",
      "text": "Properties of the Intl.ListFormat Constructor",
      "url": "https://tc39.es/ecma402/#sec-properties-of-intl-listformat-constructor"
    }
  },
  "#sec-properties-of-intl-listformat-instances": {
    "current": {
      "number": "13.4",
      "spec": "ECMAScript Internationalization API",
      "text": "Properties of Intl.ListFormat Instances",
      "url": "https://tc39.es/ecma402/#sec-properties-of-intl-listformat-instances"
    }
  },
  "#sec-properties-of-intl-listformat-prototype-object": {
    "current": {
      "number": "13.3",
      "spec": "ECMAScript Internationalization API",
      "text": "Properties of the Intl.ListFormat Prototype Object",
      "url": "https://tc39.es/ecma402/#sec-properties-of-intl-listformat-prototype-object"
    }
  },
  "#sec-properties-of-intl-locale-constructor": {
    "current": {
      "number": "14.2",
      "spec": "ECMAScript Internationalization API",
      "text": "Properties of the Intl.Locale Constructor",
      "url": "https://tc39.es/ecma402/#sec-properties-of-intl-locale-constructor"
    }
  },
  "#sec-properties-of-intl-locale-instances": {
    "current": {
      "number": "14.4",
      "spec": "ECMAScript Internationalization API",
      "text": "Properties of Intl.Locale Instances",
      "url": "https://tc39.es/ecma402/#sec-properties-of-intl-locale-instances"
    }
  },
  "#sec-properties-of-intl-locale-prototype-object": {
    "current": {
      "number": "14.3",
      "spec": "ECMAScript Internationalization API",
      "text": "Properties of the Intl.Locale Prototype Object",
      "url": "https://tc39.es/ecma402/#sec-properties-of-intl-locale-prototype-object"
    }
  },
  "#sec-properties-of-intl-numberformat-constructor": {
    "current": {
      "number": "15.2",
      "spec": "ECMAScript Internationalization API",
      "text": "Properties of the Intl.NumberFormat Constructor",
      "url": "https://tc39.es/ecma402/#sec-properties-of-intl-numberformat-constructor"
    }
  },
  "#sec-properties-of-intl-numberformat-instances": {
    "current": {
      "number": "15.4",
      "spec": "ECMAScript Internationalization API",
      "text": "Properties of Intl.NumberFormat Instances",
      "url": "https://tc39.es/ecma402/#sec-properties-of-intl-numberformat-instances"
    }
  },
  "#sec-properties-of-intl-numberformat-prototype-object": {
    "current": {
      "number": "15.3",
      "spec": "ECMAScript Internationalization API",
      "text": "Properties of the Intl.NumberFormat Prototype Object",
      "url": "https://tc39.es/ecma402/#sec-properties-of-intl-numberformat-prototype-object"
    }
  },
  "#sec-properties-of-intl-pluralrules-constructor": {
    "current": {
      "number": "16.2",
      "spec": "ECMAScript Internationalization API",
      "text": "Properties of the Intl.PluralRules Constructor",
      "url": "https://tc39.es/ecma402/#sec-properties-of-intl-pluralrules-constructor"
    }
  },
  "#sec-properties-of-intl-pluralrules-instances": {
    "current": {
      "number": "16.4",
      "spec": "ECMAScript Internationalization API",
      "text": "Properties of Intl.PluralRules Instances",
      "url": "https://tc39.es/ecma402/#sec-properties-of-intl-pluralrules-instances"
    }
  },
  "#sec-properties-of-intl-pluralrules-prototype-object": {
    "current": {
      "number": "16.3",
      "spec": "ECMAScript Internationalization API",
      "text": "Properties of the Intl.PluralRules Prototype Object",
      "url": "https://tc39.es/ecma402/#sec-properties-of-intl-pluralrules-prototype-object"
    }
  },
  "#sec-properties-of-intl-relativetimeformat-constructor": {
    "current": {
      "number": "17.2",
      "spec": "ECMAScript Internationalization API",
      "text": "Properties of the Intl.RelativeTimeFormat Constructor",
      "url": "https://tc39.es/ecma402/#sec-properties-of-intl-relativetimeformat-constructor"
    }
  },
  "#sec-properties-of-intl-relativetimeformat-instances": {
    "current": {
      "number": "17.4",
      "spec": "ECMAScript Internationalization API",
      "text": "Properties of Intl.RelativeTimeFormat Instances",
      "url": "https://tc39.es/ecma402/#sec-properties-of-intl-relativetimeformat-instances"
    }
  },
  "#sec-properties-of-intl-relativetimeformat-prototype-object": {
    "current": {
      "number": "17.3",
      "spec": "ECMAScript Internationalization API",
      "text": "Properties of the Intl.RelativeTimeFormat Prototype Object",
      "url": "https://tc39.es/ecma402/#sec-properties-of-intl-relativetimeformat-prototype-object"
    }
  },
  "#sec-properties-of-intl-segmenter-constructor": {
    "current": {
      "number": "18.2",
      "spec": "ECMAScript Internationalization API",
      "text": "Properties of the Intl.Segmenter Constructor",
      "url": "https://tc39.es/ecma402/#sec-properties-of-intl-segmenter-constructor"
    }
  },
  "#sec-properties-of-intl-segmenter-instances": {
    "current": {
      "number": "18.4",
      "spec": "ECMAScript Internationalization API",
      "text": "Properties of Intl.Segmenter Instances",
      "url": "https://tc39.es/ecma402/#sec-properties-of-intl-segmenter-instances"
    }
  },
  "#sec-properties-of-intl-segmenter-prototype-object": {
    "current": {
      "number": "18.3",
      "spec": "ECMAScript Internationalization API",
      "text": "Properties of the Intl.Segmenter Prototype Object",
      "url": "https://tc39.es/ecma402/#sec-properties-of-intl-segmenter-prototype-object"
    }
  },
  "#sec-properties-of-segment-iterator-instances": {
    "current": {
      "number": "18.6.3",
      "spec": "ECMAScript Internationalization API",
      "text": "Properties of Segment Iterator Instances",
      "url": "https://tc39.es/ecma402/#sec-properties-of-segment-iterator-instances"
    }
  },
  "#sec-properties-of-segments-instances": {
    "current": {
      "number": "18.5.3",
      "spec": "ECMAScript Internationalization API",
      "text": "Properties of Segments Instances",
      "url": "https://tc39.es/ecma402/#sec-properties-of-segments-instances"
    }
  },
  "#sec-properties-of-the-intl-collator-constructor": {
    "current": {
      "number": "10.2",
      "spec": "ECMAScript Internationalization API",
      "text": "Properties of the Intl.Collator Constructor",
      "url": "https://tc39.es/ecma402/#sec-properties-of-the-intl-collator-constructor"
    }
  },
  "#sec-properties-of-the-intl-collator-prototype-object": {
    "current": {
      "number": "10.3",
      "spec": "ECMAScript Internationalization API",
      "text": "Properties of the Intl.Collator Prototype Object",
      "url": "https://tc39.es/ecma402/#sec-properties-of-the-intl-collator-prototype-object"
    }
  },
  "#sec-resolvelocale": {
    "current": {
      "number": "9.2.7",
      "spec": "ECMAScript Internationalization API",
      "text": "ResolveLocale ( availableLocales, requestedLocales, options, relevantExtensionKeys, localeData )",
      "url": "https://tc39.es/ecma402/#sec-resolvelocale"
    }
  },
  "#sec-resolveplural": {
    "current": {
      "number": "16.5.4",
      "spec": "ECMAScript Internationalization API",
      "text": "ResolvePlural ( pluralRules, n )",
      "url": "https://tc39.es/ecma402/#sec-resolveplural"
    }
  },
  "#sec-resolvepluralrange": {
    "current": {
      "number": "16.5.6",
      "spec": "ECMAScript Internationalization API",
      "text": "ResolvePluralRange ( pluralRules, x, y )",
      "url": "https://tc39.es/ecma402/#sec-resolvepluralrange"
    }
  },
  "#sec-runtime-semantics-stringintlmv": {
    "current": {
      "number": "15.5.15",
      "spec": "ECMAScript Internationalization API",
      "text": "Runtime Semantics: StringIntlMV",
      "url": "https://tc39.es/ecma402/#sec-runtime-semantics-stringintlmv"
    }
  },
  "#sec-segment-data-objects": {
    "current": {
      "number": "18.7",
      "spec": "ECMAScript Internationalization API",
      "text": "Segment Data Objects",
      "url": "https://tc39.es/ecma402/#sec-segment-data-objects"
    }
  },
  "#sec-segment-iterator-objects": {
    "current": {
      "number": "18.6",
      "spec": "ECMAScript Internationalization API",
      "text": "Segment Iterator Objects",
      "url": "https://tc39.es/ecma402/#sec-segment-iterator-objects"
    }
  },
  "#sec-segments-objects": {
    "current": {
      "number": "18.5",
      "spec": "ECMAScript Internationalization API",
      "text": "Segments Objects",
      "url": "https://tc39.es/ecma402/#sec-segments-objects"
    }
  },
  "#sec-setnfdigitoptions": {
    "current": {
      "number": "15.1.3",
      "spec": "ECMAScript Internationalization API",
      "text": "SetNumberFormatDigitOptions ( intlObj, options, mnfdDefault, mxfdDefault, notation )",
      "url": "https://tc39.es/ecma402/#sec-setnfdigitoptions"
    }
  },
  "#sec-setnumberformatunitoptions": {
    "current": {
      "number": "15.1.4",
      "spec": "ECMAScript Internationalization API",
      "text": "SetNumberFormatUnitOptions ( intlObj, options )",
      "url": "https://tc39.es/ecma402/#sec-setnumberformatunitoptions"
    }
  },
  "#sec-singularrelativetimeunit": {
    "current": {
      "number": "17.5.1",
      "spec": "ECMAScript Internationalization API",
      "text": "SingularRelativeTimeUnit ( unit )",
      "url": "https://tc39.es/ecma402/#sec-singularrelativetimeunit"
    }
  },
  "#sec-supportedlocales": {
    "current": {
      "number": "9.2.10",
      "spec": "ECMAScript Internationalization API",
      "text": "SupportedLocales ( availableLocales, requestedLocales, options )",
      "url": "https://tc39.es/ecma402/#sec-supportedlocales"
    }
  },
  "#sec-the-intl-collator-constructor": {
    "current": {
      "number": "10.1",
      "spec": "ECMAScript Internationalization API",
      "text": "The Intl.Collator Constructor",
      "url": "https://tc39.es/ecma402/#sec-the-intl-collator-constructor"
    }
  },
  "#sec-time-zone-names": {
    "current": {
      "number": "6.5",
      "spec": "ECMAScript Internationalization API",
      "text": "Time Zone Names",
      "url": "https://tc39.es/ecma402/#sec-time-zone-names"
    }
  },
  "#sec-tointlmathematicalvalue": {
    "current": {
      "number": "15.5.16",
      "spec": "ECMAScript Internationalization API",
      "text": "ToIntlMathematicalValue ( value )",
      "url": "https://tc39.es/ecma402/#sec-tointlmathematicalvalue"
    }
  },
  "#sec-tolocaltime": {
    "current": {
      "number": "11.5.12",
      "spec": "ECMAScript Internationalization API",
      "text": "ToLocalTime ( epochNs, calendar, timeZoneIdentifier )",
      "url": "https://tc39.es/ecma402/#sec-tolocaltime"
    }
  },
  "#sec-torawfixed": {
    "current": {
      "number": "15.5.9",
      "spec": "ECMAScript Internationalization API",
      "text": "ToRawFixed ( x, minFraction, maxFraction, roundingIncrement, unsignedRoundingMode )",
      "url": "https://tc39.es/ecma402/#sec-torawfixed"
    }
  },
  "#sec-torawprecision": {
    "current": {
      "number": "15.5.8",
      "spec": "ECMAScript Internationalization API",
      "text": "ToRawPrecision ( x, minPrecision, maxPrecision, unsignedRoundingMode )",
      "url": "https://tc39.es/ecma402/#sec-torawprecision"
    }
  },
  "#sec-transform-case": {
    "current": {
      "number": "19.1.2.1",
      "spec": "ECMAScript Internationalization API",
      "text": "TransformCase ( S, locales, targetCase )",
      "url": "https://tc39.es/ecma402/#sec-transform-case"
    }
  },
  "#sec-unicode-extension-components": {
    "current": {
      "number": "9.2.5",
      "spec": "ECMAScript Internationalization API",
      "text": "UnicodeExtensionComponents ( extension )",
      "url": "https://tc39.es/ecma402/#sec-unicode-extension-components"
    }
  },
  "#sec-unwrapdatetimeformat": {
    "current": {
      "number": "11.5.14",
      "spec": "ECMAScript Internationalization API",
      "text": "UnwrapDateTimeFormat ( dtf )",
      "url": "https://tc39.es/ecma402/#sec-unwrapdatetimeformat"
    }
  },
  "#sec-unwrapnumberformat": {
    "current": {
      "number": "15.5.10",
      "spec": "ECMAScript Internationalization API",
      "text": "UnwrapNumberFormat ( nf )",
      "url": "https://tc39.es/ecma402/#sec-unwrapnumberformat"
    }
  },
  "#sec-value-properties-of-the-intl-object": {
    "current": {
      "number": "8.1",
      "spec": "ECMAScript Internationalization API",
      "text": "Value Properties of the Intl Object",
      "url": "https://tc39.es/ecma402/#sec-value-properties-of-the-intl-object"
    }
  },
  "#segmenter-objects": {
    "current": {
      "number": "18",
      "spec": "ECMAScript Internationalization API",
      "text": "Segmenter Objects",
      "url": "https://tc39.es/ecma402/#segmenter-objects"
    }
  },
  "#sup-String.prototype.localeCompare": {
    "current": {
      "number": "19.1.1",
      "spec": "ECMAScript Internationalization API",
      "text": "String.prototype.localeCompare ( that [ , locales [ , options ] ] )",
      "url": "https://tc39.es/ecma402/#sup-String.prototype.localeCompare"
    }
  },
  "#sup-array.prototype.tolocalestring": {
    "current": {
      "number": "19.5.1",
      "spec": "ECMAScript Internationalization API",
      "text": "Array.prototype.toLocaleString ( [ locales [ , options ] ] )",
      "url": "https://tc39.es/ecma402/#sup-array.prototype.tolocalestring"
    }
  },
  "#sup-bigint.prototype.tolocalestring": {
    "current": {
      "number": "19.3.1",
      "spec": "ECMAScript Internationalization API",
      "text": "BigInt.prototype.toLocaleString ( [ locales [ , options ] ] )",
      "url": "https://tc39.es/ecma402/#sup-bigint.prototype.tolocalestring"
    }
  },
  "#sup-date.prototype.tolocaledatestring": {
    "current": {
      "number": "19.4.2",
      "spec": "ECMAScript Internationalization API",
      "text": "Date.prototype.toLocaleDateString ( [ locales [ , options ] ] )",
      "url": "https://tc39.es/ecma402/#sup-date.prototype.tolocaledatestring"
    }
  },
  "#sup-date.prototype.tolocalestring": {
    "current": {
      "number": "19.4.1",
      "spec": "ECMAScript Internationalization API",
      "text": "Date.prototype.toLocaleString ( [ locales [ , options ] ] )",
      "url": "https://tc39.es/ecma402/#sup-date.prototype.tolocalestring"
    }
  },
  "#sup-date.prototype.tolocaletimestring": {
    "current": {
      "number": "19.4.3",
      "spec": "ECMAScript Internationalization API",
      "text": "Date.prototype.toLocaleTimeString ( [ locales [ , options ] ] )",
      "url": "https://tc39.es/ecma402/#sup-date.prototype.tolocaletimestring"
    }
  },
  "#sup-number.prototype.tolocalestring": {
    "current": {
      "number": "19.2.1",
      "spec": "ECMAScript Internationalization API",
      "text": "Number.prototype.toLocaleString ( [ locales [ , options ] ] )",
      "url": "https://tc39.es/ecma402/#sup-number.prototype.tolocalestring"
    }
  },
  "#sup-properties-of-the-array-prototype-object": {
    "current": {
      "number": "19.5",
      "spec": "ECMAScript Internationalization API",
      "text": "Properties of the Array Prototype Object",
      "url": "https://tc39.es/ecma402/#sup-properties-of-the-array-prototype-object"
    }
  },
  "#sup-properties-of-the-bigint-prototype-object": {
    "current": {
      "number": "19.3",
      "spec": "ECMAScript Internationalization API",
      "text": "Properties of the BigInt Prototype Object",
      "url": "https://tc39.es/ecma402/#sup-properties-of-the-bigint-prototype-object"
    }
  },
  "#sup-properties-of-the-date-prototype-object": {
    "current": {
      "number": "19.4",
      "spec": "ECMAScript Internationalization API",
      "text": "Properties of the Date Prototype Object",
      "url": "https://tc39.es/ecma402/#sup-properties-of-the-date-prototype-object"
    }
  },
  "#sup-properties-of-the-number-prototype-object": {
    "current": {
      "number": "19.2",
      "spec": "ECMAScript Internationalization API",
      "text": "Properties of the Number Prototype Object",
      "url": "https://tc39.es/ecma402/#sup-properties-of-the-number-prototype-object"
    }
  },
  "#sup-properties-of-the-string-prototype-object": {
    "current": {
      "number": "19.1",
      "spec": "ECMAScript Internationalization API",
      "text": "Properties of the String Prototype Object",
      "url": "https://tc39.es/ecma402/#sup-properties-of-the-string-prototype-object"
    }
  },
  "#sup-string.prototype.tolocalelowercase": {
    "current": {
      "number": "19.1.2",
      "spec": "ECMAScript Internationalization API",
      "text": "String.prototype.toLocaleLowerCase ( [ locales ] )",
      "url": "https://tc39.es/ecma402/#sup-string.prototype.tolocalelowercase"
    }
  },
  "#sup-string.prototype.tolocaleuppercase": {
    "current": {
      "number": "19.1.3",
      "spec": "ECMAScript Internationalization API",
      "text": "String.prototype.toLocaleUpperCase ( [ locales ] )",
      "url": "https://tc39.es/ecma402/#sup-string.prototype.tolocaleuppercase"
    }
  }
}