{
  "#%23spec-licensing-commitments": {
    "current": {
      "number": "3.5",
      "spec": "W3C Patent Policy",
      "text": "Specification Licensing Commitments",
      "url": "https://www.w3.org/Consortium/Patent-Policy/#%23spec-licensing-commitments"
    }
  },
  "#abstract": {
    "current": {
      "number": "",
      "spec": "W3C Patent Policy",
      "text": "Abstract",
      "url": "https://www.w3.org/Consortium/Patent-Policy/#abstract"
    }
  },
  "#commitment-persistence": {
    "current": {
      "number": "3.6",
      "spec": "W3C Patent Policy",
      "text": "Licensing Commitment Persistence",
      "url": "https://www.w3.org/Consortium/Patent-Policy/#commitment-persistence"
    }
  },
  "#def-essential": {
    "current": {
      "number": "8",
      "spec": "W3C Patent Policy",
      "text": "Definition of Essential Claims",
      "url": "https://www.w3.org/Consortium/Patent-Policy/#def-essential"
    }
  },
  "#def-essential-definition": {
    "current": {
      "number": "8.1",
      "spec": "W3C Patent Policy",
      "text": "Essential Claims",
      "url": "https://www.w3.org/Consortium/Patent-Policy/#def-essential-definition"
    }
  },
  "#def-essential-exclusions": {
    "current": {
      "number": "8.2",
      "spec": "W3C Patent Policy",
      "text": "Limitations on the Scope of Definition of Essential Claims",
      "url": "https://www.w3.org/Consortium/Patent-Policy/#def-essential-exclusions"
    }
  },
  "#def-essential-requirements": {
    "current": {
      "number": "8.3",
      "spec": "W3C Patent Policy",
      "text": "Definition of Normative, Optional and Informative",
      "url": "https://www.w3.org/Consortium/Patent-Policy/#def-essential-requirements"
    }
  },
  "#index": {
    "current": {
      "number": "",
      "spec": "W3C Patent Policy",
      "text": "Index",
      "url": "https://www.w3.org/Consortium/Patent-Policy/#index"
    }
  },
  "#index-defined-elsewhere": {
    "current": {
      "number": "",
      "spec": "W3C Patent Policy",
      "text": "Terms defined by reference",
      "url": "https://www.w3.org/Consortium/Patent-Policy/#index-defined-elsewhere"
    }
  },
  "#index-defined-here": {
    "current": {
      "number": "",
      "spec": "W3C Patent Policy",
      "text": "Terms defined by this specification",
      "url": "https://www.w3.org/Consortium/Patent-Policy/#index-defined-here"
    }
  },
  "#normative": {
    "current": {
      "number": "",
      "spec": "W3C Patent Policy",
      "text": "Normative References",
      "url": "https://www.w3.org/Consortium/Patent-Policy/#normative"
    }
  },
  "#references": {
    "current": {
      "number": "",
      "spec": "W3C Patent Policy",
      "text": "References",
      "url": "https://www.w3.org/Consortium/Patent-Policy/#references"
    }
  },
  "#sec-Disclosure": {
    "current": {
      "number": "6",
      "spec": "W3C Patent Policy",
      "text": "Disclosure",
      "url": "https://www.w3.org/Consortium/Patent-Policy/#sec-Disclosure"
    }
  },
  "#sec-Exception": {
    "current": {
      "number": "7",
      "spec": "W3C Patent Policy",
      "text": "Exception Handling",
      "url": "https://www.w3.org/Consortium/Patent-Policy/#sec-Exception"
    }
  },
  "#sec-Exclusion": {
    "current": {
      "number": "4",
      "spec": "W3C Patent Policy",
      "text": "Exclusion From W3C RF Licensing Requirements",
      "url": "https://www.w3.org/Consortium/Patent-Policy/#sec-Exclusion"
    }
  },
  "#sec-Licensing": {
    "current": {
      "number": "2",
      "spec": "W3C Patent Policy",
      "text": "Licensing Goals for W3C Specifications",
      "url": "https://www.w3.org/Consortium/Patent-Policy/#sec-Licensing"
    }
  },
  "#sec-Obligations": {
    "current": {
      "number": "3",
      "spec": "W3C Patent Policy",
      "text": "Licensing Obligations of Working Group Participants",
      "url": "https://www.w3.org/Consortium/Patent-Policy/#sec-Obligations"
    }
  },
  "#sec-Overview": {
    "current": {
      "number": "1",
      "spec": "W3C Patent Policy",
      "text": "Overview",
      "url": "https://www.w3.org/Consortium/Patent-Policy/#sec-Overview"
    }
  },
  "#sec-PAG-composition": {
    "current": {
      "number": "7.3",
      "spec": "W3C Patent Policy",
      "text": "PAG Composition",
      "url": "https://www.w3.org/Consortium/Patent-Policy/#sec-PAG-composition"
    }
  },
  "#sec-PAG-conclude": {
    "current": {
      "number": "7.5",
      "spec": "W3C Patent Policy",
      "text": "PAG Conclusion",
      "url": "https://www.w3.org/Consortium/Patent-Policy/#sec-PAG-conclude"
    }
  },
  "#sec-PAG-conclude-alternate": {
    "current": {
      "number": "7.5.3",
      "spec": "W3C Patent Policy",
      "text": "Procedure for Considering Alternate Licensing Terms",
      "url": "https://www.w3.org/Consortium/Patent-Policy/#sec-PAG-conclude-alternate"
    }
  },
  "#sec-PAG-conclude-outcome": {
    "current": {
      "number": "7.5.2",
      "spec": "W3C Patent Policy",
      "text": "PAG Outcome",
      "url": "https://www.w3.org/Consortium/Patent-Policy/#sec-PAG-conclude-outcome"
    }
  },
  "#sec-PAG-conclude-possible": {
    "current": {
      "number": "7.5.1",
      "spec": "W3C Patent Policy",
      "text": "Possible PAG Conclusions",
      "url": "https://www.w3.org/Consortium/Patent-Policy/#sec-PAG-conclude-possible"
    }
  },
  "#sec-PAG-formation": {
    "current": {
      "number": "7.1",
      "spec": "W3C Patent Policy",
      "text": "PAG Formation",
      "url": "https://www.w3.org/Consortium/Patent-Policy/#sec-PAG-formation"
    }
  },
  "#sec-PAG-post-Recommendation": {
    "current": {
      "number": "7.2",
      "spec": "W3C Patent Policy",
      "text": "PAG Formation After a Recommendation Is Issued",
      "url": "https://www.w3.org/Consortium/Patent-Policy/#sec-PAG-post-Recommendation"
    }
  },
  "#sec-PAG-procedures": {
    "current": {
      "number": "7.4",
      "spec": "W3C Patent Policy",
      "text": "PAG Procedures",
      "url": "https://www.w3.org/Consortium/Patent-Policy/#sec-PAG-procedures"
    }
  },
  "#sec-PAG-procedures-charter": {
    "current": {
      "number": "7.4.2",
      "spec": "W3C Patent Policy",
      "text": "PAG Charter Requirements",
      "url": "https://www.w3.org/Consortium/Patent-Policy/#sec-PAG-procedures-charter"
    }
  },
  "#sec-PAG-procedures-timing": {
    "current": {
      "number": "7.4.1",
      "spec": "W3C Patent Policy",
      "text": "PAG Formation Timing",
      "url": "https://www.w3.org/Consortium/Patent-Policy/#sec-PAG-procedures-timing"
    }
  },
  "#sec-Requirements": {
    "current": {
      "number": "5",
      "spec": "W3C Patent Policy",
      "text": "W3C Royalty-Free (RF) Licensing Requirements",
      "url": "https://www.w3.org/Consortium/Patent-Policy/#sec-Requirements"
    }
  },
  "#sec-W3C-RF-license": {
    "current": {
      "number": "3.1",
      "spec": "W3C Patent Policy",
      "text": "W3C RF Licensing Requirements for All Working Group Participants",
      "url": "https://www.w3.org/Consortium/Patent-Policy/#sec-W3C-RF-license"
    }
  },
  "#sec-acknowledgments": {
    "current": {
      "number": "",
      "spec": "W3C Patent Policy",
      "text": "Acknowledgments",
      "url": "https://www.w3.org/Consortium/Patent-Policy/#sec-acknowledgments"
    }
  },
  "#sec-disclosure-contents": {
    "current": {
      "number": "6.4",
      "spec": "W3C Patent Policy",
      "text": "Disclosure Contents",
      "url": "https://www.w3.org/Consortium/Patent-Policy/#sec-disclosure-contents"
    }
  },
  "#sec-disclosure-exemption": {
    "current": {
      "number": "6.2",
      "spec": "W3C Patent Policy",
      "text": "Disclosure Exemption",
      "url": "https://www.w3.org/Consortium/Patent-Policy/#sec-disclosure-exemption"
    }
  },
  "#sec-disclosure-invite": {
    "current": {
      "number": "6.10",
      "spec": "W3C Patent Policy",
      "text": "Disclosure Obligations of Invited Experts",
      "url": "https://www.w3.org/Consortium/Patent-Policy/#sec-disclosure-invite"
    }
  },
  "#sec-disclosure-public": {
    "current": {
      "number": "6.11",
      "spec": "W3C Patent Policy",
      "text": "Disclosures to Be Publicly Available on Recommendation Track",
      "url": "https://www.w3.org/Consortium/Patent-Policy/#sec-disclosure-public"
    }
  },
  "#sec-disclosure-requests": {
    "current": {
      "number": "6.3",
      "spec": "W3C Patent Policy",
      "text": "Disclosure Requests",
      "url": "https://www.w3.org/Consortium/Patent-Policy/#sec-disclosure-requests"
    }
  },
  "#sec-disclosure-requirements": {
    "current": {
      "number": "6.1",
      "spec": "W3C Patent Policy",
      "text": "Disclosure Requirements",
      "url": "https://www.w3.org/Consortium/Patent-Policy/#sec-disclosure-requirements"
    }
  },
  "#sec-disclosure-termination": {
    "current": {
      "number": "6.9",
      "spec": "W3C Patent Policy",
      "text": "Termination of Disclosure Obligations",
      "url": "https://www.w3.org/Consortium/Patent-Policy/#sec-disclosure-termination"
    }
  },
  "#sec-disclosure-timing": {
    "current": {
      "number": "6.8",
      "spec": "W3C Patent Policy",
      "text": "Timing of Disclosure Obligations",
      "url": "https://www.w3.org/Consortium/Patent-Policy/#sec-disclosure-timing"
    }
  },
  "#sec-exclude-app": {
    "current": {
      "number": "4.4",
      "spec": "W3C Patent Policy",
      "text": "Exclusion Procedures for Pending, Unpublished Patent Applications",
      "url": "https://www.w3.org/Consortium/Patent-Policy/#sec-exclude-app"
    }
  },
  "#sec-exclude-mech": {
    "current": {
      "number": "4.5",
      "spec": "W3C Patent Policy",
      "text": "Exclusion Mechanics",
      "url": "https://www.w3.org/Consortium/Patent-Policy/#sec-exclude-mech"
    }
  },
  "#sec-exclusion-resign": {
    "current": {
      "number": "4.2",
      "spec": "W3C Patent Policy",
      "text": "Exclusion and Resignation From the Working Group",
      "url": "https://www.w3.org/Consortium/Patent-Policy/#sec-exclusion-resign"
    }
  },
  "#sec-exclusion-with": {
    "current": {
      "number": "4.1",
      "spec": "W3C Patent Policy",
      "text": "Exclusion With Continued Participation",
      "url": "https://www.w3.org/Consortium/Patent-Policy/#sec-exclusion-with"
    }
  },
  "#sec-good-faith": {
    "current": {
      "number": "6.7",
      "spec": "W3C Patent Policy",
      "text": "Good Faith Disclosure Standards",
      "url": "https://www.w3.org/Consortium/Patent-Policy/#sec-good-faith"
    }
  },
  "#sec-invited": {
    "current": {
      "number": "3.4",
      "spec": "W3C Patent Policy",
      "text": "Note on Licensing Commitments for Invited Experts",
      "url": "https://www.w3.org/Consortium/Patent-Policy/#sec-invited"
    }
  },
  "#sec-join": {
    "current": {
      "number": "4.3",
      "spec": "W3C Patent Policy",
      "text": "Joining an Already Established Working Group",
      "url": "https://www.w3.org/Consortium/Patent-Policy/#sec-join"
    }
  },
  "#sec-non-participants": {
    "current": {
      "number": "3.2",
      "spec": "W3C Patent Policy",
      "text": "Limitation on Licensing Requirement for Non-Participating Members",
      "url": "https://www.w3.org/Consortium/Patent-Policy/#sec-non-participants"
    }
  },
  "#sec-pending": {
    "current": {
      "number": "6.6",
      "spec": "W3C Patent Policy",
      "text": "Disclosure of Pending, Unpublished Applications",
      "url": "https://www.w3.org/Consortium/Patent-Policy/#sec-pending"
    }
  },
  "#sec-published": {
    "current": {
      "number": "6.5",
      "spec": "W3C Patent Policy",
      "text": "Disclosure of Laid-Open or Published Applications",
      "url": "https://www.w3.org/Consortium/Patent-Policy/#sec-published"
    }
  },
  "#sec-submissions": {
    "current": {
      "number": "3.3",
      "spec": "W3C Patent Policy",
      "text": "Licensing Commitments in W3C Submissions",
      "url": "https://www.w3.org/Consortium/Patent-Policy/#sec-submissions"
    }
  },
  "#status": {
    "current": {
      "number": "",
      "spec": "W3C Patent Policy",
      "text": "Status of This Document",
      "url": "https://www.w3.org/Consortium/Patent-Policy/#status"
    }
  },
  "#subtitle": {
    "current": {
      "number": "",
      "spec": "W3C Patent Policy",
      "text": "15 September 2020",
      "url": "https://www.w3.org/Consortium/Patent-Policy/#subtitle"
    }
  },
  "#title": {
    "current": {
      "number": "",
      "spec": "W3C Patent Policy",
      "text": "W3C Patent Policy",
      "url": "https://www.w3.org/Consortium/Patent-Policy/#title"
    }
  },
  "#toc": {
    "current": {
      "number": "",
      "spec": "W3C Patent Policy",
      "text": "Table of Contents",
      "url": "https://www.w3.org/Consortium/Patent-Policy/#toc"
    }
  }
}