{
  "#acknowledgments": {
    "current": {
      "number": "6.11",
      "spec": "Network Information API",
      "text": "Acknowledgments",
      "url": "https://wicg.github.io/netinfo/#acknowledgments"
    }
  },
  "#conformance": {
    "current": {
      "number": "6.10",
      "spec": "Network Information API",
      "text": "Conformance",
      "url": "https://wicg.github.io/netinfo/#conformance"
    }
  },
  "#connection-attribute": {
    "current": {
      "number": "5.1",
      "spec": "Network Information API",
      "text": "connection attribute",
      "url": "https://wicg.github.io/netinfo/#connection-attribute"
    }
  },
  "#connection-types": {
    "current": {
      "number": "4",
      "spec": "Network Information API",
      "text": "Connection types",
      "url": "https://wicg.github.io/netinfo/#connection-types"
    }
  },
  "#connectiontype-enum": {
    "current": {
      "number": "4.2",
      "spec": "Network Information API",
      "text": "ConnectionType enum",
      "url": "https://wicg.github.io/netinfo/#connectiontype-enum"
    }
  },
  "#definitions": {
    "current": {
      "number": "3",
      "spec": "Network Information API",
      "text": "Definitions",
      "url": "https://wicg.github.io/netinfo/#definitions"
    }
  },
  "#downlink-attribute": {
    "current": {
      "number": "6.5",
      "spec": "Network Information API",
      "text": "downlink attribute",
      "url": "https://wicg.github.io/netinfo/#downlink-attribute"
    }
  },
  "#downlink-request-header-field": {
    "current": {
      "number": "6.5.1",
      "spec": "Network Information API",
      "text": "Downlink Request Header Field",
      "url": "https://wicg.github.io/netinfo/#downlink-request-header-field"
    }
  },
  "#downlinkmax-attribute": {
    "current": {
      "number": "6.3",
      "spec": "Network Information API",
      "text": "downlinkMax attribute",
      "url": "https://wicg.github.io/netinfo/#downlinkmax-attribute"
    }
  },
  "#ect-request-header-field": {
    "current": {
      "number": "6.2.1",
      "spec": "Network Information API",
      "text": "ECT Request Header Field",
      "url": "https://wicg.github.io/netinfo/#ect-request-header-field"
    }
  },
  "#effective-connection-types": {
    "current": {
      "number": "4.3",
      "spec": "Network Information API",
      "text": "Effective connection types",
      "url": "https://wicg.github.io/netinfo/#effective-connection-types"
    }
  },
  "#effectiveconnectiontype-enum": {
    "current": {
      "number": "4.4",
      "spec": "Network Information API",
      "text": "EffectiveConnectionType enum",
      "url": "https://wicg.github.io/netinfo/#effectiveconnectiontype-enum"
    }
  },
  "#effectivetype-attribute": {
    "current": {
      "number": "6.2",
      "spec": "Network Information API",
      "text": "effectiveType attribute",
      "url": "https://wicg.github.io/netinfo/#effectivetype-attribute"
    }
  },
  "#examples-of-usage": {
    "current": {
      "number": "2",
      "spec": "Network Information API",
      "text": "Examples of usage",
      "url": "https://wicg.github.io/netinfo/#examples-of-usage"
    }
  },
  "#handling-changes-to-the-underlying-connection": {
    "current": {
      "number": "6.7.1",
      "spec": "Network Information API",
      "text": "Handling changes to the underlying connection",
      "url": "https://wicg.github.io/netinfo/#handling-changes-to-the-underlying-connection"
    }
  },
  "#iana-considerations": {
    "current": {
      "number": "6.9",
      "spec": "Network Information API",
      "text": "IANA Considerations",
      "url": "https://wicg.github.io/netinfo/#iana-considerations"
    }
  },
  "#navigatornetworkinformation-interface": {
    "current": {
      "number": "5",
      "spec": "Network Information API",
      "text": "NavigatorNetworkInformation interface",
      "url": "https://wicg.github.io/netinfo/#navigatornetworkinformation-interface"
    }
  },
  "#networkinformation-interface": {
    "current": {
      "number": "6",
      "spec": "Network Information API",
      "text": "NetworkInformation interface",
      "url": "https://wicg.github.io/netinfo/#networkinformation-interface"
    }
  },
  "#normative-references": {
    "current": {
      "number": "A.1",
      "spec": "Network Information API",
      "text": "Normative references",
      "url": "https://wicg.github.io/netinfo/#normative-references"
    }
  },
  "#onchange-attribute": {
    "current": {
      "number": "6.4",
      "spec": "Network Information API",
      "text": "onchange attribute",
      "url": "https://wicg.github.io/netinfo/#onchange-attribute"
    }
  },
  "#privacy-considerations": {
    "current": {
      "number": "6.8",
      "spec": "Network Information API",
      "text": "Privacy Considerations",
      "url": "https://wicg.github.io/netinfo/#privacy-considerations"
    }
  },
  "#provide-a-way-for-scripts-to-be-notified-if-the-connection-type-changes": {
    "current": {
      "number": "1.2",
      "spec": "Network Information API",
      "text": "Provide a way for scripts to be notified if the connection type changes.",
      "url": "https://wicg.github.io/netinfo/#provide-a-way-for-scripts-to-be-notified-if-the-connection-type-changes"
    }
  },
  "#provide-an-interface-for-determining-the-connection-type-currently-used-to-communicate-with-the-network": {
    "current": {
      "number": "1.1",
      "spec": "Network Information API",
      "text": "Provide an interface for determining the connection type currently used to communicate with the network.",
      "url": "https://wicg.github.io/netinfo/#provide-an-interface-for-determining-the-connection-type-currently-used-to-communicate-with-the-network"
    }
  },
  "#references": {
    "current": {
      "number": "A",
      "spec": "Network Information API",
      "text": "References",
      "url": "https://wicg.github.io/netinfo/#references"
    }
  },
  "#registration-downlink": {
    "current": {
      "number": "6.9.2",
      "spec": "Network Information API",
      "text": "Downlink Request Header Field Registration",
      "url": "https://wicg.github.io/netinfo/#registration-downlink"
    }
  },
  "#registration-ect": {
    "current": {
      "number": "6.9.1",
      "spec": "Network Information API",
      "text": "ECT Request Header Field Registration",
      "url": "https://wicg.github.io/netinfo/#registration-ect"
    }
  },
  "#registration-rtt": {
    "current": {
      "number": "6.9.3",
      "spec": "Network Information API",
      "text": "RTT Request Header Field Registration",
      "url": "https://wicg.github.io/netinfo/#registration-rtt"
    }
  },
  "#requirements-and-use-cases": {
    "current": {
      "number": "1",
      "spec": "Network Information API",
      "text": "Requirements and use cases",
      "url": "https://wicg.github.io/netinfo/#requirements-and-use-cases"
    }
  },
  "#rtt-attribute": {
    "current": {
      "number": "6.6",
      "spec": "Network Information API",
      "text": "rtt attribute",
      "url": "https://wicg.github.io/netinfo/#rtt-attribute"
    }
  },
  "#rtt-request-header-field": {
    "current": {
      "number": "6.6.1",
      "spec": "Network Information API",
      "text": "RTT Request Header Field",
      "url": "https://wicg.github.io/netinfo/#rtt-request-header-field"
    }
  },
  "#title": {
    "current": {
      "number": "",
      "spec": "Network Information API",
      "text": "Network Information API",
      "url": "https://wicg.github.io/netinfo/#title"
    }
  },
  "#toc": {
    "current": {
      "number": "",
      "spec": "Network Information API",
      "text": "Table of Contents",
      "url": "https://wicg.github.io/netinfo/#toc"
    }
  },
  "#type-attribute": {
    "current": {
      "number": "6.1",
      "spec": "Network Information API",
      "text": "type attribute",
      "url": "https://wicg.github.io/netinfo/#type-attribute"
    }
  },
  "#underlying-connection-technology": {
    "current": {
      "number": "4.1",
      "spec": "Network Information API",
      "text": "Underlying connection technology",
      "url": "https://wicg.github.io/netinfo/#underlying-connection-technology"
    }
  },
  "#underlying-connection-technology-0": {
    "current": {
      "number": "6.7",
      "spec": "Network Information API",
      "text": "Underlying connection technology",
      "url": "https://wicg.github.io/netinfo/#underlying-connection-technology-0"
    }
  }
}