{
  "#ack_funders": {
    "current": {
      "number": "B.3",
      "spec": "Graphics Accessibility API Mappings",
      "text": "Enabling funders",
      "url": "https://w3c.github.io/graphics-aam/#ack_funders"
    },
    "snapshot": {
      "number": "B.3",
      "spec": "Graphics Accessibility API Mappings",
      "text": "Enabling funders",
      "url": "https://www.w3.org/TR/graphics-aam-1.0/#ack_funders"
    }
  },
  "#ack_group": {
    "current": {
      "number": "B.2",
      "spec": "Graphics Accessibility API Mappings",
      "text": "Participants active in the ARIA WG at the time of publication",
      "url": "https://w3c.github.io/graphics-aam/#ack_group"
    },
    "snapshot": {
      "number": "B.2",
      "spec": "Graphics Accessibility API Mappings",
      "text": "Participants active in the ARIA WG at the time of publication",
      "url": "https://www.w3.org/TR/graphics-aam-1.0/#ack_group"
    }
  },
  "#ack_svga11y": {
    "current": {
      "number": "B.1",
      "spec": "Graphics Accessibility API Mappings",
      "text": "Participants active in the SVG accessibility task force at the time of publication",
      "url": "https://w3c.github.io/graphics-aam/#ack_svga11y"
    },
    "snapshot": {
      "number": "B.1",
      "spec": "Graphics Accessibility API Mappings",
      "text": "Participants active in the SVG accessibility task force at the time of publication",
      "url": "https://www.w3.org/TR/graphics-aam-1.0/#ack_svga11y"
    }
  },
  "#acknowledgements": {
    "current": {
      "number": "B",
      "spec": "Graphics Accessibility API Mappings",
      "text": "Acknowledgments",
      "url": "https://w3c.github.io/graphics-aam/#acknowledgements"
    },
    "snapshot": {
      "number": "B",
      "spec": "Graphics Accessibility API Mappings",
      "text": "Acknowledgments",
      "url": "https://www.w3.org/TR/graphics-aam-1.0/#acknowledgements"
    }
  },
  "#changelog": {
    "current": {
      "number": "A",
      "spec": "Graphics Accessibility API Mappings",
      "text": "Change Log",
      "url": "https://w3c.github.io/graphics-aam/#changelog"
    },
    "snapshot": {
      "number": "A",
      "spec": "Graphics Accessibility API Mappings",
      "text": "Change Log",
      "url": "https://www.w3.org/TR/graphics-aam-1.0/#changelog"
    }
  },
  "#conformance": {
    "current": {
      "number": "2",
      "spec": "Graphics Accessibility API Mappings",
      "text": "Conformance",
      "url": "https://w3c.github.io/graphics-aam/#conformance"
    },
    "snapshot": {
      "number": "2",
      "spec": "Graphics Accessibility API Mappings",
      "text": "Conformance",
      "url": "https://www.w3.org/TR/graphics-aam-1.0/#conformance"
    }
  },
  "#conformance-0": {
    "current": {
      "number": "2.1",
      "spec": "Graphics Accessibility API Mappings",
      "text": "Conformance",
      "url": "https://w3c.github.io/graphics-aam/#conformance-0"
    }
  },
  "#glossary": {
    "snapshot": {
      "number": "3",
      "spec": "Graphics Accessibility API Mappings",
      "text": "Important Terms",
      "url": "https://www.w3.org/TR/graphics-aam-1.0/#glossary"
    }
  },
  "#graphics-document": {
    "current": {
      "number": "6.2.1",
      "spec": "Graphics Accessibility API Mappings",
      "text": "graphics-document",
      "url": "https://w3c.github.io/graphics-aam/#graphics-document"
    }
  },
  "#graphics-object": {
    "current": {
      "number": "6.2.2",
      "spec": "Graphics Accessibility API Mappings",
      "text": "graphics-object",
      "url": "https://w3c.github.io/graphics-aam/#graphics-object"
    }
  },
  "#graphics-symbol": {
    "current": {
      "number": "6.2.3",
      "spec": "Graphics Accessibility API Mappings",
      "text": "graphics-symbol",
      "url": "https://w3c.github.io/graphics-aam/#graphics-symbol"
    }
  },
  "#informative-references": {
    "current": {
      "number": "C.2",
      "spec": "Graphics Accessibility API Mappings",
      "text": "Informative references",
      "url": "https://w3c.github.io/graphics-aam/#informative-references"
    },
    "snapshot": {
      "number": "C.2",
      "spec": "Graphics Accessibility API Mappings",
      "text": "Informative references",
      "url": "https://www.w3.org/TR/graphics-aam-1.0/#informative-references"
    }
  },
  "#intro": {
    "current": {
      "number": "1",
      "spec": "Graphics Accessibility API Mappings",
      "text": "Introduction",
      "url": "https://w3c.github.io/graphics-aam/#intro"
    },
    "snapshot": {
      "number": "1",
      "spec": "Graphics Accessibility API Mappings",
      "text": "Introduction",
      "url": "https://www.w3.org/TR/graphics-aam-1.0/#intro"
    }
  },
  "#mapping": {
    "current": {
      "number": "3",
      "spec": "Graphics Accessibility API Mappings",
      "text": "Mapping WAI-ARIA to Accessibility APIs",
      "url": "https://w3c.github.io/graphics-aam/#mapping"
    },
    "snapshot": {
      "number": "4",
      "spec": "Graphics Accessibility API Mappings",
      "text": "Mapping WAI-ARIA to Accessibility APIs",
      "url": "https://www.w3.org/TR/graphics-aam-1.0/#mapping"
    }
  },
  "#mapping_conflicts": {
    "current": {
      "number": "4",
      "spec": "Graphics Accessibility API Mappings",
      "text": "Conflicts between native markup semantics and WAI-ARIA",
      "url": "https://w3c.github.io/graphics-aam/#mapping_conflicts"
    },
    "snapshot": {
      "number": "5",
      "spec": "Graphics Accessibility API Mappings",
      "text": "Conflicts between native markup semantics and WAI-ARIA",
      "url": "https://www.w3.org/TR/graphics-aam-1.0/#mapping_conflicts"
    }
  },
  "#mapping_general": {
    "current": {
      "number": "3.1",
      "spec": "Graphics Accessibility API Mappings",
      "text": "General rules for exposing WAI-ARIA semantics",
      "url": "https://w3c.github.io/graphics-aam/#mapping_general"
    },
    "snapshot": {
      "number": "4.1",
      "spec": "Graphics Accessibility API Mappings",
      "text": "General rules for exposing WAI-ARIA semantics",
      "url": "https://www.w3.org/TR/graphics-aam-1.0/#mapping_general"
    }
  },
  "#mapping_nodirect": {
    "current": {
      "number": "5",
      "spec": "Graphics Accessibility API Mappings",
      "text": "Exposing attributes that do not directly map to accessibility API properties",
      "url": "https://w3c.github.io/graphics-aam/#mapping_nodirect"
    },
    "snapshot": {
      "number": "6",
      "spec": "Graphics Accessibility API Mappings",
      "text": "Exposing attributes that do not directly map to accessibility API properties",
      "url": "https://www.w3.org/TR/graphics-aam-1.0/#mapping_nodirect"
    }
  },
  "#mapping_role": {
    "current": {
      "number": "6",
      "spec": "Graphics Accessibility API Mappings",
      "text": "Role mapping",
      "url": "https://w3c.github.io/graphics-aam/#mapping_role"
    },
    "snapshot": {
      "number": "7",
      "spec": "Graphics Accessibility API Mappings",
      "text": "Role mapping",
      "url": "https://www.w3.org/TR/graphics-aam-1.0/#mapping_role"
    }
  },
  "#mapping_role_table": {
    "current": {
      "number": "6.2",
      "spec": "Graphics Accessibility API Mappings",
      "text": "Role Mapping Table",
      "url": "https://w3c.github.io/graphics-aam/#mapping_role_table"
    },
    "snapshot": {
      "number": "7.2",
      "spec": "Graphics Accessibility API Mappings",
      "text": "Role Mapping Table",
      "url": "https://www.w3.org/TR/graphics-aam-1.0/#mapping_role_table"
    }
  },
  "#normative-references": {
    "current": {
      "number": "C.1",
      "spec": "Graphics Accessibility API Mappings",
      "text": "Normative references",
      "url": "https://w3c.github.io/graphics-aam/#normative-references"
    },
    "snapshot": {
      "number": "C.1",
      "spec": "Graphics Accessibility API Mappings",
      "text": "Normative references",
      "url": "https://www.w3.org/TR/graphics-aam-1.0/#normative-references"
    }
  },
  "#references": {
    "current": {
      "number": "C",
      "spec": "Graphics Accessibility API Mappings",
      "text": "References",
      "url": "https://w3c.github.io/graphics-aam/#references"
    },
    "snapshot": {
      "number": "C",
      "spec": "Graphics Accessibility API Mappings",
      "text": "References",
      "url": "https://www.w3.org/TR/graphics-aam-1.0/#references"
    }
  },
  "#roleMappingGeneralRules": {
    "current": {
      "number": "6.1",
      "spec": "Graphics Accessibility API Mappings",
      "text": "General Rules",
      "url": "https://w3c.github.io/graphics-aam/#roleMappingGeneralRules"
    },
    "snapshot": {
      "number": "7.1",
      "spec": "Graphics Accessibility API Mappings",
      "text": "General Rules",
      "url": "https://www.w3.org/TR/graphics-aam-1.0/#roleMappingGeneralRules"
    }
  },
  "#substantive-changes-since-the-first-public-working-draft": {
    "current": {
      "number": "A.1",
      "spec": "Graphics Accessibility API Mappings",
      "text": "Substantive changes since the First Public Working Draft",
      "url": "https://w3c.github.io/graphics-aam/#substantive-changes-since-the-first-public-working-draft"
    },
    "snapshot": {
      "number": "A.1",
      "spec": "Graphics Accessibility API Mappings",
      "text": "Substantive changes since the First Public Working Draft",
      "url": "https://www.w3.org/TR/graphics-aam-1.0/#substantive-changes-since-the-first-public-working-draft"
    }
  },
  "#title": {
    "current": {
      "number": "",
      "spec": "Graphics Accessibility API Mappings",
      "text": "Graphics Accessibility API Mappings",
      "url": "https://w3c.github.io/graphics-aam/#title"
    },
    "snapshot": {
      "number": "",
      "spec": "Graphics Accessibility API Mappings",
      "text": "Graphics Accessibility API Mappings",
      "url": "https://www.w3.org/TR/graphics-aam-1.0/#title"
    }
  },
  "#toc": {
    "current": {
      "number": "",
      "spec": "Graphics Accessibility API Mappings",
      "text": "Table of Contents",
      "url": "https://w3c.github.io/graphics-aam/#toc"
    },
    "snapshot": {
      "number": "",
      "spec": "Graphics Accessibility API Mappings",
      "text": "Table of Contents",
      "url": "https://www.w3.org/TR/graphics-aam-1.0/#toc"
    }
  }
}