{
  "#abstract": {
    "current": {
      "number": "",
      "spec": "CSS Generated Content 3",
      "text": "Abstract",
      "url": "https://drafts.csswg.org/css-content-3/#abstract"
    },
    "snapshot": {
      "number": "",
      "spec": "CSS Generated Content 3",
      "text": "Abstract",
      "url": "https://www.w3.org/TR/css-content-3/#abstract"
    }
  },
  "#accessibility": {
    "current": {
      "number": "1.1",
      "spec": "CSS Generated Content 3",
      "text": "Accessibility of Generated Content",
      "url": "https://drafts.csswg.org/css-content-3/#accessibility"
    },
    "snapshot": {
      "number": "1.1",
      "spec": "CSS Generated Content 3",
      "text": "Accessibility of Generated Content",
      "url": "https://www.w3.org/TR/css-content-3/#accessibility"
    }
  },
  "#acknowledgements": {
    "current": {
      "number": "",
      "spec": "CSS Generated Content 3",
      "text": "Acknowledgements",
      "url": "https://drafts.csswg.org/css-content-3/#acknowledgements"
    },
    "snapshot": {
      "number": "",
      "spec": "CSS Generated Content 3",
      "text": "Acknowledgements",
      "url": "https://www.w3.org/TR/css-content-3/#acknowledgements"
    }
  },
  "#alt": {
    "current": {
      "number": "1.2",
      "spec": "CSS Generated Content 3",
      "text": "Alternative Text for Accessibility",
      "url": "https://drafts.csswg.org/css-content-3/#alt"
    },
    "snapshot": {
      "number": "1.2",
      "spec": "CSS Generated Content 3",
      "text": "Alternative Text for Accessibility",
      "url": "https://www.w3.org/TR/css-content-3/#alt"
    }
  },
  "#bookmark-generation": {
    "current": {
      "number": "3",
      "spec": "CSS Generated Content 3",
      "text": "Bookmarks",
      "url": "https://drafts.csswg.org/css-content-3/#bookmark-generation"
    },
    "snapshot": {
      "number": "4",
      "spec": "CSS Generated Content 3",
      "text": "Bookmarks",
      "url": "https://www.w3.org/TR/css-content-3/#bookmark-generation"
    }
  },
  "#bookmark-label": {
    "current": {
      "number": "3.2",
      "spec": "CSS Generated Content 3",
      "text": "Labelling a Bookmark: the bookmark-label property",
      "url": "https://drafts.csswg.org/css-content-3/#bookmark-label"
    },
    "snapshot": {
      "number": "4.2",
      "spec": "CSS Generated Content 3",
      "text": "bookmark-label",
      "url": "https://www.w3.org/TR/css-content-3/#bookmark-label"
    }
  },
  "#bookmark-level": {
    "current": {
      "number": "3.1",
      "spec": "CSS Generated Content 3",
      "text": "Setting a Bookmark: the bookmark-level property",
      "url": "https://drafts.csswg.org/css-content-3/#bookmark-level"
    },
    "snapshot": {
      "number": "4.1",
      "spec": "CSS Generated Content 3",
      "text": "bookmark-level",
      "url": "https://www.w3.org/TR/css-content-3/#bookmark-level"
    }
  },
  "#bookmark-state": {
    "current": {
      "number": "3.3",
      "spec": "CSS Generated Content 3",
      "text": "Initial Bookmark Toggle State: the bookmark-state property",
      "url": "https://drafts.csswg.org/css-content-3/#bookmark-state"
    },
    "snapshot": {
      "number": "4.3",
      "spec": "CSS Generated Content 3",
      "text": "bookmark-state",
      "url": "https://www.w3.org/TR/css-content-3/#bookmark-state"
    }
  },
  "#changes": {
    "current": {
      "number": "4",
      "spec": "CSS Generated Content 3",
      "text": "Changes",
      "url": "https://drafts.csswg.org/css-content-3/#changes"
    },
    "snapshot": {
      "number": "5",
      "spec": "CSS Generated Content 3",
      "text": "Changes since the 2 June 2016 Working Draft",
      "url": "https://www.w3.org/TR/css-content-3/#changes"
    }
  },
  "#conform-classes": {
    "snapshot": {
      "number": "",
      "spec": "CSS Generated Content 3",
      "text": "Conformance classes",
      "url": "https://www.w3.org/TR/css-content-3/#conform-classes"
    }
  },
  "#conform-future-proofing": {
    "snapshot": {
      "number": "",
      "spec": "CSS Generated Content 3",
      "text": "Implementations of Unstable and Proprietary Features",
      "url": "https://www.w3.org/TR/css-content-3/#conform-future-proofing"
    }
  },
  "#conform-partial": {
    "snapshot": {
      "number": "",
      "spec": "CSS Generated Content 3",
      "text": "Partial Implementations",
      "url": "https://www.w3.org/TR/css-content-3/#conform-partial"
    }
  },
  "#conform-responsible": {
    "snapshot": {
      "number": "",
      "spec": "CSS Generated Content 3",
      "text": "Requirements for Responsible Implementation of CSS",
      "url": "https://www.w3.org/TR/css-content-3/#conform-responsible"
    }
  },
  "#conform-testing": {
    "snapshot": {
      "number": "",
      "spec": "CSS Generated Content 3",
      "text": "Implementations of CR-level Features",
      "url": "https://www.w3.org/TR/css-content-3/#conform-testing"
    }
  },
  "#conformance": {
    "snapshot": {
      "number": "",
      "spec": "CSS Generated Content 3",
      "text": "Conformance",
      "url": "https://www.w3.org/TR/css-content-3/#conformance"
    }
  },
  "#content-function": {
    "current": {
      "number": "2.7.3",
      "spec": "CSS Generated Content 3",
      "text": "The content() function",
      "url": "https://drafts.csswg.org/css-content-3/#content-function"
    },
    "snapshot": {
      "number": "2.7.3",
      "spec": "CSS Generated Content 3",
      "text": "The content() function",
      "url": "https://www.w3.org/TR/css-content-3/#content-function"
    }
  },
  "#content-property": {
    "current": {
      "number": "1",
      "spec": "CSS Generated Content 3",
      "text": "Inserting and Replacing Content: the content property",
      "url": "https://drafts.csswg.org/css-content-3/#content-property"
    },
    "snapshot": {
      "number": "1",
      "spec": "CSS Generated Content 3",
      "text": "Inserting and replacing content with the content property",
      "url": "https://www.w3.org/TR/css-content-3/#content-property"
    }
  },
  "#content-uri": {
    "current": {
      "number": "2.2",
      "spec": "CSS Generated Content 3",
      "text": "2D Images: <image> values",
      "url": "https://drafts.csswg.org/css-content-3/#content-uri"
    },
    "snapshot": {
      "number": "2.2",
      "spec": "CSS Generated Content 3",
      "text": "<image>",
      "url": "https://www.w3.org/TR/css-content-3/#content-uri"
    }
  },
  "#content-values": {
    "current": {
      "number": "2",
      "spec": "CSS Generated Content 3",
      "text": "Generated Content Values: the <content-list> type",
      "url": "https://drafts.csswg.org/css-content-3/#content-values"
    },
    "snapshot": {
      "number": "2",
      "spec": "CSS Generated Content 3",
      "text": "<content-list> Values and Functions",
      "url": "https://www.w3.org/TR/css-content-3/#content-values"
    }
  },
  "#counters": {
    "current": {
      "number": "2.8",
      "spec": "CSS Generated Content 3",
      "text": "Automatic Counters and Numbering",
      "url": "https://drafts.csswg.org/css-content-3/#counters"
    },
    "snapshot": {
      "number": "3",
      "spec": "CSS Generated Content 3",
      "text": "Automatic counters and numbering: the counter-increment and counter-reset properties (moved)",
      "url": "https://www.w3.org/TR/css-content-3/#counters"
    }
  },
  "#cross-references": {
    "current": {
      "number": "2.6",
      "spec": "CSS Generated Content 3",
      "text": "Cross References",
      "url": "https://drafts.csswg.org/css-content-3/#cross-references"
    },
    "snapshot": {
      "number": "2.6",
      "spec": "CSS Generated Content 3",
      "text": "Cross references and the target-* functions",
      "url": "https://www.w3.org/TR/css-content-3/#cross-references"
    }
  },
  "#document-conventions": {
    "snapshot": {
      "number": "",
      "spec": "CSS Generated Content 3",
      "text": "Document conventions",
      "url": "https://www.w3.org/TR/css-content-3/#document-conventions"
    }
  },
  "#element-content": {
    "current": {
      "number": "2.3",
      "spec": "CSS Generated Content 3",
      "text": "Elemental Content: the contents keyword",
      "url": "https://drafts.csswg.org/css-content-3/#element-content"
    },
    "snapshot": {
      "number": "2.3",
      "spec": "CSS Generated Content 3",
      "text": "Element Content",
      "url": "https://www.w3.org/TR/css-content-3/#element-content"
    }
  },
  "#index": {
    "current": {
      "number": "",
      "spec": "CSS Generated Content 3",
      "text": "Index",
      "url": "https://drafts.csswg.org/css-content-3/#index"
    },
    "snapshot": {
      "number": "",
      "spec": "CSS Generated Content 3",
      "text": "Index",
      "url": "https://www.w3.org/TR/css-content-3/#index"
    }
  },
  "#index-defined-elsewhere": {
    "current": {
      "number": "",
      "spec": "CSS Generated Content 3",
      "text": "Terms defined by reference",
      "url": "https://drafts.csswg.org/css-content-3/#index-defined-elsewhere"
    },
    "snapshot": {
      "number": "",
      "spec": "CSS Generated Content 3",
      "text": "Terms defined by reference",
      "url": "https://www.w3.org/TR/css-content-3/#index-defined-elsewhere"
    }
  },
  "#index-defined-here": {
    "current": {
      "number": "",
      "spec": "CSS Generated Content 3",
      "text": "Terms defined by this specification",
      "url": "https://drafts.csswg.org/css-content-3/#index-defined-here"
    },
    "snapshot": {
      "number": "",
      "spec": "CSS Generated Content 3",
      "text": "Terms defined by this specification",
      "url": "https://www.w3.org/TR/css-content-3/#index-defined-here"
    }
  },
  "#informative": {
    "current": {
      "number": "",
      "spec": "CSS Generated Content 3",
      "text": "Informative References",
      "url": "https://drafts.csswg.org/css-content-3/#informative"
    },
    "snapshot": {
      "number": "",
      "spec": "CSS Generated Content 3",
      "text": "Informative References",
      "url": "https://www.w3.org/TR/css-content-3/#informative"
    }
  },
  "#intro": {
    "current": {
      "number": "",
      "spec": "CSS Generated Content 3",
      "text": "Introduction",
      "url": "https://drafts.csswg.org/css-content-3/#intro"
    },
    "snapshot": {
      "number": "",
      "spec": "CSS Generated Content 3",
      "text": "Introduction",
      "url": "https://www.w3.org/TR/css-content-3/#intro"
    }
  },
  "#issues-index": {
    "current": {
      "number": "",
      "spec": "CSS Generated Content 3",
      "text": "Issues Index",
      "url": "https://drafts.csswg.org/css-content-3/#issues-index"
    },
    "snapshot": {
      "number": "",
      "spec": "CSS Generated Content 3",
      "text": "Issues Index",
      "url": "https://www.w3.org/TR/css-content-3/#issues-index"
    }
  },
  "#leader-alignment": {
    "current": {
      "number": "2.5.3",
      "spec": "CSS Generated Content 3",
      "text": "Procedure for rendering leaders",
      "url": "https://drafts.csswg.org/css-content-3/#leader-alignment"
    },
    "snapshot": {
      "number": "2.5.3",
      "spec": "CSS Generated Content 3",
      "text": "Procedure for rendering leaders",
      "url": "https://www.w3.org/TR/css-content-3/#leader-alignment"
    }
  },
  "#leader-function": {
    "current": {
      "number": "2.5.1",
      "spec": "CSS Generated Content 3",
      "text": "The leader() function",
      "url": "https://drafts.csswg.org/css-content-3/#leader-function"
    },
    "snapshot": {
      "number": "2.5.1",
      "spec": "CSS Generated Content 3",
      "text": "The leader() function",
      "url": "https://www.w3.org/TR/css-content-3/#leader-function"
    }
  },
  "#leader-rules": {
    "current": {
      "number": "2.5.2",
      "spec": "CSS Generated Content 3",
      "text": "Rendering leaders",
      "url": "https://drafts.csswg.org/css-content-3/#leader-rules"
    },
    "snapshot": {
      "number": "2.5.2",
      "spec": "CSS Generated Content 3",
      "text": "Rendering leaders",
      "url": "https://www.w3.org/TR/css-content-3/#leader-rules"
    }
  },
  "#leaders": {
    "current": {
      "number": "2.5",
      "spec": "CSS Generated Content 3",
      "text": "Leaders",
      "url": "https://drafts.csswg.org/css-content-3/#leaders"
    },
    "snapshot": {
      "number": "2.5",
      "spec": "CSS Generated Content 3",
      "text": "Leaders",
      "url": "https://www.w3.org/TR/css-content-3/#leaders"
    }
  },
  "#named-strings": {
    "current": {
      "number": "2.7",
      "spec": "CSS Generated Content 3",
      "text": "Named Strings",
      "url": "https://drafts.csswg.org/css-content-3/#named-strings"
    },
    "snapshot": {
      "number": "2.7",
      "spec": "CSS Generated Content 3",
      "text": "Named strings",
      "url": "https://www.w3.org/TR/css-content-3/#named-strings"
    }
  },
  "#normative": {
    "current": {
      "number": "",
      "spec": "CSS Generated Content 3",
      "text": "Normative References",
      "url": "https://drafts.csswg.org/css-content-3/#normative"
    },
    "snapshot": {
      "number": "",
      "spec": "CSS Generated Content 3",
      "text": "Normative References",
      "url": "https://www.w3.org/TR/css-content-3/#normative"
    }
  },
  "#privacy": {
    "current": {
      "number": "",
      "spec": "CSS Generated Content 3",
      "text": "Privacy Considerations",
      "url": "https://drafts.csswg.org/css-content-3/#privacy"
    }
  },
  "#property-index": {
    "current": {
      "number": "",
      "spec": "CSS Generated Content 3",
      "text": "Property Index",
      "url": "https://drafts.csswg.org/css-content-3/#property-index"
    },
    "snapshot": {
      "number": "",
      "spec": "CSS Generated Content 3",
      "text": "Property Index",
      "url": "https://www.w3.org/TR/css-content-3/#property-index"
    }
  },
  "#quote-values": {
    "current": {
      "number": "2.4.2",
      "spec": "CSS Generated Content 3",
      "text": "Inserting Quotation Marks: the *-quote keywords",
      "url": "https://drafts.csswg.org/css-content-3/#quote-values"
    },
    "snapshot": {
      "number": "2.4.2",
      "spec": "CSS Generated Content 3",
      "text": "The *-quote values of the content property",
      "url": "https://www.w3.org/TR/css-content-3/#quote-values"
    }
  },
  "#quotes": {
    "current": {
      "number": "2.4",
      "spec": "CSS Generated Content 3",
      "text": "Quotation Marks",
      "url": "https://drafts.csswg.org/css-content-3/#quotes"
    },
    "snapshot": {
      "number": "2.4",
      "spec": "CSS Generated Content 3",
      "text": "Quotes",
      "url": "https://www.w3.org/TR/css-content-3/#quotes"
    }
  },
  "#quotes-property": {
    "current": {
      "number": "2.4.1",
      "spec": "CSS Generated Content 3",
      "text": "Quotation Mark System: the quotes property",
      "url": "https://drafts.csswg.org/css-content-3/#quotes-property"
    },
    "snapshot": {
      "number": "2.4.1",
      "spec": "CSS Generated Content 3",
      "text": "Specifying quotes with the quotes property",
      "url": "https://www.w3.org/TR/css-content-3/#quotes-property"
    }
  },
  "#references": {
    "current": {
      "number": "",
      "spec": "CSS Generated Content 3",
      "text": "References",
      "url": "https://drafts.csswg.org/css-content-3/#references"
    },
    "snapshot": {
      "number": "",
      "spec": "CSS Generated Content 3",
      "text": "References",
      "url": "https://www.w3.org/TR/css-content-3/#references"
    }
  },
  "#security": {
    "current": {
      "number": "",
      "spec": "CSS Generated Content 3",
      "text": "Security Considerations",
      "url": "https://drafts.csswg.org/css-content-3/#security"
    }
  },
  "#sotd": {
    "current": {
      "number": "",
      "spec": "CSS Generated Content 3",
      "text": "Status of this document",
      "url": "https://drafts.csswg.org/css-content-3/#sotd"
    }
  },
  "#status": {
    "snapshot": {
      "number": "",
      "spec": "CSS Generated Content 3",
      "text": "Status of this document",
      "url": "https://www.w3.org/TR/css-content-3/#status"
    }
  },
  "#string-function": {
    "current": {
      "number": "2.7.2",
      "spec": "CSS Generated Content 3",
      "text": "Inserting Named Strings: the string() function",
      "url": "https://drafts.csswg.org/css-content-3/#string-function"
    },
    "snapshot": {
      "number": "2.7.2",
      "spec": "CSS Generated Content 3",
      "text": "The string() function",
      "url": "https://www.w3.org/TR/css-content-3/#string-function"
    }
  },
  "#string-set": {
    "current": {
      "number": "2.7.1",
      "spec": "CSS Generated Content 3",
      "text": "Naming Strings: the string-set property",
      "url": "https://drafts.csswg.org/css-content-3/#string-set"
    },
    "snapshot": {
      "number": "2.7.1",
      "spec": "CSS Generated Content 3",
      "text": "The string-set property",
      "url": "https://www.w3.org/TR/css-content-3/#string-set"
    }
  },
  "#strings": {
    "current": {
      "number": "2.1",
      "spec": "CSS Generated Content 3",
      "text": "Basic Strings: <string> and <attr()> values",
      "url": "https://drafts.csswg.org/css-content-3/#strings"
    },
    "snapshot": {
      "number": "2.1",
      "spec": "CSS Generated Content 3",
      "text": "String",
      "url": "https://www.w3.org/TR/css-content-3/#strings"
    }
  },
  "#subtitle": {
    "snapshot": {
      "number": "",
      "spec": "CSS Generated Content 3",
      "text": "W3C Working Draft, 2 August 2019",
      "url": "https://www.w3.org/TR/css-content-3/#subtitle"
    }
  },
  "#target-counter": {
    "current": {
      "number": "2.6.1",
      "spec": "CSS Generated Content 3",
      "text": "The target-counter() function",
      "url": "https://drafts.csswg.org/css-content-3/#target-counter"
    },
    "snapshot": {
      "number": "2.6.1",
      "spec": "CSS Generated Content 3",
      "text": "The target-counter() function",
      "url": "https://www.w3.org/TR/css-content-3/#target-counter"
    }
  },
  "#target-counters": {
    "current": {
      "number": "2.6.2",
      "spec": "CSS Generated Content 3",
      "text": "The target-counters() function",
      "url": "https://drafts.csswg.org/css-content-3/#target-counters"
    },
    "snapshot": {
      "number": "2.6.2",
      "spec": "CSS Generated Content 3",
      "text": "The target-counters() function",
      "url": "https://www.w3.org/TR/css-content-3/#target-counters"
    }
  },
  "#target-text": {
    "current": {
      "number": "2.6.3",
      "spec": "CSS Generated Content 3",
      "text": "The target-text() function",
      "url": "https://drafts.csswg.org/css-content-3/#target-text"
    },
    "snapshot": {
      "number": "2.6.3",
      "spec": "CSS Generated Content 3",
      "text": "The target-text() function",
      "url": "https://www.w3.org/TR/css-content-3/#target-text"
    }
  },
  "#title": {
    "current": {
      "number": "",
      "spec": "CSS Generated Content 3",
      "text": "CSS Generated Content Module Level 3",
      "url": "https://drafts.csswg.org/css-content-3/#title"
    },
    "snapshot": {
      "number": "",
      "spec": "CSS Generated Content 3",
      "text": "CSS Generated Content Module Level 3",
      "url": "https://www.w3.org/TR/css-content-3/#title"
    }
  },
  "#toc": {
    "current": {
      "number": "",
      "spec": "CSS Generated Content 3",
      "text": "Table of Contents",
      "url": "https://drafts.csswg.org/css-content-3/#toc"
    },
    "snapshot": {
      "number": "",
      "spec": "CSS Generated Content 3",
      "text": "Table of Contents",
      "url": "https://www.w3.org/TR/css-content-3/#toc"
    }
  },
  "#values": {
    "current": {
      "number": "",
      "spec": "CSS Generated Content 3",
      "text": "Value Definitions",
      "url": "https://drafts.csswg.org/css-content-3/#values"
    }
  },
  "#w3c-conform-future-proofing": {
    "current": {
      "number": "",
      "spec": "CSS Generated Content 3",
      "text": "Implementations of Unstable and Proprietary Features",
      "url": "https://drafts.csswg.org/css-content-3/#w3c-conform-future-proofing"
    }
  },
  "#w3c-conformance": {
    "current": {
      "number": "",
      "spec": "CSS Generated Content 3",
      "text": "Conformance",
      "url": "https://drafts.csswg.org/css-content-3/#w3c-conformance"
    }
  },
  "#w3c-conformance-classes": {
    "current": {
      "number": "",
      "spec": "CSS Generated Content 3",
      "text": "Conformance classes",
      "url": "https://drafts.csswg.org/css-content-3/#w3c-conformance-classes"
    }
  },
  "#w3c-conventions": {
    "current": {
      "number": "",
      "spec": "CSS Generated Content 3",
      "text": "Document conventions",
      "url": "https://drafts.csswg.org/css-content-3/#w3c-conventions"
    }
  },
  "#w3c-partial": {
    "current": {
      "number": "",
      "spec": "CSS Generated Content 3",
      "text": "Partial implementations",
      "url": "https://drafts.csswg.org/css-content-3/#w3c-partial"
    }
  },
  "#w3c-testing": {
    "current": {
      "number": "",
      "spec": "CSS Generated Content 3",
      "text": "Non-experimental implementations",
      "url": "https://drafts.csswg.org/css-content-3/#w3c-testing"
    }
  }
}