{
  "#abstract": {
    "current": {
      "number": "",
      "spec": "CSS Box Model 3",
      "text": "Abstract",
      "url": "https://drafts.csswg.org/css-box-3/#abstract"
    },
    "snapshot": {
      "number": "",
      "spec": "CSS Box Model 3",
      "text": "Abstract",
      "url": "https://www.w3.org/TR/css-box-3/#abstract"
    }
  },
  "#borders": {
    "current": {
      "number": "5",
      "spec": "CSS Box Model 3",
      "text": "Borders",
      "url": "https://drafts.csswg.org/css-box-3/#borders"
    },
    "snapshot": {
      "number": "5",
      "spec": "CSS Box Model 3",
      "text": "Borders",
      "url": "https://www.w3.org/TR/css-box-3/#borders"
    }
  },
  "#box-model": {
    "current": {
      "number": "2",
      "spec": "CSS Box Model 3",
      "text": "The CSS Box Model",
      "url": "https://drafts.csswg.org/css-box-3/#box-model"
    },
    "snapshot": {
      "number": "2",
      "spec": "CSS Box Model 3",
      "text": "The CSS Box Model",
      "url": "https://www.w3.org/TR/css-box-3/#box-model"
    }
  },
  "#changes": {
    "current": {
      "number": "6",
      "spec": "CSS Box Model 3",
      "text": "Changes Since CSS Level 2",
      "url": "https://drafts.csswg.org/css-box-3/#changes"
    },
    "snapshot": {
      "number": "6",
      "spec": "CSS Box Model 3",
      "text": "Changes Since CSS Level 2",
      "url": "https://www.w3.org/TR/css-box-3/#changes"
    }
  },
  "#index": {
    "current": {
      "number": "",
      "spec": "CSS Box Model 3",
      "text": "Index",
      "url": "https://drafts.csswg.org/css-box-3/#index"
    },
    "snapshot": {
      "number": "",
      "spec": "CSS Box Model 3",
      "text": "Index",
      "url": "https://www.w3.org/TR/css-box-3/#index"
    }
  },
  "#index-defined-elsewhere": {
    "current": {
      "number": "",
      "spec": "CSS Box Model 3",
      "text": "Terms defined by reference",
      "url": "https://drafts.csswg.org/css-box-3/#index-defined-elsewhere"
    },
    "snapshot": {
      "number": "",
      "spec": "CSS Box Model 3",
      "text": "Terms defined by reference",
      "url": "https://www.w3.org/TR/css-box-3/#index-defined-elsewhere"
    }
  },
  "#index-defined-here": {
    "current": {
      "number": "",
      "spec": "CSS Box Model 3",
      "text": "Terms defined by this specification",
      "url": "https://drafts.csswg.org/css-box-3/#index-defined-here"
    },
    "snapshot": {
      "number": "",
      "spec": "CSS Box Model 3",
      "text": "Terms defined by this specification",
      "url": "https://www.w3.org/TR/css-box-3/#index-defined-here"
    }
  },
  "#informative": {
    "current": {
      "number": "",
      "spec": "CSS Box Model 3",
      "text": "Informative References",
      "url": "https://drafts.csswg.org/css-box-3/#informative"
    },
    "snapshot": {
      "number": "",
      "spec": "CSS Box Model 3",
      "text": "Informative References",
      "url": "https://www.w3.org/TR/css-box-3/#informative"
    }
  },
  "#intro": {
    "current": {
      "number": "1",
      "spec": "CSS Box Model 3",
      "text": "Introduction",
      "url": "https://drafts.csswg.org/css-box-3/#intro"
    },
    "snapshot": {
      "number": "1",
      "spec": "CSS Box Model 3",
      "text": "Introduction",
      "url": "https://www.w3.org/TR/css-box-3/#intro"
    }
  },
  "#keywords": {
    "current": {
      "number": "2.1",
      "spec": "CSS Box Model 3",
      "text": "Box-edge Keywords",
      "url": "https://drafts.csswg.org/css-box-3/#keywords"
    },
    "snapshot": {
      "number": "2.1",
      "spec": "CSS Box Model 3",
      "text": "Box-edge Keywords",
      "url": "https://www.w3.org/TR/css-box-3/#keywords"
    }
  },
  "#margin-physical": {
    "current": {
      "number": "3.1",
      "spec": "CSS Box Model 3",
      "text": "Page-relative (Physical) Margin Properties: the margin-top, margin-right, margin-bottom, and margin-left properties",
      "url": "https://drafts.csswg.org/css-box-3/#margin-physical"
    },
    "snapshot": {
      "number": "3.1",
      "spec": "CSS Box Model 3",
      "text": "Page-relative (Physical) Margin Properties: the margin-top, margin-right, margin-bottom, and margin-left properties",
      "url": "https://www.w3.org/TR/css-box-3/#margin-physical"
    }
  },
  "#margin-shorthand": {
    "current": {
      "number": "3.2",
      "spec": "CSS Box Model 3",
      "text": "Margin Shorthand: the margin property",
      "url": "https://drafts.csswg.org/css-box-3/#margin-shorthand"
    },
    "snapshot": {
      "number": "3.2",
      "spec": "CSS Box Model 3",
      "text": "Margin Shorthand: the margin property",
      "url": "https://www.w3.org/TR/css-box-3/#margin-shorthand"
    }
  },
  "#margins": {
    "current": {
      "number": "3",
      "spec": "CSS Box Model 3",
      "text": "Margins",
      "url": "https://drafts.csswg.org/css-box-3/#margins"
    },
    "snapshot": {
      "number": "3",
      "spec": "CSS Box Model 3",
      "text": "Margins",
      "url": "https://www.w3.org/TR/css-box-3/#margins"
    }
  },
  "#normative": {
    "current": {
      "number": "",
      "spec": "CSS Box Model 3",
      "text": "Normative References",
      "url": "https://drafts.csswg.org/css-box-3/#normative"
    },
    "snapshot": {
      "number": "",
      "spec": "CSS Box Model 3",
      "text": "Normative References",
      "url": "https://www.w3.org/TR/css-box-3/#normative"
    }
  },
  "#padding-physical": {
    "current": {
      "number": "4.1",
      "spec": "CSS Box Model 3",
      "text": "Page-relative (Physical) Padding Properties: the padding-top, padding-right, padding-bottom, and padding-left properties",
      "url": "https://drafts.csswg.org/css-box-3/#padding-physical"
    },
    "snapshot": {
      "number": "4.1",
      "spec": "CSS Box Model 3",
      "text": "Page-relative (Physical) Padding Properties: the padding-top, padding-right, padding-bottom, and padding-left properties",
      "url": "https://www.w3.org/TR/css-box-3/#padding-physical"
    }
  },
  "#padding-shorthand": {
    "current": {
      "number": "4.2",
      "spec": "CSS Box Model 3",
      "text": "Padding Shorthand: the padding property",
      "url": "https://drafts.csswg.org/css-box-3/#padding-shorthand"
    },
    "snapshot": {
      "number": "4.2",
      "spec": "CSS Box Model 3",
      "text": "Padding Shorthand: the padding property",
      "url": "https://www.w3.org/TR/css-box-3/#padding-shorthand"
    }
  },
  "#paddings": {
    "current": {
      "number": "4",
      "spec": "CSS Box Model 3",
      "text": "Padding",
      "url": "https://drafts.csswg.org/css-box-3/#paddings"
    },
    "snapshot": {
      "number": "4",
      "spec": "CSS Box Model 3",
      "text": "Padding",
      "url": "https://www.w3.org/TR/css-box-3/#paddings"
    }
  },
  "#placement": {
    "current": {
      "number": "1.2",
      "spec": "CSS Box Model 3",
      "text": "Module Interactions",
      "url": "https://drafts.csswg.org/css-box-3/#placement"
    },
    "snapshot": {
      "number": "1.2",
      "spec": "CSS Box Model 3",
      "text": "Module Interactions",
      "url": "https://www.w3.org/TR/css-box-3/#placement"
    }
  },
  "#priv": {
    "current": {
      "number": "7",
      "spec": "CSS Box Model 3",
      "text": "Privacy Considerations",
      "url": "https://drafts.csswg.org/css-box-3/#priv"
    },
    "snapshot": {
      "number": "7",
      "spec": "CSS Box Model 3",
      "text": "Privacy Considerations",
      "url": "https://www.w3.org/TR/css-box-3/#priv"
    }
  },
  "#property-index": {
    "current": {
      "number": "",
      "spec": "CSS Box Model 3",
      "text": "Property Index",
      "url": "https://drafts.csswg.org/css-box-3/#property-index"
    },
    "snapshot": {
      "number": "",
      "spec": "CSS Box Model 3",
      "text": "Property Index",
      "url": "https://www.w3.org/TR/css-box-3/#property-index"
    }
  },
  "#references": {
    "current": {
      "number": "",
      "spec": "CSS Box Model 3",
      "text": "References",
      "url": "https://drafts.csswg.org/css-box-3/#references"
    },
    "snapshot": {
      "number": "",
      "spec": "CSS Box Model 3",
      "text": "References",
      "url": "https://www.w3.org/TR/css-box-3/#references"
    }
  },
  "#sec": {
    "current": {
      "number": "8",
      "spec": "CSS Box Model 3",
      "text": "Security Considerations",
      "url": "https://drafts.csswg.org/css-box-3/#sec"
    },
    "snapshot": {
      "number": "8",
      "spec": "CSS Box Model 3",
      "text": "Security Considerations",
      "url": "https://www.w3.org/TR/css-box-3/#sec"
    }
  },
  "#sotd": {
    "current": {
      "number": "",
      "spec": "CSS Box Model 3",
      "text": "Status of this document",
      "url": "https://drafts.csswg.org/css-box-3/#sotd"
    },
    "snapshot": {
      "number": "",
      "spec": "CSS Box Model 3",
      "text": "Status of this document",
      "url": "https://www.w3.org/TR/css-box-3/#sotd"
    }
  },
  "#title": {
    "current": {
      "number": "",
      "spec": "CSS Box Model 3",
      "text": "CSS Box Model Module Level 3",
      "url": "https://drafts.csswg.org/css-box-3/#title"
    },
    "snapshot": {
      "number": "",
      "spec": "CSS Box Model 3",
      "text": "CSS Box Model Module Level 3",
      "url": "https://www.w3.org/TR/css-box-3/#title"
    }
  },
  "#toc": {
    "current": {
      "number": "",
      "spec": "CSS Box Model 3",
      "text": "Table of Contents",
      "url": "https://drafts.csswg.org/css-box-3/#toc"
    },
    "snapshot": {
      "number": "",
      "spec": "CSS Box Model 3",
      "text": "Table of Contents",
      "url": "https://www.w3.org/TR/css-box-3/#toc"
    }
  },
  "#values": {
    "current": {
      "number": "1.1",
      "spec": "CSS Box Model 3",
      "text": "Value Definitions",
      "url": "https://drafts.csswg.org/css-box-3/#values"
    },
    "snapshot": {
      "number": "1.1",
      "spec": "CSS Box Model 3",
      "text": "Value Definitions",
      "url": "https://www.w3.org/TR/css-box-3/#values"
    }
  },
  "#w3c-conform-future-proofing": {
    "current": {
      "number": "",
      "spec": "CSS Box Model 3",
      "text": "Implementations of Unstable and Proprietary Features",
      "url": "https://drafts.csswg.org/css-box-3/#w3c-conform-future-proofing"
    },
    "snapshot": {
      "number": "",
      "spec": "CSS Box Model 3",
      "text": "Implementations of Unstable and Proprietary Features",
      "url": "https://www.w3.org/TR/css-box-3/#w3c-conform-future-proofing"
    }
  },
  "#w3c-conformance": {
    "current": {
      "number": "",
      "spec": "CSS Box Model 3",
      "text": "Conformance",
      "url": "https://drafts.csswg.org/css-box-3/#w3c-conformance"
    },
    "snapshot": {
      "number": "",
      "spec": "CSS Box Model 3",
      "text": "Conformance",
      "url": "https://www.w3.org/TR/css-box-3/#w3c-conformance"
    }
  },
  "#w3c-conformance-classes": {
    "current": {
      "number": "",
      "spec": "CSS Box Model 3",
      "text": "Conformance classes",
      "url": "https://drafts.csswg.org/css-box-3/#w3c-conformance-classes"
    },
    "snapshot": {
      "number": "",
      "spec": "CSS Box Model 3",
      "text": "Conformance classes",
      "url": "https://www.w3.org/TR/css-box-3/#w3c-conformance-classes"
    }
  },
  "#w3c-conventions": {
    "current": {
      "number": "",
      "spec": "CSS Box Model 3",
      "text": "Document conventions",
      "url": "https://drafts.csswg.org/css-box-3/#w3c-conventions"
    },
    "snapshot": {
      "number": "",
      "spec": "CSS Box Model 3",
      "text": "Document conventions",
      "url": "https://www.w3.org/TR/css-box-3/#w3c-conventions"
    }
  },
  "#w3c-partial": {
    "current": {
      "number": "",
      "spec": "CSS Box Model 3",
      "text": "Partial implementations",
      "url": "https://drafts.csswg.org/css-box-3/#w3c-partial"
    },
    "snapshot": {
      "number": "",
      "spec": "CSS Box Model 3",
      "text": "Partial implementations",
      "url": "https://www.w3.org/TR/css-box-3/#w3c-partial"
    }
  },
  "#w3c-testing": {
    "current": {
      "number": "",
      "spec": "CSS Box Model 3",
      "text": "Non-experimental implementations",
      "url": "https://drafts.csswg.org/css-box-3/#w3c-testing"
    },
    "snapshot": {
      "number": "",
      "spec": "CSS Box Model 3",
      "text": "Non-experimental implementations",
      "url": "https://www.w3.org/TR/css-box-3/#w3c-testing"
    }
  }
}