{
  "#capture-handle": {
    "current": {
      "number": "5.1",
      "spec": "Capture Handle - Bootstrapping Collaboration when Screensharing",
      "text": "CaptureHandle",
      "url": "https://w3c.github.io/mediacapture-handle/identity/#capture-handle"
    },
    "snapshot": {
      "number": "5.1",
      "spec": "Capture Handle - Bootstrapping Collaboration when Screensharing",
      "text": "CaptureHandle",
      "url": "https://www.w3.org/TR/capture-handle-identity/#capture-handle"
    }
  },
  "#capture-handle-config": {
    "current": {
      "number": "4.1",
      "spec": "Capture Handle - Bootstrapping Collaboration when Screensharing",
      "text": "CaptureHandleConfig",
      "url": "https://w3c.github.io/mediacapture-handle/identity/#capture-handle-config"
    },
    "snapshot": {
      "number": "4.1",
      "spec": "Capture Handle - Bootstrapping Collaboration when Screensharing",
      "text": "CaptureHandleConfig",
      "url": "https://www.w3.org/TR/capture-handle-identity/#capture-handle-config"
    }
  },
  "#capture-handle-mechanism": {
    "current": {
      "number": "3",
      "spec": "Capture Handle - Bootstrapping Collaboration when Screensharing",
      "text": "The Capture-Handle Mechanism",
      "url": "https://w3c.github.io/mediacapture-handle/identity/#capture-handle-mechanism"
    },
    "snapshot": {
      "number": "3",
      "spec": "Capture Handle - Bootstrapping Collaboration when Screensharing",
      "text": "The Capture-Handle Mechanism",
      "url": "https://www.w3.org/TR/capture-handle-identity/#capture-handle-mechanism"
    }
  },
  "#capture-handle-via-getcapturehandle": {
    "current": {
      "number": "5.2",
      "spec": "Capture Handle - Bootstrapping Collaboration when Screensharing",
      "text": "MediaStreamTrack.getCaptureHandle()",
      "url": "https://w3c.github.io/mediacapture-handle/identity/#capture-handle-via-getcapturehandle"
    },
    "snapshot": {
      "number": "5.2",
      "spec": "Capture Handle - Bootstrapping Collaboration when Screensharing",
      "text": "MediaStreamTrack.getCaptureHandle()",
      "url": "https://www.w3.org/TR/capture-handle-identity/#capture-handle-via-getcapturehandle"
    }
  },
  "#captured-side": {
    "current": {
      "number": "4",
      "spec": "Capture Handle - Bootstrapping Collaboration when Screensharing",
      "text": "Captured Side",
      "url": "https://w3c.github.io/mediacapture-handle/identity/#captured-side"
    },
    "snapshot": {
      "number": "4",
      "spec": "Capture Handle - Bootstrapping Collaboration when Screensharing",
      "text": "Captured Side",
      "url": "https://www.w3.org/TR/capture-handle-identity/#captured-side"
    }
  },
  "#capturehandlechange": {
    "current": {
      "number": "5.3.1",
      "spec": "Capture Handle - Bootstrapping Collaboration when Screensharing",
      "text": "capturehandlechange",
      "url": "https://w3c.github.io/mediacapture-handle/identity/#capturehandlechange"
    },
    "snapshot": {
      "number": "5.3.1",
      "spec": "Capture Handle - Bootstrapping Collaboration when Screensharing",
      "text": "capturehandlechange",
      "url": "https://www.w3.org/TR/capture-handle-identity/#capturehandlechange"
    }
  },
  "#capturing-side": {
    "current": {
      "number": "5",
      "spec": "Capture Handle - Bootstrapping Collaboration when Screensharing",
      "text": "Capturing Side",
      "url": "https://w3c.github.io/mediacapture-handle/identity/#capturing-side"
    },
    "snapshot": {
      "number": "5",
      "spec": "Capture Handle - Bootstrapping Collaboration when Screensharing",
      "text": "Capturing Side",
      "url": "https://www.w3.org/TR/capture-handle-identity/#capturing-side"
    }
  },
  "#conformance": {
    "current": {
      "number": "1",
      "spec": "Capture Handle - Bootstrapping Collaboration when Screensharing",
      "text": "Conformance",
      "url": "https://w3c.github.io/mediacapture-handle/identity/#conformance"
    },
    "snapshot": {
      "number": "1",
      "spec": "Capture Handle - Bootstrapping Collaboration when Screensharing",
      "text": "Conformance",
      "url": "https://www.w3.org/TR/capture-handle-identity/#conformance"
    }
  },
  "#events": {
    "current": {
      "number": "5.3",
      "spec": "Capture Handle - Bootstrapping Collaboration when Screensharing",
      "text": "On-Change Event",
      "url": "https://w3c.github.io/mediacapture-handle/identity/#events"
    },
    "snapshot": {
      "number": "5.3",
      "spec": "Capture Handle - Bootstrapping Collaboration when Screensharing",
      "text": "On-Change Event",
      "url": "https://www.w3.org/TR/capture-handle-identity/#events"
    }
  },
  "#generic-problem-desc": {
    "current": {
      "number": "2.1",
      "spec": "Capture Handle - Bootstrapping Collaboration when Screensharing",
      "text": "Generic Problem Description",
      "url": "https://w3c.github.io/mediacapture-handle/identity/#generic-problem-desc"
    },
    "snapshot": {
      "number": "2.1",
      "spec": "Capture Handle - Bootstrapping Collaboration when Screensharing",
      "text": "Generic Problem Description",
      "url": "https://www.w3.org/TR/capture-handle-identity/#generic-problem-desc"
    }
  },
  "#informative-references": {
    "current": {
      "number": "A.2",
      "spec": "Capture Handle - Bootstrapping Collaboration when Screensharing",
      "text": "Informative references",
      "url": "https://w3c.github.io/mediacapture-handle/identity/#informative-references"
    },
    "snapshot": {
      "number": "A.2",
      "spec": "Capture Handle - Bootstrapping Collaboration when Screensharing",
      "text": "Informative references",
      "url": "https://www.w3.org/TR/capture-handle-identity/#informative-references"
    }
  },
  "#normative-references": {
    "current": {
      "number": "A.1",
      "spec": "Capture Handle - Bootstrapping Collaboration when Screensharing",
      "text": "Normative references",
      "url": "https://w3c.github.io/mediacapture-handle/identity/#normative-references"
    },
    "snapshot": {
      "number": "A.1",
      "spec": "Capture Handle - Bootstrapping Collaboration when Screensharing",
      "text": "Normative references",
      "url": "https://www.w3.org/TR/capture-handle-identity/#normative-references"
    }
  },
  "#oncapturehandlechange": {
    "current": {
      "number": "5.3.2",
      "spec": "Capture Handle - Bootstrapping Collaboration when Screensharing",
      "text": "oncapturehandlechange",
      "url": "https://w3c.github.io/mediacapture-handle/identity/#oncapturehandlechange"
    },
    "snapshot": {
      "number": "5.3.2",
      "spec": "Capture Handle - Bootstrapping Collaboration when Screensharing",
      "text": "oncapturehandlechange",
      "url": "https://www.w3.org/TR/capture-handle-identity/#oncapturehandlechange"
    }
  },
  "#problem-description": {
    "current": {
      "number": "2",
      "spec": "Capture Handle - Bootstrapping Collaboration when Screensharing",
      "text": "Problem Description",
      "url": "https://w3c.github.io/mediacapture-handle/identity/#problem-description"
    },
    "snapshot": {
      "number": "2",
      "spec": "Capture Handle - Bootstrapping Collaboration when Screensharing",
      "text": "Problem Description",
      "url": "https://www.w3.org/TR/capture-handle-identity/#problem-description"
    }
  },
  "#references": {
    "current": {
      "number": "A",
      "spec": "Capture Handle - Bootstrapping Collaboration when Screensharing",
      "text": "References",
      "url": "https://w3c.github.io/mediacapture-handle/identity/#references"
    },
    "snapshot": {
      "number": "A",
      "spec": "Capture Handle - Bootstrapping Collaboration when Screensharing",
      "text": "References",
      "url": "https://www.w3.org/TR/capture-handle-identity/#references"
    }
  },
  "#set-capture-handle-config": {
    "current": {
      "number": "4.2",
      "spec": "Capture Handle - Bootstrapping Collaboration when Screensharing",
      "text": "MediaDevices.setCaptureHandleConfig()",
      "url": "https://w3c.github.io/mediacapture-handle/identity/#set-capture-handle-config"
    },
    "snapshot": {
      "number": "4.2",
      "spec": "Capture Handle - Bootstrapping Collaboration when Screensharing",
      "text": "MediaDevices.setCaptureHandleConfig()",
      "url": "https://www.w3.org/TR/capture-handle-identity/#set-capture-handle-config"
    }
  },
  "#title": {
    "current": {
      "number": "",
      "spec": "Capture Handle - Bootstrapping Collaboration when Screensharing",
      "text": "Capture Handle - Bootstrapping Collaboration when Screensharing",
      "url": "https://w3c.github.io/mediacapture-handle/identity/#title"
    },
    "snapshot": {
      "number": "",
      "spec": "Capture Handle - Bootstrapping Collaboration when Screensharing",
      "text": "Capture Handle - Bootstrapping Collaboration when Screensharing",
      "url": "https://www.w3.org/TR/capture-handle-identity/#title"
    }
  },
  "#toc": {
    "current": {
      "number": "",
      "spec": "Capture Handle - Bootstrapping Collaboration when Screensharing",
      "text": "Table of Contents",
      "url": "https://w3c.github.io/mediacapture-handle/identity/#toc"
    },
    "snapshot": {
      "number": "",
      "spec": "Capture Handle - Bootstrapping Collaboration when Screensharing",
      "text": "Table of Contents",
      "url": "https://www.w3.org/TR/capture-handle-identity/#toc"
    }
  },
  "#use-case-1": {
    "current": {
      "number": "2.2",
      "spec": "Capture Handle - Bootstrapping Collaboration when Screensharing",
      "text": "Use-case #1: Driving Presentations from Video Conferencing Apps",
      "url": "https://w3c.github.io/mediacapture-handle/identity/#use-case-1"
    },
    "snapshot": {
      "number": "2.2",
      "spec": "Capture Handle - Bootstrapping Collaboration when Screensharing",
      "text": "Use-case #1: Driving Presentations from Video Conferencing Apps",
      "url": "https://www.w3.org/TR/capture-handle-identity/#use-case-1"
    }
  },
  "#use-case-2": {
    "current": {
      "number": "2.3",
      "spec": "Capture Handle - Bootstrapping Collaboration when Screensharing",
      "text": "Use-case #2: Analytics",
      "url": "https://w3c.github.io/mediacapture-handle/identity/#use-case-2"
    },
    "snapshot": {
      "number": "2.3",
      "spec": "Capture Handle - Bootstrapping Collaboration when Screensharing",
      "text": "Use-case #2: Analytics",
      "url": "https://www.w3.org/TR/capture-handle-identity/#use-case-2"
    }
  },
  "#use-case-3": {
    "current": {
      "number": "2.4",
      "spec": "Capture Handle - Bootstrapping Collaboration when Screensharing",
      "text": "Use-case #3: Detecting Unintended Captures",
      "url": "https://w3c.github.io/mediacapture-handle/identity/#use-case-3"
    },
    "snapshot": {
      "number": "2.4",
      "spec": "Capture Handle - Bootstrapping Collaboration when Screensharing",
      "text": "Use-case #3: Detecting Unintended Captures",
      "url": "https://www.w3.org/TR/capture-handle-identity/#use-case-3"
    }
  },
  "#use-case-4": {
    "current": {
      "number": "2.5",
      "spec": "Capture Handle - Bootstrapping Collaboration when Screensharing",
      "text": "Use-case #4: Avoiding \"Hall of Mirrors\"",
      "url": "https://w3c.github.io/mediacapture-handle/identity/#use-case-4"
    },
    "snapshot": {
      "number": "2.5",
      "spec": "Capture Handle - Bootstrapping Collaboration when Screensharing",
      "text": "Use-case #4: Avoiding \"Hall of Mirrors\"",
      "url": "https://www.w3.org/TR/capture-handle-identity/#use-case-4"
    }
  }
}