{
  "#acknowledgements": {
    "current": {
      "number": "A",
      "spec": "Selection API",
      "text": "Acknowledgements",
      "url": "https://w3c.github.io/selection-api/#acknowledgements"
    },
    "snapshot": {
      "number": "A",
      "spec": "Selection API",
      "text": "Acknowledgements",
      "url": "https://www.w3.org/TR/selection-api/#acknowledgements"
    }
  },
  "#background": {
    "current": {
      "number": "1",
      "spec": "Selection API",
      "text": "Background",
      "url": "https://w3c.github.io/selection-api/#background"
    },
    "snapshot": {
      "number": "1",
      "spec": "Selection API",
      "text": "Background",
      "url": "https://www.w3.org/TR/selection-api/#background"
    }
  },
  "#conformance": {
    "current": {
      "number": "7",
      "spec": "Selection API",
      "text": "Conformance",
      "url": "https://w3c.github.io/selection-api/#conformance"
    },
    "snapshot": {
      "number": "7",
      "spec": "Selection API",
      "text": "Conformance",
      "url": "https://www.w3.org/TR/selection-api/#conformance"
    }
  },
  "#definition": {
    "current": {
      "number": "2",
      "spec": "Selection API",
      "text": "Definition",
      "url": "https://w3c.github.io/selection-api/#definition"
    },
    "snapshot": {
      "number": "2",
      "spec": "Selection API",
      "text": "Definition",
      "url": "https://www.w3.org/TR/selection-api/#definition"
    }
  },
  "#extensions-to-document-interface": {
    "current": {
      "number": "4.1",
      "spec": "Selection API",
      "text": "Extensions to Document interface",
      "url": "https://w3c.github.io/selection-api/#extensions-to-document-interface"
    },
    "snapshot": {
      "number": "4.1",
      "spec": "Selection API",
      "text": "Extensions to Document interface",
      "url": "https://www.w3.org/TR/selection-api/#extensions-to-document-interface"
    }
  },
  "#extensions-to-globaleventhandlers-interface": {
    "current": {
      "number": "4.3",
      "spec": "Selection API",
      "text": "Extensions to GlobalEventHandlers interface",
      "url": "https://w3c.github.io/selection-api/#extensions-to-globaleventhandlers-interface"
    },
    "snapshot": {
      "number": "4.3",
      "spec": "Selection API",
      "text": "Extensions to GlobalEventHandlers interface",
      "url": "https://www.w3.org/TR/selection-api/#extensions-to-globaleventhandlers-interface"
    }
  },
  "#extensions-to-other-interfaces": {
    "current": {
      "number": "4",
      "spec": "Selection API",
      "text": "Extensions to Other Interfaces",
      "url": "https://w3c.github.io/selection-api/#extensions-to-other-interfaces"
    },
    "snapshot": {
      "number": "4",
      "spec": "Selection API",
      "text": "Extensions to Other Interfaces",
      "url": "https://www.w3.org/TR/selection-api/#extensions-to-other-interfaces"
    }
  },
  "#extensions-to-window-interface": {
    "current": {
      "number": "4.2",
      "spec": "Selection API",
      "text": "Extensions to Window interface",
      "url": "https://w3c.github.io/selection-api/#extensions-to-window-interface"
    },
    "snapshot": {
      "number": "4.2",
      "spec": "Selection API",
      "text": "Extensions to Window interface",
      "url": "https://www.w3.org/TR/selection-api/#extensions-to-window-interface"
    }
  },
  "#normative-references": {
    "current": {
      "number": "B.1",
      "spec": "Selection API",
      "text": "Normative references",
      "url": "https://w3c.github.io/selection-api/#normative-references"
    },
    "snapshot": {
      "number": "B.1",
      "spec": "Selection API",
      "text": "Normative references",
      "url": "https://www.w3.org/TR/selection-api/#normative-references"
    }
  },
  "#references": {
    "current": {
      "number": "B",
      "spec": "Selection API",
      "text": "References",
      "url": "https://w3c.github.io/selection-api/#references"
    },
    "snapshot": {
      "number": "B",
      "spec": "Selection API",
      "text": "References",
      "url": "https://www.w3.org/TR/selection-api/#references"
    }
  },
  "#responding-to-dom-mutations": {
    "current": {
      "number": "5",
      "spec": "Selection API",
      "text": "Responding to DOM Mutations",
      "url": "https://w3c.github.io/selection-api/#responding-to-dom-mutations"
    },
    "snapshot": {
      "number": "5",
      "spec": "Selection API",
      "text": "Responding to DOM Mutations",
      "url": "https://www.w3.org/TR/selection-api/#responding-to-dom-mutations"
    }
  },
  "#security-and-privacy-considerations": {
    "current": {
      "number": "8",
      "spec": "Selection API",
      "text": "Security and Privacy considerations",
      "url": "https://w3c.github.io/selection-api/#security-and-privacy-considerations"
    },
    "snapshot": {
      "number": "8",
      "spec": "Selection API",
      "text": "Security and Privacy considerations",
      "url": "https://www.w3.org/TR/selection-api/#security-and-privacy-considerations"
    }
  },
  "#selection-interface": {
    "current": {
      "number": "3",
      "spec": "Selection API",
      "text": "Selection interface",
      "url": "https://w3c.github.io/selection-api/#selection-interface"
    },
    "snapshot": {
      "number": "3",
      "spec": "Selection API",
      "text": "Selection interface",
      "url": "https://www.w3.org/TR/selection-api/#selection-interface"
    }
  },
  "#selectionchange-event": {
    "current": {
      "number": "6.2",
      "spec": "Selection API",
      "text": "selectionchange event",
      "url": "https://w3c.github.io/selection-api/#selectionchange-event"
    },
    "snapshot": {
      "number": "6.2",
      "spec": "Selection API",
      "text": "selectionchange event",
      "url": "https://www.w3.org/TR/selection-api/#selectionchange-event"
    }
  },
  "#selectstart-event": {
    "current": {
      "number": "6.1",
      "spec": "Selection API",
      "text": "selectstart event",
      "url": "https://w3c.github.io/selection-api/#selectstart-event"
    },
    "snapshot": {
      "number": "6.1",
      "spec": "Selection API",
      "text": "selectstart event",
      "url": "https://www.w3.org/TR/selection-api/#selectstart-event"
    }
  },
  "#title": {
    "current": {
      "number": "",
      "spec": "Selection API",
      "text": "Selection API",
      "url": "https://w3c.github.io/selection-api/#title"
    },
    "snapshot": {
      "number": "",
      "spec": "Selection API",
      "text": "Selection API",
      "url": "https://www.w3.org/TR/selection-api/#title"
    }
  },
  "#toc": {
    "current": {
      "number": "",
      "spec": "Selection API",
      "text": "Table of Contents",
      "url": "https://w3c.github.io/selection-api/#toc"
    },
    "snapshot": {
      "number": "",
      "spec": "Selection API",
      "text": "Table of Contents",
      "url": "https://www.w3.org/TR/selection-api/#toc"
    }
  },
  "#user-interactions": {
    "current": {
      "number": "6",
      "spec": "Selection API",
      "text": "User Interactions",
      "url": "https://w3c.github.io/selection-api/#user-interactions"
    },
    "snapshot": {
      "number": "6",
      "spec": "Selection API",
      "text": "User Interactions",
      "url": "https://www.w3.org/TR/selection-api/#user-interactions"
    }
  }
}