{
    "dom-accelerometer-accelerometer": [
        {
            "engines": [
                "blink"
            ],
            "filename": "api/Accelerometer.json",
            "name": "Accelerometer",
            "slug": "API/Accelerometer/Accelerometer",
            "mdn_url": "https://developer.mozilla.org/en-US/docs/Web/API/Accelerometer/Accelerometer",
            "summary": "The Accelerometer() constructor creates a new Accelerometer object which returns the acceleration of the device along all three axes at the time it is read.",
            "support": {
                "chrome": {
                    "version_added": "67"
                },
                "chrome_android": "mirror",
                "edge": "mirror",
                "firefox": {
                    "version_added": false
                },
                "firefox_android": "mirror",
                "ie": {
                    "version_added": false
                },
                "oculus": "mirror",
                "opera": "mirror",
                "opera_android": "mirror",
                "safari": {
                    "version_added": false
                },
                "safari_ios": "mirror",
                "samsunginternet_android": "mirror",
                "webview_android": "mirror",
                "edge_blink": {
                    "version_added": "79"
                }
            },
            "title": "Accelerometer: Accelerometer() constructor"
        }
    ],
    "accelerometer-x": [
        {
            "engines": [
                "blink"
            ],
            "filename": "api/Accelerometer.json",
            "name": "x",
            "slug": "API/Accelerometer/x",
            "mdn_url": "https://developer.mozilla.org/en-US/docs/Web/API/Accelerometer/x",
            "summary": "The x read-only property of the Accelerometer interface returns a number specifying the acceleration of the device along its x-axis.",
            "support": {
                "chrome": {
                    "version_added": "67"
                },
                "chrome_android": "mirror",
                "edge": "mirror",
                "firefox": {
                    "version_added": false
                },
                "firefox_android": "mirror",
                "ie": {
                    "version_added": false
                },
                "oculus": "mirror",
                "opera": "mirror",
                "opera_android": "mirror",
                "safari": {
                    "version_added": false
                },
                "safari_ios": "mirror",
                "samsunginternet_android": "mirror",
                "webview_android": "mirror",
                "edge_blink": {
                    "version_added": "79"
                }
            },
            "title": "Accelerometer: x property"
        }
    ],
    "accelerometer-y": [
        {
            "engines": [
                "blink"
            ],
            "filename": "api/Accelerometer.json",
            "name": "y",
            "slug": "API/Accelerometer/y",
            "mdn_url": "https://developer.mozilla.org/en-US/docs/Web/API/Accelerometer/y",
            "summary": "The y read-only property of the Accelerometer interface returns a number specifying the acceleration of the device along its y-axis.",
            "support": {
                "chrome": {
                    "version_added": "67"
                },
                "chrome_android": "mirror",
                "edge": "mirror",
                "firefox": {
                    "version_added": false
                },
                "firefox_android": "mirror",
                "ie": {
                    "version_added": false
                },
                "oculus": "mirror",
                "opera": "mirror",
                "opera_android": "mirror",
                "safari": {
                    "version_added": false
                },
                "safari_ios": "mirror",
                "samsunginternet_android": "mirror",
                "webview_android": "mirror",
                "edge_blink": {
                    "version_added": "79"
                }
            },
            "title": "Accelerometer: y property"
        }
    ],
    "accelerometer-z": [
        {
            "engines": [
                "blink"
            ],
            "filename": "api/Accelerometer.json",
            "name": "z",
            "slug": "API/Accelerometer/z",
            "mdn_url": "https://developer.mozilla.org/en-US/docs/Web/API/Accelerometer/z",
            "summary": "The z read-only property of the Accelerometer interface returns a number specifying the acceleration of the device along its z-axis.",
            "support": {
                "chrome": {
                    "version_added": "67"
                },
                "chrome_android": "mirror",
                "edge": "mirror",
                "firefox": {
                    "version_added": false
                },
                "firefox_android": "mirror",
                "ie": {
                    "version_added": false
                },
                "oculus": "mirror",
                "opera": "mirror",
                "opera_android": "mirror",
                "safari": {
                    "version_added": false
                },
                "safari_ios": "mirror",
                "samsunginternet_android": "mirror",
                "webview_android": "mirror",
                "edge_blink": {
                    "version_added": "79"
                }
            },
            "title": "Accelerometer: z property"
        }
    ],
    "accelerometer-interface": [
        {
            "engines": [
                "blink"
            ],
            "filename": "api/Accelerometer.json",
            "name": "Accelerometer",
            "slug": "API/Accelerometer",
            "mdn_url": "https://developer.mozilla.org/en-US/docs/Web/API/Accelerometer",
            "summary": "The Accelerometer interface of the Sensor APIs provides on each reading the acceleration applied to the device along all three axes.",
            "support": {
                "chrome": {
                    "version_added": "67"
                },
                "chrome_android": "mirror",
                "edge": "mirror",
                "firefox": {
                    "version_added": false
                },
                "firefox_android": "mirror",
                "ie": {
                    "version_added": false
                },
                "oculus": "mirror",
                "opera": "mirror",
                "opera_android": "mirror",
                "safari": {
                    "version_added": false
                },
                "safari_ios": "mirror",
                "samsunginternet_android": "mirror",
                "webview_android": "mirror",
                "edge_blink": {
                    "version_added": "79"
                }
            },
            "title": "Accelerometer"
        }
    ],
    "dom-gravitysensor-gravitysensor": [
        {
            "engines": [
                "blink"
            ],
            "filename": "api/GravitySensor.json",
            "name": "GravitySensor",
            "slug": "API/GravitySensor/GravitySensor",
            "mdn_url": "https://developer.mozilla.org/en-US/docs/Web/API/GravitySensor/GravitySensor",
            "summary": "The GravitySensor() constructor creates a new GravitySensor object which provides on each reading the gravity applied to the device along all three axes.",
            "support": {
                "chrome": {
                    "version_added": "91"
                },
                "chrome_android": "mirror",
                "edge": "mirror",
                "firefox": {
                    "version_added": false
                },
                "firefox_android": "mirror",
                "ie": {
                    "version_added": false
                },
                "oculus": "mirror",
                "opera": "mirror",
                "opera_android": "mirror",
                "safari": {
                    "version_added": false
                },
                "safari_ios": "mirror",
                "samsunginternet_android": "mirror",
                "webview_android": "mirror",
                "edge_blink": {
                    "version_added": "91"
                }
            },
            "title": "GravitySensor: GravitySensor() constructor"
        }
    ],
    "gravitysensor-interface": [
        {
            "engines": [
                "blink"
            ],
            "filename": "api/GravitySensor.json",
            "name": "GravitySensor",
            "slug": "API/GravitySensor",
            "mdn_url": "https://developer.mozilla.org/en-US/docs/Web/API/GravitySensor",
            "summary": "The GravitySensor interface of the Sensor APIs provides on each reading the gravity applied to the device along all three axes.",
            "support": {
                "chrome": {
                    "version_added": "91"
                },
                "chrome_android": "mirror",
                "edge": "mirror",
                "firefox": {
                    "version_added": false
                },
                "firefox_android": "mirror",
                "ie": {
                    "version_added": false
                },
                "oculus": "mirror",
                "opera": "mirror",
                "opera_android": "mirror",
                "safari": {
                    "version_added": false
                },
                "safari_ios": "mirror",
                "samsunginternet_android": "mirror",
                "webview_android": "mirror",
                "edge_blink": {
                    "version_added": "91"
                }
            },
            "title": "GravitySensor"
        }
    ],
    "dom-linearaccelerationsensor-linearaccelerationsensor": [
        {
            "engines": [
                "blink"
            ],
            "filename": "api/LinearAccelerationSensor.json",
            "name": "LinearAccelerationSensor",
            "slug": "API/LinearAccelerationSensor/LinearAccelerationSensor",
            "mdn_url": "https://developer.mozilla.org/en-US/docs/Web/API/LinearAccelerationSensor/LinearAccelerationSensor",
            "summary": "The LinearAccelerationSensor() constructor creates a new LinearAccelerationSensor object which provides on each reading the acceleration applied to the device along all three axes, but without the contribution of gravity.",
            "support": {
                "chrome": {
                    "version_added": "67"
                },
                "chrome_android": "mirror",
                "edge": "mirror",
                "firefox": {
                    "version_added": false
                },
                "firefox_android": "mirror",
                "ie": {
                    "version_added": false
                },
                "oculus": "mirror",
                "opera": "mirror",
                "opera_android": "mirror",
                "safari": {
                    "version_added": false
                },
                "safari_ios": "mirror",
                "samsunginternet_android": "mirror",
                "webview_android": "mirror",
                "edge_blink": {
                    "version_added": "79"
                }
            },
            "title": "LinearAccelerationSensor: LinearAccelerationSensor() constructor"
        }
    ],
    "linearaccelerationsensor-interface": [
        {
            "engines": [
                "blink"
            ],
            "filename": "api/LinearAccelerationSensor.json",
            "name": "LinearAccelerationSensor",
            "slug": "API/LinearAccelerationSensor",
            "mdn_url": "https://developer.mozilla.org/en-US/docs/Web/API/LinearAccelerationSensor",
            "summary": "The LinearAccelerationSensor interface of the Sensor APIs provides on each reading the acceleration applied to the device along all three axes, but without the contribution of gravity.",
            "support": {
                "chrome": {
                    "version_added": "67"
                },
                "chrome_android": "mirror",
                "edge": "mirror",
                "firefox": {
                    "version_added": false
                },
                "firefox_android": "mirror",
                "ie": {
                    "version_added": false
                },
                "oculus": "mirror",
                "opera": "mirror",
                "opera_android": "mirror",
                "safari": {
                    "version_added": false
                },
                "safari_ios": "mirror",
                "samsunginternet_android": "mirror",
                "webview_android": "mirror",
                "edge_blink": {
                    "version_added": "79"
                }
            },
            "title": "LinearAccelerationSensor"
        }
    ],
    "ref-for-policy-controlled-feature": [
        {
            "engines": [
                "blink"
            ],
            "filename": "http/headers/Feature-Policy.json",
            "name": "accelerometer",
            "slug": "HTTP/Headers/Feature-Policy/accelerometer",
            "mdn_url": "https://developer.mozilla.org/en-US/docs/Web/HTTP/Headers/Feature-Policy/accelerometer",
            "summary": "The HTTP Permissions-Policy header accelerometer directive controls whether the current document is allowed to gather information about the acceleration of the device through the Accelerometer interface.",
            "support": {
                "chrome": {
                    "version_added": "67"
                },
                "chrome_android": "mirror",
                "edge": "mirror",
                "firefox": {
                    "version_added": false
                },
                "firefox_android": "mirror",
                "ie": {
                    "version_added": false
                },
                "oculus": "mirror",
                "opera": "mirror",
                "opera_android": "mirror",
                "safari": {
                    "version_added": false
                },
                "safari_ios": "mirror",
                "samsunginternet_android": "mirror",
                "webview_android": "mirror",
                "edge_blink": {
                    "version_added": "79"
                }
            },
            "title": "Permissions-Policy: accelerometer"
        }
    ]
}
