{
    "clearappbadge-method": [
        {
            "engines": [
                "blink",
                "webkit"
            ],
            "partial": [
                "blink"
            ],
            "filename": "api/Navigator.json",
            "name": "clearAppBadge",
            "slug": "API/Navigator/clearAppBadge",
            "mdn_url": "https://developer.mozilla.org/en-US/docs/Web/API/Navigator/clearAppBadge",
            "summary": "The clearAppBadge() method of the Navigator interface clears a badge on the current app's icon by setting it to nothing. The value nothing indicates that no badge is currently set, and the status of the badge is cleared.",
            "support": {
                "chrome": {
                    "version_added": "81",
                    "partial_implementation": true,
                    "notes": "Windows and macOS only."
                },
                "chrome_android": {
                    "version_added": "81"
                },
                "edge": "mirror",
                "firefox": {
                    "version_added": false
                },
                "firefox_android": "mirror",
                "ie": {
                    "version_added": false
                },
                "oculus": "mirror",
                "opera": {
                    "version_added": false
                },
                "opera_android": "mirror",
                "safari": {
                    "version_added": false
                },
                "safari_ios": {
                    "version_added": "16.4"
                },
                "samsunginternet_android": "mirror",
                "webview_android": "mirror",
                "edge_blink": {
                    "version_added": "81",
                    "partial_implementation": true,
                    "notes": "Windows and macOS only."
                }
            },
            "title": "Navigator: clearAppBadge() method"
        }
    ],
    "setappbadge-method": [
        {
            "engines": [
                "webkit"
            ],
            "partial": [
                "blink"
            ],
            "filename": "api/Navigator.json",
            "name": "setAppBadge",
            "slug": "API/Navigator/setAppBadge",
            "mdn_url": "https://developer.mozilla.org/en-US/docs/Web/API/Navigator/setAppBadge",
            "summary": "The setAppBadge() method of the Navigator interface sets a badge on the icon associated with this app. If a value is passed to the method, this will be set as the value of the badge. Otherwise the badge will display as a dot, or other indicator as defined by the platform.",
            "support": {
                "chrome": {
                    "version_added": "81",
                    "partial_implementation": true,
                    "notes": "Windows and macOS only."
                },
                "chrome_android": {
                    "version_added": false
                },
                "edge": "mirror",
                "firefox": {
                    "version_added": false
                },
                "firefox_android": "mirror",
                "ie": {
                    "version_added": false
                },
                "oculus": "mirror",
                "opera": {
                    "version_added": false
                },
                "opera_android": "mirror",
                "safari": {
                    "version_added": false
                },
                "safari_ios": {
                    "version_added": "16.4"
                },
                "samsunginternet_android": "mirror",
                "webview_android": "mirror",
                "edge_blink": {
                    "version_added": "81",
                    "partial_implementation": true,
                    "notes": "Windows and macOS only."
                }
            },
            "title": "Navigator: setAppBadge() method"
        }
    ]
}
