{
    "background-blend-mode": [
        {
            "engines": [
                "blink",
                "gecko",
                "webkit"
            ],
            "filename": "css/properties/background-blend-mode.json",
            "name": "background-blend-mode",
            "slug": "CSS/background-blend-mode",
            "mdn_url": "https://developer.mozilla.org/en-US/docs/Web/CSS/background-blend-mode",
            "summary": "The background-blend-mode CSS property sets how an element's background images should blend with each other and with the element's background color.",
            "support": {
                "chrome": {
                    "version_added": "35"
                },
                "chrome_android": "mirror",
                "edge": "mirror",
                "firefox": {
                    "version_added": "30"
                },
                "firefox_android": "mirror",
                "ie": {
                    "version_added": false
                },
                "oculus": "mirror",
                "opera": "mirror",
                "opera_android": "mirror",
                "safari": {
                    "version_added": "8"
                },
                "safari_ios": "mirror",
                "samsunginternet_android": "mirror",
                "webview_android": "mirror",
                "edge_blink": {
                    "version_added": "79"
                }
            },
            "title": "background-blend-mode"
        }
    ],
    "isolation": [
        {
            "engines": [
                "blink",
                "gecko",
                "webkit"
            ],
            "filename": "css/properties/isolation.json",
            "name": "isolation",
            "slug": "CSS/isolation",
            "mdn_url": "https://developer.mozilla.org/en-US/docs/Web/CSS/isolation",
            "summary": "The isolation CSS property determines whether an element must create a new stacking context.",
            "support": {
                "chrome": {
                    "version_added": "41"
                },
                "chrome_android": "mirror",
                "edge": "mirror",
                "firefox": {
                    "version_added": "36"
                },
                "firefox_android": "mirror",
                "ie": {
                    "version_added": false
                },
                "oculus": "mirror",
                "opera": {
                    "version_added": "30"
                },
                "opera_android": {
                    "version_added": "30"
                },
                "safari": {
                    "version_added": "8"
                },
                "safari_ios": "mirror",
                "samsunginternet_android": "mirror",
                "webview_android": "mirror",
                "edge_blink": {
                    "version_added": "79"
                }
            },
            "title": "isolation"
        }
    ],
    "mix-blend-mode": [
        {
            "engines": [
                "blink",
                "gecko",
                "webkit"
            ],
            "filename": "css/properties/mix-blend-mode.json",
            "name": "mix-blend-mode",
            "slug": "CSS/mix-blend-mode",
            "mdn_url": "https://developer.mozilla.org/en-US/docs/Web/CSS/mix-blend-mode",
            "summary": "The mix-blend-mode CSS property sets how an element's content should blend with the content of the element's parent and the element's background.",
            "support": {
                "chrome": {
                    "version_added": "41"
                },
                "chrome_android": "mirror",
                "edge": "mirror",
                "firefox": {
                    "version_added": "32"
                },
                "firefox_android": "mirror",
                "ie": {
                    "version_added": false
                },
                "oculus": "mirror",
                "opera": "mirror",
                "opera_android": "mirror",
                "safari": {
                    "version_added": "8"
                },
                "safari_ios": "mirror",
                "samsunginternet_android": "mirror",
                "webview_android": "mirror",
                "edge_blink": {
                    "version_added": "79"
                }
            },
            "caniuse": {
                "feature": "css-mixblendmode",
                "title": "Blending of HTML/SVG elements"
            },
            "title": "mix-blend-mode"
        }
    ],
    "ltblendmodegt": [
        {
            "engines": [
                "blink",
                "gecko",
                "webkit"
            ],
            "filename": "css/types/blend-mode.json",
            "name": "blend-mode",
            "slug": "CSS/blend-mode",
            "mdn_url": "https://developer.mozilla.org/en-US/docs/Web/CSS/blend-mode",
            "summary": "The <blend-mode> CSS data type describes how colors should appear when elements overlap. It is used in the background-blend-mode and mix-blend-mode properties.",
            "support": {
                "chrome": {
                    "version_added": "35"
                },
                "chrome_android": {
                    "version_added": "59"
                },
                "edge": "mirror",
                "firefox": {
                    "version_added": "30"
                },
                "firefox_android": {
                    "version_added": "54"
                },
                "ie": {
                    "version_added": false
                },
                "oculus": "mirror",
                "opera": "mirror",
                "opera_android": {
                    "version_added": "22"
                },
                "safari": {
                    "version_added": "8"
                },
                "safari_ios": "mirror",
                "samsunginternet_android": "mirror",
                "webview_android": "mirror",
                "edge_blink": {
                    "version_added": "79"
                }
            },
            "title": "<blend-mode>"
        }
    ]
}
