{
    "contacts-manager-getproperties": [
        {
            "engines": [
                "blink",
                "webkit"
            ],
            "needsflag": [
                "webkit"
            ],
            "filename": "api/ContactsManager.json",
            "name": "getProperties",
            "slug": "API/ContactsManager/getProperties",
            "mdn_url": "https://developer.mozilla.org/en-US/docs/Web/API/ContactsManager/getProperties",
            "summary": "The getProperties() method of the ContactsManager interface returns a Promise which resolves with an Array of strings indicating which contact properties are available.",
            "support": {
                "chrome": {
                    "version_added": false
                },
                "chrome_android": {
                    "version_added": "80"
                },
                "edge": "mirror",
                "firefox": {
                    "version_added": false
                },
                "firefox_android": "mirror",
                "ie": {
                    "version_added": false
                },
                "oculus": "mirror",
                "opera": "mirror",
                "opera_android": "mirror",
                "safari": {
                    "version_added": false
                },
                "safari_ios": {
                    "version_added": "14.5",
                    "flags": [
                        {
                            "name": "Contact Picker API",
                            "type": "preference"
                        }
                    ]
                },
                "samsunginternet_android": "mirror",
                "webview_android": "mirror",
                "edge_blink": {
                    "version_added": false
                }
            },
            "title": "ContactsManager: getProperties() method"
        }
    ],
    "contacts-manager-select": [
        {
            "engines": [
                "blink",
                "webkit"
            ],
            "needsflag": [
                "webkit"
            ],
            "filename": "api/ContactsManager.json",
            "name": "select",
            "slug": "API/ContactsManager/select",
            "mdn_url": "https://developer.mozilla.org/en-US/docs/Web/API/ContactsManager/select",
            "summary": "The select() method of the ContactsManager interface returns a Promise which, when resolved, presents the user with a contact picker which allows them to select contact(s) they wish to share. This method requires a user gesture for the Promise to resolve.",
            "support": {
                "chrome": {
                    "version_added": false
                },
                "chrome_android": {
                    "version_added": "80"
                },
                "edge": "mirror",
                "firefox": {
                    "version_added": false
                },
                "firefox_android": "mirror",
                "ie": {
                    "version_added": false
                },
                "oculus": "mirror",
                "opera": "mirror",
                "opera_android": "mirror",
                "safari": {
                    "version_added": false
                },
                "safari_ios": {
                    "version_added": "14.5",
                    "flags": [
                        {
                            "name": "Contact Picker API",
                            "type": "preference"
                        }
                    ]
                },
                "samsunginternet_android": "mirror",
                "webview_android": "mirror",
                "edge_blink": {
                    "version_added": false
                }
            },
            "title": "ContactsManager: select() method"
        }
    ],
    "contacts-manager": [
        {
            "engines": [
                "blink",
                "webkit"
            ],
            "needsflag": [
                "webkit"
            ],
            "filename": "api/ContactsManager.json",
            "name": "ContactsManager",
            "slug": "API/ContactsManager",
            "mdn_url": "https://developer.mozilla.org/en-US/docs/Web/API/ContactsManager",
            "summary": "The ContactsManager interface of the Contact Picker API allows users to select entries from their contact list and share limited details of the selected entries with a website or application.",
            "support": {
                "chrome": {
                    "version_added": false
                },
                "chrome_android": {
                    "version_added": "80"
                },
                "edge": "mirror",
                "firefox": {
                    "version_added": false
                },
                "firefox_android": "mirror",
                "ie": {
                    "version_added": false
                },
                "oculus": "mirror",
                "opera": "mirror",
                "opera_android": "mirror",
                "safari": {
                    "version_added": false
                },
                "safari_ios": {
                    "version_added": "14.5",
                    "flags": [
                        {
                            "name": "Contact Picker API",
                            "type": "preference"
                        }
                    ]
                },
                "samsunginternet_android": "mirror",
                "webview_android": "mirror",
                "edge_blink": {
                    "version_added": false
                }
            },
            "title": "ContactsManager"
        }
    ],
    "dom-navigator-contacts": [
        {
            "engines": [
                "blink",
                "webkit"
            ],
            "needsflag": [
                "webkit"
            ],
            "filename": "api/Navigator.json",
            "name": "contacts",
            "slug": "API/Navigator/contacts",
            "mdn_url": "https://developer.mozilla.org/en-US/docs/Web/API/Navigator/contacts",
            "summary": "The contacts read-only property of the Navigator interface returns a ContactsManager interface which allows users to select entries from their contact list and share limited details of the selected entries with a website or application.",
            "support": {
                "chrome": {
                    "version_added": false
                },
                "chrome_android": {
                    "version_added": "80"
                },
                "edge": "mirror",
                "firefox": {
                    "version_added": false
                },
                "firefox_android": "mirror",
                "ie": {
                    "version_added": false
                },
                "oculus": "mirror",
                "opera": "mirror",
                "opera_android": "mirror",
                "safari": {
                    "version_added": false
                },
                "safari_ios": {
                    "version_added": "14.5",
                    "flags": [
                        {
                            "name": "Contact Picker API",
                            "type": "preference"
                        }
                    ]
                },
                "samsunginternet_android": "mirror",
                "webview_android": "mirror",
                "edge_blink": {
                    "version_added": false
                }
            },
            "title": "Navigator: contacts property"
        }
    ]
}
