{
    "solution-outline": [
        {
            "engines": [
                "blink"
            ],
            "filename": "api/HTMLMediaElement.json",
            "name": "controlsList",
            "slug": "API/HTMLMediaElement/controlsList",
            "mdn_url": "https://developer.mozilla.org/en-US/docs/Web/API/HTMLMediaElement/controlsList",
            "summary": "The controlsList property of the HTMLMediaElement interface returns a DOMTokenList that helps the user agent select what controls to show on the media element whenever the user agent shows its own set of controls. The DOMTokenList takes one or more of three possible values: nodownload, nofullscreen, and noremoteplayback.",
            "support": {
                "chrome": {
                    "version_added": "58"
                },
                "chrome_android": "mirror",
                "edge": "mirror",
                "firefox": {
                    "version_added": false
                },
                "firefox_android": "mirror",
                "ie": {
                    "version_added": false
                },
                "oculus": "mirror",
                "opera": "mirror",
                "opera_android": "mirror",
                "safari": {
                    "version_added": false
                },
                "safari_ios": "mirror",
                "samsunginternet_android": "mirror",
                "webview_android": "mirror",
                "edge_blink": {
                    "version_added": "79"
                }
            },
            "title": "HTMLMediaElement: controlsList property"
        }
    ]
}
