{
    "dom-cookiechangeevent-cookiechangeevent": [
        {
            "engines": [
                "blink"
            ],
            "filename": "api/CookieChangeEvent.json",
            "name": "CookieChangeEvent",
            "slug": "API/CookieChangeEvent/CookieChangeEvent",
            "mdn_url": "https://developer.mozilla.org/en-US/docs/Web/API/CookieChangeEvent/CookieChangeEvent",
            "summary": "The CookieChangeEvent() constructor creates a new CookieChangeEvent object which is the event type passed to CookieStore.onchange(). This constructor is called by the browser when a change event occurs.",
            "support": {
                "chrome": {
                    "version_added": "87"
                },
                "chrome_android": "mirror",
                "edge": "mirror",
                "firefox": {
                    "version_added": false
                },
                "firefox_android": "mirror",
                "ie": {
                    "version_added": false
                },
                "oculus": "mirror",
                "opera": "mirror",
                "opera_android": "mirror",
                "safari": {
                    "version_added": false
                },
                "safari_ios": "mirror",
                "samsunginternet_android": "mirror",
                "webview_android": "mirror",
                "edge_blink": {
                    "version_added": "87"
                }
            },
            "title": "CookieChangeEvent: CookieChangeEvent() constructor"
        }
    ],
    "dom-cookiechangeevent-changed": [
        {
            "engines": [
                "blink"
            ],
            "filename": "api/CookieChangeEvent.json",
            "name": "changed",
            "slug": "API/CookieChangeEvent/changed",
            "mdn_url": "https://developer.mozilla.org/en-US/docs/Web/API/CookieChangeEvent/changed",
            "summary": "The changed read-only property of the CookieChangeEvent interface returns an array of the cookies that have been changed.",
            "support": {
                "chrome": {
                    "version_added": "87"
                },
                "chrome_android": "mirror",
                "edge": "mirror",
                "firefox": {
                    "version_added": false
                },
                "firefox_android": "mirror",
                "ie": {
                    "version_added": false
                },
                "oculus": "mirror",
                "opera": "mirror",
                "opera_android": "mirror",
                "safari": {
                    "version_added": false
                },
                "safari_ios": "mirror",
                "samsunginternet_android": "mirror",
                "webview_android": "mirror",
                "edge_blink": {
                    "version_added": "87"
                }
            },
            "title": "CookieChangeEvent: changed property"
        }
    ],
    "dom-cookiechangeevent-deleted": [
        {
            "engines": [
                "blink"
            ],
            "filename": "api/CookieChangeEvent.json",
            "name": "deleted",
            "slug": "API/CookieChangeEvent/deleted",
            "mdn_url": "https://developer.mozilla.org/en-US/docs/Web/API/CookieChangeEvent/deleted",
            "summary": "The deleted read-only property of the CookieChangeEvent interface returns an array of the cookies that have been deleted by the given CookieChangeEvent instance.",
            "support": {
                "chrome": {
                    "version_added": "87"
                },
                "chrome_android": "mirror",
                "edge": "mirror",
                "firefox": {
                    "version_added": false
                },
                "firefox_android": "mirror",
                "ie": {
                    "version_added": false
                },
                "oculus": "mirror",
                "opera": "mirror",
                "opera_android": "mirror",
                "safari": {
                    "version_added": false
                },
                "safari_ios": "mirror",
                "samsunginternet_android": "mirror",
                "webview_android": "mirror",
                "edge_blink": {
                    "version_added": "87"
                }
            },
            "title": "CookieChangeEvent: deleted property"
        }
    ],
    "CookieChangeEvent": [
        {
            "engines": [
                "blink"
            ],
            "filename": "api/CookieChangeEvent.json",
            "name": "CookieChangeEvent",
            "slug": "API/CookieChangeEvent",
            "mdn_url": "https://developer.mozilla.org/en-US/docs/Web/API/CookieChangeEvent",
            "summary": "The CookieChangeEvent interface of the 'Cookie Store API' is the event type of the change event fired at a CookieStore when any cookie changes occur. A cookie change consists of a cookie and a type (either \"changed\" or \"deleted\").",
            "support": {
                "chrome": {
                    "version_added": "87"
                },
                "chrome_android": "mirror",
                "edge": "mirror",
                "firefox": {
                    "version_added": false
                },
                "firefox_android": "mirror",
                "ie": {
                    "version_added": false
                },
                "oculus": "mirror",
                "opera": "mirror",
                "opera_android": "mirror",
                "safari": {
                    "version_added": false
                },
                "safari_ios": "mirror",
                "samsunginternet_android": "mirror",
                "webview_android": "mirror",
                "edge_blink": {
                    "version_added": "87"
                }
            },
            "title": "CookieChangeEvent"
        }
    ],
    "intro-monitor": [
        {
            "engines": [
                "blink"
            ],
            "filename": "api/CookieStore.json",
            "name": "change_event",
            "slug": "API/CookieStore/change_event",
            "mdn_url": "https://developer.mozilla.org/en-US/docs/Web/API/CookieStore/change_event",
            "summary": "A change event is fired at a CookieStore object when a change is made to any cookie.",
            "support": {
                "chrome": {
                    "version_added": "87"
                },
                "chrome_android": "mirror",
                "edge": "mirror",
                "firefox": {
                    "version_added": false
                },
                "firefox_android": "mirror",
                "ie": {
                    "version_added": false
                },
                "oculus": "mirror",
                "opera": "mirror",
                "opera_android": "mirror",
                "safari": {
                    "version_added": false
                },
                "safari_ios": "mirror",
                "samsunginternet_android": "mirror",
                "webview_android": "mirror",
                "edge_blink": {
                    "version_added": "87"
                }
            },
            "title": "CookieStore: change event"
        }
    ],
    "dom-cookiestore-onchange": [
        {
            "engines": [
                "blink"
            ],
            "filename": "api/CookieStore.json",
            "name": "change_event",
            "slug": "API/CookieStore/change_event",
            "mdn_url": "https://developer.mozilla.org/en-US/docs/Web/API/CookieStore/change_event",
            "summary": "A change event is fired at a CookieStore object when a change is made to any cookie.",
            "support": {
                "chrome": {
                    "version_added": "87"
                },
                "chrome_android": "mirror",
                "edge": "mirror",
                "firefox": {
                    "version_added": false
                },
                "firefox_android": "mirror",
                "ie": {
                    "version_added": false
                },
                "oculus": "mirror",
                "opera": "mirror",
                "opera_android": "mirror",
                "safari": {
                    "version_added": false
                },
                "safari_ios": "mirror",
                "samsunginternet_android": "mirror",
                "webview_android": "mirror",
                "edge_blink": {
                    "version_added": "87"
                }
            },
            "title": "CookieStore: change event"
        }
    ],
    "dom-cookiestore-delete": [
        {
            "engines": [
                "blink"
            ],
            "filename": "api/CookieStore.json",
            "name": "delete",
            "slug": "API/CookieStore/delete",
            "mdn_url": "https://developer.mozilla.org/en-US/docs/Web/API/CookieStore/delete",
            "summary": "The delete() method of the CookieStore interface deletes a cookie with the given name or options object. The delete() method expires the cookie by changing the date to one in the past.",
            "support": {
                "chrome": {
                    "version_added": "87"
                },
                "chrome_android": "mirror",
                "edge": "mirror",
                "firefox": {
                    "version_added": false
                },
                "firefox_android": "mirror",
                "ie": {
                    "version_added": false
                },
                "oculus": "mirror",
                "opera": "mirror",
                "opera_android": "mirror",
                "safari": {
                    "version_added": false
                },
                "safari_ios": "mirror",
                "samsunginternet_android": "mirror",
                "webview_android": "mirror",
                "edge_blink": {
                    "version_added": "87"
                }
            },
            "title": "CookieStore: delete() method"
        }
    ],
    "dom-cookiestore-get": [
        {
            "engines": [
                "blink"
            ],
            "filename": "api/CookieStore.json",
            "name": "get",
            "slug": "API/CookieStore/get",
            "mdn_url": "https://developer.mozilla.org/en-US/docs/Web/API/CookieStore/get",
            "summary": "The get() method of the CookieStore interface returns a single cookie with the given name or options object. The method will return the first matching cookie for the passed parameters.",
            "support": {
                "chrome": {
                    "version_added": "87"
                },
                "chrome_android": "mirror",
                "edge": "mirror",
                "firefox": {
                    "version_added": false
                },
                "firefox_android": "mirror",
                "ie": {
                    "version_added": false
                },
                "oculus": "mirror",
                "opera": "mirror",
                "opera_android": "mirror",
                "safari": {
                    "version_added": false
                },
                "safari_ios": "mirror",
                "samsunginternet_android": "mirror",
                "webview_android": "mirror",
                "edge_blink": {
                    "version_added": "87"
                }
            },
            "title": "CookieStore: get() method"
        }
    ],
    "dom-cookiestore-getall": [
        {
            "engines": [
                "blink"
            ],
            "filename": "api/CookieStore.json",
            "name": "getAll",
            "slug": "API/CookieStore/getAll",
            "mdn_url": "https://developer.mozilla.org/en-US/docs/Web/API/CookieStore/getAll",
            "summary": "The getAll() method of the CookieStore interface returns a list of cookies that match the name or options passed to it. Passing no parameters will return all cookies for the current context.",
            "support": {
                "chrome": {
                    "version_added": "87"
                },
                "chrome_android": "mirror",
                "edge": "mirror",
                "firefox": {
                    "version_added": false
                },
                "firefox_android": "mirror",
                "ie": {
                    "version_added": false
                },
                "oculus": "mirror",
                "opera": "mirror",
                "opera_android": "mirror",
                "safari": {
                    "version_added": false
                },
                "safari_ios": "mirror",
                "samsunginternet_android": "mirror",
                "webview_android": "mirror",
                "edge_blink": {
                    "version_added": "87"
                }
            },
            "title": "CookieStore: getAll() method"
        }
    ],
    "dom-cookiestore-set": [
        {
            "engines": [
                "blink"
            ],
            "filename": "api/CookieStore.json",
            "name": "set",
            "slug": "API/CookieStore/set",
            "mdn_url": "https://developer.mozilla.org/en-US/docs/Web/API/CookieStore/set",
            "summary": "The set() method of the CookieStore interface sets a cookie with the given name and value or options object.",
            "support": {
                "chrome": {
                    "version_added": "87"
                },
                "chrome_android": "mirror",
                "edge": "mirror",
                "firefox": {
                    "version_added": false
                },
                "firefox_android": "mirror",
                "ie": {
                    "version_added": false
                },
                "oculus": "mirror",
                "opera": "mirror",
                "opera_android": "mirror",
                "safari": {
                    "version_added": false
                },
                "safari_ios": "mirror",
                "samsunginternet_android": "mirror",
                "webview_android": "mirror",
                "edge_blink": {
                    "version_added": "87"
                }
            },
            "title": "CookieStore: set() method"
        }
    ],
    "CookieStore": [
        {
            "engines": [
                "blink"
            ],
            "filename": "api/CookieStore.json",
            "name": "CookieStore",
            "slug": "API/CookieStore",
            "mdn_url": "https://developer.mozilla.org/en-US/docs/Web/API/CookieStore",
            "summary": "The CookieStore interface of the 'Cookie Store API' provides methods for getting and setting cookies asynchronously from either a page or a service worker.",
            "support": {
                "chrome": {
                    "version_added": "87"
                },
                "chrome_android": "mirror",
                "edge": "mirror",
                "firefox": {
                    "version_added": false,
                    "notes": "See <a href='https://bugzil.la/1475599'>bug 1475599</a>."
                },
                "firefox_android": "mirror",
                "ie": {
                    "version_added": false
                },
                "oculus": "mirror",
                "opera": "mirror",
                "opera_android": "mirror",
                "safari": {
                    "version_added": false,
                    "notes": "See <a href='https://webkit.org/b/231750'>bug 231750</a>."
                },
                "safari_ios": "mirror",
                "samsunginternet_android": "mirror",
                "webview_android": "mirror",
                "edge_blink": {
                    "version_added": "87"
                }
            },
            "title": "CookieStore"
        }
    ],
    "dom-cookiestoremanager-getsubscriptions": [
        {
            "engines": [
                "blink"
            ],
            "filename": "api/CookieStoreManager.json",
            "name": "getSubscriptions",
            "slug": "API/CookieStoreManager/getSubscriptions",
            "mdn_url": "https://developer.mozilla.org/en-US/docs/Web/API/CookieStoreManager/getSubscriptions",
            "summary": "The getSubscriptions() method of the CookieStoreManager interface returns a list of all the cookie change subscriptions for this ServiceWorkerRegistration.",
            "support": {
                "chrome": {
                    "version_added": "87"
                },
                "chrome_android": "mirror",
                "edge": "mirror",
                "firefox": {
                    "version_added": false
                },
                "firefox_android": "mirror",
                "ie": {
                    "version_added": false
                },
                "oculus": "mirror",
                "opera": "mirror",
                "opera_android": "mirror",
                "safari": {
                    "version_added": false
                },
                "safari_ios": "mirror",
                "samsunginternet_android": "mirror",
                "webview_android": "mirror",
                "edge_blink": {
                    "version_added": "87"
                }
            },
            "title": "CookieStoreManager: getSubscriptions() method"
        }
    ],
    "dom-cookiestoremanager-subscribe": [
        {
            "engines": [
                "blink"
            ],
            "filename": "api/CookieStoreManager.json",
            "name": "subscribe",
            "slug": "API/CookieStoreManager/subscribe",
            "mdn_url": "https://developer.mozilla.org/en-US/docs/Web/API/CookieStoreManager/subscribe",
            "summary": "The subscribe() method of the CookieStoreManager interface subscribes a ServiceWorkerRegistration to cookie change events.",
            "support": {
                "chrome": {
                    "version_added": "87"
                },
                "chrome_android": "mirror",
                "edge": "mirror",
                "firefox": {
                    "version_added": false
                },
                "firefox_android": "mirror",
                "ie": {
                    "version_added": false
                },
                "oculus": "mirror",
                "opera": "mirror",
                "opera_android": "mirror",
                "safari": {
                    "version_added": false
                },
                "safari_ios": "mirror",
                "samsunginternet_android": "mirror",
                "webview_android": "mirror",
                "edge_blink": {
                    "version_added": "87"
                }
            },
            "title": "CookieStoreManager: subscribe() method"
        }
    ],
    "dom-cookiestoremanager-unsubscribe": [
        {
            "engines": [
                "blink"
            ],
            "filename": "api/CookieStoreManager.json",
            "name": "unsubscribe",
            "slug": "API/CookieStoreManager/unsubscribe",
            "mdn_url": "https://developer.mozilla.org/en-US/docs/Web/API/CookieStoreManager/unsubscribe",
            "summary": "The unsubscribe() method of the CookieStoreManager interface stops the ServiceWorkerRegistration from receiving previously subscribed events.",
            "support": {
                "chrome": {
                    "version_added": "87"
                },
                "chrome_android": "mirror",
                "edge": "mirror",
                "firefox": {
                    "version_added": false
                },
                "firefox_android": "mirror",
                "ie": {
                    "version_added": false
                },
                "oculus": "mirror",
                "opera": "mirror",
                "opera_android": "mirror",
                "safari": {
                    "version_added": false
                },
                "safari_ios": "mirror",
                "samsunginternet_android": "mirror",
                "webview_android": "mirror",
                "edge_blink": {
                    "version_added": "87"
                }
            },
            "title": "CookieStoreManager: unsubscribe() method"
        }
    ],
    "cookiestoremanager": [
        {
            "engines": [
                "blink"
            ],
            "filename": "api/CookieStoreManager.json",
            "name": "CookieStoreManager",
            "slug": "API/CookieStoreManager",
            "mdn_url": "https://developer.mozilla.org/en-US/docs/Web/API/CookieStoreManager",
            "summary": "The CookieStoreManager interface of the 'Cookie Store API' allows service workers to subscribe to cookie change events. Call subscribe() on a particular service worker registration to receive change events.",
            "support": {
                "chrome": {
                    "version_added": "87"
                },
                "chrome_android": "mirror",
                "edge": "mirror",
                "firefox": {
                    "version_added": false
                },
                "firefox_android": "mirror",
                "ie": {
                    "version_added": false
                },
                "oculus": "mirror",
                "opera": "mirror",
                "opera_android": "mirror",
                "safari": {
                    "version_added": false
                },
                "safari_ios": "mirror",
                "samsunginternet_android": "mirror",
                "webview_android": "mirror",
                "edge_blink": {
                    "version_added": "87"
                }
            },
            "title": "CookieStoreManager"
        }
    ],
    "dom-extendablecookiechangeevent-extendablecookiechangeevent": [
        {
            "engines": [
                "blink"
            ],
            "filename": "api/ExtendableCookieChangeEvent.json",
            "name": "ExtendableCookieChangeEvent",
            "slug": "API/ExtendableCookieChangeEvent/ExtendableCookieChangeEvent",
            "mdn_url": "https://developer.mozilla.org/en-US/docs/Web/API/ExtendableCookieChangeEvent/ExtendableCookieChangeEvent",
            "summary": "The ExtendableCookieChangeEvent() constructor creates a new ExtendableCookieChangeEvent object which is the event type passed to ServiceWorkerRegistration.oncookiechange(). This constructor is called by the browser when a change event occurs.",
            "support": {
                "chrome": {
                    "version_added": "87"
                },
                "chrome_android": "mirror",
                "edge": "mirror",
                "firefox": {
                    "version_added": false
                },
                "firefox_android": "mirror",
                "ie": {
                    "version_added": false
                },
                "oculus": "mirror",
                "opera": "mirror",
                "opera_android": "mirror",
                "safari": {
                    "version_added": false
                },
                "safari_ios": "mirror",
                "samsunginternet_android": "mirror",
                "webview_android": "mirror",
                "edge_blink": {
                    "version_added": "87"
                }
            },
            "title": "ExtendableCookieChangeEvent: ExtendableCookieChangeEvent() constructor"
        }
    ],
    "dom-extendablecookiechangeevent-changed": [
        {
            "engines": [
                "blink"
            ],
            "filename": "api/ExtendableCookieChangeEvent.json",
            "name": "changed",
            "slug": "API/ExtendableCookieChangeEvent/changed",
            "mdn_url": "https://developer.mozilla.org/en-US/docs/Web/API/ExtendableCookieChangeEvent/changed",
            "summary": "The changed read-only property of the ExtendableCookieChangeEvent interface returns any cookies that have been changed by the given ExtendableCookieChangeEvent instance.",
            "support": {
                "chrome": {
                    "version_added": "87"
                },
                "chrome_android": "mirror",
                "edge": "mirror",
                "firefox": {
                    "version_added": false
                },
                "firefox_android": "mirror",
                "ie": {
                    "version_added": false
                },
                "oculus": "mirror",
                "opera": "mirror",
                "opera_android": "mirror",
                "safari": {
                    "version_added": false
                },
                "safari_ios": "mirror",
                "samsunginternet_android": "mirror",
                "webview_android": "mirror",
                "edge_blink": {
                    "version_added": "87"
                }
            },
            "title": "ExtendableCookieChangeEvent: changed property"
        }
    ],
    "dom-extendablecookiechangeevent-deleted": [
        {
            "engines": [
                "blink"
            ],
            "filename": "api/ExtendableCookieChangeEvent.json",
            "name": "deleted",
            "slug": "API/ExtendableCookieChangeEvent/deleted",
            "mdn_url": "https://developer.mozilla.org/en-US/docs/Web/API/ExtendableCookieChangeEvent/deleted",
            "summary": "The deleted read-only property of the ExtendableCookieChangeEvent interface returns any cookies that have been deleted by the given ExtendableCookieChangeEvent instance.",
            "support": {
                "chrome": {
                    "version_added": "87"
                },
                "chrome_android": "mirror",
                "edge": "mirror",
                "firefox": {
                    "version_added": false
                },
                "firefox_android": "mirror",
                "ie": {
                    "version_added": false
                },
                "oculus": "mirror",
                "opera": "mirror",
                "opera_android": "mirror",
                "safari": {
                    "version_added": false
                },
                "safari_ios": "mirror",
                "samsunginternet_android": "mirror",
                "webview_android": "mirror",
                "edge_blink": {
                    "version_added": "87"
                }
            },
            "title": "ExtendableCookieChangeEvent: deleted property"
        }
    ],
    "ExtendableCookieChangeEvent": [
        {
            "engines": [
                "blink"
            ],
            "filename": "api/ExtendableCookieChangeEvent.json",
            "name": "ExtendableCookieChangeEvent",
            "slug": "API/ExtendableCookieChangeEvent",
            "mdn_url": "https://developer.mozilla.org/en-US/docs/Web/API/ExtendableCookieChangeEvent",
            "summary": "The ExtendableCookieChangeEvent interface of the'Cookie Store API' is the event type passed to ServiceWorkerRegistration.oncookiechange() when any cookie changes occur. A cookie change event consists of a cookie and a type (either \"changed\" or \"deleted\".)",
            "support": {
                "chrome": {
                    "version_added": "87"
                },
                "chrome_android": "mirror",
                "edge": "mirror",
                "firefox": {
                    "version_added": false
                },
                "firefox_android": "mirror",
                "ie": {
                    "version_added": false
                },
                "oculus": "mirror",
                "opera": "mirror",
                "opera_android": "mirror",
                "safari": {
                    "version_added": false
                },
                "safari_ios": "mirror",
                "samsunginternet_android": "mirror",
                "webview_android": "mirror",
                "edge_blink": {
                    "version_added": "87"
                }
            },
            "title": "ExtendableCookieChangeEvent"
        }
    ]
}
