{
    "line-height-step": [
        {
            "engines": [
                "blink"
            ],
            "needsflag": [
                "blink"
            ],
            "filename": "css/properties/line-height-step.json",
            "name": "line-height-step",
            "slug": "CSS/line-height-step",
            "mdn_url": "https://developer.mozilla.org/en-US/docs/Web/CSS/line-height-step",
            "summary": "The line-height-step CSS property sets the step unit for line box heights. When the property is set, line box heights are rounded up to the closest multiple of the unit.",
            "support": {
                "chrome": {
                    "version_added": "60",
                    "flags": [
                        {
                            "type": "runtime_flag",
                            "name": "--enable-blink-features=CSSSnapSize"
                        }
                    ]
                },
                "chrome_android": "mirror",
                "edge": "mirror",
                "firefox": {
                    "version_added": false
                },
                "firefox_android": "mirror",
                "ie": {
                    "version_added": false
                },
                "oculus": "mirror",
                "opera": "mirror",
                "opera_android": "mirror",
                "safari": {
                    "version_added": false
                },
                "safari_ios": "mirror",
                "samsunginternet_android": "mirror",
                "webview_android": "mirror",
                "edge_blink": {
                    "version_added": "79",
                    "flags": [
                        {
                            "type": "runtime_flag",
                            "name": "--enable-blink-features=CSSSnapSize"
                        }
                    ]
                }
            },
            "title": "line-height-step"
        }
    ]
}
