{
    "propdef-hyphenate-character": [
        {
            "engines": [
                "blink",
                "gecko"
            ],
            "prefixed": [
                "webkit"
            ],
            "filename": "css/properties/hyphenate-character.json",
            "name": "hyphenate-character",
            "slug": "CSS/hyphenate-character",
            "mdn_url": "https://developer.mozilla.org/en-US/docs/Web/CSS/hyphenate-character",
            "summary": "The hyphenate-character CSS property sets the character (or string) used at the end of a line before a hyphenation break.",
            "support": {
                "chrome": [
                    {
                        "version_added": "106"
                    },
                    {
                        "prefix": "-webkit-",
                        "version_added": "6"
                    }
                ],
                "chrome_android": "mirror",
                "edge": "mirror",
                "firefox": {
                    "version_added": "98"
                },
                "firefox_android": "mirror",
                "ie": {
                    "version_added": false
                },
                "oculus": "mirror",
                "opera": "mirror",
                "opera_android": "mirror",
                "safari": {
                    "prefix": "-webkit-",
                    "version_added": "5.1"
                },
                "safari_ios": "mirror",
                "samsunginternet_android": "mirror",
                "webview_android": "mirror",
                "edge_blink": [
                    {
                        "version_added": "106"
                    },
                    {
                        "prefix": "-webkit-",
                        "version_added": "79"
                    }
                ]
            },
            "title": "hyphenate-character"
        }
    ],
    "text-wrap": [
        {
            "engines": [],
            "partial": [
                "blink"
            ],
            "filename": "css/properties/text-wrap.json",
            "name": "text-wrap",
            "slug": "CSS/text-wrap",
            "mdn_url": "https://developer.mozilla.org/en-US/docs/Web/CSS/text-wrap",
            "summary": "The text-wrap CSS property controls how text inside an element is wrapped. The different values provide:",
            "support": {
                "chrome": {
                    "version_added": "114",
                    "partial_implementation": true,
                    "notes": "The <code>pretty</code> and <code>stable</code> values are not supported."
                },
                "chrome_android": "mirror",
                "edge": "mirror",
                "firefox": {
                    "version_added": false
                },
                "firefox_android": "mirror",
                "ie": {
                    "version_added": false
                },
                "oculus": "mirror",
                "opera": "mirror",
                "opera_android": "mirror",
                "safari": {
                    "version_added": false
                },
                "safari_ios": "mirror",
                "samsunginternet_android": "mirror",
                "webview_android": "mirror",
                "edge_blink": {
                    "version_added": "114",
                    "partial_implementation": true,
                    "notes": "The <code>pretty</code> and <code>stable</code> values are not supported."
                }
            },
            "caniuse": {
                "feature": "css-text-wrap-balance",
                "title": "CSS text-wrap: balance"
            },
            "title": "text-wrap"
        }
    ],
    "white-space-collapsing": [
        {
            "engines": [],
            "partial": [
                "blink"
            ],
            "filename": "css/properties/white-space-collapse.json",
            "name": "white-space-collapse",
            "slug": "CSS/white-space-collapse",
            "mdn_url": "https://developer.mozilla.org/en-US/docs/Web/CSS/white-space-collapse",
            "summary": "The white-space-collapse CSS property controls how white space inside an element is collapsed.",
            "support": {
                "chrome": {
                    "version_added": "114",
                    "partial_implementation": true,
                    "notes": "The <code>discard</code> and <code>preserve-spaces</code> values are not supported."
                },
                "chrome_android": "mirror",
                "edge": "mirror",
                "firefox": {
                    "version_added": false
                },
                "firefox_android": "mirror",
                "ie": {
                    "version_added": false
                },
                "oculus": "mirror",
                "opera": "mirror",
                "opera_android": "mirror",
                "safari": {
                    "version_added": false
                },
                "safari_ios": "mirror",
                "samsunginternet_android": "mirror",
                "webview_android": "mirror",
                "edge_blink": {
                    "version_added": "114",
                    "partial_implementation": true,
                    "notes": "The <code>discard</code> and <code>preserve-spaces</code> values are not supported."
                }
            },
            "title": "white-space-collapse"
        }
    ]
}
