{
    "background-position-longhands": [
        {
            "engines": [
                "blink",
                "gecko",
                "webkit"
            ],
            "filename": "css/properties/background-position-x.json",
            "name": "background-position-x",
            "slug": "CSS/background-position-x",
            "mdn_url": "https://developer.mozilla.org/en-US/docs/Web/CSS/background-position-x",
            "summary": "The background-position-x CSS property sets the initial horizontal position for each background image. The position is relative to the position layer set by background-origin.",
            "support": {
                "chrome": {
                    "version_added": "1"
                },
                "chrome_android": "mirror",
                "edge": {
                    "version_added": "12"
                },
                "firefox": {
                    "version_added": "49"
                },
                "firefox_android": "mirror",
                "ie": {
                    "version_added": "6"
                },
                "oculus": "mirror",
                "opera": "mirror",
                "opera_android": {
                    "version_added": "18"
                },
                "safari": {
                    "version_added": "1"
                },
                "safari_ios": "mirror",
                "samsunginternet_android": "mirror",
                "webview_android": {
                    "version_added": "37"
                },
                "edge_blink": {
                    "version_added": "79"
                }
            },
            "caniuse": {
                "feature": "background-position-x-y",
                "title": "background-position-x & background-position-y"
            },
            "title": "background-position-x"
        },
        {
            "engines": [
                "blink",
                "gecko",
                "webkit"
            ],
            "filename": "css/properties/background-position-y.json",
            "name": "background-position-y",
            "slug": "CSS/background-position-y",
            "mdn_url": "https://developer.mozilla.org/en-US/docs/Web/CSS/background-position-y",
            "summary": "The background-position-y CSS property sets the initial vertical position for each background image. The position is relative to the position layer set by background-origin.",
            "support": {
                "chrome": {
                    "version_added": "1"
                },
                "chrome_android": "mirror",
                "edge": {
                    "version_added": "12"
                },
                "firefox": {
                    "version_added": "49"
                },
                "firefox_android": "mirror",
                "ie": {
                    "version_added": "6"
                },
                "oculus": "mirror",
                "opera": "mirror",
                "opera_android": "mirror",
                "safari": {
                    "version_added": "1"
                },
                "safari_ios": "mirror",
                "samsunginternet_android": "mirror",
                "webview_android": {
                    "version_added": "37"
                },
                "edge_blink": {
                    "version_added": "79"
                }
            },
            "caniuse": {
                "feature": "background-position-x-y",
                "title": "background-position-x & background-position-y"
            },
            "title": "background-position-y"
        }
    ]
}
