{
    "colorcontrast": [
        {
            "engines": [
                "webkit"
            ],
            "needsflag": [
                "webkit"
            ],
            "filename": "css/types/color.json",
            "name": "color-contrast",
            "slug": "CSS/color_value/color-contrast",
            "mdn_url": "https://developer.mozilla.org/en-US/docs/Web/CSS/color_value/color-contrast",
            "summary": "The color-contrast() functional notation takes a color value and compares it to a list of other color values, selecting the one with the highest contrast from the list.",
            "support": {
                "chrome": {
                    "version_added": false
                },
                "chrome_android": "mirror",
                "edge": "mirror",
                "firefox": {
                    "version_added": false
                },
                "firefox_android": "mirror",
                "ie": {
                    "version_added": false
                },
                "oculus": "mirror",
                "opera": "mirror",
                "opera_android": "mirror",
                "safari": {
                    "version_added": "15",
                    "flags": [
                        {
                            "type": "preference",
                            "name": "CSS color-contrast()"
                        }
                    ]
                },
                "safari_ios": "mirror",
                "samsunginternet_android": "mirror",
                "webview_android": "mirror",
                "edge_blink": {
                    "version_added": false
                }
            },
            "title": "color-contrast()"
        }
    ]
}
