{
    "typedef-display-outside": [
        {
            "engines": [
                "blink",
                "gecko",
                "webkit"
            ],
            "filename": "css/properties/display.json",
            "name": "display-outside",
            "slug": "CSS/display-outside",
            "mdn_url": "https://developer.mozilla.org/en-US/docs/Web/CSS/display-outside",
            "summary": "The <display-outside> keywords specify the element's outer display type, which is essentially its role in flow layout. These keywords are used as values of the display property, and can be used for legacy purposes as a single keyword, or as defined in the Level 3 specification alongside a value from the <display-inside> keywords.",
            "support": {
                "chrome": {
                    "version_added": "1"
                },
                "chrome_android": "mirror",
                "edge": {
                    "version_added": "12"
                },
                "firefox": {
                    "version_added": "1"
                },
                "firefox_android": "mirror",
                "ie": {
                    "version_added": "4"
                },
                "oculus": "mirror",
                "opera": {
                    "version_added": "7"
                },
                "opera_android": {
                    "version_added": "10.1"
                },
                "safari": {
                    "version_added": "1"
                },
                "safari_ios": "mirror",
                "samsunginternet_android": "mirror",
                "webview_android": "mirror",
                "edge_blink": {
                    "version_added": "79"
                }
            },
            "title": "<display-outside>"
        }
    ],
    "typedef-display-listitem": [
        {
            "engines": [
                "blink",
                "gecko",
                "webkit"
            ],
            "filename": "css/properties/display.json",
            "name": "list-item",
            "slug": "CSS/display-listitem",
            "mdn_url": "https://developer.mozilla.org/en-US/docs/Web/CSS/display-listitem",
            "summary": "The list-item keyword causes the element to generate a ::marker pseudo-element with the content specified by its list-style properties (for example a bullet point) together with a principal box of the specified type for its own contents.",
            "support": {
                "chrome": {
                    "version_added": "1"
                },
                "chrome_android": "mirror",
                "edge": {
                    "version_added": "12"
                },
                "firefox": {
                    "version_added": "1"
                },
                "firefox_android": "mirror",
                "ie": {
                    "version_added": "6"
                },
                "oculus": "mirror",
                "opera": {
                    "version_added": "7"
                },
                "opera_android": "mirror",
                "safari": {
                    "version_added": "1"
                },
                "safari_ios": "mirror",
                "samsunginternet_android": "mirror",
                "webview_android": {
                    "version_added": "37"
                },
                "edge_blink": {
                    "version_added": "79"
                }
            },
            "title": "<display-listitem>"
        }
    ],
    "the-display-properties": [
        {
            "engines": [
                "blink",
                "gecko",
                "webkit"
            ],
            "filename": "css/properties/display.json",
            "name": "display",
            "slug": "CSS/display",
            "mdn_url": "https://developer.mozilla.org/en-US/docs/Web/CSS/display",
            "summary": "The display CSS property sets whether an element is treated as a block or inline box and the layout used for its children, such as flow layout, grid or flex.",
            "support": {
                "chrome": {
                    "version_added": "1"
                },
                "chrome_android": "mirror",
                "edge": {
                    "version_added": "12"
                },
                "firefox": {
                    "version_added": "1"
                },
                "firefox_android": "mirror",
                "ie": {
                    "version_added": "4"
                },
                "oculus": "mirror",
                "opera": {
                    "version_added": "7"
                },
                "opera_android": {
                    "version_added": "10.1"
                },
                "safari": {
                    "version_added": "1"
                },
                "safari_ios": "mirror",
                "samsunginternet_android": "mirror",
                "webview_android": {
                    "version_added": "37"
                },
                "edge_blink": {
                    "version_added": "79"
                }
            },
            "title": "display"
        }
    ],
    "order-property": [
        {
            "engines": [
                "blink",
                "gecko",
                "webkit"
            ],
            "filename": "css/properties/order.json",
            "name": "order",
            "slug": "CSS/order",
            "mdn_url": "https://developer.mozilla.org/en-US/docs/Web/CSS/order",
            "summary": "The order CSS property sets the order to lay out an item in a flex or grid container. Items in a container are sorted by ascending order value and then by their source code order.",
            "support": {
                "chrome": [
                    {
                        "version_added": "29"
                    },
                    {
                        "prefix": "-webkit-",
                        "version_added": "21"
                    }
                ],
                "chrome_android": "mirror",
                "edge": {
                    "version_added": "12"
                },
                "firefox": [
                    {
                        "version_added": "20",
                        "notes": "Since Firefox 28, multi-line flexbox is supported."
                    },
                    {
                        "prefix": "-webkit-",
                        "version_added": "49"
                    }
                ],
                "firefox_android": "mirror",
                "ie": [
                    {
                        "version_added": "11"
                    },
                    {
                        "prefix": "-ms-",
                        "version_added": "10"
                    }
                ],
                "oculus": "mirror",
                "opera": {
                    "version_added": "12.1"
                },
                "opera_android": {
                    "version_added": "12.1"
                },
                "safari": [
                    {
                        "version_added": "9"
                    },
                    {
                        "prefix": "-webkit-",
                        "version_added": "7"
                    }
                ],
                "safari_ios": "mirror",
                "samsunginternet_android": "mirror",
                "webview_android": [
                    {
                        "version_added": "4.4"
                    },
                    {
                        "prefix": "-webkit-",
                        "version_added": "37"
                    }
                ],
                "edge_blink": [
                    {
                        "version_added": "79"
                    },
                    {
                        "prefix": "-webkit-",
                        "version_added": "79"
                    }
                ]
            },
            "title": "order"
        }
    ],
    "visibility": [
        {
            "engines": [
                "blink",
                "gecko",
                "webkit"
            ],
            "filename": "css/properties/visibility.json",
            "name": "visibility",
            "slug": "CSS/visibility",
            "mdn_url": "https://developer.mozilla.org/en-US/docs/Web/CSS/visibility",
            "summary": "The visibility CSS property shows or hides an element without changing the layout of a document. The property can also hide rows or columns in a <table>.",
            "support": {
                "chrome": {
                    "version_added": "1"
                },
                "chrome_android": "mirror",
                "edge": {
                    "version_added": "12"
                },
                "firefox": {
                    "version_added": "1"
                },
                "firefox_android": "mirror",
                "ie": {
                    "version_added": "4",
                    "notes": [
                        "Internet Explorer doesn't support <code>visibility: initial</code>.",
                        "Internet Explorer doesn't support <code>visibility: unset</code>.",
                        "Up to Internet Explorer 7, descendants of <code>hidden</code> elements will still be invisible even if they have <code>visibility</code> set to <code>visible</code>."
                    ]
                },
                "oculus": "mirror",
                "opera": {
                    "version_added": "4"
                },
                "opera_android": {
                    "version_added": "10.1"
                },
                "safari": {
                    "version_added": "1"
                },
                "safari_ios": "mirror",
                "samsunginternet_android": "mirror",
                "webview_android": "mirror",
                "edge_blink": {
                    "version_added": "79"
                }
            },
            "title": "visibility"
        }
    ]
}
