{
    "scrollbar-color": [
        {
            "engines": [
                "gecko"
            ],
            "filename": "css/properties/scrollbar-color.json",
            "name": "scrollbar-color",
            "slug": "CSS/scrollbar-color",
            "mdn_url": "https://developer.mozilla.org/en-US/docs/Web/CSS/scrollbar-color",
            "summary": "The scrollbar-color CSS property sets the color of the scrollbar track and thumb.",
            "support": {
                "chrome": {
                    "version_added": false,
                    "notes": "See <a href='https://crbug.com/891944'>bug 891944</a>."
                },
                "chrome_android": "mirror",
                "edge": "mirror",
                "firefox": {
                    "version_added": "64"
                },
                "firefox_android": "mirror",
                "ie": {
                    "version_added": false
                },
                "oculus": "mirror",
                "opera": "mirror",
                "opera_android": "mirror",
                "safari": {
                    "version_added": false,
                    "notes": "See <a href='https://webkit.org/b/231590'>bug 231590</a>."
                },
                "safari_ios": "mirror",
                "samsunginternet_android": "mirror",
                "webview_android": "mirror",
                "edge_blink": {
                    "version_added": false,
                    "notes": "See <a href='https://crbug.com/891944'>bug 891944</a>."
                }
            },
            "title": "scrollbar-color"
        }
    ],
    "scrollbar-width": [
        {
            "engines": [
                "blink",
                "gecko"
            ],
            "needsflag": [
                "blink"
            ],
            "filename": "css/properties/scrollbar-width.json",
            "name": "scrollbar-width",
            "slug": "CSS/scrollbar-width",
            "mdn_url": "https://developer.mozilla.org/en-US/docs/Web/CSS/scrollbar-width",
            "summary": "The scrollbar-width property allows the author to set the maximum thickness of an element's scrollbars when they are shown.",
            "support": {
                "chrome": {
                    "version_added": "preview",
                    "flags": [
                        {
                            "type": "preference",
                            "name": "#enable-experimental-web-platform-features",
                            "value_to_set": "Enabled"
                        }
                    ]
                },
                "chrome_android": "mirror",
                "edge": "mirror",
                "firefox": {
                    "version_added": "64"
                },
                "firefox_android": "mirror",
                "ie": {
                    "version_added": false
                },
                "oculus": "mirror",
                "opera": "mirror",
                "opera_android": "mirror",
                "safari": {
                    "version_added": false,
                    "notes": "See <a href='https://webkit.org/b/231588'>bug 231588</a>."
                },
                "safari_ios": "mirror",
                "samsunginternet_android": "mirror",
                "webview_android": "mirror",
                "edge_blink": {
                    "version_added": "preview",
                    "flags": [
                        {
                            "type": "preference",
                            "name": "#enable-experimental-web-platform-features",
                            "value_to_set": "Enabled"
                        }
                    ]
                }
            },
            "title": "scrollbar-width"
        }
    ]
}
