{
    "adjustment-control": [
        {
            "engines": [
                "blink"
            ],
            "prefixed": [
                "gecko",
                "webkit"
            ],
            "filename": "css/properties/text-size-adjust.json",
            "name": "text-size-adjust",
            "slug": "CSS/text-size-adjust",
            "mdn_url": "https://developer.mozilla.org/en-US/docs/Web/CSS/text-size-adjust",
            "summary": "The text-size-adjust CSS property controls the text inflation algorithm used on some smartphones and tablets. Other browsers will ignore this property.",
            "support": {
                "chrome": {
                    "version_added": "54"
                },
                "chrome_android": "mirror",
                "edge": {
                    "version_added": false
                },
                "firefox": {
                    "version_added": false
                },
                "firefox_android": [
                    {
                        "prefix": "-webkit-",
                        "version_added": "49"
                    },
                    {
                        "prefix": "-moz-",
                        "version_added": "14"
                    }
                ],
                "ie": {
                    "version_added": false
                },
                "oculus": "mirror",
                "opera": "mirror",
                "opera_android": "mirror",
                "safari": {
                    "version_added": false
                },
                "safari_ios": {
                    "prefix": "-webkit-",
                    "version_added": "1"
                },
                "samsunginternet_android": "mirror",
                "webview_android": "mirror",
                "edge_blink": {
                    "version_added": "79"
                }
            },
            "title": "text-size-adjust"
        }
    ]
}
