{
    "break-before-break-after-break-inside": [
        {
            "engines": [
                "blink",
                "gecko",
                "webkit"
            ],
            "filename": "css/properties/break-after.json",
            "name": "break-after",
            "slug": "CSS/break-after",
            "mdn_url": "https://developer.mozilla.org/en-US/docs/Web/CSS/break-after",
            "summary": "The break-after CSS property sets how page, column, or region breaks should behave after a generated box. If there is no generated box, the property is ignored.",
            "support": {
                "chrome": {
                    "version_added": "50"
                },
                "chrome_android": "mirror",
                "edge": {
                    "version_added": "12"
                },
                "firefox": {
                    "version_added": "65"
                },
                "firefox_android": "mirror",
                "ie": {
                    "version_added": "10"
                },
                "oculus": "mirror",
                "opera": [
                    {
                        "version_added": "37"
                    },
                    {
                        "version_added": "11.1",
                        "version_removed": "12.1"
                    }
                ],
                "opera_android": [
                    {
                        "version_added": "37"
                    },
                    {
                        "version_added": "11.1",
                        "version_removed": "12.1"
                    }
                ],
                "safari": {
                    "version_added": "10"
                },
                "safari_ios": "mirror",
                "samsunginternet_android": "mirror",
                "webview_android": "mirror",
                "edge_blink": {
                    "version_added": "79"
                }
            },
            "title": "break-after"
        },
        {
            "engines": [
                "blink",
                "gecko",
                "webkit"
            ],
            "filename": "css/properties/break-before.json",
            "name": "break-before",
            "slug": "CSS/break-before",
            "mdn_url": "https://developer.mozilla.org/en-US/docs/Web/CSS/break-before",
            "summary": "The break-before CSS property sets how page, column, or region breaks should behave before a generated box. If there is no generated box, the property is ignored.",
            "support": {
                "chrome": {
                    "version_added": "50"
                },
                "chrome_android": "mirror",
                "edge": {
                    "version_added": "12"
                },
                "firefox": {
                    "version_added": "65"
                },
                "firefox_android": "mirror",
                "ie": {
                    "version_added": "10"
                },
                "oculus": "mirror",
                "opera": [
                    {
                        "version_added": "37"
                    },
                    {
                        "version_added": "11.1",
                        "version_removed": "12.1"
                    }
                ],
                "opera_android": [
                    {
                        "version_added": "37"
                    },
                    {
                        "version_added": "11.1",
                        "version_removed": "12.1"
                    }
                ],
                "safari": {
                    "version_added": "10"
                },
                "safari_ios": "mirror",
                "samsunginternet_android": "mirror",
                "webview_android": "mirror",
                "edge_blink": {
                    "version_added": "79"
                }
            },
            "title": "break-before"
        },
        {
            "engines": [
                "blink",
                "gecko",
                "webkit"
            ],
            "filename": "css/properties/break-inside.json",
            "name": "break-inside",
            "slug": "CSS/break-inside",
            "mdn_url": "https://developer.mozilla.org/en-US/docs/Web/CSS/break-inside",
            "summary": "The break-inside CSS property sets how page, column, or region breaks should behave inside a generated box. If there is no generated box, the property is ignored.",
            "support": {
                "chrome": {
                    "version_added": "50"
                },
                "chrome_android": "mirror",
                "edge": {
                    "version_added": "12"
                },
                "firefox": {
                    "version_added": "65"
                },
                "firefox_android": "mirror",
                "ie": {
                    "version_added": "10"
                },
                "oculus": "mirror",
                "opera": [
                    {
                        "version_added": "37"
                    },
                    {
                        "version_added": "11.1",
                        "version_removed": "12.1"
                    }
                ],
                "opera_android": [
                    {
                        "version_added": "37"
                    },
                    {
                        "version_added": "11.1",
                        "version_removed": "12.1"
                    }
                ],
                "safari": {
                    "version_added": "10"
                },
                "safari_ios": "mirror",
                "samsunginternet_android": "mirror",
                "webview_android": "mirror",
                "edge_blink": {
                    "version_added": "79"
                }
            },
            "title": "break-inside"
        }
    ],
    "cc": [
        {
            "engines": [
                "blink",
                "gecko",
                "webkit"
            ],
            "filename": "css/properties/column-count.json",
            "name": "column-count",
            "slug": "CSS/column-count",
            "mdn_url": "https://developer.mozilla.org/en-US/docs/Web/CSS/column-count",
            "summary": "The column-count CSS property breaks an element's content into the specified number of columns.",
            "support": {
                "chrome": [
                    {
                        "version_added": "50"
                    },
                    {
                        "prefix": "-webkit-",
                        "version_added": "1"
                    }
                ],
                "chrome_android": "mirror",
                "edge": {
                    "version_added": "12"
                },
                "firefox": [
                    {
                        "version_added": "52"
                    },
                    {
                        "prefix": "-moz-",
                        "version_added": "1.5",
                        "version_removed": "74",
                        "notes": "Before version 37, multiple columns didn't work with <code>display: table-caption</code> elements."
                    }
                ],
                "firefox_android": [
                    {
                        "version_added": "52"
                    },
                    {
                        "prefix": "-moz-",
                        "version_added": "4",
                        "notes": "Before version 37, multiple columns didn't work with <code>display: table-caption</code> elements."
                    }
                ],
                "ie": {
                    "version_added": "10"
                },
                "oculus": "mirror",
                "opera": [
                    {
                        "version_added": "11.1"
                    },
                    {
                        "prefix": "-webkit-",
                        "version_added": "15"
                    }
                ],
                "opera_android": [
                    {
                        "version_added": "11.1"
                    },
                    {
                        "prefix": "-webkit-",
                        "version_added": "14"
                    }
                ],
                "safari": [
                    {
                        "version_added": "9"
                    },
                    {
                        "prefix": "-webkit-",
                        "version_added": "3"
                    }
                ],
                "safari_ios": [
                    {
                        "version_added": "9"
                    },
                    {
                        "prefix": "-webkit-",
                        "version_added": "1"
                    }
                ],
                "samsunginternet_android": "mirror",
                "webview_android": [
                    {
                        "version_added": "50"
                    },
                    {
                        "prefix": "-webkit-",
                        "version_added": "37"
                    }
                ],
                "edge_blink": [
                    {
                        "version_added": "79"
                    },
                    {
                        "prefix": "-webkit-",
                        "version_added": "79"
                    }
                ]
            },
            "title": "column-count"
        }
    ],
    "cf": [
        {
            "engines": [
                "blink",
                "gecko",
                "webkit"
            ],
            "filename": "css/properties/column-fill.json",
            "name": "column-fill",
            "slug": "CSS/column-fill",
            "mdn_url": "https://developer.mozilla.org/en-US/docs/Web/CSS/column-fill",
            "summary": "The column-fill CSS property controls how an element's contents are balanced when broken into columns.",
            "support": {
                "chrome": {
                    "version_added": "50"
                },
                "chrome_android": "mirror",
                "edge": {
                    "version_added": "12"
                },
                "firefox": [
                    {
                        "version_added": "52"
                    },
                    {
                        "prefix": "-moz-",
                        "version_added": "13",
                        "version_removed": "74"
                    }
                ],
                "firefox_android": [
                    {
                        "version_added": "52"
                    },
                    {
                        "prefix": "-moz-",
                        "version_added": "14"
                    }
                ],
                "ie": {
                    "version_added": "10"
                },
                "oculus": "mirror",
                "opera": "mirror",
                "opera_android": "mirror",
                "safari": [
                    {
                        "version_added": "9"
                    },
                    {
                        "prefix": "-webkit-",
                        "version_added": "8"
                    }
                ],
                "safari_ios": "mirror",
                "samsunginternet_android": "mirror",
                "webview_android": "mirror",
                "edge_blink": {
                    "version_added": "79"
                }
            },
            "title": "column-fill"
        }
    ],
    "column-gap": [
        {
            "engines": [
                "blink",
                "gecko",
                "webkit"
            ],
            "filename": "css/properties/column-gap.json",
            "name": "column-gap",
            "slug": "CSS/column-gap",
            "mdn_url": "https://developer.mozilla.org/en-US/docs/Web/CSS/column-gap",
            "summary": "The column-gap CSS property sets the size of the gap (gutter) between an element's columns.",
            "support": {
                "chrome": {
                    "version_added": "1"
                },
                "chrome_android": "mirror",
                "edge": {
                    "version_added": "12"
                },
                "firefox": {
                    "version_added": "1.5"
                },
                "firefox_android": "mirror",
                "ie": {
                    "version_added": "10"
                },
                "oculus": "mirror",
                "opera": {
                    "version_added": "11.1"
                },
                "opera_android": {
                    "version_added": "11.1"
                },
                "safari": {
                    "version_added": "3"
                },
                "safari_ios": "mirror",
                "samsunginternet_android": "mirror",
                "webview_android": "mirror",
                "edge_blink": {
                    "version_added": "79"
                }
            },
            "title": "column-gap"
        }
    ],
    "crc": [
        {
            "engines": [
                "blink",
                "gecko",
                "webkit"
            ],
            "filename": "css/properties/column-rule-color.json",
            "name": "column-rule-color",
            "slug": "CSS/column-rule-color",
            "mdn_url": "https://developer.mozilla.org/en-US/docs/Web/CSS/column-rule-color",
            "summary": "The column-rule-color CSS property sets the color of the line drawn between columns in a multi-column layout.",
            "support": {
                "chrome": [
                    {
                        "version_added": "50"
                    },
                    {
                        "prefix": "-webkit-",
                        "version_added": "1"
                    }
                ],
                "chrome_android": "mirror",
                "edge": {
                    "version_added": "12"
                },
                "firefox": [
                    {
                        "version_added": "52"
                    },
                    {
                        "prefix": "-moz-",
                        "version_added": "3.5",
                        "version_removed": "74"
                    }
                ],
                "firefox_android": [
                    {
                        "version_added": "52"
                    },
                    {
                        "prefix": "-moz-",
                        "version_added": "4"
                    }
                ],
                "ie": {
                    "version_added": "10"
                },
                "oculus": "mirror",
                "opera": [
                    {
                        "version_added": "11.1"
                    },
                    {
                        "prefix": "-webkit-",
                        "version_added": "15"
                    }
                ],
                "opera_android": [
                    {
                        "version_added": "11.1"
                    },
                    {
                        "prefix": "-webkit-",
                        "version_added": "14"
                    }
                ],
                "safari": [
                    {
                        "version_added": "9"
                    },
                    {
                        "prefix": "-webkit-",
                        "version_added": "3"
                    }
                ],
                "safari_ios": [
                    {
                        "version_added": "9"
                    },
                    {
                        "prefix": "-webkit-",
                        "version_added": "1"
                    }
                ],
                "samsunginternet_android": "mirror",
                "webview_android": [
                    {
                        "version_added": "50"
                    },
                    {
                        "prefix": "-webkit-",
                        "version_added": "37"
                    }
                ],
                "edge_blink": [
                    {
                        "version_added": "79"
                    },
                    {
                        "prefix": "-webkit-",
                        "version_added": "79"
                    }
                ]
            },
            "title": "column-rule-color"
        }
    ],
    "crs": [
        {
            "engines": [
                "blink",
                "gecko",
                "webkit"
            ],
            "filename": "css/properties/column-rule-style.json",
            "name": "column-rule-style",
            "slug": "CSS/column-rule-style",
            "mdn_url": "https://developer.mozilla.org/en-US/docs/Web/CSS/column-rule-style",
            "summary": "The column-rule-style CSS property sets the style of the line drawn between columns in a multi-column layout.",
            "support": {
                "chrome": [
                    {
                        "version_added": "50"
                    },
                    {
                        "prefix": "-webkit-",
                        "version_added": "1"
                    }
                ],
                "chrome_android": "mirror",
                "edge": {
                    "version_added": "12"
                },
                "firefox": [
                    {
                        "version_added": "52"
                    },
                    {
                        "prefix": "-moz-",
                        "version_added": "3.5",
                        "version_removed": "74"
                    }
                ],
                "firefox_android": [
                    {
                        "version_added": "52"
                    },
                    {
                        "prefix": "-moz-",
                        "version_added": "4"
                    }
                ],
                "ie": {
                    "version_added": "10"
                },
                "oculus": "mirror",
                "opera": [
                    {
                        "version_added": "11.1"
                    },
                    {
                        "prefix": "-webkit-",
                        "version_added": "15"
                    }
                ],
                "opera_android": [
                    {
                        "version_added": "11.1"
                    },
                    {
                        "prefix": "-webkit-",
                        "version_added": "14"
                    }
                ],
                "safari": [
                    {
                        "version_added": "9"
                    },
                    {
                        "prefix": "-webkit-",
                        "version_added": "3"
                    }
                ],
                "safari_ios": [
                    {
                        "version_added": "9"
                    },
                    {
                        "prefix": "-webkit-",
                        "version_added": "1"
                    }
                ],
                "samsunginternet_android": "mirror",
                "webview_android": [
                    {
                        "version_added": "50"
                    },
                    {
                        "prefix": "-webkit-",
                        "version_added": "37"
                    }
                ],
                "edge_blink": [
                    {
                        "version_added": "79"
                    },
                    {
                        "prefix": "-webkit-",
                        "version_added": "79"
                    }
                ]
            },
            "title": "column-rule-style"
        }
    ],
    "crw": [
        {
            "engines": [
                "blink",
                "gecko",
                "webkit"
            ],
            "filename": "css/properties/column-rule-width.json",
            "name": "column-rule-width",
            "slug": "CSS/column-rule-width",
            "mdn_url": "https://developer.mozilla.org/en-US/docs/Web/CSS/column-rule-width",
            "summary": "The column-rule-width CSS property sets the width of the line drawn between columns in a multi-column layout.",
            "support": {
                "chrome": [
                    {
                        "version_added": "50"
                    },
                    {
                        "prefix": "-webkit-",
                        "version_added": "1"
                    }
                ],
                "chrome_android": "mirror",
                "edge": {
                    "version_added": "12"
                },
                "firefox": [
                    {
                        "version_added": "52"
                    },
                    {
                        "prefix": "-moz-",
                        "version_added": "3.5",
                        "version_removed": "74"
                    }
                ],
                "firefox_android": [
                    {
                        "version_added": "52"
                    },
                    {
                        "prefix": "-moz-",
                        "version_added": "4"
                    }
                ],
                "ie": {
                    "version_added": "10"
                },
                "oculus": "mirror",
                "opera": [
                    {
                        "version_added": "11.1"
                    },
                    {
                        "prefix": "-webkit-",
                        "version_added": "15"
                    }
                ],
                "opera_android": [
                    {
                        "version_added": "11.1"
                    },
                    {
                        "prefix": "-webkit-",
                        "version_added": "14"
                    }
                ],
                "safari": [
                    {
                        "version_added": "9"
                    },
                    {
                        "prefix": "-webkit-",
                        "version_added": "3"
                    }
                ],
                "safari_ios": [
                    {
                        "version_added": "9"
                    },
                    {
                        "prefix": "-webkit-",
                        "version_added": "1"
                    }
                ],
                "samsunginternet_android": "mirror",
                "webview_android": [
                    {
                        "version_added": "50"
                    },
                    {
                        "prefix": "-webkit-",
                        "version_added": "37"
                    }
                ],
                "edge_blink": [
                    {
                        "version_added": "79"
                    },
                    {
                        "prefix": "-webkit-",
                        "version_added": "79"
                    }
                ]
            },
            "title": "column-rule-width"
        }
    ],
    "column-rule": [
        {
            "engines": [
                "blink",
                "gecko",
                "webkit"
            ],
            "filename": "css/properties/column-rule.json",
            "name": "column-rule",
            "slug": "CSS/column-rule",
            "mdn_url": "https://developer.mozilla.org/en-US/docs/Web/CSS/column-rule",
            "summary": "The column-rule shorthand CSS property sets the width, style, and color of the line drawn between columns in a multi-column layout.",
            "support": {
                "chrome": [
                    {
                        "version_added": "50"
                    },
                    {
                        "prefix": "-webkit-",
                        "version_added": "1"
                    }
                ],
                "chrome_android": "mirror",
                "edge": {
                    "version_added": "12"
                },
                "firefox": [
                    {
                        "version_added": "52"
                    },
                    {
                        "prefix": "-moz-",
                        "version_added": "3.5",
                        "version_removed": "74",
                        "notes": "Before Firefox 3, the default value for the <code>normal</code> keyword was <code>0</code> and not <code>1em</code>."
                    }
                ],
                "firefox_android": [
                    {
                        "version_added": "52"
                    },
                    {
                        "prefix": "-moz-",
                        "version_added": "4"
                    }
                ],
                "ie": {
                    "version_added": "10"
                },
                "oculus": "mirror",
                "opera": [
                    {
                        "version_added": "11.1"
                    },
                    {
                        "prefix": "-webkit-",
                        "version_added": "15"
                    }
                ],
                "opera_android": [
                    {
                        "version_added": "11.1"
                    },
                    {
                        "prefix": "-webkit-",
                        "version_added": "14"
                    }
                ],
                "safari": [
                    {
                        "version_added": "9"
                    },
                    {
                        "prefix": "-webkit-",
                        "version_added": "3"
                    }
                ],
                "safari_ios": [
                    {
                        "version_added": "9"
                    },
                    {
                        "prefix": "-webkit-",
                        "version_added": "1"
                    }
                ],
                "samsunginternet_android": "mirror",
                "webview_android": [
                    {
                        "version_added": "50"
                    },
                    {
                        "prefix": "-webkit-",
                        "version_added": "37"
                    }
                ],
                "edge_blink": [
                    {
                        "version_added": "79"
                    },
                    {
                        "prefix": "-webkit-",
                        "version_added": "79"
                    }
                ]
            },
            "title": "column-rule"
        }
    ],
    "column-span": [
        {
            "engines": [
                "blink",
                "gecko",
                "webkit"
            ],
            "filename": "css/properties/column-span.json",
            "name": "column-span",
            "slug": "CSS/column-span",
            "mdn_url": "https://developer.mozilla.org/en-US/docs/Web/CSS/column-span",
            "summary": "The column-span CSS property makes it possible for an element to span across all columns when its value is set to all.",
            "support": {
                "chrome": [
                    {
                        "version_added": "50"
                    },
                    {
                        "prefix": "-webkit-",
                        "version_added": "6"
                    }
                ],
                "chrome_android": "mirror",
                "edge": {
                    "version_added": "12"
                },
                "firefox": {
                    "version_added": "71"
                },
                "firefox_android": "mirror",
                "ie": {
                    "version_added": "10"
                },
                "oculus": "mirror",
                "opera": [
                    {
                        "version_added": "11.1"
                    },
                    {
                        "prefix": "-webkit-",
                        "version_added": "15"
                    }
                ],
                "opera_android": [
                    {
                        "version_added": "11.1"
                    },
                    {
                        "prefix": "-webkit-",
                        "version_added": "14"
                    }
                ],
                "safari": [
                    {
                        "version_added": "9"
                    },
                    {
                        "prefix": "-webkit-",
                        "version_added": "5.1"
                    }
                ],
                "safari_ios": "mirror",
                "samsunginternet_android": "mirror",
                "webview_android": [
                    {
                        "version_added": "50"
                    },
                    {
                        "prefix": "-webkit-",
                        "version_added": "37"
                    }
                ],
                "edge_blink": [
                    {
                        "version_added": "79"
                    },
                    {
                        "prefix": "-webkit-",
                        "version_added": "79"
                    }
                ]
            },
            "title": "column-span"
        }
    ],
    "cw": [
        {
            "engines": [
                "blink",
                "gecko",
                "webkit"
            ],
            "filename": "css/properties/column-width.json",
            "name": "column-width",
            "slug": "CSS/column-width",
            "mdn_url": "https://developer.mozilla.org/en-US/docs/Web/CSS/column-width",
            "summary": "The column-width CSS property sets the ideal column width in a multi-column layout. The container will have as many columns as can fit without any of them having a width less than the column-width value. If the width of the container is narrower than the specified value, the single column's width will be smaller than the declared column width.",
            "support": {
                "chrome": [
                    {
                        "version_added": "50"
                    },
                    {
                        "prefix": "-webkit-",
                        "version_added": "1"
                    }
                ],
                "chrome_android": "mirror",
                "edge": {
                    "version_added": "12"
                },
                "firefox": [
                    {
                        "version_added": "50"
                    },
                    {
                        "prefix": "-moz-",
                        "version_added": "1.5",
                        "version_removed": "74",
                        "notes": "Before version 37, multiple columns didn't work with <code>display: table-caption</code> elements."
                    }
                ],
                "firefox_android": [
                    {
                        "version_added": "50"
                    },
                    {
                        "prefix": "-moz-",
                        "version_added": "4",
                        "notes": "Before version 37, multiple columns didn't work with <code>display: table-caption</code> elements."
                    }
                ],
                "ie": {
                    "version_added": "10"
                },
                "oculus": "mirror",
                "opera": [
                    {
                        "version_added": "11.1"
                    },
                    {
                        "prefix": "-webkit-",
                        "version_added": "15"
                    }
                ],
                "opera_android": [
                    {
                        "version_added": "11.1"
                    },
                    {
                        "prefix": "-webkit-",
                        "version_added": "15"
                    }
                ],
                "safari": [
                    {
                        "version_added": "9"
                    },
                    {
                        "prefix": "-webkit-",
                        "version_added": "3"
                    }
                ],
                "safari_ios": [
                    {
                        "version_added": "9"
                    },
                    {
                        "prefix": "-webkit-",
                        "version_added": "1"
                    }
                ],
                "samsunginternet_android": "mirror",
                "webview_android": [
                    {
                        "version_added": "50"
                    },
                    {
                        "prefix": "-webkit-",
                        "version_added": "37"
                    }
                ],
                "edge_blink": [
                    {
                        "version_added": "79"
                    },
                    {
                        "prefix": "-webkit-",
                        "version_added": "79"
                    }
                ]
            },
            "title": "column-width"
        }
    ],
    "columns": [
        {
            "engines": [
                "blink",
                "gecko",
                "webkit"
            ],
            "filename": "css/properties/columns.json",
            "name": "columns",
            "slug": "CSS/columns",
            "mdn_url": "https://developer.mozilla.org/en-US/docs/Web/CSS/columns",
            "summary": "The columns CSS shorthand property sets the number of columns to use when drawing an element's contents, as well as those columns' widths.",
            "support": {
                "chrome": [
                    {
                        "version_added": "50"
                    },
                    {
                        "prefix": "-webkit-",
                        "version_added": "50"
                    }
                ],
                "chrome_android": {
                    "version_added": "50"
                },
                "edge": {
                    "version_added": "12"
                },
                "firefox": [
                    {
                        "version_added": "52"
                    },
                    {
                        "prefix": "-moz-",
                        "version_added": "9",
                        "version_removed": "74",
                        "notes": "Before version 37, multiple columns didn't work with <code>display: table-caption</code> elements."
                    }
                ],
                "firefox_android": [
                    {
                        "version_added": "52"
                    },
                    {
                        "prefix": "-moz-",
                        "version_added": "22",
                        "notes": "Before version 37, multiple columns didn't work with <code>display: table-caption</code> elements."
                    }
                ],
                "ie": {
                    "version_added": "10"
                },
                "oculus": "mirror",
                "opera": [
                    {
                        "version_added": "11.1"
                    },
                    {
                        "prefix": "-webkit-",
                        "version_added": "15"
                    }
                ],
                "opera_android": [
                    {
                        "version_added": "11.1"
                    },
                    {
                        "prefix": "-webkit-",
                        "version_added": "14"
                    }
                ],
                "safari": [
                    {
                        "version_added": "9"
                    },
                    {
                        "prefix": "-webkit-",
                        "version_added": "3"
                    }
                ],
                "safari_ios": [
                    {
                        "version_added": "9"
                    },
                    {
                        "prefix": "-webkit-",
                        "version_added": "3.2"
                    }
                ],
                "samsunginternet_android": "mirror",
                "webview_android": [
                    {
                        "version_added": "50"
                    },
                    {
                        "prefix": "-webkit-",
                        "version_added": "2"
                    }
                ],
                "edge_blink": [
                    {
                        "version_added": "79"
                    },
                    {
                        "prefix": "-webkit-",
                        "version_added": "79"
                    }
                ]
            },
            "title": "columns"
        }
    ],
    "filling-columns": [
        {
            "engines": [
                "blink",
                "webkit"
            ],
            "filename": "css/properties/widows.json",
            "name": "widows",
            "slug": "CSS/widows",
            "mdn_url": "https://developer.mozilla.org/en-US/docs/Web/CSS/widows",
            "summary": "The widows CSS property sets the minimum number of lines in a block container that must be shown at the top of a page, region, or column.",
            "support": {
                "chrome": {
                    "version_added": "25"
                },
                "chrome_android": "mirror",
                "edge": {
                    "version_added": "12"
                },
                "firefox": {
                    "version_added": false
                },
                "firefox_android": "mirror",
                "ie": {
                    "version_added": "8"
                },
                "oculus": "mirror",
                "opera": {
                    "version_added": "9.2"
                },
                "opera_android": "mirror",
                "safari": {
                    "version_added": "1.3"
                },
                "safari_ios": "mirror",
                "samsunginternet_android": "mirror",
                "webview_android": "mirror",
                "edge_blink": {
                    "version_added": "79"
                }
            },
            "title": "widows"
        }
    ]
}
