{
    "using-variables": [
        {
            "engines": [
                "blink",
                "gecko",
                "webkit"
            ],
            "filename": "css/properties/custom-property.json",
            "name": "var",
            "slug": "CSS/var()",
            "mdn_url": "https://developer.mozilla.org/en-US/docs/Web/CSS/var()",
            "summary": "The var() CSS function can be used to insert the value of a custom property (sometimes called a \"CSS variable\") instead of any part of a value of another property.",
            "support": {
                "chrome": {
                    "version_added": "49"
                },
                "chrome_android": "mirror",
                "edge": {
                    "version_added": "15"
                },
                "firefox": {
                    "version_added": "31"
                },
                "firefox_android": "mirror",
                "ie": {
                    "version_added": false
                },
                "oculus": "mirror",
                "opera": "mirror",
                "opera_android": "mirror",
                "safari": {
                    "version_added": "9.1"
                },
                "safari_ios": "mirror",
                "samsunginternet_android": "mirror",
                "webview_android": {
                    "version_added": "50"
                },
                "edge_blink": {
                    "version_added": "79"
                }
            },
            "title": "var()"
        }
    ],
    "defining-variables": [
        {
            "engines": [
                "blink",
                "gecko",
                "webkit"
            ],
            "filename": "css/properties/custom-property.json",
            "name": "custom-property",
            "slug": "CSS/--*",
            "mdn_url": "https://developer.mozilla.org/en-US/docs/Web/CSS/--*",
            "summary": "Property names that are prefixed with --, like --example-name, represent custom properties that contain a value that can be used in other declarations using the var() function.",
            "support": {
                "chrome": {
                    "version_added": "49"
                },
                "chrome_android": "mirror",
                "edge": {
                    "version_added": "15"
                },
                "firefox": {
                    "version_added": "31"
                },
                "firefox_android": "mirror",
                "ie": {
                    "version_added": false
                },
                "oculus": "mirror",
                "opera": "mirror",
                "opera_android": "mirror",
                "safari": {
                    "version_added": "9.1"
                },
                "safari_ios": "mirror",
                "samsunginternet_android": "mirror",
                "webview_android": "mirror",
                "edge_blink": {
                    "version_added": "79"
                }
            },
            "title": "Custom properties (--*): CSS variables"
        }
    ]
}
