{
    "easing-functions": [
        {
            "engines": [
                "blink",
                "gecko",
                "webkit"
            ],
            "filename": "css/types/easing-function.json",
            "name": "easing-function",
            "slug": "CSS/easing-function",
            "mdn_url": "https://developer.mozilla.org/en-US/docs/Web/CSS/easing-function",
            "summary": "The <easing-function> CSS data type denotes a mathematical function that describes the rate at which a numerical value changes.",
            "support": {
                "chrome": {
                    "version_added": "4"
                },
                "chrome_android": "mirror",
                "edge": {
                    "version_added": "12"
                },
                "firefox": {
                    "version_added": "4"
                },
                "firefox_android": "mirror",
                "ie": {
                    "version_added": "10"
                },
                "oculus": "mirror",
                "opera": {
                    "version_added": "10.5"
                },
                "opera_android": {
                    "version_added": "11"
                },
                "safari": {
                    "version_added": "3.1"
                },
                "safari_ios": "mirror",
                "samsunginternet_android": "mirror",
                "webview_android": {
                    "version_added": "4"
                },
                "edge_blink": {
                    "version_added": "79"
                }
            },
            "title": "<easing-function>"
        }
    ]
}
