{
    "dom-cssanimation-animationname": [
        {
            "engines": [
                "blink",
                "gecko",
                "webkit"
            ],
            "filename": "api/CSSAnimation.json",
            "name": "animationName",
            "slug": "API/CSSAnimation/animationName",
            "mdn_url": "https://developer.mozilla.org/en-US/docs/Web/API/CSSAnimation/animationName",
            "summary": "The animationName property of the CSSAnimation interface returns the animation-name. This specifies one or more keyframe at-rules which describe the animation applied to the element.",
            "support": {
                "chrome": {
                    "version_added": "84"
                },
                "chrome_android": "mirror",
                "edge": "mirror",
                "firefox": {
                    "version_added": "75"
                },
                "firefox_android": "mirror",
                "ie": {
                    "version_added": false
                },
                "oculus": "mirror",
                "opera": "mirror",
                "opera_android": "mirror",
                "safari": {
                    "version_added": "13.1"
                },
                "safari_ios": "mirror",
                "samsunginternet_android": "mirror",
                "webview_android": "mirror",
                "edge_blink": {
                    "version_added": "84"
                }
            },
            "title": "CSSAnimation: animationName property"
        }
    ],
    "the-CSSAnimation-interface": [
        {
            "engines": [
                "blink",
                "gecko",
                "webkit"
            ],
            "filename": "api/CSSAnimation.json",
            "name": "CSSAnimation",
            "slug": "API/CSSAnimation",
            "mdn_url": "https://developer.mozilla.org/en-US/docs/Web/API/CSSAnimation",
            "summary": "The CSSAnimation interface of the Web Animations API represents an Animation object.",
            "support": {
                "chrome": {
                    "version_added": "84"
                },
                "chrome_android": "mirror",
                "edge": "mirror",
                "firefox": {
                    "version_added": "75"
                },
                "firefox_android": "mirror",
                "ie": {
                    "version_added": false
                },
                "oculus": "mirror",
                "opera": "mirror",
                "opera_android": "mirror",
                "safari": {
                    "version_added": "13.1"
                },
                "safari_ios": "mirror",
                "samsunginternet_android": "mirror",
                "webview_android": "mirror",
                "edge_blink": {
                    "version_added": "84"
                }
            },
            "title": "CSSAnimation"
        }
    ],
    "animation-composition": [
        {
            "engines": [
                "blink",
                "gecko",
                "webkit"
            ],
            "filename": "css/properties/animation-composition.json",
            "name": "animation-composition",
            "slug": "CSS/animation-composition",
            "mdn_url": "https://developer.mozilla.org/en-US/docs/Web/CSS/animation-composition",
            "summary": "The animation-composition CSS property specifies the composite operation to use when multiple animations affect the same property simultaneously.",
            "support": {
                "chrome": {
                    "version_added": "112"
                },
                "chrome_android": "mirror",
                "edge": "mirror",
                "firefox": [
                    {
                        "version_added": "115"
                    },
                    {
                        "version_added": "104",
                        "flags": [
                            {
                                "type": "preference",
                                "name": "layout.css.animation-composition.enabled",
                                "value_to_set": "true"
                            }
                        ]
                    }
                ],
                "firefox_android": "mirror",
                "ie": {
                    "version_added": false
                },
                "oculus": "mirror",
                "opera": "mirror",
                "opera_android": "mirror",
                "safari": {
                    "version_added": "16"
                },
                "safari_ios": "mirror",
                "samsunginternet_android": "mirror",
                "webview_android": "mirror",
                "edge_blink": {
                    "version_added": "112"
                }
            },
            "title": "animation-composition"
        }
    ],
    "valdef-animation-duration-auto": [
        {
            "engines": [
                "blink"
            ],
            "filename": "css/properties/animation-duration.json",
            "name": "auto",
            "slug": "CSS/animation-duration#Values",
            "mdn_url": "https://developer.mozilla.org/en-US/docs/Web/CSS/animation-duration#Values",
            "summary": "The animation-duration CSS property sets the length of time that an animation takes to complete one cycle.",
            "support": {
                "chrome": {
                    "version_added": "115"
                },
                "chrome_android": "mirror",
                "edge": "mirror",
                "firefox": {
                    "version_added": false,
                    "notes": "Firefox does not currently support the <code>auto</code> value and only accepts values in seconds or milliseconds. It's recommended that <em>1ms</em> is used until <code>auto</code> is supported."
                },
                "firefox_android": "mirror",
                "ie": {
                    "version_added": false
                },
                "oculus": "mirror",
                "opera": "mirror",
                "opera_android": "mirror",
                "safari": {
                    "version_added": false
                },
                "safari_ios": "mirror",
                "samsunginternet_android": "mirror",
                "webview_android": "mirror",
                "edge_blink": {
                    "version_added": "115"
                }
            },
            "title": "animation-duration"
        }
    ],
    "animation-timeline": [
        {
            "engines": [
                "blink",
                "gecko"
            ],
            "needsflag": [
                "gecko"
            ],
            "filename": "css/properties/animation-timeline.json",
            "name": "animation-timeline",
            "slug": "CSS/animation-timeline",
            "mdn_url": "https://developer.mozilla.org/en-US/docs/Web/CSS/animation-timeline",
            "summary": "The animation-timeline CSS property specifies the timeline that is used to control the progress of a CSS animation.",
            "support": {
                "chrome": [
                    {
                        "version_added": "115"
                    },
                    {
                        "version_added": "85",
                        "flags": [
                            {
                                "type": "preference",
                                "name": "enable-experimental-web-platform-features",
                                "value_to_set": "enabled"
                            }
                        ]
                    }
                ],
                "chrome_android": "mirror",
                "edge": "mirror",
                "firefox": [
                    {
                        "version_added": "110",
                        "flags": [
                            {
                                "type": "preference",
                                "name": "layout.css.scroll-driven-animations.enabled",
                                "value_to_set": "true"
                            }
                        ]
                    },
                    {
                        "version_added": "97",
                        "version_removed": "110",
                        "flags": [
                            {
                                "type": "preference",
                                "name": "layout.css.scroll-linked-animations.enabled",
                                "value_to_set": "true"
                            }
                        ]
                    }
                ],
                "firefox_android": "mirror",
                "ie": {
                    "version_added": false
                },
                "oculus": "mirror",
                "opera": "mirror",
                "opera_android": "mirror",
                "safari": {
                    "version_added": false
                },
                "safari_ios": "mirror",
                "samsunginternet_android": "mirror",
                "webview_android": "mirror",
                "edge_blink": [
                    {
                        "version_added": "115"
                    },
                    {
                        "version_added": "85",
                        "flags": [
                            {
                                "type": "preference",
                                "name": "enable-experimental-web-platform-features",
                                "value_to_set": "enabled"
                            }
                        ]
                    }
                ]
            },
            "title": "animation-timeline"
        }
    ]
}
