{
    "margin-trim": [
        {
            "engines": [
                "webkit"
            ],
            "filename": "css/properties/margin-trim.json",
            "name": "margin-trim",
            "slug": "CSS/margin-trim",
            "mdn_url": "https://developer.mozilla.org/en-US/docs/Web/CSS/margin-trim",
            "summary": "The margin-trim property allows the container to trim the margins of its children where they adjoin the container's edges.",
            "support": {
                "chrome": {
                    "version_added": false
                },
                "chrome_android": "mirror",
                "edge": "mirror",
                "firefox": {
                    "version_added": false,
                    "notes": "See <a href='https://bugzil.la/1506241'>bug 1506241</a>."
                },
                "firefox_android": "mirror",
                "ie": {
                    "version_added": false
                },
                "oculus": "mirror",
                "opera": "mirror",
                "opera_android": "mirror",
                "safari": {
                    "version_added": "16.4"
                },
                "safari_ios": "mirror",
                "samsunginternet_android": "mirror",
                "webview_android": "mirror",
                "edge_blink": {
                    "version_added": false
                }
            },
            "title": "margin-trim"
        }
    ]
}
