{
    "dom-innerhtml-innerhtml": [
        {
            "engines": [
                "blink",
                "gecko",
                "webkit"
            ],
            "filename": "api/Element.json",
            "name": "innerHTML",
            "slug": "API/Element/innerHTML",
            "mdn_url": "https://developer.mozilla.org/en-US/docs/Web/API/Element/innerHTML",
            "summary": "The Element property innerHTML gets or sets the HTML or XML markup contained within the element.",
            "support": {
                "chrome": {
                    "version_added": "1"
                },
                "chrome_android": "mirror",
                "edge": {
                    "version_added": "12"
                },
                "firefox": {
                    "version_added": "1"
                },
                "firefox_android": "mirror",
                "ie": {
                    "version_added": "4"
                },
                "oculus": "mirror",
                "opera": {
                    "version_added": "8"
                },
                "opera_android": {
                    "version_added": "10.1"
                },
                "safari": {
                    "version_added": "1"
                },
                "safari_ios": "mirror",
                "samsunginternet_android": "mirror",
                "webview_android": {
                    "version_added": "1"
                },
                "edge_blink": {
                    "version_added": "79"
                }
            },
            "title": "Element: innerHTML property"
        }
    ],
    "dom-element-insertadjacenthtml": [
        {
            "engines": [
                "blink",
                "gecko",
                "webkit"
            ],
            "filename": "api/Element.json",
            "name": "insertAdjacentHTML",
            "slug": "API/Element/insertAdjacentHTML",
            "mdn_url": "https://developer.mozilla.org/en-US/docs/Web/API/Element/insertAdjacentHTML",
            "summary": "The insertAdjacentHTML() method of the Element interface parses the specified text as HTML or XML and inserts the resulting nodes into the DOM tree at a specified position.",
            "support": {
                "chrome": {
                    "version_added": "1"
                },
                "chrome_android": "mirror",
                "edge": {
                    "version_added": "17"
                },
                "firefox": {
                    "version_added": "8"
                },
                "firefox_android": "mirror",
                "ie": {
                    "version_added": "4",
                    "partial_implementation": true,
                    "notes": [
                        "Before Internet Explorer 10, throws an \"Invalid target element for this operation.\" error when called on a <code>&lt;table&gt;</code>, <code>&lt;tbody&gt;</code>, <code>&lt;thead&gt;</code>, or <code>&lt;tr&gt;</code> element.",
                        "Only supported for <a href='https://developer.mozilla.org/docs/Web/API/HTMLElement'><code>HTMLElement</code></a>, not all <code>Element</code> objects, such as <a href='https://developer.mozilla.org/docs/Web/API/SVGElement'><code>SVGElement</code></a>."
                    ]
                },
                "oculus": "mirror",
                "opera": {
                    "version_added": "8"
                },
                "opera_android": {
                    "version_added": "10.1"
                },
                "safari": {
                    "version_added": "4"
                },
                "safari_ios": {
                    "version_added": "4"
                },
                "samsunginternet_android": "mirror",
                "webview_android": {
                    "version_added": "37"
                },
                "edge_blink": {
                    "version_added": "79"
                }
            },
            "caniuse": {
                "feature": "insertadjacenthtml",
                "title": "Element.insertAdjacentHTML()"
            },
            "title": "Element: insertAdjacentHTML() method"
        }
    ],
    "dom-element-outerhtml": [
        {
            "engines": [
                "blink",
                "gecko",
                "webkit"
            ],
            "filename": "api/Element.json",
            "name": "outerHTML",
            "slug": "API/Element/outerHTML",
            "mdn_url": "https://developer.mozilla.org/en-US/docs/Web/API/Element/outerHTML",
            "summary": "The outerHTML attribute of the Element DOM interface gets the serialized HTML fragment describing the element including its descendants. It can also be set to replace the element with nodes parsed from the given string.",
            "support": {
                "chrome": {
                    "version_added": "1"
                },
                "chrome_android": "mirror",
                "edge": {
                    "version_added": "12"
                },
                "firefox": {
                    "version_added": "11"
                },
                "firefox_android": "mirror",
                "ie": {
                    "version_added": "4"
                },
                "oculus": "mirror",
                "opera": {
                    "version_added": "8"
                },
                "opera_android": {
                    "version_added": "10.1"
                },
                "safari": {
                    "version_added": "1.3"
                },
                "safari_ios": "mirror",
                "samsunginternet_android": "mirror",
                "webview_android": {
                    "version_added": "1"
                },
                "edge_blink": {
                    "version_added": "79"
                }
            },
            "title": "Element: outerHTML property"
        }
    ],
    "extensions-to-the-element-interface": [
        {
            "engines": [
                "blink",
                "gecko",
                "webkit"
            ],
            "filename": "api/Element.json",
            "name": "Element",
            "slug": "API/Element",
            "mdn_url": "https://developer.mozilla.org/en-US/docs/Web/API/Element",
            "summary": "Element is the most general base class from which all element objects (i.e. objects that represent elements) in a Document inherit. It only has methods and properties common to all kinds of elements. More specific classes inherit from Element.",
            "support": {
                "chrome": {
                    "version_added": "1"
                },
                "chrome_android": "mirror",
                "edge": {
                    "version_added": "12"
                },
                "firefox": {
                    "version_added": "1"
                },
                "firefox_android": "mirror",
                "ie": {
                    "version_added": "4"
                },
                "oculus": "mirror",
                "opera": {
                    "version_added": "8"
                },
                "opera_android": {
                    "version_added": "10.1"
                },
                "safari": {
                    "version_added": "1"
                },
                "safari_ios": "mirror",
                "samsunginternet_android": "mirror",
                "webview_android": {
                    "version_added": "37"
                },
                "edge_blink": {
                    "version_added": "79"
                }
            },
            "title": "Element"
        }
    ],
    "ref-for-dom-range-createcontextualfragment-2": [
        {
            "engines": [
                "blink",
                "gecko",
                "webkit"
            ],
            "filename": "api/Range.json",
            "name": "createContextualFragment",
            "slug": "API/Range/createContextualFragment",
            "mdn_url": "https://developer.mozilla.org/en-US/docs/Web/API/Range/createContextualFragment",
            "summary": "The Range.createContextualFragment() method returns a DocumentFragment by invoking the HTML fragment parsing algorithm or the XML fragment parsing algorithm with the start of the range (the parent of the selected node) as the context node. The HTML fragment parsing algorithm is used if the range belongs to a Document whose HTMLness bit is set. In the HTML case, if the context node would be html, for historical reasons the fragment parsing algorithm is invoked with body as the context instead.",
            "support": {
                "chrome": {
                    "version_added": "1"
                },
                "chrome_android": "mirror",
                "edge": {
                    "version_added": "12"
                },
                "firefox": {
                    "version_added": "1"
                },
                "firefox_android": "mirror",
                "ie": {
                    "version_added": "10"
                },
                "oculus": "mirror",
                "opera": {
                    "version_added": "12.1"
                },
                "opera_android": {
                    "version_added": "12.1"
                },
                "safari": {
                    "version_added": "1"
                },
                "safari_ios": "mirror",
                "samsunginternet_android": "mirror",
                "webview_android": "mirror",
                "edge_blink": {
                    "version_added": "79"
                }
            },
            "title": "Range: createContextualFragment() method"
        }
    ],
    "extensions-to-the-range-interface": [
        {
            "engines": [
                "blink",
                "gecko",
                "webkit"
            ],
            "filename": "api/Range.json",
            "name": "Range",
            "slug": "API/Range",
            "mdn_url": "https://developer.mozilla.org/en-US/docs/Web/API/Range",
            "summary": "The Range interface represents a fragment of a document that can contain nodes and parts of text nodes.",
            "support": {
                "chrome": {
                    "version_added": "1"
                },
                "chrome_android": "mirror",
                "edge": {
                    "version_added": "12"
                },
                "firefox": {
                    "version_added": "1",
                    "notes": "Starting with Firefox 13, the <code>Range</code> object throws a <code>DOMException</code> as defined in DOM 4, instead of a <code>RangeException</code> defined in prior specifications."
                },
                "firefox_android": "mirror",
                "ie": {
                    "version_added": "9"
                },
                "oculus": "mirror",
                "opera": {
                    "version_added": "9"
                },
                "opera_android": {
                    "version_added": "10.1"
                },
                "safari": {
                    "version_added": "1"
                },
                "safari_ios": "mirror",
                "samsunginternet_android": "mirror",
                "webview_android": "mirror",
                "edge_blink": {
                    "version_added": "79"
                }
            },
            "title": "Range"
        }
    ],
    "ref-for-dom-innerhtml-innerhtml-2": [
        {
            "engines": [
                "blink",
                "gecko",
                "webkit"
            ],
            "filename": "api/ShadowRoot.json",
            "name": "innerHTML",
            "slug": "API/ShadowRoot/innerHTML",
            "mdn_url": "https://developer.mozilla.org/en-US/docs/Web/API/ShadowRoot/innerHTML",
            "summary": "The innerHTML property of the ShadowRoot interface sets or returns a reference to the DOM tree inside the ShadowRoot.",
            "support": {
                "chrome": {
                    "version_added": "53"
                },
                "chrome_android": "mirror",
                "edge": "mirror",
                "firefox": {
                    "version_added": "63"
                },
                "firefox_android": "mirror",
                "ie": {
                    "version_added": false
                },
                "oculus": "mirror",
                "opera": "mirror",
                "opera_android": "mirror",
                "safari": {
                    "version_added": "10"
                },
                "safari_ios": "mirror",
                "samsunginternet_android": "mirror",
                "webview_android": "mirror",
                "edge_blink": {
                    "version_added": "79"
                }
            },
            "title": "ShadowRoot: innerHTML property"
        }
    ],
    "dom-xmlserializer-constructor": [
        {
            "engines": [
                "blink",
                "gecko",
                "webkit"
            ],
            "filename": "api/XMLSerializer.json",
            "name": "XMLSerializer",
            "slug": "API/XMLSerializer/XMLSerializer",
            "mdn_url": "https://developer.mozilla.org/en-US/docs/Web/API/XMLSerializer/XMLSerializer",
            "summary": "The XMLSerializer() constructor creates a new XMLSerializer.",
            "support": {
                "chrome": {
                    "version_added": "1"
                },
                "chrome_android": "mirror",
                "edge": {
                    "version_added": "12"
                },
                "firefox": {
                    "version_added": "1"
                },
                "firefox_android": "mirror",
                "ie": {
                    "version_added": "9"
                },
                "oculus": "mirror",
                "opera": {
                    "version_added": "12.1"
                },
                "opera_android": {
                    "version_added": "12.1"
                },
                "safari": {
                    "version_added": "3"
                },
                "safari_ios": {
                    "version_added": "1"
                },
                "samsunginternet_android": "mirror",
                "webview_android": "mirror",
                "edge_blink": {
                    "version_added": "79"
                }
            },
            "title": "XMLSerializer: XMLSerializer() constructor"
        }
    ],
    "dom-xmlserializer-serializetostring": [
        {
            "engines": [
                "blink",
                "gecko",
                "webkit"
            ],
            "filename": "api/XMLSerializer.json",
            "name": "serializeToString",
            "slug": "API/XMLSerializer/serializeToString",
            "mdn_url": "https://developer.mozilla.org/en-US/docs/Web/API/XMLSerializer/serializeToString",
            "summary": "The XMLSerializer method serializeToString() constructs a string representing the specified DOM tree in XML form.",
            "support": {
                "chrome": {
                    "version_added": "1"
                },
                "chrome_android": "mirror",
                "edge": {
                    "version_added": "12"
                },
                "firefox": {
                    "version_added": "1"
                },
                "firefox_android": "mirror",
                "ie": {
                    "version_added": "9"
                },
                "oculus": "mirror",
                "opera": {
                    "version_added": "12.1"
                },
                "opera_android": {
                    "version_added": "12.1"
                },
                "safari": {
                    "version_added": "3"
                },
                "safari_ios": {
                    "version_added": "1"
                },
                "samsunginternet_android": "mirror",
                "webview_android": "mirror",
                "edge_blink": {
                    "version_added": "79"
                }
            },
            "title": "XMLSerializer: serializeToString() method"
        }
    ],
    "the-xmlserializer-interface": [
        {
            "engines": [
                "blink",
                "gecko",
                "webkit"
            ],
            "filename": "api/XMLSerializer.json",
            "name": "XMLSerializer",
            "slug": "API/XMLSerializer",
            "mdn_url": "https://developer.mozilla.org/en-US/docs/Web/API/XMLSerializer",
            "summary": "The XMLSerializer interface provides the serializeToString() method to construct an XML string representing a DOM tree.",
            "support": {
                "chrome": {
                    "version_added": "1"
                },
                "chrome_android": "mirror",
                "edge": {
                    "version_added": "12"
                },
                "firefox": {
                    "version_added": "1"
                },
                "firefox_android": "mirror",
                "ie": {
                    "version_added": "9"
                },
                "oculus": "mirror",
                "opera": {
                    "version_added": "12.1"
                },
                "opera_android": {
                    "version_added": "12.1"
                },
                "safari": {
                    "version_added": "3"
                },
                "safari_ios": {
                    "version_added": "1"
                },
                "samsunginternet_android": "mirror",
                "webview_android": "mirror",
                "edge_blink": {
                    "version_added": "79"
                }
            },
            "title": "XMLSerializer"
        }
    ]
}
