{
    "dom-evt-encrypted": [
        {
            "engines": [
                "blink",
                "gecko",
                "webkit"
            ],
            "filename": "api/HTMLMediaElement.json",
            "name": "encrypted_event",
            "slug": "API/HTMLMediaElement/encrypted_event",
            "mdn_url": "https://developer.mozilla.org/en-US/docs/Web/API/HTMLMediaElement/encrypted_event",
            "summary": "The encrypted event is fired when the media encounters some initialization data indicating it is encrypted.",
            "support": {
                "chrome": {
                    "version_added": "42"
                },
                "chrome_android": "mirror",
                "edge": {
                    "version_added": "13"
                },
                "firefox": {
                    "version_added": "38"
                },
                "firefox_android": "mirror",
                "ie": {
                    "version_added": false
                },
                "oculus": "mirror",
                "opera": "mirror",
                "opera_android": "mirror",
                "safari": {
                    "version_added": "12.1"
                },
                "safari_ios": "mirror",
                "samsunginternet_android": "mirror",
                "webview_android": "mirror",
                "edge_blink": {
                    "version_added": "79"
                }
            },
            "title": "HTMLMediaElement: encrypted event"
        }
    ],
    "dom-htmlmediaelement-onencrypted": [
        {
            "engines": [
                "blink",
                "gecko",
                "webkit"
            ],
            "filename": "api/HTMLMediaElement.json",
            "name": "encrypted_event",
            "slug": "API/HTMLMediaElement/encrypted_event",
            "mdn_url": "https://developer.mozilla.org/en-US/docs/Web/API/HTMLMediaElement/encrypted_event",
            "summary": "The encrypted event is fired when the media encounters some initialization data indicating it is encrypted.",
            "support": {
                "chrome": {
                    "version_added": "42"
                },
                "chrome_android": "mirror",
                "edge": {
                    "version_added": "13"
                },
                "firefox": {
                    "version_added": "38"
                },
                "firefox_android": "mirror",
                "ie": {
                    "version_added": false
                },
                "oculus": "mirror",
                "opera": "mirror",
                "opera_android": "mirror",
                "safari": {
                    "version_added": "12.1"
                },
                "safari_ios": "mirror",
                "samsunginternet_android": "mirror",
                "webview_android": "mirror",
                "edge_blink": {
                    "version_added": "79"
                }
            },
            "title": "HTMLMediaElement: encrypted event"
        }
    ],
    "dom-htmlmediaelement-mediakeys": [
        {
            "engines": [
                "blink",
                "gecko",
                "webkit"
            ],
            "filename": "api/HTMLMediaElement.json",
            "name": "mediaKeys",
            "slug": "API/HTMLMediaElement/mediaKeys",
            "mdn_url": "https://developer.mozilla.org/en-US/docs/Web/API/HTMLMediaElement/mediaKeys",
            "summary": "The read-only HTMLMediaElement.mediaKeys property returns a MediaKeys object, that is a set of keys that the element can use for decryption of media data during playback.",
            "support": {
                "chrome": {
                    "version_added": "42"
                },
                "chrome_android": "mirror",
                "edge": {
                    "version_added": "13"
                },
                "firefox": {
                    "version_added": "38"
                },
                "firefox_android": "mirror",
                "ie": {
                    "version_added": false
                },
                "oculus": "mirror",
                "opera": "mirror",
                "opera_android": "mirror",
                "safari": {
                    "version_added": "12.1"
                },
                "safari_ios": "mirror",
                "samsunginternet_android": "mirror",
                "webview_android": "mirror",
                "edge_blink": {
                    "version_added": "79"
                }
            },
            "title": "HTMLMediaElement: mediaKeys property"
        }
    ],
    "dom-htmlmediaelement-setmediakeys": [
        {
            "engines": [
                "blink",
                "gecko",
                "webkit"
            ],
            "filename": "api/HTMLMediaElement.json",
            "name": "setMediaKeys",
            "slug": "API/HTMLMediaElement/setMediaKeys",
            "mdn_url": "https://developer.mozilla.org/en-US/docs/Web/API/HTMLMediaElement/setMediaKeys",
            "summary": "The setMediaKeys() method of the HTMLMediaElement interface returns a Promise that resolves to the passed MediaKeys, which are those used to decrypt media during playback.",
            "support": {
                "chrome": {
                    "version_added": "42"
                },
                "chrome_android": "mirror",
                "edge": {
                    "version_added": "13"
                },
                "firefox": {
                    "version_added": "38"
                },
                "firefox_android": "mirror",
                "ie": {
                    "version_added": false
                },
                "oculus": "mirror",
                "opera": "mirror",
                "opera_android": "mirror",
                "safari": {
                    "version_added": "12.1"
                },
                "safari_ios": "mirror",
                "samsunginternet_android": "mirror",
                "webview_android": "mirror",
                "edge_blink": {
                    "version_added": "79"
                }
            },
            "title": "HTMLMediaElement: setMediaKeys() method"
        }
    ],
    "dom-mediaencryptedevent": [
        {
            "engines": [
                "blink",
                "gecko",
                "webkit"
            ],
            "filename": "api/MediaEncryptedEvent.json",
            "name": "MediaEncryptedEvent",
            "slug": "API/MediaEncryptedEvent/MediaEncryptedEvent",
            "mdn_url": "https://developer.mozilla.org/en-US/docs/Web/API/MediaEncryptedEvent/MediaEncryptedEvent",
            "summary": "The MediaEncryptedEvent constructor creates a new MediaEncryptedEvent object.",
            "support": {
                "chrome": {
                    "version_added": "42"
                },
                "chrome_android": "mirror",
                "edge": {
                    "version_added": "13"
                },
                "firefox": {
                    "version_added": "38"
                },
                "firefox_android": "mirror",
                "ie": {
                    "version_added": false
                },
                "oculus": "mirror",
                "opera": "mirror",
                "opera_android": "mirror",
                "safari": {
                    "version_added": "12.1"
                },
                "safari_ios": "mirror",
                "samsunginternet_android": "mirror",
                "webview_android": {
                    "version_added": "43"
                },
                "edge_blink": {
                    "version_added": "79"
                }
            },
            "title": "MediaEncryptedEvent: MediaEncryptedEvent() constructor"
        }
    ],
    "dom-mediaencryptedevent-initdata": [
        {
            "engines": [
                "blink",
                "gecko",
                "webkit"
            ],
            "filename": "api/MediaEncryptedEvent.json",
            "name": "initData",
            "slug": "API/MediaEncryptedEvent/initData",
            "mdn_url": "https://developer.mozilla.org/en-US/docs/Web/API/MediaEncryptedEvent/initData",
            "summary": "The read-only initData property of the MediaKeyMessageEvent returns the initialization data contained in this event, if any.",
            "support": {
                "chrome": {
                    "version_added": "42"
                },
                "chrome_android": "mirror",
                "edge": {
                    "version_added": "13"
                },
                "firefox": {
                    "version_added": "38"
                },
                "firefox_android": "mirror",
                "ie": {
                    "version_added": false
                },
                "oculus": "mirror",
                "opera": "mirror",
                "opera_android": "mirror",
                "safari": {
                    "version_added": "12.1"
                },
                "safari_ios": "mirror",
                "samsunginternet_android": "mirror",
                "webview_android": {
                    "version_added": "43"
                },
                "edge_blink": {
                    "version_added": "79"
                }
            },
            "title": "MediaEncryptedEvent: initData property"
        }
    ],
    "dom-mediaencryptedevent-initdatatype": [
        {
            "engines": [
                "blink",
                "gecko",
                "webkit"
            ],
            "filename": "api/MediaEncryptedEvent.json",
            "name": "initDataType",
            "slug": "API/MediaEncryptedEvent/initDataType",
            "mdn_url": "https://developer.mozilla.org/en-US/docs/Web/API/MediaEncryptedEvent/initDataType",
            "summary": "The read-only initDataType property of the MediaKeyMessageEvent returns a case-sensitive string describing the type of the initialization data associated with this event.",
            "support": {
                "chrome": {
                    "version_added": "42"
                },
                "chrome_android": "mirror",
                "edge": {
                    "version_added": "13"
                },
                "firefox": {
                    "version_added": "38"
                },
                "firefox_android": "mirror",
                "ie": {
                    "version_added": false
                },
                "oculus": "mirror",
                "opera": "mirror",
                "opera_android": "mirror",
                "safari": {
                    "version_added": "12.1"
                },
                "safari_ios": "mirror",
                "samsunginternet_android": "mirror",
                "webview_android": {
                    "version_added": "43"
                },
                "edge_blink": {
                    "version_added": "79"
                }
            },
            "title": "MediaEncryptedEvent: initDataType property"
        }
    ],
    "mediaencryptedevent": [
        {
            "engines": [
                "blink",
                "gecko",
                "webkit"
            ],
            "filename": "api/MediaEncryptedEvent.json",
            "name": "MediaEncryptedEvent",
            "slug": "API/MediaEncryptedEvent",
            "mdn_url": "https://developer.mozilla.org/en-US/docs/Web/API/MediaEncryptedEvent",
            "summary": "The MediaEncryptedEvent interface of the Encrypted Media Extensions API contains the information associated with an encrypted event sent to a HTMLMediaElement when some initialization data is encountered in the media.",
            "support": {
                "chrome": {
                    "version_added": "42"
                },
                "chrome_android": "mirror",
                "edge": {
                    "version_added": "13"
                },
                "firefox": {
                    "version_added": "38"
                },
                "firefox_android": "mirror",
                "ie": {
                    "version_added": false
                },
                "oculus": "mirror",
                "opera": "mirror",
                "opera_android": "mirror",
                "safari": {
                    "version_added": "12.1"
                },
                "safari_ios": "mirror",
                "samsunginternet_android": "mirror",
                "webview_android": {
                    "version_added": "43"
                },
                "edge_blink": {
                    "version_added": "79"
                }
            },
            "title": "MediaEncryptedEvent"
        }
    ],
    "constructors": [
        {
            "engines": [
                "blink",
                "gecko",
                "webkit"
            ],
            "filename": "api/MediaKeyMessageEvent.json",
            "name": "MediaKeyMessageEvent",
            "slug": "API/MediaKeyMessageEvent/MediaKeyMessageEvent",
            "mdn_url": "https://developer.mozilla.org/en-US/docs/Web/API/MediaKeyMessageEvent/MediaKeyMessageEvent",
            "summary": "The MediaKeyMessageEvent constructor creates a new MediaKeyMessageEvent object.",
            "support": {
                "chrome": {
                    "version_added": "42"
                },
                "chrome_android": "mirror",
                "edge": {
                    "version_added": "13"
                },
                "firefox": {
                    "version_added": "38"
                },
                "firefox_android": "mirror",
                "ie": {
                    "version_added": false
                },
                "oculus": "mirror",
                "opera": "mirror",
                "opera_android": "mirror",
                "safari": {
                    "version_added": "12.1"
                },
                "safari_ios": "mirror",
                "samsunginternet_android": "mirror",
                "webview_android": "mirror",
                "edge_blink": {
                    "version_added": "79"
                }
            },
            "title": "MediaKeyMessageEvent: MediaKeyMessageEvent() constructor"
        }
    ],
    "dom-mediakeymessageevent-message": [
        {
            "engines": [
                "blink",
                "gecko",
                "webkit"
            ],
            "filename": "api/MediaKeyMessageEvent.json",
            "name": "message",
            "slug": "API/MediaKeyMessageEvent/message",
            "mdn_url": "https://developer.mozilla.org/en-US/docs/Web/API/MediaKeyMessageEvent/message",
            "summary": "The MediaKeyMessageEvent.message read-only property returns an ArrayBuffer with a message from the content decryption module. Messages vary by key system.",
            "support": {
                "chrome": {
                    "version_added": "42"
                },
                "chrome_android": "mirror",
                "edge": {
                    "version_added": "13"
                },
                "firefox": {
                    "version_added": "38"
                },
                "firefox_android": "mirror",
                "ie": {
                    "version_added": false
                },
                "oculus": "mirror",
                "opera": "mirror",
                "opera_android": "mirror",
                "safari": {
                    "version_added": "12.1"
                },
                "safari_ios": "mirror",
                "samsunginternet_android": "mirror",
                "webview_android": "mirror",
                "edge_blink": {
                    "version_added": "79"
                }
            },
            "title": "MediaKeyMessageEvent: message property"
        }
    ],
    "dom-mediakeymessageevent-messagetype": [
        {
            "engines": [
                "blink",
                "gecko",
                "webkit"
            ],
            "filename": "api/MediaKeyMessageEvent.json",
            "name": "messageType",
            "slug": "API/MediaKeyMessageEvent/messageType",
            "mdn_url": "https://developer.mozilla.org/en-US/docs/Web/API/MediaKeyMessageEvent/messageType",
            "summary": "The MediaKeyMessageEvent.messageType read-only property indicates the type of message. It may be one of license-request, license-renewal, license-release, or individualization-request.",
            "support": {
                "chrome": {
                    "version_added": "42"
                },
                "chrome_android": "mirror",
                "edge": {
                    "version_added": "13"
                },
                "firefox": {
                    "version_added": "38"
                },
                "firefox_android": "mirror",
                "ie": {
                    "version_added": false
                },
                "oculus": "mirror",
                "opera": "mirror",
                "opera_android": "mirror",
                "safari": {
                    "version_added": "12.1"
                },
                "safari_ios": "mirror",
                "samsunginternet_android": "mirror",
                "webview_android": "mirror",
                "edge_blink": {
                    "version_added": "79"
                }
            },
            "title": "MediaKeyMessageEvent: messageType property"
        }
    ],
    "mediakeymessageevent": [
        {
            "engines": [
                "blink",
                "gecko",
                "webkit"
            ],
            "filename": "api/MediaKeyMessageEvent.json",
            "name": "MediaKeyMessageEvent",
            "slug": "API/MediaKeyMessageEvent",
            "mdn_url": "https://developer.mozilla.org/en-US/docs/Web/API/MediaKeyMessageEvent",
            "summary": "The MediaKeyMessageEvent interface of the Encrypted Media Extensions API contains the content and related data when the content decryption module generates a message for the session.",
            "support": {
                "chrome": {
                    "version_added": "42"
                },
                "chrome_android": "mirror",
                "edge": {
                    "version_added": "13"
                },
                "firefox": {
                    "version_added": "38"
                },
                "firefox_android": "mirror",
                "ie": {
                    "version_added": false
                },
                "oculus": "mirror",
                "opera": "mirror",
                "opera_android": "mirror",
                "safari": {
                    "version_added": "12.1"
                },
                "safari_ios": "mirror",
                "samsunginternet_android": "mirror",
                "webview_android": "mirror",
                "edge_blink": {
                    "version_added": "79"
                }
            },
            "title": "MediaKeyMessageEvent"
        }
    ],
    "dom-mediakeysession-close": [
        {
            "engines": [
                "blink",
                "gecko",
                "webkit"
            ],
            "filename": "api/MediaKeySession.json",
            "name": "close",
            "slug": "API/MediaKeySession/close",
            "mdn_url": "https://developer.mozilla.org/en-US/docs/Web/API/MediaKeySession/close",
            "summary": "The MediaKeySession.close() method notifies that the current media session is no longer needed, and that the content decryption module should release any resources associated with this object and close it. Then, it returns a Promise.",
            "support": {
                "chrome": {
                    "version_added": "42"
                },
                "chrome_android": "mirror",
                "edge": {
                    "version_added": "13"
                },
                "firefox": {
                    "version_added": "38"
                },
                "firefox_android": "mirror",
                "ie": {
                    "version_added": false
                },
                "oculus": "mirror",
                "opera": "mirror",
                "opera_android": "mirror",
                "safari": {
                    "version_added": "12.1"
                },
                "safari_ios": "mirror",
                "samsunginternet_android": "mirror",
                "webview_android": {
                    "version_added": "43"
                },
                "edge_blink": {
                    "version_added": "79"
                }
            },
            "title": "MediaKeySession: close() method"
        }
    ],
    "dom-mediakeysession-closed": [
        {
            "engines": [
                "blink",
                "gecko",
                "webkit"
            ],
            "filename": "api/MediaKeySession.json",
            "name": "closed",
            "slug": "API/MediaKeySession/closed",
            "mdn_url": "https://developer.mozilla.org/en-US/docs/Web/API/MediaKeySession/closed",
            "summary": "The MediaKeySession.closed read-only property returns a Promise signaling when a MediaKeySession closes. This promise can only be fulfilled and is never rejected. Closing a session means that licenses and keys associated with it are no longer valid for decrypting media data.",
            "support": {
                "chrome": {
                    "version_added": "42"
                },
                "chrome_android": "mirror",
                "edge": {
                    "version_added": "13"
                },
                "firefox": {
                    "version_added": "38"
                },
                "firefox_android": "mirror",
                "ie": {
                    "version_added": false
                },
                "oculus": "mirror",
                "opera": "mirror",
                "opera_android": "mirror",
                "safari": {
                    "version_added": "12.1"
                },
                "safari_ios": "mirror",
                "samsunginternet_android": "mirror",
                "webview_android": {
                    "version_added": "43"
                },
                "edge_blink": {
                    "version_added": "79"
                }
            },
            "title": "MediaKeySession: closed property"
        }
    ],
    "dom-mediakeysession-expiration": [
        {
            "engines": [
                "blink",
                "gecko",
                "webkit"
            ],
            "filename": "api/MediaKeySession.json",
            "name": "expiration",
            "slug": "API/MediaKeySession/expiration",
            "mdn_url": "https://developer.mozilla.org/en-US/docs/Web/API/MediaKeySession/expiration",
            "summary": "The MediaKeySession.expiration read-only property returns the time after which the keys in the current session can no longer be used to decrypt media data, or NaN if no such time exists. This value is determined by the CDM and measured in milliseconds since January 1, 1970, UTC. This value may change during a session lifetime, such as when an action triggers the start of a window.",
            "support": {
                "chrome": {
                    "version_added": "42"
                },
                "chrome_android": "mirror",
                "edge": {
                    "version_added": "13"
                },
                "firefox": {
                    "version_added": "38"
                },
                "firefox_android": "mirror",
                "ie": {
                    "version_added": false
                },
                "oculus": "mirror",
                "opera": "mirror",
                "opera_android": "mirror",
                "safari": {
                    "version_added": "12.1"
                },
                "safari_ios": "mirror",
                "samsunginternet_android": "mirror",
                "webview_android": {
                    "version_added": "43"
                },
                "edge_blink": {
                    "version_added": "79"
                }
            },
            "title": "MediaKeySession: expiration property"
        }
    ],
    "dom-mediakeysession-generaterequest": [
        {
            "engines": [
                "blink",
                "gecko",
                "webkit"
            ],
            "filename": "api/MediaKeySession.json",
            "name": "generateRequest",
            "slug": "API/MediaKeySession/generateRequest",
            "mdn_url": "https://developer.mozilla.org/en-US/docs/Web/API/MediaKeySession/generateRequest",
            "summary": "The MediaKeySession.generateRequest() method returns a Promise after generating a media request based on initialization data.",
            "support": {
                "chrome": {
                    "version_added": "42"
                },
                "chrome_android": "mirror",
                "edge": {
                    "version_added": "13"
                },
                "firefox": {
                    "version_added": "38"
                },
                "firefox_android": "mirror",
                "ie": {
                    "version_added": false
                },
                "oculus": "mirror",
                "opera": "mirror",
                "opera_android": "mirror",
                "safari": {
                    "version_added": "12.1"
                },
                "safari_ios": "mirror",
                "samsunginternet_android": "mirror",
                "webview_android": {
                    "version_added": "43"
                },
                "edge_blink": {
                    "version_added": "79"
                }
            },
            "title": "MediaKeySession: generateRequest() method"
        }
    ],
    "dom-mediakeysession-keystatuses": [
        {
            "engines": [
                "blink",
                "gecko",
                "webkit"
            ],
            "filename": "api/MediaKeySession.json",
            "name": "keyStatuses",
            "slug": "API/MediaKeySession/keyStatuses",
            "mdn_url": "https://developer.mozilla.org/en-US/docs/Web/API/MediaKeySession/keyStatuses",
            "summary": "The MediaKeySession.keyStatuses read-only property returns a reference to a read-only MediaKeyStatusMap of the current session's keys and their statuses.",
            "support": {
                "chrome": {
                    "version_added": "42"
                },
                "chrome_android": "mirror",
                "edge": {
                    "version_added": "13"
                },
                "firefox": {
                    "version_added": "38"
                },
                "firefox_android": "mirror",
                "ie": {
                    "version_added": false
                },
                "oculus": "mirror",
                "opera": "mirror",
                "opera_android": "mirror",
                "safari": {
                    "version_added": "12.1"
                },
                "safari_ios": "mirror",
                "samsunginternet_android": "mirror",
                "webview_android": {
                    "version_added": "43"
                },
                "edge_blink": {
                    "version_added": "79"
                }
            },
            "title": "MediaKeySession: keyStatuses property"
        }
    ],
    "dom-mediakeysession-onkeystatuseschange": [
        {
            "engines": [
                "blink",
                "gecko",
                "webkit"
            ],
            "filename": "api/MediaKeySession.json",
            "name": "keystatuseschange_event",
            "slug": "API/MediaKeySession/keystatuseschange_event",
            "mdn_url": "https://developer.mozilla.org/en-US/docs/Web/API/MediaKeySession/keystatuseschange_event",
            "summary": "The keystatuseschange event of the MediaKeySession API fires when there has been a change in the keys or their statuses within a session.",
            "support": {
                "chrome": [
                    {
                        "version_added": "55"
                    },
                    {
                        "version_added": "42",
                        "version_removed": "55",
                        "partial_implementation": true,
                        "notes": "The <code>onkeystatuseschange</code> event handler property is not supported."
                    }
                ],
                "chrome_android": "mirror",
                "edge": "mirror",
                "firefox": {
                    "version_added": "52"
                },
                "firefox_android": "mirror",
                "ie": {
                    "version_added": false
                },
                "oculus": "mirror",
                "opera": "mirror",
                "opera_android": "mirror",
                "safari": {
                    "version_added": "12.1"
                },
                "safari_ios": "mirror",
                "samsunginternet_android": "mirror",
                "webview_android": [
                    {
                        "version_added": "55"
                    },
                    {
                        "version_added": "43",
                        "version_removed": "55",
                        "partial_implementation": true,
                        "notes": "The <code>onkeystatuseschange</code> event handler property is not supported."
                    }
                ],
                "edge_blink": [
                    {
                        "version_added": "79"
                    },
                    {
                        "version_added": false,
                        "version_removed": "55",
                        "partial_implementation": true,
                        "notes": "The <code>onkeystatuseschange</code> event handler property is not supported."
                    }
                ]
            },
            "title": "MediaKeySession: keystatuseschange event"
        }
    ],
    "dom-mediakeysession-load": [
        {
            "engines": [
                "blink",
                "gecko",
                "webkit"
            ],
            "filename": "api/MediaKeySession.json",
            "name": "load",
            "slug": "API/MediaKeySession/load",
            "mdn_url": "https://developer.mozilla.org/en-US/docs/Web/API/MediaKeySession/load",
            "summary": "The MediaKeySession.load() method returns a Promise that resolves to a boolean value after loading data for a specified session object.",
            "support": {
                "chrome": {
                    "version_added": "42"
                },
                "chrome_android": "mirror",
                "edge": {
                    "version_added": "13"
                },
                "firefox": {
                    "version_added": "38"
                },
                "firefox_android": "mirror",
                "ie": {
                    "version_added": false
                },
                "oculus": "mirror",
                "opera": "mirror",
                "opera_android": "mirror",
                "safari": {
                    "version_added": "12.1"
                },
                "safari_ios": "mirror",
                "samsunginternet_android": "mirror",
                "webview_android": {
                    "version_added": "43"
                },
                "edge_blink": {
                    "version_added": "79"
                }
            },
            "title": "MediaKeySession: load() method"
        }
    ],
    "dom-mediakeysession-onmessage": [
        {
            "engines": [
                "blink",
                "gecko",
                "webkit"
            ],
            "filename": "api/MediaKeySession.json",
            "name": "message_event",
            "slug": "API/MediaKeySession/message_event",
            "mdn_url": "https://developer.mozilla.org/en-US/docs/Web/API/MediaKeySession/message_event",
            "summary": "The message event of the MediaKeySession interface fires when a message is generated by the content decryption module.",
            "support": {
                "chrome": [
                    {
                        "version_added": "55"
                    },
                    {
                        "version_added": "42",
                        "version_removed": "55",
                        "partial_implementation": true,
                        "notes": "The <code>onmessage</code> event handler property is not supported."
                    }
                ],
                "chrome_android": "mirror",
                "edge": "mirror",
                "firefox": {
                    "version_added": "52"
                },
                "firefox_android": "mirror",
                "ie": {
                    "version_added": false
                },
                "oculus": "mirror",
                "opera": "mirror",
                "opera_android": "mirror",
                "safari": {
                    "version_added": "12.1"
                },
                "safari_ios": "mirror",
                "samsunginternet_android": "mirror",
                "webview_android": [
                    {
                        "version_added": "55"
                    },
                    {
                        "version_added": "43",
                        "version_removed": "55",
                        "partial_implementation": true,
                        "notes": "The <code>onmessage</code> event handler property is not supported."
                    }
                ],
                "edge_blink": [
                    {
                        "version_added": "79"
                    },
                    {
                        "version_added": false,
                        "version_removed": "55",
                        "partial_implementation": true,
                        "notes": "The <code>onmessage</code> event handler property is not supported."
                    }
                ]
            },
            "title": "MediaKeySession: message event"
        }
    ],
    "dom-mediakeysession-remove": [
        {
            "engines": [
                "blink",
                "gecko",
                "webkit"
            ],
            "filename": "api/MediaKeySession.json",
            "name": "remove",
            "slug": "API/MediaKeySession/remove",
            "mdn_url": "https://developer.mozilla.org/en-US/docs/Web/API/MediaKeySession/remove",
            "summary": "The MediaKeySession.remove() method returns a Promise after removing any session data associated with the current object.",
            "support": {
                "chrome": {
                    "version_added": "42"
                },
                "chrome_android": "mirror",
                "edge": {
                    "version_added": "13"
                },
                "firefox": {
                    "version_added": "38"
                },
                "firefox_android": "mirror",
                "ie": {
                    "version_added": false
                },
                "oculus": "mirror",
                "opera": "mirror",
                "opera_android": "mirror",
                "safari": {
                    "version_added": "12.1"
                },
                "safari_ios": "mirror",
                "samsunginternet_android": "mirror",
                "webview_android": {
                    "version_added": "43"
                },
                "edge_blink": {
                    "version_added": "79"
                }
            },
            "title": "MediaKeySession: remove() method"
        }
    ],
    "dom-mediakeysession-sessionid": [
        {
            "engines": [
                "blink",
                "gecko",
                "webkit"
            ],
            "filename": "api/MediaKeySession.json",
            "name": "sessionId",
            "slug": "API/MediaKeySession/sessionId",
            "mdn_url": "https://developer.mozilla.org/en-US/docs/Web/API/MediaKeySession/sessionId",
            "summary": "The MediaKeySession.sessionId is a read-only property that contains a unique string generated by the content decryption module (CDM) for the current media object and its associated keys or licenses.",
            "support": {
                "chrome": {
                    "version_added": "42"
                },
                "chrome_android": "mirror",
                "edge": {
                    "version_added": "13"
                },
                "firefox": {
                    "version_added": "38"
                },
                "firefox_android": "mirror",
                "ie": {
                    "version_added": false
                },
                "oculus": "mirror",
                "opera": "mirror",
                "opera_android": "mirror",
                "safari": {
                    "version_added": "12.1"
                },
                "safari_ios": "mirror",
                "samsunginternet_android": "mirror",
                "webview_android": {
                    "version_added": "43"
                },
                "edge_blink": {
                    "version_added": "79"
                }
            },
            "title": "MediaKeySession: sessionId property"
        }
    ],
    "dom-mediakeysession-update": [
        {
            "engines": [
                "blink",
                "gecko",
                "webkit"
            ],
            "filename": "api/MediaKeySession.json",
            "name": "update",
            "slug": "API/MediaKeySession/update",
            "mdn_url": "https://developer.mozilla.org/en-US/docs/Web/API/MediaKeySession/update",
            "summary": "The MediaKeySession.update() method loads messages and licenses to the CDM, and then returns a Promise .",
            "support": {
                "chrome": {
                    "version_added": "42"
                },
                "chrome_android": "mirror",
                "edge": {
                    "version_added": "13"
                },
                "firefox": {
                    "version_added": "38"
                },
                "firefox_android": "mirror",
                "ie": {
                    "version_added": false
                },
                "oculus": "mirror",
                "opera": "mirror",
                "opera_android": "mirror",
                "safari": {
                    "version_added": "12.1"
                },
                "safari_ios": "mirror",
                "samsunginternet_android": "mirror",
                "webview_android": {
                    "version_added": "43"
                },
                "edge_blink": {
                    "version_added": "79"
                }
            },
            "title": "MediaKeySession: update() method"
        }
    ],
    "mediakeysession-interface": [
        {
            "engines": [
                "blink",
                "gecko",
                "webkit"
            ],
            "filename": "api/MediaKeySession.json",
            "name": "MediaKeySession",
            "slug": "API/MediaKeySession",
            "mdn_url": "https://developer.mozilla.org/en-US/docs/Web/API/MediaKeySession",
            "summary": "The MediaKeySession interface of the Encrypted Media Extensions API represents a context for message exchange with a content decryption module (CDM).",
            "support": {
                "chrome": {
                    "version_added": "42"
                },
                "chrome_android": "mirror",
                "edge": {
                    "version_added": "13"
                },
                "firefox": {
                    "version_added": "38"
                },
                "firefox_android": "mirror",
                "ie": {
                    "version_added": false
                },
                "oculus": "mirror",
                "opera": "mirror",
                "opera_android": "mirror",
                "safari": {
                    "version_added": "12.1"
                },
                "safari_ios": "mirror",
                "samsunginternet_android": "mirror",
                "webview_android": {
                    "version_added": "43"
                },
                "edge_blink": {
                    "version_added": "79"
                }
            },
            "title": "MediaKeySession"
        }
    ],
    "dom-mediakeystatusmap-get": [
        {
            "engines": [
                "blink",
                "gecko",
                "webkit"
            ],
            "filename": "api/MediaKeyStatusMap.json",
            "name": "get",
            "slug": "API/MediaKeyStatusMap/get",
            "mdn_url": "https://developer.mozilla.org/en-US/docs/Web/API/MediaKeyStatusMap/get",
            "summary": "The get property of the MediaKeyStatusMap interface returns the value associated with the given key, or undefined if there is none.",
            "support": {
                "chrome": {
                    "version_added": "42"
                },
                "chrome_android": "mirror",
                "edge": {
                    "version_added": "13"
                },
                "firefox": {
                    "version_added": "45"
                },
                "firefox_android": "mirror",
                "ie": {
                    "version_added": false
                },
                "oculus": "mirror",
                "opera": "mirror",
                "opera_android": "mirror",
                "safari": {
                    "version_added": "12.1"
                },
                "safari_ios": "mirror",
                "samsunginternet_android": "mirror",
                "webview_android": {
                    "version_added": "43"
                },
                "edge_blink": {
                    "version_added": "79"
                }
            },
            "title": "MediaKeyStatusMap: get() method"
        }
    ],
    "dom-mediakeystatusmap-has": [
        {
            "engines": [
                "blink",
                "gecko",
                "webkit"
            ],
            "filename": "api/MediaKeyStatusMap.json",
            "name": "has",
            "slug": "API/MediaKeyStatusMap/has",
            "mdn_url": "https://developer.mozilla.org/en-US/docs/Web/API/MediaKeyStatusMap/has",
            "summary": "The has property of the MediaKeyStatusMap interface returns a Boolean, asserting whether a value has been associated with the given key.",
            "support": {
                "chrome": {
                    "version_added": "42"
                },
                "chrome_android": "mirror",
                "edge": {
                    "version_added": "13"
                },
                "firefox": {
                    "version_added": "45"
                },
                "firefox_android": "mirror",
                "ie": {
                    "version_added": false
                },
                "oculus": "mirror",
                "opera": "mirror",
                "opera_android": "mirror",
                "safari": {
                    "version_added": "12.1"
                },
                "safari_ios": "mirror",
                "samsunginternet_android": "mirror",
                "webview_android": {
                    "version_added": "43"
                },
                "edge_blink": {
                    "version_added": "79"
                }
            },
            "title": "MediaKeyStatusMap: has() method"
        }
    ],
    "dom-mediakeystatusmap-size": [
        {
            "engines": [
                "blink",
                "gecko",
                "webkit"
            ],
            "filename": "api/MediaKeyStatusMap.json",
            "name": "size",
            "slug": "API/MediaKeyStatusMap/size",
            "mdn_url": "https://developer.mozilla.org/en-US/docs/Web/API/MediaKeyStatusMap/size",
            "summary": "The size read-only property of the MediaKeyStatusMap interface returns the number of key/value paIrs in the status map.",
            "support": {
                "chrome": {
                    "version_added": "42"
                },
                "chrome_android": "mirror",
                "edge": {
                    "version_added": "13"
                },
                "firefox": {
                    "version_added": "38"
                },
                "firefox_android": "mirror",
                "ie": {
                    "version_added": false
                },
                "oculus": "mirror",
                "opera": "mirror",
                "opera_android": "mirror",
                "safari": {
                    "version_added": "12.1"
                },
                "safari_ios": "mirror",
                "samsunginternet_android": "mirror",
                "webview_android": {
                    "version_added": "43"
                },
                "edge_blink": {
                    "version_added": "79"
                }
            },
            "title": "MediaKeyStatusMap: size property"
        }
    ],
    "mediakeystatusmap-interface": [
        {
            "engines": [
                "blink",
                "gecko",
                "webkit"
            ],
            "filename": "api/MediaKeyStatusMap.json",
            "name": "MediaKeyStatusMap",
            "slug": "API/MediaKeyStatusMap",
            "mdn_url": "https://developer.mozilla.org/en-US/docs/Web/API/MediaKeyStatusMap",
            "summary": "The MediaKeyStatusMap interface of the Encrypted Media Extensions API is a read-only map of media key statuses by key IDs.",
            "support": {
                "chrome": {
                    "version_added": "42"
                },
                "chrome_android": "mirror",
                "edge": {
                    "version_added": "13"
                },
                "firefox": {
                    "version_added": "38"
                },
                "firefox_android": "mirror",
                "ie": {
                    "version_added": false
                },
                "oculus": "mirror",
                "opera": "mirror",
                "opera_android": "mirror",
                "safari": {
                    "version_added": "12.1"
                },
                "safari_ios": "mirror",
                "samsunginternet_android": "mirror",
                "webview_android": {
                    "version_added": "43"
                },
                "edge_blink": {
                    "version_added": "79"
                }
            },
            "title": "MediaKeyStatusMap"
        }
    ],
    "dom-mediakeysystemaccess-createmediakeys": [
        {
            "engines": [
                "blink",
                "gecko",
                "webkit"
            ],
            "filename": "api/MediaKeySystemAccess.json",
            "name": "createMediaKeys",
            "slug": "API/MediaKeySystemAccess/createMediaKeys",
            "mdn_url": "https://developer.mozilla.org/en-US/docs/Web/API/MediaKeySystemAccess/createMediaKeys",
            "summary": "The MediaKeySystemAccess.createMediaKeys() method returns a Promise that resolves to a new MediaKeys object.",
            "support": {
                "chrome": {
                    "version_added": "42"
                },
                "chrome_android": "mirror",
                "edge": {
                    "version_added": "13"
                },
                "firefox": {
                    "version_added": "38"
                },
                "firefox_android": "mirror",
                "ie": {
                    "version_added": false
                },
                "oculus": "mirror",
                "opera": "mirror",
                "opera_android": "mirror",
                "safari": {
                    "version_added": "12.1"
                },
                "safari_ios": "mirror",
                "samsunginternet_android": "mirror",
                "webview_android": {
                    "version_added": "43"
                },
                "edge_blink": {
                    "version_added": "79"
                }
            },
            "title": "MediaKeySystemAccess: createMediaKeys() method"
        }
    ],
    "dom-mediakeysystemaccess-getconfiguration": [
        {
            "engines": [
                "blink",
                "gecko",
                "webkit"
            ],
            "filename": "api/MediaKeySystemAccess.json",
            "name": "getConfiguration",
            "slug": "API/MediaKeySystemAccess/getConfiguration",
            "mdn_url": "https://developer.mozilla.org/en-US/docs/Web/API/MediaKeySystemAccess/getConfiguration",
            "summary": "The MediaKeySystemAccess.getConfiguration() method returns an object with the supported combination of the following configuration options:",
            "support": {
                "chrome": {
                    "version_added": "42"
                },
                "chrome_android": "mirror",
                "edge": {
                    "version_added": "13"
                },
                "firefox": {
                    "version_added": "43",
                    "notes": "Before Firefox 50, the returned object has neither a <code>distinctiveIdentifier</code> nor a <code>persistentState</code> property."
                },
                "firefox_android": "mirror",
                "ie": {
                    "version_added": false
                },
                "oculus": "mirror",
                "opera": "mirror",
                "opera_android": "mirror",
                "safari": {
                    "version_added": "12.1"
                },
                "safari_ios": "mirror",
                "samsunginternet_android": "mirror",
                "webview_android": {
                    "version_added": "43"
                },
                "edge_blink": {
                    "version_added": "79"
                }
            },
            "title": "MediaKeySystemAccess: getConfiguration() method"
        }
    ],
    "dom-mediakeysystemaccess-keysystem": [
        {
            "engines": [
                "blink",
                "gecko",
                "webkit"
            ],
            "filename": "api/MediaKeySystemAccess.json",
            "name": "keySystem",
            "slug": "API/MediaKeySystemAccess/keySystem",
            "mdn_url": "https://developer.mozilla.org/en-US/docs/Web/API/MediaKeySystemAccess/keySystem",
            "summary": "The MediaKeySystemAccess.keySystem read-only property returns a string identifying the key system being used.",
            "support": {
                "chrome": {
                    "version_added": "42"
                },
                "chrome_android": "mirror",
                "edge": {
                    "version_added": "13"
                },
                "firefox": {
                    "version_added": "38"
                },
                "firefox_android": "mirror",
                "ie": {
                    "version_added": false
                },
                "oculus": "mirror",
                "opera": "mirror",
                "opera_android": "mirror",
                "safari": {
                    "version_added": "12.1"
                },
                "safari_ios": "mirror",
                "samsunginternet_android": "mirror",
                "webview_android": {
                    "version_added": "43"
                },
                "edge_blink": {
                    "version_added": "79"
                }
            },
            "title": "MediaKeySystemAccess: keySystem property"
        }
    ],
    "mediakeysystemaccess-interface": [
        {
            "engines": [
                "blink",
                "gecko",
                "webkit"
            ],
            "filename": "api/MediaKeySystemAccess.json",
            "name": "MediaKeySystemAccess",
            "slug": "API/MediaKeySystemAccess",
            "mdn_url": "https://developer.mozilla.org/en-US/docs/Web/API/MediaKeySystemAccess",
            "summary": "The MediaKeySystemAccess interface of the Encrypted Media Extensions API provides access to a Key System for decryption and/or a content protection provider. You can request an instance of this object using the Navigator.requestMediaKeySystemAccess() method.",
            "support": {
                "chrome": {
                    "version_added": "42"
                },
                "chrome_android": "mirror",
                "edge": {
                    "version_added": "13"
                },
                "firefox": {
                    "version_added": "38"
                },
                "firefox_android": "mirror",
                "ie": {
                    "version_added": false
                },
                "oculus": "mirror",
                "opera": "mirror",
                "opera_android": "mirror",
                "safari": {
                    "version_added": "12.1"
                },
                "safari_ios": "mirror",
                "samsunginternet_android": "mirror",
                "webview_android": {
                    "version_added": "43"
                },
                "edge_blink": {
                    "version_added": "79"
                }
            },
            "title": "MediaKeySystemAccess"
        }
    ],
    "dom-mediakeys-createsession": [
        {
            "engines": [
                "blink",
                "gecko",
                "webkit"
            ],
            "filename": "api/MediaKeys.json",
            "name": "createSession",
            "slug": "API/MediaKeys/createSession",
            "mdn_url": "https://developer.mozilla.org/en-US/docs/Web/API/MediaKeys/createSession",
            "summary": "The MediaKeys.createSession() method returns a new MediaKeySession object, which represents a context for message exchange with a content decryption module (CDM).",
            "support": {
                "chrome": {
                    "version_added": "42"
                },
                "chrome_android": "mirror",
                "edge": {
                    "version_added": "13"
                },
                "firefox": {
                    "version_added": "38"
                },
                "firefox_android": "mirror",
                "ie": {
                    "version_added": false
                },
                "oculus": "mirror",
                "opera": "mirror",
                "opera_android": "mirror",
                "safari": {
                    "version_added": "12.1"
                },
                "safari_ios": "mirror",
                "samsunginternet_android": "mirror",
                "webview_android": {
                    "version_added": "43"
                },
                "edge_blink": {
                    "version_added": "79"
                }
            },
            "title": "MediaKeys: createSession() method"
        }
    ],
    "dom-mediakeys-setservercertificate": [
        {
            "engines": [
                "blink",
                "gecko",
                "webkit"
            ],
            "filename": "api/MediaKeys.json",
            "name": "setServerCertificate",
            "slug": "API/MediaKeys/setServerCertificate",
            "mdn_url": "https://developer.mozilla.org/en-US/docs/Web/API/MediaKeys/setServerCertificate",
            "summary": "The MediaKeys.setServerCertificate() method provides a server certificate to be used to encrypt messages to the license server.",
            "support": {
                "chrome": {
                    "version_added": "42"
                },
                "chrome_android": "mirror",
                "edge": {
                    "version_added": "13"
                },
                "firefox": {
                    "version_added": "38"
                },
                "firefox_android": "mirror",
                "ie": {
                    "version_added": false
                },
                "oculus": "mirror",
                "opera": "mirror",
                "opera_android": "mirror",
                "safari": {
                    "version_added": "12.1"
                },
                "safari_ios": "mirror",
                "samsunginternet_android": "mirror",
                "webview_android": {
                    "version_added": "43"
                },
                "edge_blink": {
                    "version_added": "79"
                }
            },
            "title": "MediaKeys: setServerCertificate() method"
        }
    ],
    "mediakeys-interface": [
        {
            "engines": [
                "blink",
                "gecko",
                "webkit"
            ],
            "filename": "api/MediaKeys.json",
            "name": "MediaKeys",
            "slug": "API/MediaKeys",
            "mdn_url": "https://developer.mozilla.org/en-US/docs/Web/API/MediaKeys",
            "summary": "The MediaKeys interface of Encrypted Media Extensions API represents a set of keys that an associated HTMLMediaElement can use for decryption of media data during playback.",
            "support": {
                "chrome": {
                    "version_added": "42"
                },
                "chrome_android": "mirror",
                "edge": {
                    "version_added": "13"
                },
                "firefox": {
                    "version_added": "38"
                },
                "firefox_android": "mirror",
                "ie": {
                    "version_added": false
                },
                "oculus": "mirror",
                "opera": "mirror",
                "opera_android": "mirror",
                "safari": {
                    "version_added": "12.1"
                },
                "safari_ios": "mirror",
                "samsunginternet_android": "mirror",
                "webview_android": {
                    "version_added": "43"
                },
                "edge_blink": {
                    "version_added": "79"
                }
            },
            "title": "MediaKeys"
        }
    ],
    "navigator-extension-requestmediakeysystemaccess": [
        {
            "engines": [
                "blink",
                "gecko",
                "webkit"
            ],
            "filename": "api/Navigator.json",
            "name": "requestMediaKeySystemAccess",
            "slug": "API/Navigator/requestMediaKeySystemAccess",
            "mdn_url": "https://developer.mozilla.org/en-US/docs/Web/API/Navigator/requestMediaKeySystemAccess",
            "summary": "The Navigator.requestMediaKeySystemAccess() method returns a Promise which delivers a MediaKeySystemAccess object that can be used to access a particular media key system, which can in turn be used to create keys for decrypting a media stream. This method is part of the Encrypted Media Extensions API, which brings support for encrypted media and DRM-protected video to the web.",
            "support": {
                "chrome": {
                    "version_added": "42",
                    "notes": [
                        "The spec requires that the passed <code>supportedConfigurations</code> option contain at least one of <code>audioCapabilities</code> or <code>videoCapabilities</code>, and that said parameters include a codec string.",
                        "The function does not exist in insecure contexts. This was not enforced until Chrome 58."
                    ]
                },
                "chrome_android": "mirror",
                "edge": {
                    "version_added": "13"
                },
                "firefox": {
                    "version_added": "38",
                    "notes": [
                        "Starting in Firefox 55, if neither <code>audioCapabilities</code> nor <code>videoCapabilities</code> is specified in <code>supportedConfigurations</code>, a warning is output to the web console.",
                        "In addition, starting in Firefox 55, if in <code>supportedConfigurations</code>, either <code>audioCapabilities</code>'s or <code>videoCapabilities</code>'s <code>contentType</code> value doesn't specify a <code>\"codecs\"</code> substring to define allowed codecs within the media wrapper, a warning is output to the web console. See note below table for example and correction.",
                        "In the future, if neither <code>audioCapabilities</code> nor <code>videoCapabilities</code> is specified in the <code>supportedConfigurations</code>, a <code>NotSupported</code> exception will be thrown."
                    ]
                },
                "firefox_android": "mirror",
                "ie": {
                    "version_added": false
                },
                "oculus": "mirror",
                "opera": "mirror",
                "opera_android": {
                    "version_added": "29",
                    "notes": [
                        "The spec requires that the passed <code>supportedConfigurations</code> option contain at least one of <code>audioCapabilities</code> or <code>videoCapabilities</code>, and that said parameters include a codec string.",
                        "The function does not exist in insecure contexts. This was not enforced until Opera 45."
                    ]
                },
                "safari": {
                    "version_added": "12.1"
                },
                "safari_ios": "mirror",
                "samsunginternet_android": "mirror",
                "webview_android": {
                    "version_added": "43",
                    "notes": [
                        "The spec requires that the passed <code>supportedConfigurations</code> option contain at least one of <code>audioCapabilities</code> or <code>videoCapabilities</code>, and that said parameters include a codec string.",
                        "The function does not exist in insecure contexts. This was not enforced until version 58."
                    ]
                },
                "edge_blink": {
                    "version_added": "79",
                    "notes": [
                        "The spec requires that the passed <code>supportedConfigurations</code> option contain at least one of <code>audioCapabilities</code> or <code>videoCapabilities</code>, and that said parameters include a codec string.",
                        "The function does not exist in insecure contexts. This was not enforced until Chrome 58."
                    ]
                }
            },
            "title": "Navigator: requestMediaKeySystemAccess() method"
        }
    ],
    "permissions-policy-integration": [
        {
            "engines": [
                "blink",
                "gecko"
            ],
            "needsflag": [
                "gecko"
            ],
            "filename": "http/headers/Feature-Policy.json",
            "name": "encrypted-media",
            "slug": "HTTP/Headers/Feature-Policy/encrypted-media",
            "mdn_url": "https://developer.mozilla.org/en-US/docs/Web/HTTP/Headers/Feature-Policy/encrypted-media",
            "summary": "The HTTP Permissions-Policy header encrypted-media directive controls whether the current document is allowed to use the Encrypted Media Extensions API (EME).",
            "support": {
                "chrome": {
                    "version_added": "60"
                },
                "chrome_android": "mirror",
                "edge": "mirror",
                "firefox": {
                    "version_added": "74",
                    "flags": [
                        {
                            "type": "preference",
                            "name": "dom.security.featurePolicy.header.enabled",
                            "value_to_set": "true"
                        }
                    ]
                },
                "firefox_android": "mirror",
                "ie": {
                    "version_added": false
                },
                "oculus": "mirror",
                "opera": {
                    "version_added": "48"
                },
                "opera_android": {
                    "version_added": "45"
                },
                "safari": {
                    "version_added": false
                },
                "safari_ios": "mirror",
                "samsunginternet_android": "mirror",
                "webview_android": "mirror",
                "edge_blink": {
                    "version_added": "79"
                }
            },
            "title": "Permissions-Policy: encrypted-media"
        },
        {
            "engines": [
                "blink"
            ],
            "altname": [
                "gecko"
            ],
            "filename": "http/headers/Permissions-Policy.json",
            "name": "encrypted-media",
            "slug": "HTTP/Headers/Permissions-Policy/encrypted-media",
            "mdn_url": "https://developer.mozilla.org/en-US/docs/Web/HTTP/Headers/Permissions-Policy/encrypted-media",
            "summary": "The HTTP Permissions-Policy header encrypted-media directive controls whether the current document is allowed to use the Encrypted Media Extensions API (EME).",
            "support": {
                "chrome": [
                    {
                        "version_added": "88"
                    },
                    {
                        "version_added": "64",
                        "alternative_name": "Feature-Policy"
                    }
                ],
                "chrome_android": "mirror",
                "edge": "mirror",
                "firefox": {
                    "version_added": "74",
                    "alternative_name": "Feature-Policy: encrypted-media",
                    "flags": [
                        {
                            "type": "preference",
                            "name": "dom.security.featurePolicy.header.enabled",
                            "value_to_set": "true"
                        }
                    ]
                },
                "firefox_android": "mirror",
                "ie": {
                    "version_added": false
                },
                "oculus": "mirror",
                "opera": {
                    "version_added": "48"
                },
                "opera_android": {
                    "version_added": "45"
                },
                "safari": {
                    "version_added": false
                },
                "safari_ios": "mirror",
                "samsunginternet_android": "mirror",
                "webview_android": "mirror",
                "edge_blink": [
                    {
                        "version_added": "88"
                    },
                    {
                        "version_added": "79",
                        "alternative_name": "Feature-Policy"
                    }
                ]
            },
            "title": "Permissions-Policy: encrypted-media"
        }
    ]
}
