{
    "dom-identitycredential-token": [
        {
            "engines": [
                "blink"
            ],
            "filename": "api/IdentityCredential.json",
            "name": "token",
            "slug": "API/IdentityCredential/token",
            "mdn_url": "https://developer.mozilla.org/en-US/docs/Web/API/IdentityCredential/token",
            "summary": "The token read-only property of the IdentityCredential interface returns the token used to validate the associated sign-in.",
            "support": {
                "chrome": {
                    "version_added": "108"
                },
                "chrome_android": "mirror",
                "edge": "mirror",
                "firefox": {
                    "version_added": false
                },
                "firefox_android": "mirror",
                "ie": {
                    "version_added": false
                },
                "oculus": "mirror",
                "opera": "mirror",
                "opera_android": "mirror",
                "safari": {
                    "version_added": false
                },
                "safari_ios": "mirror",
                "samsunginternet_android": "mirror",
                "webview_android": "mirror",
                "edge_blink": {
                    "version_added": "108"
                }
            },
            "title": "IdentityCredential: token property"
        }
    ],
    "browser-api-identity-credential-interface": [
        {
            "engines": [
                "blink"
            ],
            "filename": "api/IdentityCredential.json",
            "name": "IdentityCredential",
            "slug": "API/IdentityCredential",
            "mdn_url": "https://developer.mozilla.org/en-US/docs/Web/API/IdentityCredential",
            "summary": "The IdentityCredential interface of the Federated Credential Management API (FedCM) represents a user identity credential arising from a successful federated sign-in.",
            "support": {
                "chrome": {
                    "version_added": "108"
                },
                "chrome_android": "mirror",
                "edge": "mirror",
                "firefox": {
                    "version_added": false
                },
                "firefox_android": "mirror",
                "ie": {
                    "version_added": false
                },
                "oculus": "mirror",
                "opera": "mirror",
                "opera_android": "mirror",
                "safari": {
                    "version_added": false
                },
                "safari_ios": "mirror",
                "samsunginternet_android": "mirror",
                "webview_android": "mirror",
                "edge_blink": {
                    "version_added": "108"
                }
            },
            "title": "IdentityCredential"
        }
    ],
    "permissions-policy-integration": [
        {
            "engines": [
                "blink"
            ],
            "filename": "http/headers/Permissions-Policy.json",
            "name": "identity-credentials-get",
            "slug": "HTTP/Headers/Permissions-Policy/identity-credentials-get",
            "mdn_url": "https://developer.mozilla.org/en-US/docs/Web/HTTP/Headers/Permissions-Policy/identity-credentials-get",
            "summary": "The HTTP Permissions-Policy header identity-credentials-get directive controls whether the current document is allowed to use the Federated Credential Management API (FedCM), and more specifically the navigator.credentials.get() method with an identity option.",
            "support": {
                "chrome": {
                    "version_added": "110"
                },
                "chrome_android": "mirror",
                "edge": "mirror",
                "firefox": {
                    "version_added": false
                },
                "firefox_android": "mirror",
                "ie": {
                    "version_added": false
                },
                "oculus": "mirror",
                "opera": "mirror",
                "opera_android": "mirror",
                "safari": {
                    "version_added": false
                },
                "safari_ios": "mirror",
                "samsunginternet_android": "mirror",
                "webview_android": "mirror",
                "edge_blink": {
                    "version_added": "110"
                }
            },
            "title": "Permissions-Policy: identity-credentials-get"
        }
    ]
}
