{
    "sec-fetch-dest-header": [
        {
            "engines": [
                "blink",
                "gecko",
                "webkit"
            ],
            "filename": "http/headers/Sec-Fetch-Dest.json",
            "name": "Sec-Fetch-Dest",
            "slug": "HTTP/Headers/Sec-Fetch-Dest",
            "mdn_url": "https://developer.mozilla.org/en-US/docs/Web/HTTP/Headers/Sec-Fetch-Dest",
            "summary": "The Sec-Fetch-Dest fetch metadata request header indicates the request's destination. That is the initiator of the original fetch request, which is where (and how) the fetched data will be used.",
            "support": {
                "chrome": {
                    "version_added": "80"
                },
                "chrome_android": "mirror",
                "edge": "mirror",
                "firefox": {
                    "version_added": "90"
                },
                "firefox_android": "mirror",
                "ie": {
                    "version_added": false
                },
                "oculus": "mirror",
                "opera": "mirror",
                "opera_android": {
                    "version_added": false
                },
                "safari": {
                    "version_added": "16.4"
                },
                "safari_ios": "mirror",
                "samsunginternet_android": "mirror",
                "webview_android": "mirror",
                "edge_blink": {
                    "version_added": "80"
                }
            },
            "title": "Sec-Fetch-Dest"
        }
    ],
    "sec-fetch-mode-header": [
        {
            "engines": [
                "blink",
                "gecko",
                "webkit"
            ],
            "filename": "http/headers/Sec-Fetch-Mode.json",
            "name": "Sec-Fetch-Mode",
            "slug": "HTTP/Headers/Sec-Fetch-Mode",
            "mdn_url": "https://developer.mozilla.org/en-US/docs/Web/HTTP/Headers/Sec-Fetch-Mode",
            "summary": "The Sec-Fetch-Mode fetch metadata request header indicates the mode of the request.",
            "support": {
                "chrome": {
                    "version_added": "76"
                },
                "chrome_android": "mirror",
                "edge": "mirror",
                "firefox": {
                    "version_added": "90"
                },
                "firefox_android": "mirror",
                "ie": {
                    "version_added": false
                },
                "oculus": "mirror",
                "opera": "mirror",
                "opera_android": "mirror",
                "safari": {
                    "version_added": "16.4"
                },
                "safari_ios": "mirror",
                "samsunginternet_android": "mirror",
                "webview_android": "mirror",
                "edge_blink": {
                    "version_added": "79"
                }
            },
            "title": "Sec-Fetch-Mode"
        }
    ],
    "sec-fetch-site-header": [
        {
            "engines": [
                "blink",
                "gecko",
                "webkit"
            ],
            "filename": "http/headers/Sec-Fetch-Site.json",
            "name": "Sec-Fetch-Site",
            "slug": "HTTP/Headers/Sec-Fetch-Site",
            "mdn_url": "https://developer.mozilla.org/en-US/docs/Web/HTTP/Headers/Sec-Fetch-Site",
            "summary": "The Sec-Fetch-Site fetch metadata request header indicates the relationship between a request initiator's origin and the origin of the requested resource.",
            "support": {
                "chrome": {
                    "version_added": "76"
                },
                "chrome_android": "mirror",
                "edge": "mirror",
                "firefox": {
                    "version_added": "90"
                },
                "firefox_android": "mirror",
                "ie": {
                    "version_added": false
                },
                "oculus": "mirror",
                "opera": "mirror",
                "opera_android": "mirror",
                "safari": {
                    "version_added": "16.4"
                },
                "safari_ios": "mirror",
                "samsunginternet_android": "mirror",
                "webview_android": "mirror",
                "edge_blink": {
                    "version_added": "79"
                }
            },
            "title": "Sec-Fetch-Site"
        }
    ],
    "sec-fetch-user-header": [
        {
            "engines": [
                "blink",
                "gecko",
                "webkit"
            ],
            "filename": "http/headers/Sec-Fetch-User.json",
            "name": "Sec-Fetch-User",
            "slug": "HTTP/Headers/Sec-Fetch-User",
            "mdn_url": "https://developer.mozilla.org/en-US/docs/Web/HTTP/Headers/Sec-Fetch-User",
            "summary": "The Sec-Fetch-User fetch metadata request header is only sent for requests initiated by user activation, and its value will always be ?1.",
            "support": {
                "chrome": {
                    "version_added": "76"
                },
                "chrome_android": "mirror",
                "edge": "mirror",
                "firefox": {
                    "version_added": "90"
                },
                "firefox_android": "mirror",
                "ie": {
                    "version_added": false
                },
                "oculus": "mirror",
                "opera": "mirror",
                "opera_android": "mirror",
                "safari": {
                    "version_added": "16.4"
                },
                "safari_ios": "mirror",
                "samsunginternet_android": "mirror",
                "webview_android": "mirror",
                "edge_blink": {
                    "version_added": "79"
                }
            },
            "title": "Sec-Fetch-User"
        }
    ]
}
