{
    "dom-datatransferitem-getasfilesystemhandle": [
        {
            "engines": [
                "blink"
            ],
            "filename": "api/DataTransferItem.json",
            "name": "getAsFileSystemHandle",
            "slug": "API/DataTransferItem/getAsFileSystemHandle",
            "mdn_url": "https://developer.mozilla.org/en-US/docs/Web/API/DataTransferItem/getAsFileSystemHandle",
            "summary": "The getAsFileSystemHandle() method of the DataTransferItem interface returns a FileSystemFileHandle if the dragged item is a file, or a FileSystemDirectoryHandle if the dragged item is a directory.",
            "support": {
                "chrome": {
                    "version_added": "86"
                },
                "chrome_android": {
                    "version_added": false
                },
                "edge": "mirror",
                "firefox": {
                    "version_added": false
                },
                "firefox_android": "mirror",
                "ie": {
                    "version_added": false
                },
                "oculus": "mirror",
                "opera": "mirror",
                "opera_android": "mirror",
                "safari": {
                    "version_added": false
                },
                "safari_ios": "mirror",
                "samsunginternet_android": "mirror",
                "webview_android": "mirror",
                "edge_blink": {
                    "version_added": "86"
                }
            },
            "title": "DataTransferItem: getAsFileSystemHandle() method"
        }
    ],
    "api-filesystemhandle-querypermission": [
        {
            "engines": [
                "blink"
            ],
            "filename": "api/FileSystemHandle.json",
            "name": "queryPermission",
            "slug": "API/FileSystemHandle/queryPermission",
            "mdn_url": "https://developer.mozilla.org/en-US/docs/Web/API/FileSystemHandle/queryPermission",
            "summary": "The queryPermission() method of the FileSystemHandle interface queries the current permission state of the current handle.",
            "support": {
                "chrome": {
                    "version_added": "86"
                },
                "chrome_android": "mirror",
                "edge": "mirror",
                "firefox": {
                    "version_added": false
                },
                "firefox_android": "mirror",
                "ie": {
                    "version_added": false
                },
                "oculus": "mirror",
                "opera": "mirror",
                "opera_android": "mirror",
                "safari": {
                    "version_added": false
                },
                "safari_ios": "mirror",
                "samsunginternet_android": "mirror",
                "webview_android": {
                    "version_added": false
                },
                "edge_blink": {
                    "version_added": "86"
                }
            },
            "title": "FileSystemHandle: queryPermission() method"
        }
    ],
    "api-filesystemhandle-requestpermission": [
        {
            "engines": [
                "blink"
            ],
            "filename": "api/FileSystemHandle.json",
            "name": "requestPermission",
            "slug": "API/FileSystemHandle/requestPermission",
            "mdn_url": "https://developer.mozilla.org/en-US/docs/Web/API/FileSystemHandle/requestPermission",
            "summary": "The requestPermission() method of the FileSystemHandle interface requests read or readwrite permissions for the file handle.",
            "support": {
                "chrome": {
                    "version_added": "86"
                },
                "chrome_android": "mirror",
                "edge": "mirror",
                "firefox": {
                    "version_added": false
                },
                "firefox_android": "mirror",
                "ie": {
                    "version_added": false
                },
                "oculus": "mirror",
                "opera": "mirror",
                "opera_android": "mirror",
                "safari": {
                    "version_added": false
                },
                "safari_ios": "mirror",
                "samsunginternet_android": "mirror",
                "webview_android": {
                    "version_added": false
                },
                "edge_blink": {
                    "version_added": "86"
                }
            },
            "title": "FileSystemHandle: requestPermission() method"
        }
    ],
    "api-showdirectorypicker": [
        {
            "engines": [
                "blink"
            ],
            "filename": "api/Window.json",
            "name": "showDirectoryPicker",
            "slug": "api/window/showdirectorypicker",
            "mdn_url": "https://developer.mozilla.org/en-US/docs/web/api/window/showdirectorypicker",
            "summary": "The showDirectoryPicker() method of the Window interface displays a directory picker which allows the user to select a directory.",
            "support": {
                "chrome": {
                    "version_added": "86"
                },
                "chrome_android": {
                    "version_added": false
                },
                "edge": "mirror",
                "firefox": {
                    "version_added": false
                },
                "firefox_android": "mirror",
                "ie": {
                    "version_added": false
                },
                "oculus": "mirror",
                "opera": "mirror",
                "opera_android": "mirror",
                "safari": {
                    "version_added": false
                },
                "safari_ios": "mirror",
                "samsunginternet_android": "mirror",
                "webview_android": "mirror",
                "edge_blink": {
                    "version_added": "86"
                }
            },
            "title": "Window: showDirectoryPicker() method"
        }
    ],
    "api-showopenfilepicker": [
        {
            "engines": [
                "blink"
            ],
            "filename": "api/Window.json",
            "name": "showOpenFilePicker",
            "slug": "api/window/showopenfilepicker",
            "mdn_url": "https://developer.mozilla.org/en-US/docs/web/api/window/showopenfilepicker",
            "summary": "The showOpenFilePicker() method of the Window interface shows a file picker that allows a user to select a file or multiple files and returns a handle for the file(s).",
            "support": {
                "chrome": {
                    "version_added": "86"
                },
                "chrome_android": {
                    "version_added": false
                },
                "edge": "mirror",
                "firefox": {
                    "version_added": false
                },
                "firefox_android": "mirror",
                "ie": {
                    "version_added": false
                },
                "oculus": "mirror",
                "opera": "mirror",
                "opera_android": "mirror",
                "safari": {
                    "version_added": false
                },
                "safari_ios": "mirror",
                "samsunginternet_android": "mirror",
                "webview_android": "mirror",
                "edge_blink": {
                    "version_added": "86"
                }
            },
            "title": "Window: showOpenFilePicker() method"
        }
    ],
    "api-showsavefilepicker": [
        {
            "engines": [
                "blink"
            ],
            "filename": "api/Window.json",
            "name": "showSaveFilePicker",
            "slug": "api/window/showsavefilepicker",
            "mdn_url": "https://developer.mozilla.org/en-US/docs/web/api/window/showsavefilepicker",
            "summary": "The showSaveFilePicker() method of the Window interface shows a file picker that allows a user to save a file. Either by selecting an existing file, or entering a name for a new file.",
            "support": {
                "chrome": {
                    "version_added": "86"
                },
                "chrome_android": {
                    "version_added": false
                },
                "edge": "mirror",
                "firefox": {
                    "version_added": false
                },
                "firefox_android": "mirror",
                "ie": {
                    "version_added": false
                },
                "oculus": "mirror",
                "opera": "mirror",
                "opera_android": "mirror",
                "safari": {
                    "version_added": false
                },
                "safari_ios": "mirror",
                "samsunginternet_android": "mirror",
                "webview_android": "mirror",
                "edge_blink": {
                    "version_added": "86"
                }
            },
            "title": "Window: showSaveFilePicker() method"
        }
    ]
}
