{
    "sensor-onactivate": [
        {
            "engines": [
                "blink"
            ],
            "filename": "api/Sensor.json",
            "name": "activate_event",
            "slug": "API/Sensor/activate_event",
            "mdn_url": "https://developer.mozilla.org/en-US/docs/Web/API/Sensor/activate_event",
            "summary": "The activate event is fired when a sensor becomes activated. It means that it will start obtaining readings.",
            "support": {
                "chrome": {
                    "version_added": "67"
                },
                "chrome_android": "mirror",
                "edge": "mirror",
                "firefox": {
                    "version_added": false
                },
                "firefox_android": "mirror",
                "ie": {
                    "version_added": false
                },
                "oculus": "mirror",
                "opera": "mirror",
                "opera_android": "mirror",
                "safari": {
                    "version_added": false
                },
                "safari_ios": "mirror",
                "samsunginternet_android": "mirror",
                "webview_android": "mirror",
                "edge_blink": {
                    "version_added": "79"
                }
            },
            "title": "Sensor: activate event"
        }
    ],
    "sensor-activated": [
        {
            "engines": [
                "blink"
            ],
            "filename": "api/Sensor.json",
            "name": "activated",
            "slug": "API/Sensor/activated",
            "mdn_url": "https://developer.mozilla.org/en-US/docs/Web/API/Sensor/activated",
            "summary": "The activated read-only property of the Sensor interface returns a boolean value indicating whether the sensor is active.",
            "support": {
                "chrome": {
                    "version_added": "67"
                },
                "chrome_android": "mirror",
                "edge": "mirror",
                "firefox": {
                    "version_added": false
                },
                "firefox_android": "mirror",
                "ie": {
                    "version_added": false
                },
                "oculus": "mirror",
                "opera": "mirror",
                "opera_android": "mirror",
                "safari": {
                    "version_added": false
                },
                "safari_ios": "mirror",
                "samsunginternet_android": "mirror",
                "webview_android": "mirror",
                "edge_blink": {
                    "version_added": "79"
                }
            },
            "title": "Sensor: activated property"
        }
    ],
    "sensor-onerror": [
        {
            "engines": [
                "blink"
            ],
            "filename": "api/Sensor.json",
            "name": "error_event",
            "slug": "API/Sensor/error_event",
            "mdn_url": "https://developer.mozilla.org/en-US/docs/Web/API/Sensor/error_event",
            "summary": "The error event is fired when an exception occurs on a sensor.",
            "support": {
                "chrome": {
                    "version_added": "67"
                },
                "chrome_android": "mirror",
                "edge": "mirror",
                "firefox": {
                    "version_added": false
                },
                "firefox_android": "mirror",
                "ie": {
                    "version_added": false
                },
                "oculus": "mirror",
                "opera": "mirror",
                "opera_android": "mirror",
                "safari": {
                    "version_added": false
                },
                "safari_ios": "mirror",
                "samsunginternet_android": "mirror",
                "webview_android": "mirror",
                "edge_blink": {
                    "version_added": "79"
                }
            },
            "title": "Sensor: error event"
        }
    ],
    "sensor-has-reading": [
        {
            "engines": [
                "blink"
            ],
            "filename": "api/Sensor.json",
            "name": "hasReading",
            "slug": "API/Sensor/hasReading",
            "mdn_url": "https://developer.mozilla.org/en-US/docs/Web/API/Sensor/hasReading",
            "summary": "The hasReading read-only property of the Sensor interface returns a boolean value indicating whether the sensor has a reading.",
            "support": {
                "chrome": {
                    "version_added": "67"
                },
                "chrome_android": "mirror",
                "edge": "mirror",
                "firefox": {
                    "version_added": false
                },
                "firefox_android": "mirror",
                "ie": {
                    "version_added": false
                },
                "oculus": "mirror",
                "opera": "mirror",
                "opera_android": "mirror",
                "safari": {
                    "version_added": false
                },
                "safari_ios": "mirror",
                "samsunginternet_android": "mirror",
                "webview_android": "mirror",
                "edge_blink": {
                    "version_added": "79"
                }
            },
            "title": "Sensor: hasReading property"
        }
    ],
    "sensor-onreading": [
        {
            "engines": [
                "blink"
            ],
            "filename": "api/Sensor.json",
            "name": "reading_event",
            "slug": "API/Sensor/reading_event",
            "mdn_url": "https://developer.mozilla.org/en-US/docs/Web/API/Sensor/reading_event",
            "summary": "The reading event is fired when a new reading is available on a sensor.",
            "support": {
                "chrome": {
                    "version_added": "67"
                },
                "chrome_android": "mirror",
                "edge": "mirror",
                "firefox": {
                    "version_added": false
                },
                "firefox_android": "mirror",
                "ie": {
                    "version_added": false
                },
                "oculus": "mirror",
                "opera": "mirror",
                "opera_android": "mirror",
                "safari": {
                    "version_added": false
                },
                "safari_ios": "mirror",
                "samsunginternet_android": "mirror",
                "webview_android": "mirror",
                "edge_blink": {
                    "version_added": "79"
                }
            },
            "title": "Sensor: reading event"
        }
    ],
    "sensor-start": [
        {
            "engines": [
                "blink"
            ],
            "filename": "api/Sensor.json",
            "name": "start",
            "slug": "API/Sensor/start",
            "mdn_url": "https://developer.mozilla.org/en-US/docs/Web/API/Sensor/start",
            "summary": "The start method activates one of the sensors based on Sensor.",
            "support": {
                "chrome": {
                    "version_added": "67"
                },
                "chrome_android": "mirror",
                "edge": "mirror",
                "firefox": {
                    "version_added": false
                },
                "firefox_android": "mirror",
                "ie": {
                    "version_added": false
                },
                "oculus": "mirror",
                "opera": "mirror",
                "opera_android": "mirror",
                "safari": {
                    "version_added": false
                },
                "safari_ios": "mirror",
                "samsunginternet_android": "mirror",
                "webview_android": "mirror",
                "edge_blink": {
                    "version_added": "79"
                }
            },
            "title": "Sensor: start() method"
        }
    ],
    "sensor-stop": [
        {
            "engines": [
                "blink"
            ],
            "filename": "api/Sensor.json",
            "name": "stop",
            "slug": "API/Sensor/stop",
            "mdn_url": "https://developer.mozilla.org/en-US/docs/Web/API/Sensor/stop",
            "summary": "The stop method of the Sensor interface deactivates the current sensor.",
            "support": {
                "chrome": {
                    "version_added": "67"
                },
                "chrome_android": "mirror",
                "edge": "mirror",
                "firefox": {
                    "version_added": false
                },
                "firefox_android": "mirror",
                "ie": {
                    "version_added": false
                },
                "oculus": "mirror",
                "opera": "mirror",
                "opera_android": "mirror",
                "safari": {
                    "version_added": false
                },
                "safari_ios": "mirror",
                "samsunginternet_android": "mirror",
                "webview_android": "mirror",
                "edge_blink": {
                    "version_added": "79"
                }
            },
            "title": "Sensor: stop() method"
        }
    ],
    "sensor-timestamp": [
        {
            "engines": [
                "blink"
            ],
            "filename": "api/Sensor.json",
            "name": "timestamp",
            "slug": "API/Sensor/timestamp",
            "mdn_url": "https://developer.mozilla.org/en-US/docs/Web/API/Sensor/timestamp",
            "summary": "The timestamp read-only property of the Sensor interface returns the timestamp of the latest sensor reading.",
            "support": {
                "chrome": {
                    "version_added": "67"
                },
                "chrome_android": "mirror",
                "edge": "mirror",
                "firefox": {
                    "version_added": false
                },
                "firefox_android": "mirror",
                "ie": {
                    "version_added": false
                },
                "oculus": "mirror",
                "opera": "mirror",
                "opera_android": "mirror",
                "safari": {
                    "version_added": false
                },
                "safari_ios": "mirror",
                "samsunginternet_android": "mirror",
                "webview_android": "mirror",
                "edge_blink": {
                    "version_added": "79"
                }
            },
            "title": "Sensor: timestamp property"
        }
    ],
    "the-sensor-interface": [
        {
            "engines": [
                "blink"
            ],
            "filename": "api/Sensor.json",
            "name": "Sensor",
            "slug": "API/Sensor",
            "mdn_url": "https://developer.mozilla.org/en-US/docs/Web/API/Sensor",
            "summary": "The Sensor interface of the Sensor APIs is the base class for all the other sensor interfaces. This interface cannot be used directly. Instead it provides properties, event handlers, and methods accessed by interfaces that inherit from it.",
            "support": {
                "chrome": {
                    "version_added": "67"
                },
                "chrome_android": "mirror",
                "edge": "mirror",
                "firefox": {
                    "version_added": false
                },
                "firefox_android": "mirror",
                "ie": {
                    "version_added": false
                },
                "oculus": "mirror",
                "opera": "mirror",
                "opera_android": "mirror",
                "safari": {
                    "version_added": false
                },
                "safari_ios": "mirror",
                "samsunginternet_android": "mirror",
                "webview_android": "mirror",
                "edge_blink": {
                    "version_added": "79"
                }
            },
            "title": "Sensor"
        }
    ],
    "dom-sensorerrorevent-sensorerrorevent": [
        {
            "engines": [
                "blink"
            ],
            "filename": "api/SensorErrorEvent.json",
            "name": "SensorErrorEvent",
            "slug": "API/SensorErrorEvent/SensorErrorEvent",
            "mdn_url": "https://developer.mozilla.org/en-US/docs/Web/API/SensorErrorEvent/SensorErrorEvent",
            "summary": "The SensorErrorEvent constructor creates a new SensorErrorEvent object which provides information about errors thrown by any of the interfaces based on Sensor.",
            "support": {
                "chrome": {
                    "version_added": "67"
                },
                "chrome_android": "mirror",
                "edge": "mirror",
                "firefox": {
                    "version_added": false
                },
                "firefox_android": "mirror",
                "ie": {
                    "version_added": false
                },
                "oculus": "mirror",
                "opera": "mirror",
                "opera_android": "mirror",
                "safari": {
                    "version_added": false
                },
                "safari_ios": "mirror",
                "samsunginternet_android": "mirror",
                "webview_android": "mirror",
                "edge_blink": {
                    "version_added": "79"
                }
            },
            "title": "SensorErrorEvent: SensorErrorEvent() constructor"
        }
    ],
    "dom-sensorerrorevent-error": [
        {
            "engines": [
                "blink"
            ],
            "filename": "api/SensorErrorEvent.json",
            "name": "error",
            "slug": "API/SensorErrorEvent/error",
            "mdn_url": "https://developer.mozilla.org/en-US/docs/Web/API/SensorErrorEvent/error",
            "summary": "The error read-only property of the SensorErrorEvent interface returns the DOMException object passed in the event's constructor.",
            "support": {
                "chrome": {
                    "version_added": "67"
                },
                "chrome_android": "mirror",
                "edge": "mirror",
                "firefox": {
                    "version_added": false
                },
                "firefox_android": "mirror",
                "ie": {
                    "version_added": false
                },
                "oculus": "mirror",
                "opera": "mirror",
                "opera_android": "mirror",
                "safari": {
                    "version_added": false
                },
                "safari_ios": "mirror",
                "samsunginternet_android": "mirror",
                "webview_android": "mirror",
                "edge_blink": {
                    "version_added": "79"
                }
            },
            "title": "SensorErrorEvent: error property"
        }
    ],
    "the-sensor-error-event-interface": [
        {
            "engines": [
                "blink"
            ],
            "filename": "api/SensorErrorEvent.json",
            "name": "SensorErrorEvent",
            "slug": "API/SensorErrorEvent",
            "mdn_url": "https://developer.mozilla.org/en-US/docs/Web/API/SensorErrorEvent",
            "summary": "The SensorErrorEvent interface of the Sensor APIs provides information about errors thrown by a Sensor or derived interface.",
            "support": {
                "chrome": {
                    "version_added": "67"
                },
                "chrome_android": "mirror",
                "edge": "mirror",
                "firefox": {
                    "version_added": false
                },
                "firefox_android": "mirror",
                "ie": {
                    "version_added": false
                },
                "oculus": "mirror",
                "opera": "mirror",
                "opera_android": "mirror",
                "safari": {
                    "version_added": false
                },
                "safari_ios": "mirror",
                "samsunginternet_android": "mirror",
                "webview_android": "mirror",
                "edge_blink": {
                    "version_added": "79"
                }
            },
            "title": "SensorErrorEvent"
        }
    ],
    "permissions-policy": [
        {
            "engines": [
                "blink"
            ],
            "filename": "http/headers/Permissions-Policy.json",
            "name": "accelerometer",
            "slug": "HTTP/Headers/Permissions-Policy/accelerometer",
            "mdn_url": "https://developer.mozilla.org/en-US/docs/Web/HTTP/Headers/Permissions-Policy/accelerometer",
            "summary": "The HTTP Permissions-Policy header accelerometer directive controls whether the current document is allowed to gather information about the acceleration of the device through the Accelerometer interface.",
            "support": {
                "chrome": [
                    {
                        "version_added": "88"
                    },
                    {
                        "version_added": "66",
                        "alternative_name": "Feature-Policy"
                    }
                ],
                "chrome_android": "mirror",
                "edge": "mirror",
                "firefox": {
                    "version_added": false
                },
                "firefox_android": "mirror",
                "ie": {
                    "version_added": false
                },
                "oculus": "mirror",
                "opera": "mirror",
                "opera_android": "mirror",
                "safari": {
                    "version_added": false
                },
                "safari_ios": "mirror",
                "samsunginternet_android": "mirror",
                "webview_android": "mirror",
                "edge_blink": [
                    {
                        "version_added": "88"
                    },
                    {
                        "version_added": "79",
                        "alternative_name": "Feature-Policy"
                    }
                ]
            },
            "title": "Permissions-Policy: accelerometer"
        },
        {
            "engines": [
                "blink"
            ],
            "filename": "http/headers/Permissions-Policy.json",
            "name": "ambient-light-sensor",
            "slug": "HTTP/Headers/Permissions-Policy/ambient-light-sensor",
            "mdn_url": "https://developer.mozilla.org/en-US/docs/Web/HTTP/Headers/Permissions-Policy/ambient-light-sensor",
            "summary": "The HTTP Permissions-Policy header ambient-light-sensor directive controls whether the current document is allowed to gather information about the amount of light in the environment around the device through the AmbientLightSensor interface.",
            "support": {
                "chrome": [
                    {
                        "version_added": "88"
                    },
                    {
                        "version_added": "66",
                        "alternative_name": "Feature-Policy"
                    }
                ],
                "chrome_android": "mirror",
                "edge": "mirror",
                "firefox": {
                    "version_added": false
                },
                "firefox_android": "mirror",
                "ie": {
                    "version_added": false
                },
                "oculus": "mirror",
                "opera": "mirror",
                "opera_android": "mirror",
                "safari": {
                    "version_added": false
                },
                "safari_ios": "mirror",
                "samsunginternet_android": "mirror",
                "webview_android": "mirror",
                "edge_blink": [
                    {
                        "version_added": "88"
                    },
                    {
                        "version_added": "79",
                        "alternative_name": "Feature-Policy"
                    }
                ]
            },
            "title": "Permissions-Policy: ambient-light-sensor"
        },
        {
            "engines": [
                "blink"
            ],
            "filename": "http/headers/Permissions-Policy.json",
            "name": "gyroscope",
            "slug": "HTTP/Headers/Permissions-Policy/gyroscope",
            "mdn_url": "https://developer.mozilla.org/en-US/docs/Web/HTTP/Headers/Permissions-Policy/gyroscope",
            "summary": "The HTTP Permissions-Policy header gyroscope directive controls whether the current document is allowed to gather information about the orientation of the device through the Gyroscope interface.",
            "support": {
                "chrome": [
                    {
                        "version_added": "88"
                    },
                    {
                        "version_added": "66",
                        "alternative_name": "Feature-Policy"
                    }
                ],
                "chrome_android": "mirror",
                "edge": "mirror",
                "firefox": {
                    "version_added": false
                },
                "firefox_android": "mirror",
                "ie": {
                    "version_added": false
                },
                "oculus": "mirror",
                "opera": "mirror",
                "opera_android": "mirror",
                "safari": {
                    "version_added": false
                },
                "safari_ios": "mirror",
                "samsunginternet_android": "mirror",
                "webview_android": "mirror",
                "edge_blink": [
                    {
                        "version_added": "88"
                    },
                    {
                        "version_added": "79",
                        "alternative_name": "Feature-Policy"
                    }
                ]
            },
            "title": "Permissions-Policy: gyroscope"
        },
        {
            "engines": [
                "blink"
            ],
            "filename": "http/headers/Permissions-Policy.json",
            "name": "magnetometer",
            "slug": "HTTP/Headers/Permissions-Policy/magnetometer",
            "mdn_url": "https://developer.mozilla.org/en-US/docs/Web/HTTP/Headers/Permissions-Policy/magnetometer",
            "summary": "The HTTP Permissions-Policy header magnetometer directive controls whether the current document is allowed to gather information about the orientation of the device through the Magnetometer interface.",
            "support": {
                "chrome": [
                    {
                        "version_added": "88"
                    },
                    {
                        "version_added": "66",
                        "alternative_name": "Feature-Policy"
                    }
                ],
                "chrome_android": "mirror",
                "edge": "mirror",
                "firefox": {
                    "version_added": false
                },
                "firefox_android": "mirror",
                "ie": {
                    "version_added": false
                },
                "oculus": "mirror",
                "opera": "mirror",
                "opera_android": "mirror",
                "safari": {
                    "version_added": false
                },
                "safari_ios": "mirror",
                "samsunginternet_android": "mirror",
                "webview_android": {
                    "version_added": false
                },
                "edge_blink": [
                    {
                        "version_added": "88"
                    },
                    {
                        "version_added": "79",
                        "alternative_name": "Feature-Policy"
                    }
                ]
            },
            "title": "Permissions-Policy: magnetometer"
        }
    ]
}
