{
    "the-sec-gpc-header-field-for-http-requests": [
        {
            "engines": [
                "gecko"
            ],
            "needsflag": [
                "gecko"
            ],
            "filename": "http/headers/Sec-GPC.json",
            "name": "Sec-GPC",
            "slug": "HTTP/Headers/Sec-GPC",
            "mdn_url": "https://developer.mozilla.org/en-US/docs/Web/HTTP/Headers/Sec-GPC",
            "summary": "The Sec-GPC (Global Privacy Control) request header indicates whether the user consents to a website or service selling or sharing their personal information with third parties.",
            "support": {
                "chrome": {
                    "version_added": false
                },
                "chrome_android": "mirror",
                "edge": "mirror",
                "firefox": {
                    "version_added": "95",
                    "impl_url": "https://hg.mozilla.org/mozilla-central/rev/09e51e6d4a7e",
                    "flags": [
                        {
                            "type": "preference",
                            "name": "privacy.globalprivacycontrol.enabled",
                            "value_to_set": "true"
                        },
                        {
                            "type": "preference",
                            "name": "privacy.globalprivacycontrol.functionality.enabled",
                            "value_to_set": "true"
                        }
                    ]
                },
                "firefox_android": "mirror",
                "ie": {
                    "version_added": false
                },
                "oculus": "mirror",
                "opera": "mirror",
                "opera_android": "mirror",
                "safari": {
                    "version_added": false
                },
                "safari_ios": "mirror",
                "samsunginternet_android": "mirror",
                "webview_android": "mirror",
                "edge_blink": {
                    "version_added": false
                }
            },
            "title": "Sec-GPC"
        }
    ]
}
