{
    "dom-gyroscope-gyroscope": [
        {
            "engines": [
                "blink"
            ],
            "filename": "api/Gyroscope.json",
            "name": "Gyroscope",
            "slug": "API/Gyroscope/Gyroscope",
            "mdn_url": "https://developer.mozilla.org/en-US/docs/Web/API/Gyroscope/Gyroscope",
            "summary": "The Gyroscope() constructor creates a new Gyroscope object which provides on each reading the angular velocity of the device along all three axes.",
            "support": {
                "chrome": {
                    "version_added": "67"
                },
                "chrome_android": "mirror",
                "edge": "mirror",
                "firefox": {
                    "version_added": false
                },
                "firefox_android": "mirror",
                "ie": {
                    "version_added": false
                },
                "oculus": "mirror",
                "opera": "mirror",
                "opera_android": "mirror",
                "safari": {
                    "version_added": false
                },
                "safari_ios": "mirror",
                "samsunginternet_android": "mirror",
                "webview_android": "mirror",
                "edge_blink": {
                    "version_added": "79"
                }
            },
            "title": "Gyroscope: Gyroscope() constructor"
        }
    ],
    "gyroscope-x": [
        {
            "engines": [
                "blink"
            ],
            "filename": "api/Gyroscope.json",
            "name": "x",
            "slug": "API/Gyroscope/x",
            "mdn_url": "https://developer.mozilla.org/en-US/docs/Web/API/Gyroscope/x",
            "summary": "The x read-only property of the Gyroscope interface returns a number specifying the angular velocity of the device along its x-axis.",
            "support": {
                "chrome": {
                    "version_added": "67"
                },
                "chrome_android": "mirror",
                "edge": "mirror",
                "firefox": {
                    "version_added": false
                },
                "firefox_android": "mirror",
                "ie": {
                    "version_added": false
                },
                "oculus": "mirror",
                "opera": "mirror",
                "opera_android": "mirror",
                "safari": {
                    "version_added": false
                },
                "safari_ios": "mirror",
                "samsunginternet_android": "mirror",
                "webview_android": "mirror",
                "edge_blink": {
                    "version_added": "79"
                }
            },
            "title": "Gyroscope: x property"
        }
    ],
    "gyroscope-y": [
        {
            "engines": [
                "blink"
            ],
            "filename": "api/Gyroscope.json",
            "name": "y",
            "slug": "API/Gyroscope/y",
            "mdn_url": "https://developer.mozilla.org/en-US/docs/Web/API/Gyroscope/y",
            "summary": "The y read-only property of the Gyroscope interface returns a number specifying the angular velocity of the device along its y-axis.",
            "support": {
                "chrome": {
                    "version_added": "67"
                },
                "chrome_android": "mirror",
                "edge": "mirror",
                "firefox": {
                    "version_added": false
                },
                "firefox_android": "mirror",
                "ie": {
                    "version_added": false
                },
                "oculus": "mirror",
                "opera": "mirror",
                "opera_android": "mirror",
                "safari": {
                    "version_added": false
                },
                "safari_ios": "mirror",
                "samsunginternet_android": "mirror",
                "webview_android": "mirror",
                "edge_blink": {
                    "version_added": "79"
                }
            },
            "title": "Gyroscope: y property"
        }
    ],
    "gyroscope-z": [
        {
            "engines": [
                "blink"
            ],
            "filename": "api/Gyroscope.json",
            "name": "z",
            "slug": "API/Gyroscope/z",
            "mdn_url": "https://developer.mozilla.org/en-US/docs/Web/API/Gyroscope/z",
            "summary": "The z read-only property of the Gyroscope interface returns a number specifying the angular velocity of the device along its z-axis.",
            "support": {
                "chrome": {
                    "version_added": "67"
                },
                "chrome_android": "mirror",
                "edge": "mirror",
                "firefox": {
                    "version_added": false
                },
                "firefox_android": "mirror",
                "ie": {
                    "version_added": false
                },
                "oculus": "mirror",
                "opera": "mirror",
                "opera_android": "mirror",
                "safari": {
                    "version_added": false
                },
                "safari_ios": "mirror",
                "samsunginternet_android": "mirror",
                "webview_android": "mirror",
                "edge_blink": {
                    "version_added": "79"
                }
            },
            "title": "Gyroscope: z property"
        }
    ],
    "gyroscope-interface": [
        {
            "engines": [
                "blink"
            ],
            "filename": "api/Gyroscope.json",
            "name": "Gyroscope",
            "slug": "API/Gyroscope",
            "mdn_url": "https://developer.mozilla.org/en-US/docs/Web/API/Gyroscope",
            "summary": "The Gyroscope interface of the Sensor APIs provides on each reading the angular velocity of the device along all three axes.",
            "support": {
                "chrome": {
                    "version_added": "67"
                },
                "chrome_android": "mirror",
                "edge": "mirror",
                "firefox": {
                    "version_added": false
                },
                "firefox_android": "mirror",
                "ie": {
                    "version_added": false
                },
                "oculus": "mirror",
                "opera": "mirror",
                "opera_android": "mirror",
                "safari": {
                    "version_added": false
                },
                "safari_ios": "mirror",
                "samsunginternet_android": "mirror",
                "webview_android": "mirror",
                "edge_blink": {
                    "version_added": "79"
                }
            },
            "title": "Gyroscope"
        }
    ],
    "ref-for-policy-controlled-feature": [
        {
            "engines": [
                "blink"
            ],
            "filename": "http/headers/Feature-Policy.json",
            "name": "gyroscope",
            "slug": "HTTP/Headers/Feature-Policy/gyroscope",
            "mdn_url": "https://developer.mozilla.org/en-US/docs/Web/HTTP/Headers/Feature-Policy/gyroscope",
            "summary": "The HTTP Permissions-Policy header gyroscope directive controls whether the current document is allowed to gather information about the orientation of the device through the Gyroscope interface.",
            "support": {
                "chrome": {
                    "version_added": "67"
                },
                "chrome_android": "mirror",
                "edge": "mirror",
                "firefox": {
                    "version_added": false
                },
                "firefox_android": "mirror",
                "ie": {
                    "version_added": false
                },
                "oculus": "mirror",
                "opera": "mirror",
                "opera_android": "mirror",
                "safari": {
                    "version_added": false
                },
                "safari_ios": "mirror",
                "samsunginternet_android": "mirror",
                "webview_android": "mirror",
                "edge_blink": {
                    "version_added": "79"
                }
            },
            "title": "Permissions-Policy: gyroscope"
        }
    ]
}
