{
    "dfn-capture": [
        {
            "engines": [
                "blink",
                "gecko",
                "webkit"
            ],
            "filename": "html/elements/input.json",
            "name": "capture",
            "slug": "HTML/Attributes/capture",
            "mdn_url": "https://developer.mozilla.org/en-US/docs/Web/HTML/Attributes/capture",
            "summary": "The capture attribute specifies that, optionally, a new file should be captured, and which device should be used to capture that new media of a type defined by the accept attribute.",
            "support": {
                "chrome": {
                    "version_added": false
                },
                "chrome_android": {
                    "version_added": "25"
                },
                "edge": "mirror",
                "firefox": {
                    "version_added": false
                },
                "firefox_android": {
                    "version_added": "79"
                },
                "ie": {
                    "version_added": false
                },
                "oculus": "mirror",
                "opera": "mirror",
                "opera_android": "mirror",
                "safari": {
                    "version_added": false
                },
                "safari_ios": {
                    "version_added": "10"
                },
                "samsunginternet_android": "mirror",
                "webview_android": "mirror",
                "edge_blink": {
                    "version_added": false
                }
            },
            "title": "HTML attribute: capture"
        }
    ]
}
