{
    "dfn-data": [
        {
            "engines": [
                "blink",
                "gecko",
                "webkit"
            ],
            "filename": "api/InputEvent.json",
            "name": "data",
            "slug": "API/InputEvent/data",
            "mdn_url": "https://developer.mozilla.org/en-US/docs/Web/API/InputEvent/data",
            "summary": "The data read-only property of the InputEvent interface returns a string with inserted characters. This may be an empty string if the change doesn't insert text, such as when characters are deleted.",
            "support": {
                "chrome": {
                    "version_added": "60"
                },
                "chrome_android": "mirror",
                "edge": "mirror",
                "firefox": {
                    "version_added": "67"
                },
                "firefox_android": "mirror",
                "ie": {
                    "version_added": false
                },
                "oculus": "mirror",
                "opera": "mirror",
                "opera_android": "mirror",
                "safari": {
                    "version_added": "10.1"
                },
                "safari_ios": "mirror",
                "samsunginternet_android": "mirror",
                "webview_android": "mirror",
                "edge_blink": {
                    "version_added": "79"
                }
            },
            "title": "InputEvent: data property"
        }
    ],
    "dom-inputevent-datatransfer": [
        {
            "engines": [
                "blink",
                "gecko",
                "webkit"
            ],
            "filename": "api/InputEvent.json",
            "name": "dataTransfer",
            "slug": "API/InputEvent/dataTransfer",
            "mdn_url": "https://developer.mozilla.org/en-US/docs/Web/API/InputEvent/dataTransfer",
            "summary": "The dataTransfer read-only property of the InputEvent interface returns a DataTransfer object containing information about richtext or plaintext data being added to or removed from editable content.",
            "support": {
                "chrome": {
                    "version_added": "60"
                },
                "chrome_android": "mirror",
                "edge": "mirror",
                "firefox": {
                    "version_added": "67"
                },
                "firefox_android": "mirror",
                "ie": {
                    "version_added": false
                },
                "oculus": "mirror",
                "opera": "mirror",
                "opera_android": "mirror",
                "safari": {
                    "version_added": "10.1"
                },
                "safari_ios": "mirror",
                "samsunginternet_android": "mirror",
                "webview_android": "mirror",
                "edge_blink": {
                    "version_added": "79"
                }
            },
            "title": "InputEvent: dataTransfer property"
        }
    ],
    "dom-inputevent-gettargetranges": [
        {
            "engines": [
                "blink",
                "gecko",
                "webkit"
            ],
            "filename": "api/InputEvent.json",
            "name": "getTargetRanges",
            "slug": "API/InputEvent/getTargetRanges",
            "mdn_url": "https://developer.mozilla.org/en-US/docs/Web/API/InputEvent/getTargetRanges",
            "summary": "The getTargetRanges() method of the InputEvent interface returns an array of static ranges that will be affected by a change to the DOM if the input event is not canceled.",
            "support": {
                "chrome": {
                    "version_added": "60"
                },
                "chrome_android": "mirror",
                "edge": "mirror",
                "firefox": {
                    "version_added": "87"
                },
                "firefox_android": "mirror",
                "ie": {
                    "version_added": false
                },
                "oculus": "mirror",
                "opera": "mirror",
                "opera_android": "mirror",
                "safari": {
                    "version_added": "10.1"
                },
                "safari_ios": "mirror",
                "samsunginternet_android": "mirror",
                "webview_android": "mirror",
                "edge_blink": {
                    "version_added": "79"
                }
            },
            "title": "InputEvent: getTargetRanges() method"
        }
    ],
    "interface-InputEvent": [
        {
            "engines": [
                "blink",
                "gecko",
                "webkit"
            ],
            "filename": "api/InputEvent.json",
            "name": "InputEvent",
            "slug": "API/InputEvent",
            "mdn_url": "https://developer.mozilla.org/en-US/docs/Web/API/InputEvent",
            "summary": "The InputEvent interface represents an event notifying the user of editable content changes.",
            "support": {
                "chrome": {
                    "version_added": "60"
                },
                "chrome_android": "mirror",
                "edge": "mirror",
                "firefox": {
                    "version_added": "31"
                },
                "firefox_android": "mirror",
                "ie": {
                    "version_added": false
                },
                "oculus": "mirror",
                "opera": "mirror",
                "opera_android": "mirror",
                "safari": {
                    "version_added": "10.1"
                },
                "safari_ios": "mirror",
                "samsunginternet_android": "mirror",
                "webview_android": "mirror",
                "edge_blink": {
                    "version_added": "79"
                }
            },
            "title": "InputEvent"
        }
    ]
}
