{
    "dom-largestcontentfulpaint-element": [
        {
            "engines": [
                "blink"
            ],
            "filename": "api/LargestContentfulPaint.json",
            "name": "element",
            "slug": "API/LargestContentfulPaint/element",
            "mdn_url": "https://developer.mozilla.org/en-US/docs/Web/API/LargestContentfulPaint/element",
            "summary": "The element read-only property of the LargestContentfulPaint interface returns an object representing the Element that is the largest contentful paint.",
            "support": {
                "chrome": {
                    "version_added": "77"
                },
                "chrome_android": "mirror",
                "edge": "mirror",
                "firefox": {
                    "version_added": false
                },
                "firefox_android": "mirror",
                "ie": {
                    "version_added": false
                },
                "oculus": "mirror",
                "opera": "mirror",
                "opera_android": "mirror",
                "safari": {
                    "version_added": false
                },
                "safari_ios": "mirror",
                "samsunginternet_android": "mirror",
                "webview_android": "mirror",
                "edge_blink": {
                    "version_added": "79"
                }
            },
            "title": "LargestContentfulPaint: element property"
        }
    ],
    "dom-largestcontentfulpaint-id": [
        {
            "engines": [
                "blink"
            ],
            "filename": "api/LargestContentfulPaint.json",
            "name": "id",
            "slug": "API/LargestContentfulPaint/id",
            "mdn_url": "https://developer.mozilla.org/en-US/docs/Web/API/LargestContentfulPaint/id",
            "summary": "The id read-only property of the LargestContentfulPaint interface returns the ID of the element that is the largest contentful paint.",
            "support": {
                "chrome": {
                    "version_added": "77"
                },
                "chrome_android": "mirror",
                "edge": "mirror",
                "firefox": {
                    "version_added": false
                },
                "firefox_android": "mirror",
                "ie": {
                    "version_added": false
                },
                "oculus": "mirror",
                "opera": "mirror",
                "opera_android": "mirror",
                "safari": {
                    "version_added": false
                },
                "safari_ios": "mirror",
                "samsunginternet_android": "mirror",
                "webview_android": "mirror",
                "edge_blink": {
                    "version_added": "79"
                }
            },
            "title": "LargestContentfulPaint: id property"
        }
    ],
    "dom-largestcontentfulpaint-loadtime": [
        {
            "engines": [
                "blink"
            ],
            "filename": "api/LargestContentfulPaint.json",
            "name": "loadTime",
            "slug": "API/LargestContentfulPaint/loadTime",
            "mdn_url": "https://developer.mozilla.org/en-US/docs/Web/API/LargestContentfulPaint/loadTime",
            "summary": "The loadTime read-only property of the LargestContentfulPaint interface returns the time that the element was loaded.",
            "support": {
                "chrome": {
                    "version_added": "77"
                },
                "chrome_android": "mirror",
                "edge": "mirror",
                "firefox": {
                    "version_added": false
                },
                "firefox_android": "mirror",
                "ie": {
                    "version_added": false
                },
                "oculus": "mirror",
                "opera": "mirror",
                "opera_android": "mirror",
                "safari": {
                    "version_added": false
                },
                "safari_ios": "mirror",
                "samsunginternet_android": "mirror",
                "webview_android": "mirror",
                "edge_blink": {
                    "version_added": "79"
                }
            },
            "title": "LargestContentfulPaint: loadTime property"
        }
    ],
    "dom-largestcontentfulpaint-rendertime": [
        {
            "engines": [
                "blink"
            ],
            "filename": "api/LargestContentfulPaint.json",
            "name": "renderTime",
            "slug": "API/LargestContentfulPaint/renderTime",
            "mdn_url": "https://developer.mozilla.org/en-US/docs/Web/API/LargestContentfulPaint/renderTime",
            "summary": "The renderTime read-only property of the LargestContentfulPaint interface represents the time that the element was rendered to the screen.",
            "support": {
                "chrome": {
                    "version_added": "77"
                },
                "chrome_android": "mirror",
                "edge": "mirror",
                "firefox": {
                    "version_added": false
                },
                "firefox_android": "mirror",
                "ie": {
                    "version_added": false
                },
                "oculus": "mirror",
                "opera": "mirror",
                "opera_android": "mirror",
                "safari": {
                    "version_added": false
                },
                "safari_ios": "mirror",
                "samsunginternet_android": "mirror",
                "webview_android": "mirror",
                "edge_blink": {
                    "version_added": "79"
                }
            },
            "title": "LargestContentfulPaint: renderTime property"
        }
    ],
    "dom-largestcontentfulpaint-size": [
        {
            "engines": [
                "blink"
            ],
            "filename": "api/LargestContentfulPaint.json",
            "name": "size",
            "slug": "API/LargestContentfulPaint/size",
            "mdn_url": "https://developer.mozilla.org/en-US/docs/Web/API/LargestContentfulPaint/size",
            "summary": "The size read-only property of the LargestContentfulPaint interface returns the intrinsic size of the element that is the largest contentful paint.",
            "support": {
                "chrome": {
                    "version_added": "77"
                },
                "chrome_android": "mirror",
                "edge": "mirror",
                "firefox": {
                    "version_added": false
                },
                "firefox_android": "mirror",
                "ie": {
                    "version_added": false
                },
                "oculus": "mirror",
                "opera": "mirror",
                "opera_android": "mirror",
                "safari": {
                    "version_added": false
                },
                "safari_ios": "mirror",
                "samsunginternet_android": "mirror",
                "webview_android": "mirror",
                "edge_blink": {
                    "version_added": "79"
                }
            },
            "title": "LargestContentfulPaint: size property"
        }
    ],
    "dom-largestcontentfulpaint-tojson": [
        {
            "engines": [
                "blink"
            ],
            "filename": "api/LargestContentfulPaint.json",
            "name": "toJSON",
            "slug": "API/LargestContentfulPaint/toJSON",
            "mdn_url": "https://developer.mozilla.org/en-US/docs/Web/API/LargestContentfulPaint/toJSON",
            "summary": "The toJSON() method of the LargestContentfulPaint interface is a serializer; it returns a JSON representation of the LargestContentfulPaint object.",
            "support": {
                "chrome": {
                    "version_added": "77"
                },
                "chrome_android": "mirror",
                "edge": "mirror",
                "firefox": {
                    "version_added": false
                },
                "firefox_android": "mirror",
                "ie": {
                    "version_added": false
                },
                "oculus": "mirror",
                "opera": "mirror",
                "opera_android": "mirror",
                "safari": {
                    "version_added": false
                },
                "safari_ios": "mirror",
                "samsunginternet_android": "mirror",
                "webview_android": "mirror",
                "edge_blink": {
                    "version_added": "79"
                }
            },
            "title": "LargestContentfulPaint: toJSON() method"
        }
    ],
    "dom-largestcontentfulpaint-url": [
        {
            "engines": [
                "blink"
            ],
            "filename": "api/LargestContentfulPaint.json",
            "name": "url",
            "slug": "API/LargestContentfulPaint/url",
            "mdn_url": "https://developer.mozilla.org/en-US/docs/Web/API/LargestContentfulPaint/url",
            "summary": "The url read-only property of the LargestContentfulPaint interface returns the request URL of the element, if the element is an image.",
            "support": {
                "chrome": {
                    "version_added": "77"
                },
                "chrome_android": "mirror",
                "edge": "mirror",
                "firefox": {
                    "version_added": false
                },
                "firefox_android": "mirror",
                "ie": {
                    "version_added": false
                },
                "oculus": "mirror",
                "opera": "mirror",
                "opera_android": "mirror",
                "safari": {
                    "version_added": false
                },
                "safari_ios": "mirror",
                "samsunginternet_android": "mirror",
                "webview_android": "mirror",
                "edge_blink": {
                    "version_added": "79"
                }
            },
            "title": "LargestContentfulPaint: url property"
        }
    ],
    "sec-largest-contentful-paint-interface": [
        {
            "engines": [
                "blink"
            ],
            "filename": "api/LargestContentfulPaint.json",
            "name": "LargestContentfulPaint",
            "slug": "API/LargestContentfulPaint",
            "mdn_url": "https://developer.mozilla.org/en-US/docs/Web/API/LargestContentfulPaint",
            "summary": "The LargestContentfulPaint interface provides timing information about the largest image or text paint before user input on a web page.",
            "support": {
                "chrome": {
                    "version_added": "77"
                },
                "chrome_android": "mirror",
                "edge": "mirror",
                "firefox": {
                    "version_added": false
                },
                "firefox_android": "mirror",
                "ie": {
                    "version_added": false
                },
                "oculus": "mirror",
                "opera": "mirror",
                "opera_android": "mirror",
                "safari": {
                    "version_added": false
                },
                "safari_ios": "mirror",
                "samsunginternet_android": "mirror",
                "webview_android": "mirror",
                "edge_blink": {
                    "version_added": "79"
                }
            },
            "title": "LargestContentfulPaint"
        }
    ]
}
