{
    "permissions-policy": [
        {
            "engines": [
                "blink"
            ],
            "filename": "http/headers/Permissions-Policy.json",
            "name": "local-fonts",
            "slug": "HTTP/Headers/Permissions-Policy/local-fonts",
            "mdn_url": "https://developer.mozilla.org/en-US/docs/Web/HTTP/Headers/Permissions-Policy/local-fonts",
            "summary": "The HTTP Permissions-Policy header local-fonts directive controls whether the current document is allowed to gather data on the user's locally-installed fonts via the Window.queryLocalFonts() method.",
            "support": {
                "chrome": {
                    "version_added": "103"
                },
                "chrome_android": {
                    "version_added": false
                },
                "edge": "mirror",
                "firefox": {
                    "version_added": false
                },
                "firefox_android": "mirror",
                "ie": {
                    "version_added": false
                },
                "oculus": "mirror",
                "opera": {
                    "version_added": false
                },
                "opera_android": "mirror",
                "safari": {
                    "version_added": false
                },
                "safari_ios": "mirror",
                "samsunginternet_android": "mirror",
                "webview_android": "mirror",
                "edge_blink": {
                    "version_added": "103"
                }
            },
            "title": "Permissions-Policy: local-fonts"
        }
    ]
}
