{
    "nel-response-header": [
        {
            "engines": [
                "blink"
            ],
            "filename": "http/headers/NEL.json",
            "name": "NEL",
            "slug": "HTTP/Headers/NEL",
            "mdn_url": "https://developer.mozilla.org/en-US/docs/Web/HTTP/Headers/NEL",
            "summary": "The HTTP NEL response header is used to configure network request logging.",
            "support": {
                "chrome": {
                    "version_added": "71"
                },
                "chrome_android": "mirror",
                "edge": "mirror",
                "firefox": {
                    "version_added": false
                },
                "firefox_android": "mirror",
                "ie": {
                    "version_added": false
                },
                "oculus": "mirror",
                "opera": "mirror",
                "opera_android": "mirror",
                "safari": {
                    "version_added": false
                },
                "safari_ios": "mirror",
                "samsunginternet_android": {
                    "version_added": "10.2"
                },
                "webview_android": "mirror",
                "edge_blink": {
                    "version_added": "79"
                }
            },
            "title": "NEL"
        }
    ]
}
