{
    "dom-absoluteorientationsensor-absoluteorientationsensor": [
        {
            "engines": [
                "blink"
            ],
            "filename": "api/AbsoluteOrientationSensor.json",
            "name": "AbsoluteOrientationSensor",
            "slug": "API/AbsoluteOrientationSensor/AbsoluteOrientationSensor",
            "mdn_url": "https://developer.mozilla.org/en-US/docs/Web/API/AbsoluteOrientationSensor/AbsoluteOrientationSensor",
            "summary": "The AbsoluteOrientationSensor() constructor creates a new AbsoluteOrientationSensor object which describes the device's physical orientation in relation to the Earth's reference coordinate system.",
            "support": {
                "chrome": {
                    "version_added": "67"
                },
                "chrome_android": "mirror",
                "edge": "mirror",
                "firefox": {
                    "version_added": false
                },
                "firefox_android": "mirror",
                "ie": {
                    "version_added": false
                },
                "oculus": "mirror",
                "opera": "mirror",
                "opera_android": "mirror",
                "safari": {
                    "version_added": false
                },
                "safari_ios": "mirror",
                "samsunginternet_android": "mirror",
                "webview_android": "mirror",
                "edge_blink": {
                    "version_added": "79"
                }
            },
            "title": "AbsoluteOrientationSensor: AbsoluteOrientationSensor() constructor"
        }
    ],
    "absoluteorientationsensor-interface": [
        {
            "engines": [
                "blink"
            ],
            "filename": "api/AbsoluteOrientationSensor.json",
            "name": "AbsoluteOrientationSensor",
            "slug": "API/AbsoluteOrientationSensor",
            "mdn_url": "https://developer.mozilla.org/en-US/docs/Web/API/AbsoluteOrientationSensor",
            "summary": "The AbsoluteOrientationSensor interface of the Sensor APIs describes the device's physical orientation in relation to the Earth's reference coordinate system.",
            "support": {
                "chrome": {
                    "version_added": "67"
                },
                "chrome_android": "mirror",
                "edge": "mirror",
                "firefox": {
                    "version_added": false
                },
                "firefox_android": "mirror",
                "ie": {
                    "version_added": false
                },
                "oculus": "mirror",
                "opera": "mirror",
                "opera_android": "mirror",
                "safari": {
                    "version_added": false
                },
                "safari_ios": "mirror",
                "samsunginternet_android": "mirror",
                "webview_android": "mirror",
                "edge_blink": {
                    "version_added": "79"
                }
            },
            "title": "AbsoluteOrientationSensor"
        }
    ],
    "orientationsensor-populatematrix": [
        {
            "engines": [
                "blink"
            ],
            "filename": "api/OrientationSensor.json",
            "name": "populateMatrix",
            "slug": "API/OrientationSensor/populateMatrix",
            "mdn_url": "https://developer.mozilla.org/en-US/docs/Web/API/OrientationSensor/populateMatrix",
            "summary": "The populateMatrix method of the OrientationSensor interface populates the given target matrix with the rotation matrix based on the latest sensor reading. The rotation matrix is shown below.",
            "support": {
                "chrome": {
                    "version_added": "67"
                },
                "chrome_android": "mirror",
                "edge": "mirror",
                "firefox": {
                    "version_added": false
                },
                "firefox_android": "mirror",
                "ie": {
                    "version_added": false
                },
                "oculus": "mirror",
                "opera": "mirror",
                "opera_android": "mirror",
                "safari": {
                    "version_added": false
                },
                "safari_ios": "mirror",
                "samsunginternet_android": "mirror",
                "webview_android": "mirror",
                "edge_blink": {
                    "version_added": "79"
                }
            },
            "title": "OrientationSensor: populateMatrix() method"
        }
    ],
    "orientationsensor-quaternion": [
        {
            "engines": [
                "blink"
            ],
            "filename": "api/OrientationSensor.json",
            "name": "quaternion",
            "slug": "API/OrientationSensor/quaternion",
            "mdn_url": "https://developer.mozilla.org/en-US/docs/Web/API/OrientationSensor/quaternion",
            "summary": "The quaternion read-only property of the OrientationSensor interface returns a four element Array whose elements contain the components of the unit quaternion representing the device's orientation.",
            "support": {
                "chrome": {
                    "version_added": "67"
                },
                "chrome_android": "mirror",
                "edge": "mirror",
                "firefox": {
                    "version_added": false
                },
                "firefox_android": "mirror",
                "ie": {
                    "version_added": false
                },
                "oculus": "mirror",
                "opera": "mirror",
                "opera_android": "mirror",
                "safari": {
                    "version_added": false
                },
                "safari_ios": "mirror",
                "samsunginternet_android": "mirror",
                "webview_android": "mirror",
                "edge_blink": {
                    "version_added": "79"
                }
            },
            "title": "OrientationSensor: quaternion property"
        }
    ],
    "orientationsensor-interface": [
        {
            "engines": [
                "blink"
            ],
            "filename": "api/OrientationSensor.json",
            "name": "OrientationSensor",
            "slug": "API/OrientationSensor",
            "mdn_url": "https://developer.mozilla.org/en-US/docs/Web/API/OrientationSensor",
            "summary": "The OrientationSensor interface of the Sensor APIs is the base class for orientation sensors. This interface cannot be used directly. Instead it provides properties and methods accessed by interfaces that inherit from it.",
            "support": {
                "chrome": {
                    "version_added": "67"
                },
                "chrome_android": "mirror",
                "edge": "mirror",
                "firefox": {
                    "version_added": false
                },
                "firefox_android": "mirror",
                "ie": {
                    "version_added": false
                },
                "oculus": "mirror",
                "opera": "mirror",
                "opera_android": "mirror",
                "safari": {
                    "version_added": false
                },
                "safari_ios": "mirror",
                "samsunginternet_android": "mirror",
                "webview_android": "mirror",
                "edge_blink": {
                    "version_added": "79"
                }
            },
            "title": "OrientationSensor"
        }
    ],
    "dom-relativeorientationsensor-relativeorientationsensor": [
        {
            "engines": [
                "blink"
            ],
            "filename": "api/RelativeOrientationSensor.json",
            "name": "RelativeOrientationSensor",
            "slug": "API/RelativeOrientationSensor/RelativeOrientationSensor",
            "mdn_url": "https://developer.mozilla.org/en-US/docs/Web/API/RelativeOrientationSensor/RelativeOrientationSensor",
            "summary": "The RelativeOrientationSensor() constructor creates a new RelativeOrientationSensor object which describes the device's physical orientation.",
            "support": {
                "chrome": {
                    "version_added": "67"
                },
                "chrome_android": "mirror",
                "edge": "mirror",
                "firefox": {
                    "version_added": false
                },
                "firefox_android": "mirror",
                "ie": {
                    "version_added": false
                },
                "oculus": "mirror",
                "opera": "mirror",
                "opera_android": "mirror",
                "safari": {
                    "version_added": false
                },
                "safari_ios": "mirror",
                "samsunginternet_android": "mirror",
                "webview_android": "mirror",
                "edge_blink": {
                    "version_added": "79"
                }
            },
            "title": "RelativeOrientationSensor: RelativeOrientationSensor() constructor"
        }
    ],
    "relativeorientationsensor-interface": [
        {
            "engines": [
                "blink"
            ],
            "filename": "api/RelativeOrientationSensor.json",
            "name": "RelativeOrientationSensor",
            "slug": "API/RelativeOrientationSensor",
            "mdn_url": "https://developer.mozilla.org/en-US/docs/Web/API/RelativeOrientationSensor",
            "summary": "The RelativeOrientationSensor interface of the Sensor APIs describes the device's physical orientation without regard to the Earth's reference coordinate system.",
            "support": {
                "chrome": {
                    "version_added": "67"
                },
                "chrome_android": "mirror",
                "edge": "mirror",
                "firefox": {
                    "version_added": false
                },
                "firefox_android": "mirror",
                "ie": {
                    "version_added": false
                },
                "oculus": "mirror",
                "opera": "mirror",
                "opera_android": "mirror",
                "safari": {
                    "version_added": false
                },
                "safari_ios": "mirror",
                "samsunginternet_android": "mirror",
                "webview_android": "mirror",
                "edge_blink": {
                    "version_added": "79"
                }
            },
            "title": "RelativeOrientationSensor"
        }
    ]
}
