{
    "ref-for-dom-performance-measureuseragentspecificmemory⑤": [
        {
            "engines": [
                "blink"
            ],
            "filename": "api/Performance.json",
            "name": "measureUserAgentSpecificMemory",
            "slug": "API/Performance/measureUserAgentSpecificMemory",
            "mdn_url": "https://developer.mozilla.org/en-US/docs/Web/API/Performance/measureUserAgentSpecificMemory",
            "summary": "The measureUserAgentSpecificMemory() method is used to estimate the memory usage of a web application including all its iframes and workers.",
            "support": {
                "chrome": {
                    "version_added": "89"
                },
                "chrome_android": "mirror",
                "deno": {
                    "version_added": false
                },
                "edge": "mirror",
                "firefox": {
                    "version_added": false
                },
                "firefox_android": "mirror",
                "ie": {
                    "version_added": false
                },
                "nodejs": {
                    "version_added": false
                },
                "oculus": "mirror",
                "opera": "mirror",
                "opera_android": "mirror",
                "safari": {
                    "version_added": false
                },
                "safari_ios": "mirror",
                "samsunginternet_android": "mirror",
                "webview_android": "mirror",
                "edge_blink": {
                    "version_added": "89"
                }
            },
            "title": "Performance: measureUserAgentSpecificMemory() method"
        }
    ]
}
