{
    "iframe": [
        {
            "engines": [],
            "filename": "api/HTMLIFrameElement.json",
            "name": "fetchPriority",
            "slug": "API/HTMLIFrameElement/fetchPriority",
            "mdn_url": "https://developer.mozilla.org/en-US/docs/Web/API/HTMLIFrameElement/fetchPriority",
            "summary": "The HTMLIFrameElement interface provides special properties and methods (beyond those of the HTMLElement interface it also has available to it by inheritance) for manipulating the layout and presentation of inline frame elements.",
            "support": {
                "chrome": {
                    "version_added": false,
                    "notes": "See <a href='https://crbug.com/1345601'>bug 1345601</a>."
                },
                "chrome_android": "mirror",
                "edge": "mirror",
                "firefox": {
                    "version_added": false
                },
                "firefox_android": "mirror",
                "ie": {
                    "version_added": false
                },
                "oculus": "mirror",
                "opera": "mirror",
                "opera_android": "mirror",
                "safari": {
                    "version_added": false
                },
                "safari_ios": "mirror",
                "samsunginternet_android": "mirror",
                "webview_android": "mirror",
                "edge_blink": {
                    "version_added": false,
                    "notes": "See <a href='https://crbug.com/1345601'>bug 1345601</a>."
                }
            },
            "title": "HTMLIFrameElement"
        }
    ],
    "img": [
        {
            "engines": [
                "blink"
            ],
            "filename": "api/HTMLImageElement.json",
            "name": "fetchPriority",
            "slug": "API/HTMLImageElement/fetchPriority",
            "mdn_url": "https://developer.mozilla.org/en-US/docs/Web/API/HTMLImageElement/fetchPriority",
            "summary": "The fetchPriority property of the HTMLImageElement interface represents a hint given to the browser on how it should prioritize the fetch of the image relative to other images.",
            "support": {
                "chrome": [
                    {
                        "version_added": "102"
                    },
                    {
                        "version_added": "101",
                        "version_removed": "102",
                        "alternative_name": "fetchpriority"
                    }
                ],
                "chrome_android": "mirror",
                "edge": "mirror",
                "firefox": {
                    "version_added": false
                },
                "firefox_android": "mirror",
                "ie": {
                    "version_added": false
                },
                "oculus": "mirror",
                "opera": "mirror",
                "opera_android": "mirror",
                "safari": {
                    "version_added": false
                },
                "safari_ios": "mirror",
                "samsunginternet_android": "mirror",
                "webview_android": "mirror",
                "edge_blink": [
                    {
                        "version_added": "102"
                    },
                    {
                        "version_added": false,
                        "version_removed": "102",
                        "alternative_name": "fetchpriority"
                    }
                ]
            },
            "title": "HTMLImageElement: fetchPriority property"
        }
    ],
    "link": [
        {
            "engines": [
                "blink"
            ],
            "filename": "api/HTMLLinkElement.json",
            "name": "fetchPriority",
            "slug": "API/HTMLLinkElement/fetchPriority",
            "mdn_url": "https://developer.mozilla.org/en-US/docs/Web/API/HTMLLinkElement/fetchPriority",
            "summary": "The fetchPriority property of the HTMLLinkElement interface represents a hint given to the browser on how it should prioritize the preload of the given resource relative to other resources of the same type.",
            "support": {
                "chrome": [
                    {
                        "version_added": "102"
                    },
                    {
                        "version_added": "101",
                        "version_removed": "102",
                        "alternative_name": "fetchpriority"
                    }
                ],
                "chrome_android": "mirror",
                "edge": "mirror",
                "firefox": {
                    "version_added": false
                },
                "firefox_android": "mirror",
                "ie": {
                    "version_added": false
                },
                "oculus": "mirror",
                "opera": "mirror",
                "opera_android": "mirror",
                "safari": {
                    "version_added": false
                },
                "safari_ios": "mirror",
                "samsunginternet_android": "mirror",
                "webview_android": "mirror",
                "edge_blink": [
                    {
                        "version_added": "102"
                    },
                    {
                        "version_added": false,
                        "version_removed": "102",
                        "alternative_name": "fetchpriority"
                    }
                ]
            },
            "title": "HTMLLinkElement: fetchPriority property"
        }
    ]
}
