{
    "atomics.waitasync": [
        {
            "engines": [
                "blink",
                "webkit"
            ],
            "filename": "javascript/builtins/Atomics.json",
            "name": "waitAsync",
            "slug": "JavaScript/Reference/Global_Objects/Atomics/waitAsync",
            "mdn_url": "https://developer.mozilla.org/en-US/docs/Web/JavaScript/Reference/Global_Objects/Atomics/waitAsync",
            "summary": "The Atomics.waitAsync() static method waits asynchronously on a shared memory location and returns a Promise.",
            "support": {
                "chrome": {
                    "version_added": "87"
                },
                "chrome_android": {
                    "version_added": "89"
                },
                "deno": {
                    "version_added": "1.4"
                },
                "edge": "mirror",
                "firefox": {
                    "version_added": false
                },
                "firefox_android": "mirror",
                "ie": {
                    "version_added": false
                },
                "nodejs": {
                    "version_added": "16.0.0"
                },
                "oculus": "mirror",
                "opera": {
                    "version_added": "75"
                },
                "opera_android": "mirror",
                "safari": {
                    "version_added": "16.4"
                },
                "safari_ios": "mirror",
                "samsunginternet_android": "mirror",
                "webview_android": "mirror",
                "edge_blink": {
                    "version_added": "87"
                }
            },
            "title": "Atomics.waitAsync()"
        }
    ]
}
