{
    "sec-array.fromAsync": [
        {
            "engines": [
                "gecko",
                "webkit"
            ],
            "filename": "javascript/builtins/Array.json",
            "name": "fromAsync",
            "slug": "JavaScript/Reference/Global_Objects/Array/fromAsync",
            "mdn_url": "https://developer.mozilla.org/en-US/docs/Web/JavaScript/Reference/Global_Objects/Array/fromAsync",
            "summary": "The Array.fromAsync() static method creates a new, shallow-copied Array instance from an async iterable, iterable, or array-like object.",
            "support": {
                "chrome": {
                    "version_added": false
                },
                "chrome_android": "mirror",
                "deno": {
                    "version_added": false
                },
                "edge": "mirror",
                "firefox": {
                    "version_added": "115"
                },
                "firefox_android": "mirror",
                "ie": {
                    "version_added": false
                },
                "nodejs": {
                    "version_added": false
                },
                "oculus": "mirror",
                "opera": "mirror",
                "opera_android": "mirror",
                "safari": {
                    "version_added": "16.4"
                },
                "safari_ios": "mirror",
                "samsunginternet_android": "mirror",
                "webview_android": "mirror",
                "edge_blink": {
                    "version_added": false
                }
            },
            "title": "Array.fromAsync()"
        }
    ]
}
