{
    "sec-get-arraybuffer.prototype.maxbytelength": [
        {
            "engines": [
                "blink",
                "webkit"
            ],
            "filename": "javascript/builtins/ArrayBuffer.json",
            "name": "maxByteLength",
            "slug": "JavaScript/Reference/Global_Objects/ArrayBuffer/maxByteLength",
            "mdn_url": "https://developer.mozilla.org/en-US/docs/Web/JavaScript/Reference/Global_Objects/ArrayBuffer/maxByteLength",
            "summary": "The maxByteLength accessor property of ArrayBuffer instances returns the maximum length (in bytes) that this array buffer can be resized to.",
            "support": {
                "chrome": {
                    "version_added": "111"
                },
                "chrome_android": "mirror",
                "deno": {
                    "version_added": "1.33"
                },
                "edge": "mirror",
                "firefox": {
                    "version_added": false
                },
                "firefox_android": "mirror",
                "ie": {
                    "version_added": false
                },
                "nodejs": {
                    "version_added": "20.0.0"
                },
                "oculus": "mirror",
                "opera": "mirror",
                "opera_android": "mirror",
                "safari": {
                    "version_added": "16.4"
                },
                "safari_ios": "mirror",
                "samsunginternet_android": "mirror",
                "webview_android": "mirror",
                "edge_blink": {
                    "version_added": "111"
                }
            },
            "title": "ArrayBuffer.prototype.maxByteLength"
        }
    ],
    "sec-get-arraybuffer.prototype.resizable": [
        {
            "engines": [
                "blink",
                "webkit"
            ],
            "filename": "javascript/builtins/ArrayBuffer.json",
            "name": "resizable",
            "slug": "JavaScript/Reference/Global_Objects/ArrayBuffer/resizable",
            "mdn_url": "https://developer.mozilla.org/en-US/docs/Web/JavaScript/Reference/Global_Objects/ArrayBuffer/resizable",
            "summary": "The resizable accessor property of ArrayBuffer instances returns whether this array buffer can be resized or not.",
            "support": {
                "chrome": {
                    "version_added": "111"
                },
                "chrome_android": "mirror",
                "deno": {
                    "version_added": "1.33"
                },
                "edge": "mirror",
                "firefox": {
                    "version_added": false
                },
                "firefox_android": "mirror",
                "ie": {
                    "version_added": false
                },
                "nodejs": {
                    "version_added": "20.0.0"
                },
                "oculus": "mirror",
                "opera": "mirror",
                "opera_android": "mirror",
                "safari": {
                    "version_added": "16.4"
                },
                "safari_ios": "mirror",
                "samsunginternet_android": "mirror",
                "webview_android": "mirror",
                "edge_blink": {
                    "version_added": "111"
                }
            },
            "title": "ArrayBuffer.prototype.resizable"
        }
    ],
    "sec-arraybuffer.prototype.resize": [
        {
            "engines": [
                "blink",
                "webkit"
            ],
            "filename": "javascript/builtins/ArrayBuffer.json",
            "name": "resize",
            "slug": "JavaScript/Reference/Global_Objects/ArrayBuffer/resize",
            "mdn_url": "https://developer.mozilla.org/en-US/docs/Web/JavaScript/Reference/Global_Objects/ArrayBuffer/resize",
            "summary": "The resize() method of ArrayBuffer instances resizes the ArrayBuffer to the specified size, in bytes.",
            "support": {
                "chrome": {
                    "version_added": "111"
                },
                "chrome_android": "mirror",
                "deno": {
                    "version_added": "1.33"
                },
                "edge": "mirror",
                "firefox": {
                    "version_added": false
                },
                "firefox_android": "mirror",
                "ie": {
                    "version_added": false
                },
                "nodejs": {
                    "version_added": "20.0.0"
                },
                "oculus": "mirror",
                "opera": "mirror",
                "opera_android": "mirror",
                "safari": {
                    "version_added": "16.4"
                },
                "safari_ios": "mirror",
                "samsunginternet_android": "mirror",
                "webview_android": "mirror",
                "edge_blink": {
                    "version_added": "111"
                }
            },
            "title": "ArrayBuffer.prototype.resize()"
        }
    ],
    "sec-sharedarraybuffer.prototype.grow": [
        {
            "engines": [
                "blink",
                "webkit"
            ],
            "filename": "javascript/builtins/SharedArrayBuffer.json",
            "name": "grow",
            "slug": "JavaScript/Reference/Global_Objects/SharedArrayBuffer/grow",
            "mdn_url": "https://developer.mozilla.org/en-US/docs/Web/JavaScript/Reference/Global_Objects/SharedArrayBuffer/grow",
            "summary": "The grow() method of SharedArrayBuffer instances grows the SharedArrayBuffer to the specified size, in bytes.",
            "support": {
                "chrome": {
                    "version_added": "111"
                },
                "chrome_android": "mirror",
                "deno": {
                    "version_added": "1.33"
                },
                "edge": "mirror",
                "firefox": {
                    "version_added": false
                },
                "firefox_android": "mirror",
                "ie": {
                    "version_added": false
                },
                "nodejs": {
                    "version_added": "20.0.0"
                },
                "oculus": "mirror",
                "opera": "mirror",
                "opera_android": "mirror",
                "safari": {
                    "version_added": "16.4"
                },
                "safari_ios": "mirror",
                "samsunginternet_android": "mirror",
                "webview_android": {
                    "version_added": false
                },
                "edge_blink": {
                    "version_added": "111"
                }
            },
            "title": "SharedArrayBuffer.prototype.grow()"
        }
    ],
    "sec-get-sharedarraybuffer.prototype.growable": [
        {
            "engines": [
                "blink",
                "webkit"
            ],
            "filename": "javascript/builtins/SharedArrayBuffer.json",
            "name": "growable",
            "slug": "JavaScript/Reference/Global_Objects/SharedArrayBuffer/growable",
            "mdn_url": "https://developer.mozilla.org/en-US/docs/Web/JavaScript/Reference/Global_Objects/SharedArrayBuffer/growable",
            "summary": "The growable accessor property of SharedArrayBuffer instances returns whether this SharedArrayBuffer can be grow or not.",
            "support": {
                "chrome": {
                    "version_added": "111"
                },
                "chrome_android": "mirror",
                "deno": {
                    "version_added": "1.33"
                },
                "edge": "mirror",
                "firefox": {
                    "version_added": false
                },
                "firefox_android": "mirror",
                "ie": {
                    "version_added": false
                },
                "nodejs": {
                    "version_added": "20.0.0"
                },
                "oculus": "mirror",
                "opera": "mirror",
                "opera_android": "mirror",
                "safari": {
                    "version_added": "16.4"
                },
                "safari_ios": "mirror",
                "samsunginternet_android": "mirror",
                "webview_android": {
                    "version_added": false
                },
                "edge_blink": {
                    "version_added": "111"
                }
            },
            "title": "SharedArrayBuffer.prototype.growable"
        }
    ],
    "sec-get-sharedarraybuffer.prototype.maxbytelength": [
        {
            "engines": [
                "blink",
                "webkit"
            ],
            "filename": "javascript/builtins/SharedArrayBuffer.json",
            "name": "maxByteLength",
            "slug": "JavaScript/Reference/Global_Objects/SharedArrayBuffer/maxByteLength",
            "mdn_url": "https://developer.mozilla.org/en-US/docs/Web/JavaScript/Reference/Global_Objects/SharedArrayBuffer/maxByteLength",
            "summary": "The maxByteLength accessor property of SharedArrayBuffer instances returns the maximum length (in bytes) that this SharedArrayBuffer can be grown to.",
            "support": {
                "chrome": {
                    "version_added": "111"
                },
                "chrome_android": "mirror",
                "deno": {
                    "version_added": "1.33"
                },
                "edge": "mirror",
                "firefox": {
                    "version_added": false
                },
                "firefox_android": "mirror",
                "ie": {
                    "version_added": false
                },
                "nodejs": {
                    "version_added": "20.0.0"
                },
                "oculus": "mirror",
                "opera": "mirror",
                "opera_android": "mirror",
                "safari": {
                    "version_added": "16.4"
                },
                "safari_ios": "mirror",
                "samsunginternet_android": "mirror",
                "webview_android": {
                    "version_added": false
                },
                "edge_blink": {
                    "version_added": "111"
                }
            },
            "title": "SharedArrayBuffer.prototype.maxByteLength"
        }
    ]
}
