{
    "dom-report-body": [
        {
            "engines": [
                "blink",
                "webkit"
            ],
            "filename": "api/Report.json",
            "name": "body",
            "slug": "API/Report/body",
            "mdn_url": "https://developer.mozilla.org/en-US/docs/Web/API/Report/body",
            "summary": "The body read-only property of the Report interface returns the body of the report, which is a ReportBody object containing the detailed report information.",
            "support": {
                "chrome": {
                    "version_added": "69"
                },
                "chrome_android": "mirror",
                "edge": "mirror",
                "firefox": {
                    "version_added": false
                },
                "firefox_android": "mirror",
                "ie": {
                    "version_added": false
                },
                "oculus": "mirror",
                "opera": "mirror",
                "opera_android": "mirror",
                "safari": {
                    "version_added": "16.4"
                },
                "safari_ios": "mirror",
                "samsunginternet_android": "mirror",
                "webview_android": "mirror",
                "edge_blink": {
                    "version_added": "79"
                }
            },
            "title": "Report: body property"
        }
    ],
    "dom-report-type": [
        {
            "engines": [
                "blink",
                "webkit"
            ],
            "filename": "api/Report.json",
            "name": "type",
            "slug": "API/Report/type",
            "mdn_url": "https://developer.mozilla.org/en-US/docs/Web/API/Report/type",
            "summary": "The type read-only property of the Report interface returns the type of report generated, e.g. deprecation or intervention.",
            "support": {
                "chrome": {
                    "version_added": "69"
                },
                "chrome_android": "mirror",
                "edge": "mirror",
                "firefox": {
                    "version_added": false
                },
                "firefox_android": "mirror",
                "ie": {
                    "version_added": false
                },
                "oculus": "mirror",
                "opera": "mirror",
                "opera_android": "mirror",
                "safari": {
                    "version_added": "16.4"
                },
                "safari_ios": "mirror",
                "samsunginternet_android": "mirror",
                "webview_android": "mirror",
                "edge_blink": {
                    "version_added": "79"
                }
            },
            "title": "Report: type property"
        }
    ],
    "dom-report-url": [
        {
            "engines": [
                "blink",
                "webkit"
            ],
            "filename": "api/Report.json",
            "name": "url",
            "slug": "API/Report/url",
            "mdn_url": "https://developer.mozilla.org/en-US/docs/Web/API/Report/url",
            "summary": "The url read-only property of the Report interface returns the URL of the document that generated the report.",
            "support": {
                "chrome": {
                    "version_added": "69"
                },
                "chrome_android": "mirror",
                "edge": "mirror",
                "firefox": {
                    "version_added": false
                },
                "firefox_android": "mirror",
                "ie": {
                    "version_added": false
                },
                "oculus": "mirror",
                "opera": "mirror",
                "opera_android": "mirror",
                "safari": {
                    "version_added": "16.4"
                },
                "safari_ios": "mirror",
                "samsunginternet_android": "mirror",
                "webview_android": "mirror",
                "edge_blink": {
                    "version_added": "79"
                }
            },
            "title": "Report: url property"
        }
    ],
    "dom-report": [
        {
            "engines": [
                "blink",
                "webkit"
            ],
            "filename": "api/Report.json",
            "name": "Report",
            "slug": "API/Report",
            "mdn_url": "https://developer.mozilla.org/en-US/docs/Web/API/Report",
            "summary": "The Report interface of the Reporting API represents a single report.",
            "support": {
                "chrome": {
                    "version_added": "69"
                },
                "chrome_android": "mirror",
                "edge": "mirror",
                "firefox": {
                    "version_added": false
                },
                "firefox_android": "mirror",
                "ie": {
                    "version_added": false
                },
                "oculus": "mirror",
                "opera": "mirror",
                "opera_android": "mirror",
                "safari": {
                    "version_added": "16.4"
                },
                "safari_ios": "mirror",
                "samsunginternet_android": "mirror",
                "webview_android": "mirror",
                "edge_blink": {
                    "version_added": "79"
                }
            },
            "title": "Report"
        }
    ],
    "reportbody": [
        {
            "engines": [
                "blink",
                "webkit"
            ],
            "filename": "api/ReportBody.json",
            "name": "ReportBody",
            "slug": "API/ReportBody",
            "mdn_url": "https://developer.mozilla.org/en-US/docs/Web/API/ReportBody",
            "summary": "The ReportBody interface of the Reporting API represents the body of a report. Individual report types inherit from this interface, adding specific attributes relevant to the particular report.",
            "support": {
                "chrome": {
                    "version_added": "69"
                },
                "chrome_android": "mirror",
                "edge": "mirror",
                "firefox": {
                    "version_added": false
                },
                "firefox_android": "mirror",
                "ie": {
                    "version_added": false
                },
                "oculus": "mirror",
                "opera": "mirror",
                "opera_android": "mirror",
                "safari": {
                    "version_added": "16.4"
                },
                "safari_ios": "mirror",
                "samsunginternet_android": "mirror",
                "webview_android": "mirror",
                "edge_blink": {
                    "version_added": "79"
                }
            },
            "title": "ReportBody"
        }
    ],
    "dom-reportingobserver-reportingobserver": [
        {
            "engines": [
                "blink",
                "webkit"
            ],
            "filename": "api/ReportingObserver.json",
            "name": "ReportingObserver",
            "slug": "API/ReportingObserver/ReportingObserver",
            "mdn_url": "https://developer.mozilla.org/en-US/docs/Web/API/ReportingObserver/ReportingObserver",
            "summary": "The ReportingObserver() constructor of the Reporting API creates a new ReportingObserver object instance, which can be used to collect and access reports.",
            "support": {
                "chrome": {
                    "version_added": "69"
                },
                "chrome_android": "mirror",
                "edge": "mirror",
                "firefox": {
                    "version_added": false
                },
                "firefox_android": "mirror",
                "ie": {
                    "version_added": false
                },
                "oculus": "mirror",
                "opera": "mirror",
                "opera_android": "mirror",
                "safari": {
                    "version_added": "16.4"
                },
                "safari_ios": "mirror",
                "samsunginternet_android": "mirror",
                "webview_android": "mirror",
                "edge_blink": {
                    "version_added": "79"
                }
            },
            "title": "ReportingObserver: ReportingObserver() constructor"
        }
    ],
    "dom-reportingobserver-disconnect": [
        {
            "engines": [
                "blink",
                "webkit"
            ],
            "filename": "api/ReportingObserver.json",
            "name": "disconnect",
            "slug": "API/ReportingObserver/disconnect",
            "mdn_url": "https://developer.mozilla.org/en-US/docs/Web/API/ReportingObserver/disconnect",
            "summary": "The disconnect() method of the ReportingObserver interface stops a reporting observer that had previously started observing from collecting reports.",
            "support": {
                "chrome": {
                    "version_added": "69"
                },
                "chrome_android": "mirror",
                "edge": "mirror",
                "firefox": {
                    "version_added": false
                },
                "firefox_android": "mirror",
                "ie": {
                    "version_added": false
                },
                "oculus": "mirror",
                "opera": "mirror",
                "opera_android": "mirror",
                "safari": {
                    "version_added": "16.4"
                },
                "safari_ios": "mirror",
                "samsunginternet_android": "mirror",
                "webview_android": "mirror",
                "edge_blink": {
                    "version_added": "79"
                }
            },
            "title": "ReportingObserver: disconnect() method"
        }
    ],
    "dom-reportingobserver-observe": [
        {
            "engines": [
                "blink",
                "webkit"
            ],
            "filename": "api/ReportingObserver.json",
            "name": "observe",
            "slug": "API/ReportingObserver/observe",
            "mdn_url": "https://developer.mozilla.org/en-US/docs/Web/API/ReportingObserver/observe",
            "summary": "The observe() method of the ReportingObserver interface instructs a reporting observer to start collecting reports in its report queue.",
            "support": {
                "chrome": {
                    "version_added": "69"
                },
                "chrome_android": "mirror",
                "edge": "mirror",
                "firefox": {
                    "version_added": false
                },
                "firefox_android": "mirror",
                "ie": {
                    "version_added": false
                },
                "oculus": "mirror",
                "opera": "mirror",
                "opera_android": "mirror",
                "safari": {
                    "version_added": "16.4"
                },
                "safari_ios": "mirror",
                "samsunginternet_android": "mirror",
                "webview_android": "mirror",
                "edge_blink": {
                    "version_added": "79"
                }
            },
            "title": "ReportingObserver: observe() method"
        }
    ],
    "dom-reportingobserver-takerecords": [
        {
            "engines": [
                "blink",
                "webkit"
            ],
            "filename": "api/ReportingObserver.json",
            "name": "takeRecords",
            "slug": "API/ReportingObserver/takeRecords",
            "mdn_url": "https://developer.mozilla.org/en-US/docs/Web/API/ReportingObserver/takeRecords",
            "summary": "The takeRecords() method of the ReportingObserver interface returns the current list of reports contained in the observer's report queue, and empties the queue.",
            "support": {
                "chrome": {
                    "version_added": "69"
                },
                "chrome_android": "mirror",
                "edge": "mirror",
                "firefox": {
                    "version_added": false
                },
                "firefox_android": "mirror",
                "ie": {
                    "version_added": false
                },
                "oculus": "mirror",
                "opera": "mirror",
                "opera_android": "mirror",
                "safari": {
                    "version_added": "16.4"
                },
                "safari_ios": "mirror",
                "samsunginternet_android": "mirror",
                "webview_android": "mirror",
                "edge_blink": {
                    "version_added": "79"
                }
            },
            "title": "ReportingObserver: takeRecords() method"
        }
    ],
    "interface-reporting-observer": [
        {
            "engines": [
                "blink",
                "webkit"
            ],
            "filename": "api/ReportingObserver.json",
            "name": "ReportingObserver",
            "slug": "API/ReportingObserver",
            "mdn_url": "https://developer.mozilla.org/en-US/docs/Web/API/ReportingObserver",
            "summary": "The ReportingObserver interface of the Reporting API allows you to collect and access reports.",
            "support": {
                "chrome": {
                    "version_added": "69"
                },
                "chrome_android": "mirror",
                "edge": "mirror",
                "firefox": {
                    "version_added": false
                },
                "firefox_android": "mirror",
                "ie": {
                    "version_added": false
                },
                "oculus": "mirror",
                "opera": "mirror",
                "opera_android": "mirror",
                "safari": {
                    "version_added": "16.4"
                },
                "safari_ios": "mirror",
                "samsunginternet_android": "mirror",
                "webview_android": "mirror",
                "edge_blink": {
                    "version_added": "79"
                }
            },
            "title": "ReportingObserver"
        }
    ]
}
