{
    "section-2": [
        {
            "engines": [
                "blink",
                "gecko",
                "webkit"
            ],
            "filename": "http/data-url.json",
            "name": "data-url",
            "slug": "HTTP/Basics_of_HTTP/Data_URIs",
            "mdn_url": "https://developer.mozilla.org/en-US/docs/Web/HTTP/Basics_of_HTTP/Data_URIs",
            "summary": "Data URLs, URLs prefixed with the data: scheme, allow content creators to embed small files inline in documents. They were formerly known as \"data URIs\" until that name was retired by the WHATWG.",
            "support": {
                "chrome": {
                    "version_added": true
                },
                "chrome_android": "mirror",
                "edge": {
                    "version_added": "12"
                },
                "firefox": {
                    "version_added": true
                },
                "firefox_android": "mirror",
                "ie": {
                    "version_added": "8",
                    "notes": [
                        "Since Internet Explorer 9, the maximum size supported is 4GB.",
                        "In Internet Explorer 8, the maximum size supported is 32kB."
                    ]
                },
                "oculus": "mirror",
                "opera": {
                    "version_added": "7.2"
                },
                "opera_android": "mirror",
                "safari": {
                    "version_added": true
                },
                "safari_ios": "mirror",
                "samsunginternet_android": "mirror",
                "webview_android": "mirror",
                "edge_blink": {
                    "version_added": true
                }
            },
            "title": "Data URLs"
        }
    ]
}
