{
    "cookie": [
        {
            "engines": [
                "blink",
                "gecko",
                "webkit"
            ],
            "filename": "http/headers/Cookie.json",
            "name": "Cookie",
            "slug": "HTTP/Headers/Cookie",
            "mdn_url": "https://developer.mozilla.org/en-US/docs/Web/HTTP/Headers/Cookie",
            "summary": "The Cookie HTTP request header contains stored HTTP cookies associated with the server (i.e. previously sent by the server with the Set-Cookie header or set in JavaScript using Document.cookie).",
            "support": {
                "chrome": {
                    "version_added": "1"
                },
                "chrome_android": "mirror",
                "edge": {
                    "version_added": "12"
                },
                "firefox": {
                    "version_added": true
                },
                "firefox_android": "mirror",
                "ie": {
                    "version_added": true
                },
                "oculus": "mirror",
                "opera": "mirror",
                "opera_android": "mirror",
                "safari": {
                    "version_added": true
                },
                "safari_ios": "mirror",
                "samsunginternet_android": "mirror",
                "webview_android": "mirror",
                "edge_blink": {
                    "version_added": "79"
                }
            },
            "title": "Cookie"
        }
    ],
    "sane-set-cookie": [
        {
            "engines": [
                "blink",
                "gecko",
                "webkit"
            ],
            "filename": "http/headers/Set-Cookie.json",
            "name": "SameSite",
            "slug": "HTTP/Headers/Set-Cookie#samesitesamesite-value",
            "mdn_url": "https://developer.mozilla.org/en-US/docs/Web/HTTP/Headers/Set-Cookie#samesitesamesite-value",
            "summary": "The Set-Cookie HTTP response header is used to send a cookie from the server to the user agent, so that the user agent can send it back to the server later. To send multiple cookies, multiple Set-Cookie headers should be sent in the same response.",
            "support": {
                "chrome": {
                    "version_added": "51"
                },
                "chrome_android": "mirror",
                "edge": {
                    "version_added": "16"
                },
                "firefox": {
                    "version_added": "60"
                },
                "firefox_android": "mirror",
                "ie": {
                    "version_added": "11"
                },
                "oculus": "mirror",
                "opera": {
                    "version_added": "39"
                },
                "opera_android": "mirror",
                "safari": [
                    {
                        "version_added": "13",
                        "notes": "Safari 13 on macOS 10.14 (Mojave), treats <code>SameSite=None</code> and invalid values as <code>Strict</code>. This is fixed in version 10.15 (Catalina) and later."
                    },
                    {
                        "version_added": "12",
                        "partial_implementation": true,
                        "notes": "Treats <code>SameSite=None</code> and invalid values as <code>Strict</code> in macOS before 10.15 Catalina. See <a href='https://webkit.org/b/198181'>bug 198181</a>."
                    }
                ],
                "safari_ios": [
                    {
                        "version_added": "13"
                    },
                    {
                        "version_added": "12.2",
                        "partial_implementation": true,
                        "notes": "Treats <code>SameSite=None</code> and invalid values as <code>Strict</code> in iOS before 13. See <a href='https://webkit.org/b/198181'>bug 198181</a>."
                    }
                ],
                "samsunginternet_android": "mirror",
                "webview_android": "mirror",
                "edge_blink": {
                    "version_added": "79"
                }
            },
            "title": "Set-Cookie"
        },
        {
            "engines": [
                "blink",
                "gecko",
                "webkit"
            ],
            "filename": "http/headers/Set-Cookie.json",
            "name": "Set-Cookie",
            "slug": "HTTP/Headers/Set-Cookie",
            "mdn_url": "https://developer.mozilla.org/en-US/docs/Web/HTTP/Headers/Set-Cookie",
            "summary": "The Set-Cookie HTTP response header is used to send a cookie from the server to the user agent, so that the user agent can send it back to the server later. To send multiple cookies, multiple Set-Cookie headers should be sent in the same response.",
            "support": {
                "chrome": {
                    "version_added": "1"
                },
                "chrome_android": "mirror",
                "edge": {
                    "version_added": "12"
                },
                "firefox": {
                    "version_added": true
                },
                "firefox_android": "mirror",
                "ie": {
                    "version_added": true
                },
                "oculus": "mirror",
                "opera": {
                    "version_added": "12.1"
                },
                "opera_android": "mirror",
                "safari": {
                    "version_added": true
                },
                "safari_ios": "mirror",
                "samsunginternet_android": "mirror",
                "webview_android": "mirror",
                "edge_blink": {
                    "version_added": "79"
                }
            },
            "title": "Set-Cookie"
        }
    ]
}
