{
    "section-7": [
        {
            "engines": [
                "blink",
                "gecko",
                "webkit"
            ],
            "filename": "http/headers/Origin.json",
            "name": "Origin",
            "slug": "HTTP/Headers/Origin",
            "mdn_url": "https://developer.mozilla.org/en-US/docs/Web/HTTP/Headers/Origin",
            "summary": "The Origin request header indicates the origin (scheme, hostname, and port) that caused the request. For example, if a user agent needs to request resources included in a page, or fetched by scripts that it executes, then the origin of the page may be included in the request.",
            "support": {
                "chrome": {
                    "version_added": true
                },
                "chrome_android": "mirror",
                "edge": {
                    "version_added": "12"
                },
                "firefox": [
                    {
                        "version_added": "70"
                    },
                    {
                        "version_added": true,
                        "partial_implementation": true,
                        "notes": "Not sent with <code>POST</code> requests until Firefox 58, see <a href='https://bugzil.la/446344'>bug 446344</a>."
                    }
                ],
                "firefox_android": "mirror",
                "ie": {
                    "version_added": true
                },
                "oculus": "mirror",
                "opera": "mirror",
                "opera_android": "mirror",
                "safari": {
                    "version_added": true
                },
                "safari_ios": "mirror",
                "samsunginternet_android": "mirror",
                "webview_android": "mirror",
                "edge_blink": {
                    "version_added": true
                }
            },
            "title": "Origin"
        }
    ]
}
