{
    "section-6.1": [
        {
            "engines": [
                "blink",
                "gecko",
                "webkit"
            ],
            "filename": "http/headers/Strict-Transport-Security.json",
            "name": "Strict-Transport-Security",
            "slug": "HTTP/Headers/Strict-Transport-Security",
            "mdn_url": "https://developer.mozilla.org/en-US/docs/Web/HTTP/Headers/Strict-Transport-Security",
            "summary": "The HTTP Strict-Transport-Security response header (often abbreviated as HSTS) informs browsers that the site should only be accessed using HTTPS, and that any future attempts to access it using HTTP should automatically be converted to HTTPS.",
            "support": {
                "chrome": {
                    "version_added": "4"
                },
                "chrome_android": "mirror",
                "edge": {
                    "version_added": "12"
                },
                "firefox": {
                    "version_added": "4"
                },
                "firefox_android": {
                    "version_added": true
                },
                "ie": {
                    "version_added": "11"
                },
                "oculus": "mirror",
                "opera": {
                    "version_added": "12"
                },
                "opera_android": {
                    "version_added": null
                },
                "safari": {
                    "version_added": "7"
                },
                "safari_ios": "mirror",
                "samsunginternet_android": "mirror",
                "webview_android": "mirror",
                "edge_blink": {
                    "version_added": "79"
                }
            },
            "title": "Strict-Transport-Security"
        }
    ]
}
