{
    "section-4.2": [
        {
            "engines": [
                "blink",
                "gecko",
                "webkit"
            ],
            "filename": "http/headers/Content-Disposition.json",
            "name": "Content-Disposition",
            "slug": "HTTP/Headers/Content-Disposition",
            "mdn_url": "https://developer.mozilla.org/en-US/docs/Web/HTTP/Headers/Content-Disposition",
            "summary": "In a regular HTTP response, the Content-Disposition response header is a header indicating if the content is expected to be displayed inline in the browser, that is, as a Web page or as part of a Web page, or as an attachment, that is downloaded and saved locally.",
            "support": {
                "chrome": {
                    "version_added": true
                },
                "chrome_android": "mirror",
                "edge": {
                    "version_added": "12"
                },
                "firefox": {
                    "version_added": true,
                    "notes": "From version 82, if an <code>&lt;a&gt;</code> element's <code>download</code> attribute is set (for a same-origin URL) then the <code>inline</code> directive is ignored. Earlier versions did not match the specification and respected the header directive over the attribute. See <a href='https://bugzil.la/1658877'>bug 1658877</a>."
                },
                "firefox_android": "mirror",
                "ie": {
                    "version_added": true
                },
                "oculus": "mirror",
                "opera": "mirror",
                "opera_android": "mirror",
                "safari": {
                    "version_added": true
                },
                "safari_ios": "mirror",
                "samsunginternet_android": "mirror",
                "webview_android": "mirror",
                "edge_blink": {
                    "version_added": true
                }
            },
            "title": "Content-Disposition"
        }
    ]
}
