{
    "header": [
        {
            "engines": [
                "blink",
                "gecko"
            ],
            "filename": "http/headers/Link.json",
            "name": "Link",
            "slug": "HTTP/Headers/Link",
            "mdn_url": "https://developer.mozilla.org/en-US/docs/Web/HTTP/Headers/Link",
            "summary": "The HTTP Link entity-header field provides a means for serializing one or more links in HTTP headers. It is semantically equivalent to the HTML <link> element.",
            "support": {
                "chrome": {
                    "version_added": "103"
                },
                "chrome_android": "mirror",
                "edge": "mirror",
                "firefox": {
                    "version_added": "1"
                },
                "firefox_android": "mirror",
                "ie": {
                    "version_added": false
                },
                "oculus": "mirror",
                "opera": "mirror",
                "opera_android": "mirror",
                "safari": {
                    "version_added": null
                },
                "safari_ios": "mirror",
                "samsunginternet_android": "mirror",
                "webview_android": "mirror",
                "edge_blink": {
                    "version_added": "103"
                }
            },
            "title": "Link"
        }
    ]
}
