{
    "dom-document-fragmentdirective": [
        {
            "engines": [
                "blink"
            ],
            "filename": "api/Document.json",
            "name": "fragmentDirective",
            "slug": "API/Document/fragmentDirective",
            "mdn_url": "https://developer.mozilla.org/en-US/docs/Web/API/Document/fragmentDirective",
            "summary": "The fragmentDirective read-only property of the Document interface returns the FragmentDirective for the current document.",
            "support": {
                "chrome": {
                    "version_added": "86"
                },
                "chrome_android": "mirror",
                "edge": "mirror",
                "firefox": {
                    "version_added": false
                },
                "firefox_android": "mirror",
                "ie": {
                    "version_added": false
                },
                "oculus": "mirror",
                "opera": "mirror",
                "opera_android": "mirror",
                "safari": {
                    "version_added": false
                },
                "safari_ios": "mirror",
                "samsunginternet_android": "mirror",
                "webview_android": "mirror",
                "edge_blink": {
                    "version_added": "86"
                }
            },
            "title": "Document: fragmentDirective property"
        }
    ],
    "fragmentdirective": [
        {
            "engines": [
                "blink"
            ],
            "filename": "api/FragmentDirective.json",
            "name": "FragmentDirective",
            "slug": "API/FragmentDirective",
            "mdn_url": "https://developer.mozilla.org/en-US/docs/Web/API/FragmentDirective",
            "summary": "The FragmentDirective interface is an object representing the text fragments highlighted in the current document.",
            "support": {
                "chrome": {
                    "version_added": "81"
                },
                "chrome_android": "mirror",
                "edge": {
                    "version_added": false
                },
                "firefox": {
                    "version_added": false
                },
                "firefox_android": "mirror",
                "ie": {
                    "version_added": false
                },
                "oculus": "mirror",
                "opera": "mirror",
                "opera_android": "mirror",
                "safari": {
                    "version_added": false
                },
                "safari_ios": "mirror",
                "samsunginternet_android": "mirror",
                "webview_android": "mirror",
                "edge_blink": {
                    "version_added": "81"
                }
            },
            "title": "FragmentDirective"
        }
    ]
}
