{
    "dom-navigatoruadata-brands": [
        {
            "engines": [
                "blink"
            ],
            "filename": "api/NavigatorUAData.json",
            "name": "brands",
            "slug": "API/NavigatorUAData/brands",
            "mdn_url": "https://developer.mozilla.org/en-US/docs/Web/API/NavigatorUAData/brands",
            "summary": "The brands read-only property of the NavigatorUAData interface returns an array of brand information.",
            "support": {
                "chrome": {
                    "version_added": "90"
                },
                "chrome_android": "mirror",
                "edge": "mirror",
                "firefox": {
                    "version_added": false
                },
                "firefox_android": "mirror",
                "ie": {
                    "version_added": false
                },
                "oculus": "mirror",
                "opera": "mirror",
                "opera_android": "mirror",
                "safari": {
                    "version_added": false
                },
                "safari_ios": "mirror",
                "samsunginternet_android": {
                    "version_added": false
                },
                "webview_android": {
                    "version_added": false
                },
                "edge_blink": {
                    "version_added": "90"
                }
            },
            "title": "NavigatorUAData: brands property"
        }
    ],
    "dom-navigatoruadata-gethighentropyvalues": [
        {
            "engines": [
                "blink"
            ],
            "filename": "api/NavigatorUAData.json",
            "name": "getHighEntropyValues",
            "slug": "API/NavigatorUAData/getHighEntropyValues",
            "mdn_url": "https://developer.mozilla.org/en-US/docs/Web/API/NavigatorUAData/getHighEntropyValues",
            "summary": "The getHighEntropyValues() method of the NavigatorUAData interface is a Promise that resolves with a dictionary object containing the high entropy values the user-agent returns.",
            "support": {
                "chrome": {
                    "version_added": "90"
                },
                "chrome_android": "mirror",
                "edge": "mirror",
                "firefox": {
                    "version_added": false
                },
                "firefox_android": "mirror",
                "ie": {
                    "version_added": false
                },
                "oculus": "mirror",
                "opera": "mirror",
                "opera_android": "mirror",
                "safari": {
                    "version_added": false
                },
                "safari_ios": "mirror",
                "samsunginternet_android": {
                    "version_added": false
                },
                "webview_android": {
                    "version_added": false
                },
                "edge_blink": {
                    "version_added": "90"
                }
            },
            "title": "NavigatorUAData: getHighEntropyValues() method"
        }
    ],
    "dom-navigatoruadata-mobile": [
        {
            "engines": [
                "blink"
            ],
            "filename": "api/NavigatorUAData.json",
            "name": "mobile",
            "slug": "API/NavigatorUAData/mobile",
            "mdn_url": "https://developer.mozilla.org/en-US/docs/Web/API/NavigatorUAData/mobile",
            "summary": "The mobile read-only property of the NavigatorUAData interface returns a value indicating whether the device is a mobile device.",
            "support": {
                "chrome": {
                    "version_added": "90"
                },
                "chrome_android": "mirror",
                "edge": "mirror",
                "firefox": {
                    "version_added": false
                },
                "firefox_android": "mirror",
                "ie": {
                    "version_added": false
                },
                "oculus": "mirror",
                "opera": "mirror",
                "opera_android": "mirror",
                "safari": {
                    "version_added": false
                },
                "safari_ios": "mirror",
                "samsunginternet_android": {
                    "version_added": false
                },
                "webview_android": {
                    "version_added": false
                },
                "edge_blink": {
                    "version_added": "90"
                }
            },
            "title": "NavigatorUAData: mobile property"
        }
    ],
    "dom-navigatoruadata-platform": [
        {
            "engines": [
                "blink"
            ],
            "filename": "api/NavigatorUAData.json",
            "name": "platform",
            "slug": "API/NavigatorUAData/platform",
            "mdn_url": "https://developer.mozilla.org/en-US/docs/Web/API/NavigatorUAData/platform",
            "summary": "The platform read-only property of the NavigatorUAData interface returns the platform brand information.",
            "support": {
                "chrome": {
                    "version_added": "93"
                },
                "chrome_android": "mirror",
                "edge": "mirror",
                "firefox": {
                    "version_added": false
                },
                "firefox_android": "mirror",
                "ie": {
                    "version_added": false
                },
                "oculus": "mirror",
                "opera": "mirror",
                "opera_android": "mirror",
                "safari": {
                    "version_added": false
                },
                "safari_ios": "mirror",
                "samsunginternet_android": {
                    "version_added": false
                },
                "webview_android": {
                    "version_added": false
                },
                "edge_blink": {
                    "version_added": "93"
                }
            },
            "title": "NavigatorUAData: platform property"
        }
    ],
    "dom-navigatoruadata-tojson": [
        {
            "engines": [
                "blink"
            ],
            "filename": "api/NavigatorUAData.json",
            "name": "toJSON",
            "slug": "API/NavigatorUAData/toJSON",
            "mdn_url": "https://developer.mozilla.org/en-US/docs/Web/API/NavigatorUAData/toJSON",
            "summary": "The toJSON() method of the NavigatorUAData interface is a serializer that returns a JSON representation of the low entropy properties of the NavigatorUAData object.",
            "support": {
                "chrome": {
                    "version_added": "93"
                },
                "chrome_android": "mirror",
                "edge": "mirror",
                "firefox": {
                    "version_added": false
                },
                "firefox_android": "mirror",
                "ie": {
                    "version_added": false
                },
                "oculus": "mirror",
                "opera": "mirror",
                "opera_android": "mirror",
                "safari": {
                    "version_added": false
                },
                "safari_ios": "mirror",
                "samsunginternet_android": {
                    "version_added": false
                },
                "webview_android": {
                    "version_added": false
                },
                "edge_blink": {
                    "version_added": "93"
                }
            },
            "title": "NavigatorUAData: toJSON() method"
        }
    ],
    "navigatoruadata": [
        {
            "engines": [
                "blink"
            ],
            "filename": "api/NavigatorUAData.json",
            "name": "NavigatorUAData",
            "slug": "API/NavigatorUAData",
            "mdn_url": "https://developer.mozilla.org/en-US/docs/Web/API/NavigatorUAData",
            "summary": "The NavigatorUAData interface of the User-Agent Client Hints API returns information about the browser and operating system of a user.",
            "support": {
                "chrome": {
                    "version_added": "90"
                },
                "chrome_android": "mirror",
                "edge": "mirror",
                "firefox": {
                    "version_added": false
                },
                "firefox_android": "mirror",
                "ie": {
                    "version_added": false
                },
                "oculus": "mirror",
                "opera": "mirror",
                "opera_android": "mirror",
                "safari": {
                    "version_added": false
                },
                "safari_ios": "mirror",
                "samsunginternet_android": {
                    "version_added": false
                },
                "webview_android": {
                    "version_added": false,
                    "notes": "See <a href='https://crbug.com/921655'>bug 921655</a>."
                },
                "edge_blink": {
                    "version_added": "90"
                }
            },
            "title": "NavigatorUAData"
        }
    ],
    "dom-navigatorua-useragentdata": [
        {
            "engines": [
                "blink"
            ],
            "filename": "api/WorkerNavigator.json",
            "name": "userAgentData",
            "slug": "API/WorkerNavigator/userAgentData",
            "mdn_url": "https://developer.mozilla.org/en-US/docs/Web/API/WorkerNavigator/userAgentData",
            "summary": "The userAgentData read-only property of the WorkerNavigator interface returns an NavigatorUAData object which can be used to access the User-Agent Client Hints API.",
            "support": {
                "chrome": {
                    "version_added": "90"
                },
                "chrome_android": "mirror",
                "edge": "mirror",
                "firefox": {
                    "version_added": false
                },
                "firefox_android": "mirror",
                "ie": {
                    "version_added": false
                },
                "oculus": "mirror",
                "opera": "mirror",
                "opera_android": {
                    "version_added": false
                },
                "safari": {
                    "version_added": false
                },
                "safari_ios": "mirror",
                "samsunginternet_android": "mirror",
                "webview_android": {
                    "version_added": false,
                    "notes": "See <a href='https://crbug.com/921655'>bug 921655</a>."
                },
                "edge_blink": {
                    "version_added": "90"
                }
            },
            "title": "WorkerNavigator: userAgentData property"
        }
    ],
    "sec-ch-ua-arch": [
        {
            "engines": [
                "blink"
            ],
            "filename": "http/headers/Sec-CH-UA-Arch.json",
            "name": "Sec-CH-UA-Arch",
            "slug": "HTTP/Headers/Sec-CH-UA-Arch",
            "mdn_url": "https://developer.mozilla.org/en-US/docs/Web/HTTP/Headers/Sec-CH-UA-Arch",
            "summary": "The Sec-CH-UA-Arch user agent client hint request header provides the user-agent's underlying CPU architecture, such as ARM or x86.",
            "support": {
                "chrome": {
                    "version_added": "89"
                },
                "chrome_android": "mirror",
                "edge": "mirror",
                "firefox": {
                    "version_added": false
                },
                "firefox_android": "mirror",
                "ie": {
                    "version_added": false
                },
                "oculus": "mirror",
                "opera": "mirror",
                "opera_android": "mirror",
                "safari": {
                    "version_added": false
                },
                "safari_ios": "mirror",
                "samsunginternet_android": "mirror",
                "webview_android": "mirror",
                "edge_blink": {
                    "version_added": "89"
                }
            },
            "title": "Sec-CH-UA-Arch"
        }
    ],
    "sec-ch-ua-bitness": [
        {
            "engines": [
                "blink"
            ],
            "filename": "http/headers/Sec-CH-UA-Bitness.json",
            "name": "Sec-CH-UA-Bitness",
            "slug": "HTTP/Headers/Sec-CH-UA-Bitness",
            "mdn_url": "https://developer.mozilla.org/en-US/docs/Web/HTTP/Headers/Sec-CH-UA-Bitness",
            "summary": "The Sec-CH-UA-Bitness user agent client hint request header provides the \"bitness\" of the user-agent's underlying CPU architecture. This is the size in bits of an integer or memory address—typically 64 or 32 bits.",
            "support": {
                "chrome": {
                    "version_added": "93"
                },
                "chrome_android": "mirror",
                "edge": "mirror",
                "firefox": {
                    "version_added": false
                },
                "firefox_android": "mirror",
                "ie": {
                    "version_added": false
                },
                "oculus": "mirror",
                "opera": "mirror",
                "opera_android": "mirror",
                "safari": {
                    "version_added": false
                },
                "safari_ios": "mirror",
                "samsunginternet_android": "mirror",
                "webview_android": "mirror",
                "edge_blink": {
                    "version_added": "93"
                }
            },
            "title": "Sec-CH-UA-Bitness"
        }
    ],
    "sec-ch-ua-full-version-list": [
        {
            "engines": [
                "blink"
            ],
            "filename": "http/headers/Sec-CH-UA-Full-Version-List.json",
            "name": "Sec-CH-UA-Full-Version-List",
            "slug": "HTTP/Headers/Sec-CH-UA-Full-Version-List",
            "mdn_url": "https://developer.mozilla.org/en-US/docs/Web/HTTP/Headers/Sec-CH-UA-Full-Version-List",
            "summary": "The Sec-CH-UA-Full-Version-List user agent client hint request header provides the user-agent's branding and full version information.",
            "support": {
                "chrome": {
                    "version_added": "98"
                },
                "chrome_android": "mirror",
                "edge": "mirror",
                "firefox": {
                    "version_added": false
                },
                "firefox_android": "mirror",
                "ie": {
                    "version_added": false
                },
                "oculus": "mirror",
                "opera": "mirror",
                "opera_android": {
                    "version_added": false
                },
                "safari": {
                    "version_added": false
                },
                "safari_ios": "mirror",
                "samsunginternet_android": "mirror",
                "webview_android": "mirror",
                "edge_blink": {
                    "version_added": "98"
                }
            },
            "title": "Sec-CH-UA-Full-Version-List"
        }
    ],
    "sec-ch-ua-mobile": [
        {
            "engines": [
                "blink"
            ],
            "filename": "http/headers/Sec-CH-UA-Mobile.json",
            "name": "Sec-CH-UA-Mobile",
            "slug": "HTTP/Headers/Sec-CH-UA-Mobile",
            "mdn_url": "https://developer.mozilla.org/en-US/docs/Web/HTTP/Headers/Sec-CH-UA-Mobile",
            "summary": "The Sec-CH-UA-Mobile user agent client hint request header indicates whether the browser is on a mobile device. It can also be used by a desktop browser to indicate a preference for a \"mobile\" user experience.",
            "support": {
                "chrome": {
                    "version_added": "89"
                },
                "chrome_android": "mirror",
                "edge": "mirror",
                "firefox": {
                    "version_added": false
                },
                "firefox_android": "mirror",
                "ie": {
                    "version_added": false
                },
                "oculus": "mirror",
                "opera": "mirror",
                "opera_android": "mirror",
                "safari": {
                    "version_added": false
                },
                "safari_ios": "mirror",
                "samsunginternet_android": "mirror",
                "webview_android": "mirror",
                "edge_blink": {
                    "version_added": "89"
                }
            },
            "title": "Sec-CH-UA-Mobile"
        }
    ],
    "sec-ch-ua-model": [
        {
            "engines": [
                "blink"
            ],
            "filename": "http/headers/Sec-CH-UA-Model.json",
            "name": "Sec-CH-UA-Model",
            "slug": "HTTP/Headers/Sec-CH-UA-Model",
            "mdn_url": "https://developer.mozilla.org/en-US/docs/Web/HTTP/Headers/Sec-CH-UA-Model",
            "summary": "The Sec-CH-UA-Model user agent client hint request header indicates the device model on which the browser is running.",
            "support": {
                "chrome": {
                    "version_added": "89"
                },
                "chrome_android": "mirror",
                "edge": "mirror",
                "firefox": {
                    "version_added": false
                },
                "firefox_android": "mirror",
                "ie": {
                    "version_added": false
                },
                "oculus": "mirror",
                "opera": "mirror",
                "opera_android": "mirror",
                "safari": {
                    "version_added": false
                },
                "safari_ios": "mirror",
                "samsunginternet_android": "mirror",
                "webview_android": "mirror",
                "edge_blink": {
                    "version_added": "89"
                }
            },
            "title": "Sec-CH-UA-Model"
        }
    ],
    "sec-ch-ua-platform-version": [
        {
            "engines": [
                "blink"
            ],
            "filename": "http/headers/Sec-CH-UA-Platform-Version.json",
            "name": "Sec-CH-UA-Platform-Version",
            "slug": "HTTP/Headers/Sec-CH-UA-Platform-Version",
            "mdn_url": "https://developer.mozilla.org/en-US/docs/Web/HTTP/Headers/Sec-CH-UA-Platform-Version",
            "summary": "The Sec-CH-UA-Platform-Version user agent client hint request header provides the version of the operating system on which the user agent is running.",
            "support": {
                "chrome": {
                    "version_added": "89"
                },
                "chrome_android": "mirror",
                "edge": "mirror",
                "firefox": {
                    "version_added": false
                },
                "firefox_android": "mirror",
                "ie": {
                    "version_added": false
                },
                "oculus": "mirror",
                "opera": "mirror",
                "opera_android": "mirror",
                "safari": {
                    "version_added": false
                },
                "safari_ios": "mirror",
                "samsunginternet_android": "mirror",
                "webview_android": "mirror",
                "edge_blink": {
                    "version_added": "89"
                }
            },
            "title": "Sec-CH-UA-Platform-Version"
        }
    ],
    "sec-ch-ua-platform": [
        {
            "engines": [
                "blink"
            ],
            "filename": "http/headers/Sec-CH-UA-Platform.json",
            "name": "Sec-CH-UA-Platform",
            "slug": "HTTP/Headers/Sec-CH-UA-Platform",
            "mdn_url": "https://developer.mozilla.org/en-US/docs/Web/HTTP/Headers/Sec-CH-UA-Platform",
            "summary": "The Sec-CH-UA-Platform user agent client hint request header provides the platform or operating system on which the user agent is running. For example: \"Windows\" or \"Android\".",
            "support": {
                "chrome": {
                    "version_added": "89"
                },
                "chrome_android": "mirror",
                "edge": "mirror",
                "firefox": {
                    "version_added": false
                },
                "firefox_android": "mirror",
                "ie": {
                    "version_added": false
                },
                "oculus": "mirror",
                "opera": "mirror",
                "opera_android": "mirror",
                "safari": {
                    "version_added": false
                },
                "safari_ios": "mirror",
                "samsunginternet_android": "mirror",
                "webview_android": "mirror",
                "edge_blink": {
                    "version_added": "89"
                }
            },
            "title": "Sec-CH-UA-Platform"
        }
    ],
    "sec-ch-ua": [
        {
            "engines": [
                "blink"
            ],
            "filename": "http/headers/Sec-CH-UA.json",
            "name": "Sec-CH-UA",
            "slug": "HTTP/Headers/Sec-CH-UA",
            "mdn_url": "https://developer.mozilla.org/en-US/docs/Web/HTTP/Headers/Sec-CH-UA",
            "summary": "The Sec-CH-UA user agent client hint request header provides the user-agent's branding and significant version information.",
            "support": {
                "chrome": {
                    "version_added": "89"
                },
                "chrome_android": "mirror",
                "edge": "mirror",
                "firefox": {
                    "version_added": false
                },
                "firefox_android": "mirror",
                "ie": {
                    "version_added": false
                },
                "oculus": "mirror",
                "opera": "mirror",
                "opera_android": "mirror",
                "safari": {
                    "version_added": false
                },
                "safari_ios": "mirror",
                "samsunginternet_android": "mirror",
                "webview_android": "mirror",
                "edge_blink": {
                    "version_added": "89"
                }
            },
            "title": "Sec-CH-UA"
        }
    ]
}
