{
    "sec-ch-prefers-reduced-motion": [
        {
            "engines": [
                "blink"
            ],
            "filename": "http/headers/Sec-CH-Prefers-Reduced-Motion.json",
            "name": "Sec-CH-Prefers-Reduced-Motion",
            "slug": "HTTP/Headers/Sec-CH-Prefers-Reduced-Motion",
            "mdn_url": "https://developer.mozilla.org/en-US/docs/Web/HTTP/Headers/Sec-CH-Prefers-Reduced-Motion",
            "summary": "The Sec-CH-Prefers-Reduced-Motion user agent client hint request header indicates the user agent's preference for animations to be displayed with reduced motion.",
            "support": {
                "chrome": {
                    "version_added": "108"
                },
                "chrome_android": "mirror",
                "edge": "mirror",
                "firefox": {
                    "version_added": false
                },
                "firefox_android": "mirror",
                "ie": {
                    "version_added": false
                },
                "oculus": "mirror",
                "opera": "mirror",
                "opera_android": "mirror",
                "safari": {
                    "version_added": false
                },
                "safari_ios": "mirror",
                "samsunginternet_android": "mirror",
                "webview_android": "mirror",
                "edge_blink": {
                    "version_added": "108"
                }
            },
            "title": "Sec-CH-Prefers-Reduced-Motion"
        }
    ]
}
