{
    "launch_handler-member": [
        {
            "engines": [
                "blink"
            ],
            "filename": "html/manifest/launch_handler.json",
            "name": "launch_handler",
            "slug": "Manifest/launch_handler",
            "mdn_url": "https://developer.mozilla.org/en-US/docs/Web/Manifest/launch_handler",
            "summary": "The launch_handler member defines values that control the launch of a web application. Currently it can only contain a single value, client_mode, which specifies the context in which the app should be loaded when launched. For example, in an existing web app client containing an instance of the app, or in a new web app client. This leaves scope for more launch_handler values to be defined in the future.",
            "support": {
                "chrome": {
                    "version_added": "110"
                },
                "chrome_android": "mirror",
                "edge": "mirror",
                "firefox": {
                    "version_added": false
                },
                "firefox_android": "mirror",
                "ie": {
                    "version_added": false
                },
                "oculus": "mirror",
                "opera": "mirror",
                "opera_android": "mirror",
                "safari": {
                    "version_added": false
                },
                "safari_ios": "mirror",
                "samsunginternet_android": "mirror",
                "webview_android": "mirror",
                "edge_blink": {
                    "version_added": "110"
                }
            },
            "title": "launch_handler"
        }
    ]
}
