{
    "canshare-data-method": [
        {
            "engines": [
                "blink",
                "gecko",
                "webkit"
            ],
            "partial": [
                "blink"
            ],
            "needsflag": [
                "gecko"
            ],
            "filename": "api/Navigator.json",
            "name": "canShare",
            "slug": "API/Navigator/canShare",
            "mdn_url": "https://developer.mozilla.org/en-US/docs/Web/API/Navigator/canShare",
            "summary": "The Navigator.canShare() method of the Web Share API returns true if the equivalent call to navigator.share() would succeed.",
            "support": {
                "chrome": {
                    "version_added": "89",
                    "partial_implementation": true,
                    "notes": "Only supported on Chrome OS and Windows, see <a href='https://crbug.com/770595'>bug 770595</a> and <a href='https://crbug.com/1144920'>bug 1144920</a>."
                },
                "chrome_android": {
                    "version_added": "75"
                },
                "edge": {
                    "version_added": false
                },
                "firefox": {
                    "version_added": "96",
                    "flags": [
                        {
                            "type": "preference",
                            "name": "dom.webshare.enabled",
                            "value_to_set": "true"
                        }
                    ]
                },
                "firefox_android": {
                    "version_added": "96"
                },
                "ie": {
                    "version_added": false
                },
                "oculus": "mirror",
                "opera": "mirror",
                "opera_android": "mirror",
                "safari": {
                    "version_added": "14"
                },
                "safari_ios": "mirror",
                "samsunginternet_android": "mirror",
                "webview_android": {
                    "version_added": false
                },
                "edge_blink": {
                    "version_added": "89",
                    "partial_implementation": true,
                    "notes": "Only supported on Chrome OS and Windows, see <a href='https://crbug.com/770595'>bug 770595</a> and <a href='https://crbug.com/1144920'>bug 1144920</a>."
                }
            },
            "title": "Navigator: canShare() method"
        }
    ],
    "share-method": [
        {
            "engines": [
                "blink",
                "gecko",
                "webkit"
            ],
            "partial": [
                "blink"
            ],
            "needsflag": [
                "gecko"
            ],
            "filename": "api/Navigator.json",
            "name": "share",
            "slug": "API/Navigator/share",
            "mdn_url": "https://developer.mozilla.org/en-US/docs/Web/API/Navigator/share",
            "summary": "The navigator.share() method of the Web Share API invokes the native sharing mechanism of the device to share data such as text, URLs, or files. The available share targets depend on the device, but might include the clipboard, contacts and email applications, websites, Bluetooth, etc.",
            "support": {
                "chrome": {
                    "version_added": "89",
                    "partial_implementation": true,
                    "notes": "Only supported on Chrome OS and Windows, see <a href='https://crbug.com/770595'>bug 770595</a> and <a href='https://crbug.com/1144920'>bug 1144920</a>."
                },
                "chrome_android": {
                    "version_added": "61"
                },
                "edge": {
                    "version_added": false
                },
                "firefox": {
                    "version_added": "71",
                    "flags": [
                        {
                            "type": "preference",
                            "name": "dom.webshare.enabled",
                            "value_to_set": "true"
                        }
                    ]
                },
                "firefox_android": {
                    "version_added": "79"
                },
                "ie": {
                    "version_added": false
                },
                "oculus": "mirror",
                "opera": "mirror",
                "opera_android": {
                    "version_added": "48"
                },
                "safari": {
                    "version_added": "12.1"
                },
                "safari_ios": "mirror",
                "samsunginternet_android": "mirror",
                "webview_android": {
                    "version_added": false
                },
                "edge_blink": {
                    "version_added": "89",
                    "partial_implementation": true,
                    "notes": "Only supported on Chrome OS and Windows, see <a href='https://crbug.com/770595'>bug 770595</a> and <a href='https://crbug.com/1144920'>bug 1144920</a>."
                }
            },
            "title": "Navigator: share() method"
        }
    ],
    "permissions-policy": [
        {
            "engines": [],
            "partial": [
                "gecko"
            ],
            "filename": "http/headers/Feature-Policy.json",
            "name": "web-share",
            "slug": "HTTP/Headers/Feature-Policy/web-share",
            "mdn_url": "https://developer.mozilla.org/en-US/docs/Web/HTTP/Headers/Feature-Policy/web-share",
            "summary": "The HTTP Permissions-Policy header web-share directive controls whether the current document is allowed to use the Navigator.share() method of the Web Share API to share text, links, images, and other content to arbitrary destinations of the user's choice.",
            "support": {
                "chrome": {
                    "version_added": false
                },
                "chrome_android": "mirror",
                "edge": "mirror",
                "firefox": {
                    "version_added": "81",
                    "partial_implementation": true,
                    "notes": [
                        "Only supported through the <code>allow</code> attribute on <code>&lt;iframe&gt;</code> elements.",
                        "Firefox recognizes the <code>web-share</code> permissions policy, but this has no effect in versions of Firefox that do not support the <a href='https://developer.mozilla.org/docs/Web/API/Navigator/share'><code>share()</code></a> method."
                    ]
                },
                "firefox_android": {
                    "version_added": "81",
                    "partial_implementation": true,
                    "notes": "Only supported through the <code>allow</code> attribute on <code>&lt;iframe&gt;</code> elements."
                },
                "ie": {
                    "version_added": false
                },
                "oculus": "mirror",
                "opera": "mirror",
                "opera_android": "mirror",
                "safari": {
                    "version_added": false
                },
                "safari_ios": "mirror",
                "samsunginternet_android": "mirror",
                "webview_android": "mirror",
                "edge_blink": {
                    "version_added": false
                }
            },
            "title": "Permissions-Policy: web-share"
        },
        {
            "engines": [
                "blink"
            ],
            "partial": [
                "gecko"
            ],
            "altname": [
                "gecko"
            ],
            "filename": "http/headers/Permissions-Policy.json",
            "name": "web-share",
            "slug": "HTTP/Headers/Permissions-Policy/web-share",
            "mdn_url": "https://developer.mozilla.org/en-US/docs/Web/HTTP/Headers/Permissions-Policy/web-share",
            "summary": "The HTTP Permissions-Policy header web-share directive controls whether the current document is allowed to use the Navigator.share() method of the Web Share API to share text, links, images, and other content to arbitrary destinations of the user's choice.",
            "support": {
                "chrome": [
                    {
                        "version_added": "88"
                    },
                    {
                        "version_added": "86",
                        "alternative_name": "Feature-Policy"
                    }
                ],
                "chrome_android": "mirror",
                "edge": "mirror",
                "firefox": {
                    "version_added": "81",
                    "alternative_name": "Feature-Policy: web-share",
                    "partial_implementation": true,
                    "notes": [
                        "Only supported through the <code>allow</code> attribute on <code>&lt;iframe&gt;</code> elements.",
                        "Firefox recognizes the <code>web-share</code> permissions policy, but this has no effect in versions of Firefox that do not support the <a href='https://developer.mozilla.org/docs/Web/API/Navigator/share'><code>share()</code></a> method."
                    ]
                },
                "firefox_android": {
                    "version_added": "81",
                    "partial_implementation": true,
                    "notes": "Only supported through the <code>allow</code> attribute on <code>&lt;iframe&gt;</code> elements."
                },
                "ie": {
                    "version_added": false
                },
                "oculus": "mirror",
                "opera": "mirror",
                "opera_android": "mirror",
                "safari": {
                    "version_added": false
                },
                "safari_ios": "mirror",
                "samsunginternet_android": "mirror",
                "webview_android": "mirror",
                "edge_blink": [
                    {
                        "version_added": "88"
                    },
                    {
                        "version_added": "86",
                        "alternative_name": "Feature-Policy"
                    }
                ]
            },
            "title": "Permissions-Policy: web-share"
        }
    ]
}
