{
    "dom-otpcredential-code": [
        {
            "engines": [
                "blink"
            ],
            "filename": "api/OTPCredential.json",
            "name": "code",
            "slug": "API/OTPCredential/code",
            "mdn_url": "https://developer.mozilla.org/en-US/docs/Web/API/OTPCredential/code",
            "summary": "The code property of the OTPCredential interface contains the one-time password (OTP).",
            "support": {
                "chrome": {
                    "version_added": "93"
                },
                "chrome_android": {
                    "version_added": "84"
                },
                "edge": "mirror",
                "firefox": {
                    "version_added": false
                },
                "firefox_android": "mirror",
                "ie": {
                    "version_added": false
                },
                "oculus": "mirror",
                "opera": "mirror",
                "opera_android": "mirror",
                "safari": {
                    "version_added": false
                },
                "safari_ios": "mirror",
                "samsunginternet_android": "mirror",
                "webview_android": {
                    "version_added": false
                },
                "edge_blink": {
                    "version_added": "93"
                }
            },
            "title": "OTPCredential: code property"
        }
    ],
    "OTPCredential": [
        {
            "engines": [
                "blink"
            ],
            "filename": "api/OTPCredential.json",
            "name": "OTPCredential",
            "slug": "API/OTPCredential",
            "mdn_url": "https://developer.mozilla.org/en-US/docs/Web/API/OTPCredential",
            "summary": "The OTPCredential interface of the WebOTP API is returned when a WebOTP navigator.credentials.get() call (i.e. invoked with an otp option) fulfills. It includes a code property that contains the retrieved one-time password (OTP).",
            "support": {
                "chrome": {
                    "version_added": "93"
                },
                "chrome_android": {
                    "version_added": "84"
                },
                "edge": "mirror",
                "firefox": {
                    "version_added": false
                },
                "firefox_android": "mirror",
                "ie": {
                    "version_added": false
                },
                "oculus": "mirror",
                "opera": "mirror",
                "opera_android": "mirror",
                "safari": {
                    "version_added": false
                },
                "safari_ios": "mirror",
                "samsunginternet_android": "mirror",
                "webview_android": {
                    "version_added": false
                },
                "edge_blink": {
                    "version_added": "93"
                }
            },
            "title": "OTPCredential"
        }
    ],
    "sctn-permissions-policy": [
        {
            "engines": [
                "blink"
            ],
            "filename": "http/headers/Permissions-Policy.json",
            "name": "otp-credentials",
            "slug": "HTTP/Headers/Permissions-Policy/otp-credentials",
            "mdn_url": "https://developer.mozilla.org/en-US/docs/Web/HTTP/Headers/Permissions-Policy/otp-credentials",
            "summary": "The HTTP Permissions-Policy header otp-credentials directive controls whether the current document is allowed to use the WebOTP API to request a one-time password (OTP) from a specially-formatted SMS message sent by the app's server, i.e., via navigator.credentials.get({otp: ..., ...}).",
            "support": {
                "chrome": {
                    "version_added": "93"
                },
                "chrome_android": {
                    "version_added": "84"
                },
                "edge": "mirror",
                "firefox": {
                    "version_added": false
                },
                "firefox_android": "mirror",
                "ie": {
                    "version_added": false
                },
                "oculus": "mirror",
                "opera": "mirror",
                "opera_android": "mirror",
                "safari": {
                    "version_added": false
                },
                "safari_ios": "mirror",
                "samsunginternet_android": "mirror",
                "webview_android": {
                    "version_added": false
                },
                "edge_blink": {
                    "version_added": "93"
                }
            },
            "title": "Permissions-Policy: otp-credentials"
        }
    ]
}
