{
    "dom-hid-onconnect": [
        {
            "engines": [
                "blink"
            ],
            "filename": "api/HID.json",
            "name": "connect_event",
            "slug": "API/HID/connect_event",
            "mdn_url": "https://developer.mozilla.org/en-US/docs/Web/API/HID/connect_event",
            "summary": "The connect event of the HID interface fires when the user agent connects to a HID device.",
            "support": {
                "chrome": {
                    "version_added": "89"
                },
                "chrome_android": {
                    "version_added": false
                },
                "edge": "mirror",
                "firefox": {
                    "version_added": false
                },
                "firefox_android": "mirror",
                "ie": {
                    "version_added": false
                },
                "oculus": "mirror",
                "opera": "mirror",
                "opera_android": "mirror",
                "safari": {
                    "version_added": false
                },
                "safari_ios": "mirror",
                "samsunginternet_android": "mirror",
                "webview_android": "mirror",
                "edge_blink": {
                    "version_added": "89"
                }
            },
            "title": "HID: connect event"
        }
    ],
    "dom-hid-ondisconnect": [
        {
            "engines": [
                "blink"
            ],
            "filename": "api/HID.json",
            "name": "disconnect_event",
            "slug": "API/HID/disconnect_event",
            "mdn_url": "https://developer.mozilla.org/en-US/docs/Web/API/HID/disconnect_event",
            "summary": "The disconnect event of the HID interface fires when the user agent disconnects a HID device.",
            "support": {
                "chrome": {
                    "version_added": "89"
                },
                "chrome_android": {
                    "version_added": false
                },
                "edge": "mirror",
                "firefox": {
                    "version_added": false
                },
                "firefox_android": "mirror",
                "ie": {
                    "version_added": false
                },
                "oculus": "mirror",
                "opera": "mirror",
                "opera_android": "mirror",
                "safari": {
                    "version_added": false
                },
                "safari_ios": "mirror",
                "samsunginternet_android": "mirror",
                "webview_android": "mirror",
                "edge_blink": {
                    "version_added": "89"
                }
            },
            "title": "HID: disconnect event"
        }
    ],
    "dom-hid-getdevices": [
        {
            "engines": [
                "blink"
            ],
            "filename": "api/HID.json",
            "name": "getDevices",
            "slug": "API/HID/getDevices",
            "mdn_url": "https://developer.mozilla.org/en-US/docs/Web/API/HID/getDevices",
            "summary": "The getDevices() method of the HID interface gets a list of the connected HID devices that the user has previously been granted access to in response to a requestDevice() call.",
            "support": {
                "chrome": {
                    "version_added": "89"
                },
                "chrome_android": {
                    "version_added": false
                },
                "edge": "mirror",
                "firefox": {
                    "version_added": false
                },
                "firefox_android": "mirror",
                "ie": {
                    "version_added": false
                },
                "oculus": "mirror",
                "opera": "mirror",
                "opera_android": "mirror",
                "safari": {
                    "version_added": false
                },
                "safari_ios": "mirror",
                "samsunginternet_android": "mirror",
                "webview_android": "mirror",
                "edge_blink": {
                    "version_added": "89"
                }
            },
            "title": "HID: getDevices() method"
        }
    ],
    "dom-hid-requestdevice": [
        {
            "engines": [
                "blink"
            ],
            "filename": "api/HID.json",
            "name": "requestDevice",
            "slug": "API/HID/requestDevice",
            "mdn_url": "https://developer.mozilla.org/en-US/docs/Web/API/HID/requestDevice",
            "summary": "The requestDevice() method of the HID interface requests access to a HID device.",
            "support": {
                "chrome": {
                    "version_added": "89"
                },
                "chrome_android": {
                    "version_added": false
                },
                "edge": "mirror",
                "firefox": {
                    "version_added": false
                },
                "firefox_android": "mirror",
                "ie": {
                    "version_added": false
                },
                "oculus": "mirror",
                "opera": "mirror",
                "opera_android": "mirror",
                "safari": {
                    "version_added": false
                },
                "safari_ios": "mirror",
                "samsunginternet_android": "mirror",
                "webview_android": "mirror",
                "edge_blink": {
                    "version_added": "89"
                }
            },
            "title": "HID: requestDevice() method"
        }
    ],
    "dom-hid": [
        {
            "engines": [
                "blink"
            ],
            "filename": "api/HID.json",
            "name": "HID",
            "slug": "API/HID",
            "mdn_url": "https://developer.mozilla.org/en-US/docs/Web/API/HID",
            "summary": "The HID interface provides methods for connecting to HID devices, listing attached HID devices and event handlers for connected HID devices.",
            "support": {
                "chrome": {
                    "version_added": "89"
                },
                "chrome_android": {
                    "version_added": false
                },
                "edge": "mirror",
                "firefox": {
                    "version_added": false
                },
                "firefox_android": "mirror",
                "ie": {
                    "version_added": false
                },
                "oculus": "mirror",
                "opera": "mirror",
                "opera_android": "mirror",
                "safari": {
                    "version_added": false
                },
                "safari_ios": "mirror",
                "samsunginternet_android": "mirror",
                "webview_android": "mirror",
                "edge_blink": {
                    "version_added": "89"
                }
            },
            "title": "HID"
        }
    ],
    "dom-hidconnectionevent-constructor": [
        {
            "engines": [
                "blink"
            ],
            "filename": "api/HIDConnectionEvent.json",
            "name": "HIDConnectionEvent",
            "slug": "API/HIDConnectionEvent/HIDConnectionEvent",
            "mdn_url": "https://developer.mozilla.org/en-US/docs/Web/API/HIDConnectionEvent/HIDConnectionEvent",
            "summary": "The HIDConnectionEvent() constructor creates a new HIDConnectionEvent object. Typically this constructor is not used as events are created when an input report is received.",
            "support": {
                "chrome": {
                    "version_added": "89"
                },
                "chrome_android": {
                    "version_added": false
                },
                "edge": "mirror",
                "firefox": {
                    "version_added": false
                },
                "firefox_android": "mirror",
                "ie": {
                    "version_added": false
                },
                "oculus": "mirror",
                "opera": "mirror",
                "opera_android": "mirror",
                "safari": {
                    "version_added": false
                },
                "safari_ios": "mirror",
                "samsunginternet_android": "mirror",
                "webview_android": "mirror",
                "edge_blink": {
                    "version_added": "89"
                }
            },
            "title": "HIDConnectionEvent: HIDConnectionEvent() constructor"
        }
    ],
    "dom-hidconnectionevent-device": [
        {
            "engines": [
                "blink"
            ],
            "filename": "api/HIDConnectionEvent.json",
            "name": "device",
            "slug": "API/HIDConnectionEvent/device",
            "mdn_url": "https://developer.mozilla.org/en-US/docs/Web/API/HIDConnectionEvent/device",
            "summary": "The device read-only property of the HIDConnectionEvent interface returns the HIDDevice associated with this connection event.",
            "support": {
                "chrome": {
                    "version_added": "89"
                },
                "chrome_android": {
                    "version_added": false
                },
                "edge": "mirror",
                "firefox": {
                    "version_added": false
                },
                "firefox_android": "mirror",
                "ie": {
                    "version_added": false
                },
                "oculus": "mirror",
                "opera": "mirror",
                "opera_android": "mirror",
                "safari": {
                    "version_added": false
                },
                "safari_ios": "mirror",
                "samsunginternet_android": "mirror",
                "webview_android": "mirror",
                "edge_blink": {
                    "version_added": "89"
                }
            },
            "title": "HIDConnectionEvent: device property"
        }
    ],
    "dom-hidconnectionevent": [
        {
            "engines": [
                "blink"
            ],
            "filename": "api/HIDConnectionEvent.json",
            "name": "HIDConnectionEvent",
            "slug": "API/HIDConnectionEvent",
            "mdn_url": "https://developer.mozilla.org/en-US/docs/Web/API/HIDConnectionEvent",
            "summary": "The HIDConnectionEvent interface of the WebHID API represents HID connection events, and is the event type passed to HID.onconnect and HID.ondisconnect when an input report is received.",
            "support": {
                "chrome": {
                    "version_added": "89"
                },
                "chrome_android": {
                    "version_added": false
                },
                "edge": "mirror",
                "firefox": {
                    "version_added": false
                },
                "firefox_android": "mirror",
                "ie": {
                    "version_added": false
                },
                "oculus": "mirror",
                "opera": "mirror",
                "opera_android": "mirror",
                "safari": {
                    "version_added": false
                },
                "safari_ios": "mirror",
                "samsunginternet_android": "mirror",
                "webview_android": "mirror",
                "edge_blink": {
                    "version_added": "89"
                }
            },
            "title": "HIDConnectionEvent"
        }
    ],
    "dom-hiddevice-close": [
        {
            "engines": [
                "blink"
            ],
            "filename": "api/HIDDevice.json",
            "name": "close",
            "slug": "API/HIDDevice/close",
            "mdn_url": "https://developer.mozilla.org/en-US/docs/Web/API/HIDDevice/close",
            "summary": "The close() method of the HIDDevice interface closes the connection to the HID device.",
            "support": {
                "chrome": {
                    "version_added": "89"
                },
                "chrome_android": {
                    "version_added": false
                },
                "edge": "mirror",
                "firefox": {
                    "version_added": false
                },
                "firefox_android": "mirror",
                "ie": {
                    "version_added": false
                },
                "oculus": "mirror",
                "opera": "mirror",
                "opera_android": "mirror",
                "safari": {
                    "version_added": false
                },
                "safari_ios": "mirror",
                "samsunginternet_android": "mirror",
                "webview_android": "mirror",
                "edge_blink": {
                    "version_added": "89"
                }
            },
            "title": "HIDDevice: close() method"
        }
    ],
    "dom-hiddevice-collections": [
        {
            "engines": [
                "blink"
            ],
            "filename": "api/HIDDevice.json",
            "name": "collections",
            "slug": "API/HIDDevice/collections",
            "mdn_url": "https://developer.mozilla.org/en-US/docs/Web/API/HIDDevice/collections",
            "summary": "The collections read-only property of the HIDDevice interface returns an array of report formats",
            "support": {
                "chrome": {
                    "version_added": "89"
                },
                "chrome_android": {
                    "version_added": false
                },
                "edge": "mirror",
                "firefox": {
                    "version_added": false
                },
                "firefox_android": "mirror",
                "ie": {
                    "version_added": false
                },
                "oculus": "mirror",
                "opera": "mirror",
                "opera_android": "mirror",
                "safari": {
                    "version_added": false
                },
                "safari_ios": "mirror",
                "samsunginternet_android": "mirror",
                "webview_android": "mirror",
                "edge_blink": {
                    "version_added": "89"
                }
            },
            "title": "HIDDevice: collections property"
        }
    ],
    "dom-hiddevice-forget": [
        {
            "engines": [
                "blink"
            ],
            "filename": "api/HIDDevice.json",
            "name": "forget",
            "slug": "API/HIDDevice/forget",
            "mdn_url": "https://developer.mozilla.org/en-US/docs/Web/API/HIDDevice/forget",
            "summary": "The forget() method of the HIDDevice interface closes the connection to the HID device and forgets the device.",
            "support": {
                "chrome": {
                    "version_added": "100"
                },
                "chrome_android": {
                    "version_added": false
                },
                "edge": "mirror",
                "firefox": {
                    "version_added": false
                },
                "firefox_android": "mirror",
                "ie": {
                    "version_added": false
                },
                "oculus": "mirror",
                "opera": "mirror",
                "opera_android": "mirror",
                "safari": {
                    "version_added": false
                },
                "safari_ios": "mirror",
                "samsunginternet_android": "mirror",
                "webview_android": "mirror",
                "edge_blink": {
                    "version_added": "100"
                }
            },
            "title": "HIDDevice: forget() method"
        }
    ],
    "dom-hiddevice-oninputreport": [
        {
            "engines": [
                "blink"
            ],
            "filename": "api/HIDDevice.json",
            "name": "inputreport_event",
            "slug": "API/HIDDevice/inputreport_event",
            "mdn_url": "https://developer.mozilla.org/en-US/docs/Web/API/HIDDevice/inputreport_event",
            "summary": "The inputreport event of the HIDDevice interface fires when a new report is received from the HID device.",
            "support": {
                "chrome": {
                    "version_added": "89"
                },
                "chrome_android": {
                    "version_added": false
                },
                "edge": "mirror",
                "firefox": {
                    "version_added": false
                },
                "firefox_android": "mirror",
                "ie": {
                    "version_added": false
                },
                "oculus": "mirror",
                "opera": "mirror",
                "opera_android": "mirror",
                "safari": {
                    "version_added": false
                },
                "safari_ios": "mirror",
                "samsunginternet_android": "mirror",
                "webview_android": "mirror",
                "edge_blink": {
                    "version_added": "89"
                }
            },
            "title": "HIDDevice: inputreport event"
        }
    ],
    "dom-hiddevice-open": [
        {
            "engines": [
                "blink"
            ],
            "filename": "api/HIDDevice.json",
            "name": "open",
            "slug": "API/HIDDevice/open",
            "mdn_url": "https://developer.mozilla.org/en-US/docs/Web/API/HIDDevice/open",
            "summary": "The open() method of the HIDDevice interface requests that the operating system opens the HID device.",
            "support": {
                "chrome": {
                    "version_added": "89"
                },
                "chrome_android": {
                    "version_added": false
                },
                "edge": "mirror",
                "firefox": {
                    "version_added": false
                },
                "firefox_android": "mirror",
                "ie": {
                    "version_added": false
                },
                "oculus": "mirror",
                "opera": "mirror",
                "opera_android": "mirror",
                "safari": {
                    "version_added": false
                },
                "safari_ios": "mirror",
                "samsunginternet_android": "mirror",
                "webview_android": "mirror",
                "edge_blink": {
                    "version_added": "89"
                }
            },
            "title": "HIDDevice: open() method"
        }
    ],
    "dom-hiddevice-opened": [
        {
            "engines": [
                "blink"
            ],
            "filename": "api/HIDDevice.json",
            "name": "opened",
            "slug": "API/HIDDevice/opened",
            "mdn_url": "https://developer.mozilla.org/en-US/docs/Web/API/HIDDevice/opened",
            "summary": "The opened read-only property of the HIDDevice interface returns true if the connection to the HIDDevice is open and ready to transfer data.",
            "support": {
                "chrome": {
                    "version_added": "89"
                },
                "chrome_android": {
                    "version_added": false
                },
                "edge": "mirror",
                "firefox": {
                    "version_added": false
                },
                "firefox_android": "mirror",
                "ie": {
                    "version_added": false
                },
                "oculus": "mirror",
                "opera": "mirror",
                "opera_android": "mirror",
                "safari": {
                    "version_added": false
                },
                "safari_ios": "mirror",
                "samsunginternet_android": "mirror",
                "webview_android": "mirror",
                "edge_blink": {
                    "version_added": "89"
                }
            },
            "title": "HIDDevice: opened property"
        }
    ],
    "dom-hiddevice-productid": [
        {
            "engines": [
                "blink"
            ],
            "filename": "api/HIDDevice.json",
            "name": "productId",
            "slug": "API/HIDDevice/productId",
            "mdn_url": "https://developer.mozilla.org/en-US/docs/Web/API/HIDDevice/productId",
            "summary": "The productId read-only property of the HIDDevice interface returns the product ID of the connected HID device.",
            "support": {
                "chrome": {
                    "version_added": "89"
                },
                "chrome_android": {
                    "version_added": false
                },
                "edge": "mirror",
                "firefox": {
                    "version_added": false
                },
                "firefox_android": "mirror",
                "ie": {
                    "version_added": false
                },
                "oculus": "mirror",
                "opera": "mirror",
                "opera_android": "mirror",
                "safari": {
                    "version_added": false
                },
                "safari_ios": "mirror",
                "samsunginternet_android": "mirror",
                "webview_android": "mirror",
                "edge_blink": {
                    "version_added": "89"
                }
            },
            "title": "HIDDevice: productId property"
        }
    ],
    "dom-hiddevice-productname": [
        {
            "engines": [
                "blink"
            ],
            "filename": "api/HIDDevice.json",
            "name": "productName",
            "slug": "API/HIDDevice/productName",
            "mdn_url": "https://developer.mozilla.org/en-US/docs/Web/API/HIDDevice/productName",
            "summary": "The productName read-only property of the HIDDevice interface returns the product name of the connected HID device.",
            "support": {
                "chrome": {
                    "version_added": "89"
                },
                "chrome_android": {
                    "version_added": false
                },
                "edge": "mirror",
                "firefox": {
                    "version_added": false
                },
                "firefox_android": "mirror",
                "ie": {
                    "version_added": false
                },
                "oculus": "mirror",
                "opera": "mirror",
                "opera_android": "mirror",
                "safari": {
                    "version_added": false
                },
                "safari_ios": "mirror",
                "samsunginternet_android": "mirror",
                "webview_android": "mirror",
                "edge_blink": {
                    "version_added": "89"
                }
            },
            "title": "HIDDevice: productName property"
        }
    ],
    "dom-hiddevice-receivefeaturereport": [
        {
            "engines": [
                "blink"
            ],
            "filename": "api/HIDDevice.json",
            "name": "receiveFeatureReport",
            "slug": "API/HIDDevice/receiveFeatureReport",
            "mdn_url": "https://developer.mozilla.org/en-US/docs/Web/API/HIDDevice/receiveFeatureReport",
            "summary": "The receiveFeatureReport() method of the HIDDevice interface receives a feature report from the HID device. Feature reports are a way for HID devices and applications to exchange non-standardized HID data.",
            "support": {
                "chrome": {
                    "version_added": "89"
                },
                "chrome_android": {
                    "version_added": false
                },
                "edge": "mirror",
                "firefox": {
                    "version_added": false
                },
                "firefox_android": "mirror",
                "ie": {
                    "version_added": false
                },
                "oculus": "mirror",
                "opera": "mirror",
                "opera_android": "mirror",
                "safari": {
                    "version_added": false
                },
                "safari_ios": "mirror",
                "samsunginternet_android": "mirror",
                "webview_android": "mirror",
                "edge_blink": {
                    "version_added": "89"
                }
            },
            "title": "HIDDevice: receiveFeatureReport() method"
        }
    ],
    "dom-hiddevice-sendfeaturereport": [
        {
            "engines": [
                "blink"
            ],
            "filename": "api/HIDDevice.json",
            "name": "sendFeatureReport",
            "slug": "API/HIDDevice/sendFeatureReport",
            "mdn_url": "https://developer.mozilla.org/en-US/docs/Web/API/HIDDevice/sendFeatureReport",
            "summary": "The sendFeatureReport() method of the HIDDevice interface sends a feature report to the HID device. Feature reports are a way for HID devices and applications to exchange non-standardized HID data.",
            "support": {
                "chrome": {
                    "version_added": "89"
                },
                "chrome_android": {
                    "version_added": false
                },
                "edge": "mirror",
                "firefox": {
                    "version_added": false
                },
                "firefox_android": "mirror",
                "ie": {
                    "version_added": false
                },
                "oculus": "mirror",
                "opera": "mirror",
                "opera_android": "mirror",
                "safari": {
                    "version_added": false
                },
                "safari_ios": "mirror",
                "samsunginternet_android": "mirror",
                "webview_android": "mirror",
                "edge_blink": {
                    "version_added": "89"
                }
            },
            "title": "HIDDevice: sendFeatureReport() method"
        }
    ],
    "dom-hiddevice-sendreport": [
        {
            "engines": [
                "blink"
            ],
            "filename": "api/HIDDevice.json",
            "name": "sendReport",
            "slug": "API/HIDDevice/sendReport",
            "mdn_url": "https://developer.mozilla.org/en-US/docs/Web/API/HIDDevice/sendReport",
            "summary": "The sendReport() method of the HIDDevice interface sends an output report to the HID device.",
            "support": {
                "chrome": {
                    "version_added": "89"
                },
                "chrome_android": {
                    "version_added": false
                },
                "edge": "mirror",
                "firefox": {
                    "version_added": false
                },
                "firefox_android": "mirror",
                "ie": {
                    "version_added": false
                },
                "oculus": "mirror",
                "opera": "mirror",
                "opera_android": "mirror",
                "safari": {
                    "version_added": false
                },
                "safari_ios": "mirror",
                "samsunginternet_android": "mirror",
                "webview_android": "mirror",
                "edge_blink": {
                    "version_added": "89"
                }
            },
            "title": "HIDDevice: sendReport() method"
        }
    ],
    "dom-hiddevice-vendorid": [
        {
            "engines": [
                "blink"
            ],
            "filename": "api/HIDDevice.json",
            "name": "vendorId",
            "slug": "API/HIDDevice/vendorId",
            "mdn_url": "https://developer.mozilla.org/en-US/docs/Web/API/HIDDevice/vendorId",
            "summary": "The vendorId read-only property of the HIDDevice interface returns the vendor ID of the connected HID device. This identifies the vendor of the device.",
            "support": {
                "chrome": {
                    "version_added": "89"
                },
                "chrome_android": {
                    "version_added": false
                },
                "edge": "mirror",
                "firefox": {
                    "version_added": false
                },
                "firefox_android": "mirror",
                "ie": {
                    "version_added": false
                },
                "oculus": "mirror",
                "opera": "mirror",
                "opera_android": "mirror",
                "safari": {
                    "version_added": false
                },
                "safari_ios": "mirror",
                "samsunginternet_android": "mirror",
                "webview_android": "mirror",
                "edge_blink": {
                    "version_added": "89"
                }
            },
            "title": "HIDDevice: vendorId property"
        }
    ],
    "dom-hiddevice": [
        {
            "engines": [
                "blink"
            ],
            "filename": "api/HIDDevice.json",
            "name": "HIDDevice",
            "slug": "API/HIDDevice",
            "mdn_url": "https://developer.mozilla.org/en-US/docs/Web/API/HIDDevice",
            "summary": "The HIDDevice interface of the WebHID API represents a HID Device. It provides properties for accessing information about the device, methods for opening and closing the connection, and the sending and receiving of reports.",
            "support": {
                "chrome": {
                    "version_added": "89"
                },
                "chrome_android": {
                    "version_added": false
                },
                "edge": "mirror",
                "firefox": {
                    "version_added": false
                },
                "firefox_android": "mirror",
                "ie": {
                    "version_added": false
                },
                "oculus": "mirror",
                "opera": "mirror",
                "opera_android": "mirror",
                "safari": {
                    "version_added": false
                },
                "safari_ios": "mirror",
                "samsunginternet_android": "mirror",
                "webview_android": "mirror",
                "edge_blink": {
                    "version_added": "89"
                }
            },
            "title": "HIDDevice"
        }
    ],
    "dom-hidinputreportevent-data": [
        {
            "engines": [
                "blink"
            ],
            "filename": "api/HIDInputReportEvent.json",
            "name": "data",
            "slug": "API/HIDInputReportEvent/data",
            "mdn_url": "https://developer.mozilla.org/en-US/docs/Web/API/HIDInputReportEvent/data",
            "summary": "The data property of the HIDInputReportEvent interface returns a DataView containing the data from the input report, excluding the reportId if the HID interface uses report IDs.",
            "support": {
                "chrome": {
                    "version_added": "89"
                },
                "chrome_android": {
                    "version_added": false
                },
                "edge": "mirror",
                "firefox": {
                    "version_added": false
                },
                "firefox_android": "mirror",
                "ie": {
                    "version_added": false
                },
                "oculus": "mirror",
                "opera": "mirror",
                "opera_android": "mirror",
                "safari": {
                    "version_added": false
                },
                "safari_ios": "mirror",
                "samsunginternet_android": "mirror",
                "webview_android": "mirror",
                "edge_blink": {
                    "version_added": "89"
                }
            },
            "title": "HIDInputReportEvent: data property"
        }
    ],
    "dom-hidinputreportevent-device": [
        {
            "engines": [
                "blink"
            ],
            "filename": "api/HIDInputReportEvent.json",
            "name": "device",
            "slug": "API/HIDInputReportEvent/device",
            "mdn_url": "https://developer.mozilla.org/en-US/docs/Web/API/HIDInputReportEvent/device",
            "summary": "The device property of the HIDInputReportEvent interface returns the HIDDevice instance that represents the HID interface that sent the input report.",
            "support": {
                "chrome": {
                    "version_added": "89"
                },
                "chrome_android": {
                    "version_added": false
                },
                "edge": "mirror",
                "firefox": {
                    "version_added": false
                },
                "firefox_android": "mirror",
                "ie": {
                    "version_added": false
                },
                "oculus": "mirror",
                "opera": "mirror",
                "opera_android": "mirror",
                "safari": {
                    "version_added": false
                },
                "safari_ios": "mirror",
                "samsunginternet_android": "mirror",
                "webview_android": "mirror",
                "edge_blink": {
                    "version_added": "89"
                }
            },
            "title": "HIDInputReportEvent: device property"
        }
    ],
    "dom-hidinputreportevent-reportid": [
        {
            "engines": [
                "blink"
            ],
            "filename": "api/HIDInputReportEvent.json",
            "name": "reportId",
            "slug": "API/HIDInputReportEvent/reportId",
            "mdn_url": "https://developer.mozilla.org/en-US/docs/Web/API/HIDInputReportEvent/reportId",
            "summary": "The reportId property of the HIDInputReportEvent interface returns the one-byte identification prefix for this report, or 0 if the HID interface does not use report IDs.",
            "support": {
                "chrome": {
                    "version_added": "89"
                },
                "chrome_android": {
                    "version_added": false
                },
                "edge": "mirror",
                "firefox": {
                    "version_added": false
                },
                "firefox_android": "mirror",
                "ie": {
                    "version_added": false
                },
                "oculus": "mirror",
                "opera": "mirror",
                "opera_android": "mirror",
                "safari": {
                    "version_added": false
                },
                "safari_ios": "mirror",
                "samsunginternet_android": "mirror",
                "webview_android": "mirror",
                "edge_blink": {
                    "version_added": "89"
                }
            },
            "title": "HIDInputReportEvent: reportId property"
        }
    ],
    "dom-hidinputreportevent": [
        {
            "engines": [
                "blink"
            ],
            "filename": "api/HIDInputReportEvent.json",
            "name": "HIDInputReportEvent",
            "slug": "API/HIDInputReportEvent",
            "mdn_url": "https://developer.mozilla.org/en-US/docs/Web/API/HIDInputReportEvent",
            "summary": "The HIDInputReportEvent interface of the WebHID API is passed to HIDDevice.inputreport_event when an input report is received from any associated HID device.",
            "support": {
                "chrome": {
                    "version_added": "89"
                },
                "chrome_android": {
                    "version_added": false
                },
                "edge": "mirror",
                "firefox": {
                    "version_added": false
                },
                "firefox_android": "mirror",
                "ie": {
                    "version_added": false
                },
                "oculus": "mirror",
                "opera": "mirror",
                "opera_android": "mirror",
                "safari": {
                    "version_added": false
                },
                "safari_ios": "mirror",
                "samsunginternet_android": "mirror",
                "webview_android": "mirror",
                "edge_blink": {
                    "version_added": "89"
                }
            },
            "title": "HIDInputReportEvent"
        }
    ],
    "dom-navigator-hid": [
        {
            "engines": [
                "blink"
            ],
            "filename": "api/Navigator.json",
            "name": "hid",
            "slug": "API/Navigator/hid",
            "mdn_url": "https://developer.mozilla.org/en-US/docs/Web/API/Navigator/hid",
            "summary": "The Navigator.hid read-only property returns an HID object providing methods for connecting to HID devices, listing attached HID devices, and event handlers for connected HID devices.",
            "support": {
                "chrome": {
                    "version_added": "89"
                },
                "chrome_android": {
                    "version_added": false
                },
                "edge": "mirror",
                "firefox": {
                    "version_added": false
                },
                "firefox_android": "mirror",
                "ie": {
                    "version_added": false
                },
                "oculus": "mirror",
                "opera": "mirror",
                "opera_android": "mirror",
                "safari": {
                    "version_added": false
                },
                "safari_ios": "mirror",
                "samsunginternet_android": "mirror",
                "webview_android": "mirror",
                "edge_blink": {
                    "version_added": "89"
                }
            },
            "title": "Navigator: hid property"
        }
    ],
    "permissions-policy": [
        {
            "engines": [
                "blink"
            ],
            "filename": "http/headers/Permissions-Policy.json",
            "name": "hid",
            "slug": "HTTP/Headers/Permissions-Policy/hid",
            "mdn_url": "https://developer.mozilla.org/en-US/docs/Web/HTTP/Headers/Permissions-Policy/hid",
            "summary": "The HTTP Permissions-Policy header hid directive controls whether the current document is allowed to use the WebHID API to connect to uncommon or exotic human interface devices such as alternative keyboards or gamepads.",
            "support": {
                "chrome": {
                    "version_added": "89"
                },
                "chrome_android": "mirror",
                "edge": "mirror",
                "firefox": {
                    "version_added": false
                },
                "firefox_android": "mirror",
                "ie": {
                    "version_added": false
                },
                "oculus": "mirror",
                "opera": "mirror",
                "opera_android": "mirror",
                "safari": {
                    "version_added": false
                },
                "safari_ios": "mirror",
                "samsunginternet_android": "mirror",
                "webview_android": "mirror",
                "edge_blink": {
                    "version_added": "89"
                }
            },
            "title": "Permissions-Policy: hid"
        }
    ]
}
