{
    "dom-domexception-domexception": [
        {
            "engines": [
                "blink",
                "gecko",
                "webkit"
            ],
            "filename": "api/DOMException.json",
            "name": "DOMException",
            "slug": "API/DOMException/DOMException",
            "mdn_url": "https://developer.mozilla.org/en-US/docs/Web/API/DOMException/DOMException",
            "summary": "The DOMException() constructor returns a DOMException object with a specified message and name.",
            "support": {
                "chrome": {
                    "version_added": "46"
                },
                "chrome_android": "mirror",
                "deno": {
                    "version_added": "1.0"
                },
                "edge": "mirror",
                "firefox": {
                    "version_added": "37"
                },
                "firefox_android": "mirror",
                "ie": {
                    "version_added": false
                },
                "oculus": "mirror",
                "opera": "mirror",
                "opera_android": "mirror",
                "safari": {
                    "version_added": "10.1"
                },
                "safari_ios": "mirror",
                "samsunginternet_android": "mirror",
                "webview_android": "mirror",
                "edge_blink": {
                    "version_added": "79"
                }
            },
            "title": "DOMException: DOMException() constructor"
        }
    ],
    "dom-domexception-message": [
        {
            "engines": [
                "blink",
                "gecko",
                "webkit"
            ],
            "filename": "api/DOMException.json",
            "name": "message",
            "slug": "API/DOMException/message",
            "mdn_url": "https://developer.mozilla.org/en-US/docs/Web/API/DOMException/message",
            "summary": "The message read-only property of the DOMException interface returns a string representing a message or description associated with the given error name.",
            "support": {
                "chrome": {
                    "version_added": "1"
                },
                "chrome_android": "mirror",
                "deno": {
                    "version_added": "1.0"
                },
                "edge": {
                    "version_added": "12"
                },
                "firefox": {
                    "version_added": "1"
                },
                "firefox_android": "mirror",
                "ie": {
                    "version_added": "9"
                },
                "oculus": "mirror",
                "opera": {
                    "version_added": "12.1"
                },
                "opera_android": {
                    "version_added": "12.1"
                },
                "safari": {
                    "version_added": "1"
                },
                "safari_ios": "mirror",
                "samsunginternet_android": "mirror",
                "webview_android": "mirror",
                "edge_blink": {
                    "version_added": "79"
                }
            },
            "title": "DOMException: message property"
        }
    ],
    "dom-domexception-name": [
        {
            "engines": [
                "blink",
                "gecko",
                "webkit"
            ],
            "filename": "api/DOMException.json",
            "name": "name",
            "slug": "API/DOMException/name",
            "mdn_url": "https://developer.mozilla.org/en-US/docs/Web/API/DOMException/name",
            "summary": "The name read-only property of the DOMException interface returns a string that contains one of the strings associated with an error name.",
            "support": {
                "chrome": {
                    "version_added": "1"
                },
                "chrome_android": "mirror",
                "deno": {
                    "version_added": "1.0"
                },
                "edge": {
                    "version_added": "12"
                },
                "firefox": {
                    "version_added": "1"
                },
                "firefox_android": "mirror",
                "ie": {
                    "version_added": "10"
                },
                "oculus": "mirror",
                "opera": {
                    "version_added": "12.1"
                },
                "opera_android": {
                    "version_added": "12.1"
                },
                "safari": {
                    "version_added": "1"
                },
                "safari_ios": "mirror",
                "samsunginternet_android": "mirror",
                "webview_android": "mirror",
                "edge_blink": {
                    "version_added": "79"
                }
            },
            "title": "DOMException: name property"
        }
    ],
    "idl-DOMException": [
        {
            "engines": [
                "blink",
                "gecko",
                "webkit"
            ],
            "filename": "api/DOMException.json",
            "name": "DOMException",
            "slug": "API/DOMException",
            "mdn_url": "https://developer.mozilla.org/en-US/docs/Web/API/DOMException",
            "summary": "The DOMException interface represents an abnormal event (called an exception) that occurs as a result of calling a method or accessing a property of a web API. This is how error conditions are described in web APIs.",
            "support": {
                "chrome": {
                    "version_added": "1"
                },
                "chrome_android": "mirror",
                "deno": {
                    "version_added": "1.0"
                },
                "edge": {
                    "version_added": "12"
                },
                "firefox": {
                    "version_added": "1"
                },
                "firefox_android": "mirror",
                "ie": {
                    "version_added": "9"
                },
                "nodejs": {
                    "version_added": "17.0.0"
                },
                "oculus": "mirror",
                "opera": {
                    "version_added": "12.1"
                },
                "opera_android": {
                    "version_added": "12.1"
                },
                "safari": {
                    "version_added": "1"
                },
                "safari_ios": "mirror",
                "samsunginternet_android": "mirror",
                "webview_android": "mirror",
                "edge_blink": {
                    "version_added": "79"
                }
            },
            "title": "DOMException"
        }
    ]
}
