{
    "dom-midiaccess-inputs": [
        {
            "engines": [
                "blink",
                "gecko"
            ],
            "filename": "api/MIDIAccess.json",
            "name": "inputs",
            "slug": "API/MIDIAccess/inputs",
            "mdn_url": "https://developer.mozilla.org/en-US/docs/Web/API/MIDIAccess/inputs",
            "summary": "The inputs read-only property of the MIDIAccess interface provides access to any available MIDI input ports.",
            "support": {
                "chrome": {
                    "version_added": "43"
                },
                "chrome_android": "mirror",
                "edge": "mirror",
                "firefox": [
                    {
                        "version_added": "108"
                    },
                    {
                        "version_added": "97",
                        "version_removed": "108",
                        "flags": [
                            {
                                "type": "preference",
                                "name": "dom.webmidi.enabled",
                                "value_to_set": "true"
                            }
                        ]
                    }
                ],
                "firefox_android": {
                    "version_added": false
                },
                "ie": {
                    "version_added": false
                },
                "oculus": "mirror",
                "opera": "mirror",
                "opera_android": "mirror",
                "safari": {
                    "version_added": false
                },
                "safari_ios": "mirror",
                "samsunginternet_android": "mirror",
                "webview_android": "mirror",
                "edge_blink": {
                    "version_added": "79"
                }
            },
            "title": "MIDIAccess: inputs property"
        }
    ],
    "dom-midiaccess-outputs": [
        {
            "engines": [
                "blink",
                "gecko"
            ],
            "filename": "api/MIDIAccess.json",
            "name": "outputs",
            "slug": "API/MIDIAccess/outputs",
            "mdn_url": "https://developer.mozilla.org/en-US/docs/Web/API/MIDIAccess/outputs",
            "summary": "The outputs read-only property of the MIDIAccess interface provides access to any available MIDI output ports.",
            "support": {
                "chrome": {
                    "version_added": "43"
                },
                "chrome_android": "mirror",
                "edge": "mirror",
                "firefox": [
                    {
                        "version_added": "108"
                    },
                    {
                        "version_added": "97",
                        "version_removed": "108",
                        "flags": [
                            {
                                "type": "preference",
                                "name": "dom.webmidi.enabled",
                                "value_to_set": "true"
                            }
                        ]
                    }
                ],
                "firefox_android": {
                    "version_added": false
                },
                "ie": {
                    "version_added": false
                },
                "oculus": "mirror",
                "opera": "mirror",
                "opera_android": "mirror",
                "safari": {
                    "version_added": false
                },
                "safari_ios": "mirror",
                "samsunginternet_android": "mirror",
                "webview_android": "mirror",
                "edge_blink": {
                    "version_added": "79"
                }
            },
            "title": "MIDIAccess: outputs property"
        }
    ],
    "dom-midiaccess-onstatechange": [
        {
            "engines": [
                "blink",
                "gecko"
            ],
            "filename": "api/MIDIAccess.json",
            "name": "statechange_event",
            "slug": "API/MIDIAccess/statechange_event",
            "mdn_url": "https://developer.mozilla.org/en-US/docs/Web/API/MIDIAccess/statechange_event",
            "summary": "The statechange event of the MIDIAccess interface is fired when a new MIDI port is added or when an existing port changes state.",
            "support": {
                "chrome": {
                    "version_added": "43"
                },
                "chrome_android": "mirror",
                "edge": "mirror",
                "firefox": [
                    {
                        "version_added": "108"
                    },
                    {
                        "version_added": "97",
                        "version_removed": "108",
                        "flags": [
                            {
                                "type": "preference",
                                "name": "dom.webmidi.enabled",
                                "value_to_set": "true"
                            }
                        ]
                    }
                ],
                "firefox_android": {
                    "version_added": false
                },
                "ie": {
                    "version_added": false
                },
                "oculus": "mirror",
                "opera": "mirror",
                "opera_android": "mirror",
                "safari": {
                    "version_added": false
                },
                "safari_ios": "mirror",
                "samsunginternet_android": "mirror",
                "webview_android": "mirror",
                "edge_blink": {
                    "version_added": "79"
                }
            },
            "title": "MIDIAccess: statechange event"
        }
    ],
    "dom-midiaccess-sysexenabled": [
        {
            "engines": [
                "blink",
                "gecko"
            ],
            "filename": "api/MIDIAccess.json",
            "name": "sysexEnabled",
            "slug": "API/MIDIAccess/sysexEnabled",
            "mdn_url": "https://developer.mozilla.org/en-US/docs/Web/API/MIDIAccess/sysexEnabled",
            "summary": "The sysexEnabled read-only property of the MIDIAccess interface indicates whether system exclusive support is enabled on the current MIDIAccess instance.",
            "support": {
                "chrome": {
                    "version_added": "43"
                },
                "chrome_android": "mirror",
                "edge": "mirror",
                "firefox": [
                    {
                        "version_added": "108"
                    },
                    {
                        "version_added": "97",
                        "version_removed": "108",
                        "flags": [
                            {
                                "type": "preference",
                                "name": "dom.webmidi.enabled",
                                "value_to_set": "true"
                            }
                        ]
                    }
                ],
                "firefox_android": {
                    "version_added": false
                },
                "ie": {
                    "version_added": false
                },
                "oculus": "mirror",
                "opera": "mirror",
                "opera_android": "mirror",
                "safari": {
                    "version_added": false
                },
                "safari_ios": "mirror",
                "samsunginternet_android": "mirror",
                "webview_android": "mirror",
                "edge_blink": {
                    "version_added": "79"
                }
            },
            "title": "MIDIAccess: sysexEnabled property"
        }
    ],
    "midiaccess-interface": [
        {
            "engines": [
                "blink",
                "gecko"
            ],
            "filename": "api/MIDIAccess.json",
            "name": "MIDIAccess",
            "slug": "API/MIDIAccess",
            "mdn_url": "https://developer.mozilla.org/en-US/docs/Web/API/MIDIAccess",
            "summary": "The MIDIAccess interface of the Web MIDI API provides methods for listing MIDI input and output devices, and obtaining access to those devices.",
            "support": {
                "chrome": {
                    "version_added": "43"
                },
                "chrome_android": "mirror",
                "edge": "mirror",
                "firefox": [
                    {
                        "version_added": "108"
                    },
                    {
                        "version_added": "97",
                        "version_removed": "108",
                        "flags": [
                            {
                                "type": "preference",
                                "name": "dom.webmidi.enabled",
                                "value_to_set": "true"
                            }
                        ]
                    }
                ],
                "firefox_android": {
                    "version_added": false
                },
                "ie": {
                    "version_added": false
                },
                "oculus": "mirror",
                "opera": "mirror",
                "opera_android": "mirror",
                "safari": {
                    "version_added": false
                },
                "safari_ios": "mirror",
                "samsunginternet_android": "mirror",
                "webview_android": "mirror",
                "edge_blink": {
                    "version_added": "79"
                }
            },
            "title": "MIDIAccess"
        }
    ],
    "dom-midiconnectionevent-constructor": [
        {
            "engines": [
                "blink",
                "gecko"
            ],
            "filename": "api/MIDIConnectionEvent.json",
            "name": "MIDIConnectionEvent",
            "slug": "API/MIDIConnectionEvent/MIDIConnectionEvent",
            "mdn_url": "https://developer.mozilla.org/en-US/docs/Web/API/MIDIConnectionEvent/MIDIConnectionEvent",
            "summary": "The MIDIConnectionEvent() constructor creates a new MIDIConnectionEvent object. Typically this constructor is not used as events are created when a new port becomes available, and the object is passed to the statechange event.",
            "support": {
                "chrome": {
                    "version_added": "43"
                },
                "chrome_android": "mirror",
                "edge": "mirror",
                "firefox": [
                    {
                        "version_added": "108"
                    },
                    {
                        "version_added": "97",
                        "version_removed": "108",
                        "flags": [
                            {
                                "type": "preference",
                                "name": "dom.webmidi.enabled",
                                "value_to_set": "true"
                            }
                        ]
                    }
                ],
                "firefox_android": {
                    "version_added": false
                },
                "ie": {
                    "version_added": false
                },
                "oculus": "mirror",
                "opera": "mirror",
                "opera_android": "mirror",
                "safari": {
                    "version_added": false
                },
                "safari_ios": "mirror",
                "samsunginternet_android": "mirror",
                "webview_android": "mirror",
                "edge_blink": {
                    "version_added": "79"
                }
            },
            "title": "MIDIConnectionEvent: MIDIConnectionEvent() constructor"
        }
    ],
    "dom-midiconnectionevent-port": [
        {
            "engines": [
                "blink",
                "gecko"
            ],
            "filename": "api/MIDIConnectionEvent.json",
            "name": "port",
            "slug": "API/MIDIConnectionEvent/port",
            "mdn_url": "https://developer.mozilla.org/en-US/docs/Web/API/MIDIConnectionEvent/port",
            "summary": "The port read-only property of the MIDIConnectionEvent interface returns the port that has been disconnected or connected.",
            "support": {
                "chrome": {
                    "version_added": "43"
                },
                "chrome_android": "mirror",
                "edge": "mirror",
                "firefox": [
                    {
                        "version_added": "108"
                    },
                    {
                        "version_added": "97",
                        "version_removed": "108",
                        "flags": [
                            {
                                "type": "preference",
                                "name": "dom.webmidi.enabled",
                                "value_to_set": "true"
                            }
                        ]
                    }
                ],
                "firefox_android": {
                    "version_added": false
                },
                "ie": {
                    "version_added": false
                },
                "oculus": "mirror",
                "opera": "mirror",
                "opera_android": "mirror",
                "safari": {
                    "version_added": false
                },
                "safari_ios": "mirror",
                "samsunginternet_android": "mirror",
                "webview_android": "mirror",
                "edge_blink": {
                    "version_added": "79"
                }
            },
            "title": "MIDIConnectionEvent: port property"
        }
    ],
    "midiconnectionevent-interface": [
        {
            "engines": [
                "blink",
                "gecko"
            ],
            "filename": "api/MIDIConnectionEvent.json",
            "name": "MIDIConnectionEvent",
            "slug": "API/MIDIConnectionEvent",
            "mdn_url": "https://developer.mozilla.org/en-US/docs/Web/API/MIDIConnectionEvent",
            "summary": "The MIDIConnectionEvent interface of the Web MIDI API is the event passed to the statechange event of the MIDIAccess interface and the statechange event of the MIDIPort interface. This occurs any time a new port becomes available, or when a previously available port becomes unavailable. For example, this event is fired whenever a MIDI device is either plugged in to or unplugged from a computer.",
            "support": {
                "chrome": {
                    "version_added": "43"
                },
                "chrome_android": "mirror",
                "edge": "mirror",
                "firefox": [
                    {
                        "version_added": "108"
                    },
                    {
                        "version_added": "97",
                        "version_removed": "108",
                        "flags": [
                            {
                                "type": "preference",
                                "name": "dom.webmidi.enabled",
                                "value_to_set": "true"
                            }
                        ]
                    }
                ],
                "firefox_android": {
                    "version_added": false
                },
                "ie": {
                    "version_added": false
                },
                "oculus": "mirror",
                "opera": "mirror",
                "opera_android": "mirror",
                "safari": {
                    "version_added": false
                },
                "safari_ios": "mirror",
                "samsunginternet_android": "mirror",
                "webview_android": "mirror",
                "edge_blink": {
                    "version_added": "79"
                }
            },
            "title": "MIDIConnectionEvent"
        }
    ],
    "dom-midiinput-onmidimessage": [
        {
            "engines": [
                "blink",
                "gecko"
            ],
            "filename": "api/MIDIInput.json",
            "name": "midimessage_event",
            "slug": "API/MIDIInput/midimessage_event",
            "mdn_url": "https://developer.mozilla.org/en-US/docs/Web/API/MIDIInput/midimessage_event",
            "summary": "The midimessage event of the Web MIDI API is fired when the MIDI port corresponding to this MIDIInput finishes receiving one or more MIDI messages. An instance of MIDIMessageEvent containing the message that was received is passed to the event handler.",
            "support": {
                "chrome": {
                    "version_added": "43"
                },
                "chrome_android": "mirror",
                "edge": "mirror",
                "firefox": [
                    {
                        "version_added": "108"
                    },
                    {
                        "version_added": "97",
                        "version_removed": "108",
                        "flags": [
                            {
                                "type": "preference",
                                "name": "dom.webmidi.enabled",
                                "value_to_set": "true"
                            }
                        ]
                    }
                ],
                "firefox_android": {
                    "version_added": false
                },
                "ie": {
                    "version_added": false
                },
                "oculus": "mirror",
                "opera": "mirror",
                "opera_android": "mirror",
                "safari": {
                    "version_added": false
                },
                "safari_ios": "mirror",
                "samsunginternet_android": "mirror",
                "webview_android": {
                    "version_added": false
                },
                "edge_blink": {
                    "version_added": "79"
                }
            },
            "title": "MIDIInput: midimessage event"
        }
    ],
    "midiinput-interface": [
        {
            "engines": [
                "blink",
                "gecko"
            ],
            "filename": "api/MIDIInput.json",
            "name": "MIDIInput",
            "slug": "API/MIDIInput",
            "mdn_url": "https://developer.mozilla.org/en-US/docs/Web/API/MIDIInput",
            "summary": "The MIDIInput interface of the Web MIDI API receives messages from a MIDI input port.",
            "support": {
                "chrome": {
                    "version_added": "43"
                },
                "chrome_android": "mirror",
                "edge": "mirror",
                "firefox": [
                    {
                        "version_added": "108"
                    },
                    {
                        "version_added": "97",
                        "version_removed": "108",
                        "flags": [
                            {
                                "type": "preference",
                                "name": "dom.webmidi.enabled",
                                "value_to_set": "true"
                            }
                        ]
                    }
                ],
                "firefox_android": {
                    "version_added": false
                },
                "ie": {
                    "version_added": false
                },
                "oculus": "mirror",
                "opera": "mirror",
                "opera_android": "mirror",
                "safari": {
                    "version_added": false
                },
                "safari_ios": "mirror",
                "samsunginternet_android": "mirror",
                "webview_android": "mirror",
                "edge_blink": {
                    "version_added": "79"
                }
            },
            "title": "MIDIInput"
        }
    ],
    "midiinputmap-interface": [
        {
            "engines": [
                "blink",
                "gecko"
            ],
            "filename": "api/MIDIInputMap.json",
            "name": "MIDIInputMap",
            "slug": "API/MIDIInputMap",
            "mdn_url": "https://developer.mozilla.org/en-US/docs/Web/API/MIDIInputMap",
            "summary": "The MIDIInputMap read-only interface of the Web MIDI API provides the set of MIDI input ports that are currently available.",
            "support": {
                "chrome": {
                    "version_added": "43"
                },
                "chrome_android": "mirror",
                "edge": "mirror",
                "firefox": [
                    {
                        "version_added": "108"
                    },
                    {
                        "version_added": "97",
                        "version_removed": "108",
                        "flags": [
                            {
                                "type": "preference",
                                "name": "dom.webmidi.enabled",
                                "value_to_set": "true"
                            }
                        ]
                    }
                ],
                "firefox_android": {
                    "version_added": false
                },
                "ie": {
                    "version_added": false
                },
                "oculus": "mirror",
                "opera": "mirror",
                "opera_android": "mirror",
                "safari": {
                    "version_added": false
                },
                "safari_ios": "mirror",
                "samsunginternet_android": "mirror",
                "webview_android": "mirror",
                "edge_blink": {
                    "version_added": "79"
                }
            },
            "title": "MIDIInputMap"
        },
        {
            "engines": [
                "blink",
                "gecko"
            ],
            "filename": "api/MIDIOutputMap.json",
            "name": "MIDIOutputMap",
            "slug": "API/MIDIOutputMap",
            "mdn_url": "https://developer.mozilla.org/en-US/docs/Web/API/MIDIOutputMap",
            "summary": "The MIDIOutputMap read-only interface of the Web MIDI API provides the set of MIDI output ports that are currently available.",
            "support": {
                "chrome": {
                    "version_added": "43"
                },
                "chrome_android": "mirror",
                "edge": "mirror",
                "firefox": [
                    {
                        "version_added": "108"
                    },
                    {
                        "version_added": "97",
                        "version_removed": "108",
                        "flags": [
                            {
                                "type": "preference",
                                "name": "dom.webmidi.enabled",
                                "value_to_set": "true"
                            }
                        ]
                    }
                ],
                "firefox_android": {
                    "version_added": false
                },
                "ie": {
                    "version_added": false
                },
                "oculus": "mirror",
                "opera": "mirror",
                "opera_android": "mirror",
                "safari": {
                    "version_added": false
                },
                "safari_ios": "mirror",
                "samsunginternet_android": "mirror",
                "webview_android": "mirror",
                "edge_blink": {
                    "version_added": "79"
                }
            },
            "title": "MIDIOutputMap"
        }
    ],
    "dom-midimessageevent-constructor": [
        {
            "engines": [
                "blink",
                "gecko"
            ],
            "filename": "api/MIDIMessageEvent.json",
            "name": "MIDIMessageEvent",
            "slug": "API/MIDIMessageEvent/MIDIMessageEvent",
            "mdn_url": "https://developer.mozilla.org/en-US/docs/Web/API/MIDIMessageEvent/MIDIMessageEvent",
            "summary": "The MIDIMessageEvent() constructor creates a new MIDIMessageEvent object. Typically this constructor is not used as events are created when a MIDIInput finishes receiving one or more MIDI messages.",
            "support": {
                "chrome": {
                    "version_added": "43"
                },
                "chrome_android": "mirror",
                "edge": "mirror",
                "firefox": [
                    {
                        "version_added": "108"
                    },
                    {
                        "version_added": "97",
                        "version_removed": "108",
                        "flags": [
                            {
                                "type": "preference",
                                "name": "dom.webmidi.enabled",
                                "value_to_set": "true"
                            }
                        ]
                    }
                ],
                "firefox_android": {
                    "version_added": false
                },
                "ie": {
                    "version_added": false
                },
                "oculus": "mirror",
                "opera": "mirror",
                "opera_android": "mirror",
                "safari": {
                    "version_added": false
                },
                "safari_ios": "mirror",
                "samsunginternet_android": "mirror",
                "webview_android": {
                    "version_added": false
                },
                "edge_blink": {
                    "version_added": "79"
                }
            },
            "title": "MIDIMessageEvent: MIDIMessageEvent() constructor"
        }
    ],
    "dom-midimessageevent-data": [
        {
            "engines": [
                "blink",
                "gecko"
            ],
            "filename": "api/MIDIMessageEvent.json",
            "name": "data",
            "slug": "API/MIDIMessageEvent/data",
            "mdn_url": "https://developer.mozilla.org/en-US/docs/Web/API/MIDIMessageEvent/data",
            "summary": "The data read-only property of the MIDIMessageEvent interface returns the MIDI data bytes of a single MIDI message.",
            "support": {
                "chrome": {
                    "version_added": "43"
                },
                "chrome_android": "mirror",
                "edge": "mirror",
                "firefox": [
                    {
                        "version_added": "108"
                    },
                    {
                        "version_added": "97",
                        "version_removed": "108",
                        "flags": [
                            {
                                "type": "preference",
                                "name": "dom.webmidi.enabled",
                                "value_to_set": "true"
                            }
                        ]
                    }
                ],
                "firefox_android": {
                    "version_added": false
                },
                "ie": {
                    "version_added": false
                },
                "oculus": "mirror",
                "opera": "mirror",
                "opera_android": "mirror",
                "safari": {
                    "version_added": false
                },
                "safari_ios": "mirror",
                "samsunginternet_android": "mirror",
                "webview_android": {
                    "version_added": false
                },
                "edge_blink": {
                    "version_added": "79"
                }
            },
            "title": "MIDIMessageEvent: data property"
        }
    ],
    "midimessageevent-interface": [
        {
            "engines": [
                "blink",
                "gecko"
            ],
            "filename": "api/MIDIMessageEvent.json",
            "name": "MIDIMessageEvent",
            "slug": "API/MIDIMessageEvent",
            "mdn_url": "https://developer.mozilla.org/en-US/docs/Web/API/MIDIMessageEvent",
            "summary": "The MIDIMessageEvent interface of the Web MIDI API represents the event passed to the midimessage event of the MIDIInput interface. A midimessage event is fired every time a MIDI message is sent from a device represented by a MIDIInput, for example when a MIDI keyboard key is pressed, a knob is tweaked, or a slider is moved.",
            "support": {
                "chrome": {
                    "version_added": "43"
                },
                "chrome_android": "mirror",
                "edge": "mirror",
                "firefox": [
                    {
                        "version_added": "108"
                    },
                    {
                        "version_added": "97",
                        "version_removed": "108",
                        "flags": [
                            {
                                "type": "preference",
                                "name": "dom.webmidi.enabled",
                                "value_to_set": "true"
                            }
                        ]
                    }
                ],
                "firefox_android": {
                    "version_added": false
                },
                "ie": {
                    "version_added": false
                },
                "oculus": "mirror",
                "opera": "mirror",
                "opera_android": "mirror",
                "safari": {
                    "version_added": false
                },
                "safari_ios": "mirror",
                "samsunginternet_android": "mirror",
                "webview_android": {
                    "version_added": false
                },
                "edge_blink": {
                    "version_added": "79"
                }
            },
            "title": "MIDIMessageEvent"
        }
    ],
    "dom-midioutput-clear": [
        {
            "engines": [
                "gecko"
            ],
            "filename": "api/MIDIOutput.json",
            "name": "clear",
            "slug": "API/MIDIOutput/clear",
            "mdn_url": "https://developer.mozilla.org/en-US/docs/Web/API/MIDIOutput/clear",
            "summary": "The clear() method of the MIDIOutput interface clears the queue of messages being sent to the output device.",
            "support": {
                "chrome": {
                    "version_added": false,
                    "notes": "See <a href='https://crbug.com/471798'>bug 471798</a>."
                },
                "chrome_android": "mirror",
                "edge": "mirror",
                "firefox": [
                    {
                        "version_added": "108"
                    },
                    {
                        "version_added": "97",
                        "version_removed": "108",
                        "flags": [
                            {
                                "type": "preference",
                                "name": "dom.webmidi.enabled",
                                "value_to_set": "true"
                            }
                        ]
                    }
                ],
                "firefox_android": {
                    "version_added": false
                },
                "ie": {
                    "version_added": false
                },
                "oculus": "mirror",
                "opera": "mirror",
                "opera_android": "mirror",
                "safari": {
                    "version_added": false
                },
                "safari_ios": "mirror",
                "samsunginternet_android": "mirror",
                "webview_android": "mirror",
                "edge_blink": {
                    "version_added": false,
                    "notes": "See <a href='https://crbug.com/471798'>bug 471798</a>."
                }
            },
            "title": "MIDIOutput: clear() method"
        }
    ],
    "dom-midioutput-send": [
        {
            "engines": [
                "blink",
                "gecko"
            ],
            "filename": "api/MIDIOutput.json",
            "name": "send",
            "slug": "API/MIDIOutput/send",
            "mdn_url": "https://developer.mozilla.org/en-US/docs/Web/API/MIDIOutput/send",
            "summary": "The send() method of the MIDIOutput interface queues messages for the corresponding MIDI port. The message can be sent immediately, or with an optional timestamp to delay sending.",
            "support": {
                "chrome": {
                    "version_added": "43"
                },
                "chrome_android": "mirror",
                "edge": "mirror",
                "firefox": [
                    {
                        "version_added": "108"
                    },
                    {
                        "version_added": "97",
                        "version_removed": "108",
                        "flags": [
                            {
                                "type": "preference",
                                "name": "dom.webmidi.enabled",
                                "value_to_set": "true"
                            }
                        ]
                    }
                ],
                "firefox_android": {
                    "version_added": false
                },
                "ie": {
                    "version_added": false
                },
                "oculus": "mirror",
                "opera": "mirror",
                "opera_android": "mirror",
                "safari": {
                    "version_added": false
                },
                "safari_ios": "mirror",
                "samsunginternet_android": "mirror",
                "webview_android": {
                    "version_added": false
                },
                "edge_blink": {
                    "version_added": "79"
                }
            },
            "title": "MIDIOutput: send() method"
        }
    ],
    "MIDIOutput": [
        {
            "engines": [
                "blink",
                "gecko"
            ],
            "filename": "api/MIDIOutput.json",
            "name": "MIDIOutput",
            "slug": "API/MIDIOutput",
            "mdn_url": "https://developer.mozilla.org/en-US/docs/Web/API/MIDIOutput",
            "summary": "The MIDIOutput interface of the Web MIDI API provides methods to add messages to the queue of an output device, and to clear the queue of messages.",
            "support": {
                "chrome": {
                    "version_added": "43"
                },
                "chrome_android": "mirror",
                "edge": "mirror",
                "firefox": [
                    {
                        "version_added": "108"
                    },
                    {
                        "version_added": "97",
                        "version_removed": "108",
                        "flags": [
                            {
                                "type": "preference",
                                "name": "dom.webmidi.enabled",
                                "value_to_set": "true"
                            }
                        ]
                    }
                ],
                "firefox_android": {
                    "version_added": false
                },
                "ie": {
                    "version_added": false
                },
                "oculus": "mirror",
                "opera": "mirror",
                "opera_android": "mirror",
                "safari": {
                    "version_added": false
                },
                "safari_ios": "mirror",
                "samsunginternet_android": "mirror",
                "webview_android": {
                    "version_added": false
                },
                "edge_blink": {
                    "version_added": "79"
                }
            },
            "title": "MIDIOutput"
        }
    ],
    "dom-midiport-close": [
        {
            "engines": [
                "blink",
                "gecko"
            ],
            "filename": "api/MIDIPort.json",
            "name": "close",
            "slug": "API/MIDIPort/close",
            "mdn_url": "https://developer.mozilla.org/en-US/docs/Web/API/MIDIPort/close",
            "summary": "The close() method of the MIDIPort interface makes the access to the MIDI device connected to this MIDIPort unavailable.",
            "support": {
                "chrome": {
                    "version_added": "43"
                },
                "chrome_android": "mirror",
                "edge": "mirror",
                "firefox": [
                    {
                        "version_added": "108"
                    },
                    {
                        "version_added": "97",
                        "version_removed": "108",
                        "flags": [
                            {
                                "type": "preference",
                                "name": "dom.webmidi.enabled",
                                "value_to_set": "true"
                            }
                        ]
                    }
                ],
                "firefox_android": {
                    "version_added": false
                },
                "ie": {
                    "version_added": false
                },
                "oculus": "mirror",
                "opera": "mirror",
                "opera_android": "mirror",
                "safari": {
                    "version_added": false
                },
                "safari_ios": "mirror",
                "samsunginternet_android": "mirror",
                "webview_android": "mirror",
                "edge_blink": {
                    "version_added": "79"
                }
            },
            "title": "MIDIPort: close() method"
        }
    ],
    "dom-midiport-connection": [
        {
            "engines": [
                "blink",
                "gecko"
            ],
            "filename": "api/MIDIPort.json",
            "name": "connection",
            "slug": "API/MIDIPort/connection",
            "mdn_url": "https://developer.mozilla.org/en-US/docs/Web/API/MIDIPort/connection",
            "summary": "The connection property of the MIDIPort interface returns the connection state of the port.",
            "support": {
                "chrome": {
                    "version_added": "43"
                },
                "chrome_android": "mirror",
                "edge": "mirror",
                "firefox": [
                    {
                        "version_added": "108"
                    },
                    {
                        "version_added": "97",
                        "version_removed": "108",
                        "flags": [
                            {
                                "type": "preference",
                                "name": "dom.webmidi.enabled",
                                "value_to_set": "true"
                            }
                        ]
                    }
                ],
                "firefox_android": {
                    "version_added": false
                },
                "ie": {
                    "version_added": false
                },
                "oculus": "mirror",
                "opera": "mirror",
                "opera_android": "mirror",
                "safari": {
                    "version_added": false
                },
                "safari_ios": "mirror",
                "samsunginternet_android": "mirror",
                "webview_android": "mirror",
                "edge_blink": {
                    "version_added": "79"
                }
            },
            "title": "MIDIPort: connection property"
        }
    ],
    "dom-midiport-id": [
        {
            "engines": [
                "blink",
                "gecko"
            ],
            "filename": "api/MIDIPort.json",
            "name": "id",
            "slug": "API/MIDIPort/id",
            "mdn_url": "https://developer.mozilla.org/en-US/docs/Web/API/MIDIPort/id",
            "summary": "The id read-only property of the MIDIPort interface returns the unique ID of the port.",
            "support": {
                "chrome": {
                    "version_added": "43"
                },
                "chrome_android": "mirror",
                "edge": "mirror",
                "firefox": [
                    {
                        "version_added": "108"
                    },
                    {
                        "version_added": "97",
                        "version_removed": "108",
                        "flags": [
                            {
                                "type": "preference",
                                "name": "dom.webmidi.enabled",
                                "value_to_set": "true"
                            }
                        ]
                    }
                ],
                "firefox_android": {
                    "version_added": false
                },
                "ie": {
                    "version_added": false
                },
                "oculus": "mirror",
                "opera": "mirror",
                "opera_android": "mirror",
                "safari": {
                    "version_added": false
                },
                "safari_ios": "mirror",
                "samsunginternet_android": "mirror",
                "webview_android": "mirror",
                "edge_blink": {
                    "version_added": "79"
                }
            },
            "title": "MIDIPort: id property"
        }
    ],
    "dom-midiport-manufacturer": [
        {
            "engines": [
                "blink",
                "gecko"
            ],
            "filename": "api/MIDIPort.json",
            "name": "manufacturer",
            "slug": "API/MIDIPort/manufacturer",
            "mdn_url": "https://developer.mozilla.org/en-US/docs/Web/API/MIDIPort/manufacturer",
            "summary": "The manufacturer read-only property of the MIDIPort interface returns the manufacturer of the port.",
            "support": {
                "chrome": {
                    "version_added": "43"
                },
                "chrome_android": "mirror",
                "edge": "mirror",
                "firefox": [
                    {
                        "version_added": "108"
                    },
                    {
                        "version_added": "97",
                        "version_removed": "108",
                        "flags": [
                            {
                                "type": "preference",
                                "name": "dom.webmidi.enabled",
                                "value_to_set": "true"
                            }
                        ]
                    }
                ],
                "firefox_android": {
                    "version_added": false
                },
                "ie": {
                    "version_added": false
                },
                "oculus": "mirror",
                "opera": "mirror",
                "opera_android": "mirror",
                "safari": {
                    "version_added": false
                },
                "safari_ios": "mirror",
                "samsunginternet_android": "mirror",
                "webview_android": "mirror",
                "edge_blink": {
                    "version_added": "79"
                }
            },
            "title": "MIDIPort: manufacturer property"
        }
    ],
    "dom-midiport-name": [
        {
            "engines": [
                "blink",
                "gecko"
            ],
            "filename": "api/MIDIPort.json",
            "name": "name",
            "slug": "API/MIDIPort/name",
            "mdn_url": "https://developer.mozilla.org/en-US/docs/Web/API/MIDIPort/name",
            "summary": "The name read-only property of the MIDIPort interface returns the system name of the port.",
            "support": {
                "chrome": {
                    "version_added": "43"
                },
                "chrome_android": "mirror",
                "edge": "mirror",
                "firefox": [
                    {
                        "version_added": "108"
                    },
                    {
                        "version_added": "97",
                        "version_removed": "108",
                        "flags": [
                            {
                                "type": "preference",
                                "name": "dom.webmidi.enabled",
                                "value_to_set": "true"
                            }
                        ]
                    }
                ],
                "firefox_android": {
                    "version_added": false
                },
                "ie": {
                    "version_added": false
                },
                "oculus": "mirror",
                "opera": "mirror",
                "opera_android": "mirror",
                "safari": {
                    "version_added": false
                },
                "safari_ios": "mirror",
                "samsunginternet_android": "mirror",
                "webview_android": "mirror",
                "edge_blink": {
                    "version_added": "79"
                }
            },
            "title": "MIDIPort: name property"
        }
    ],
    "dom-midiport-open": [
        {
            "engines": [
                "blink",
                "gecko"
            ],
            "filename": "api/MIDIPort.json",
            "name": "open",
            "slug": "API/MIDIPort/open",
            "mdn_url": "https://developer.mozilla.org/en-US/docs/Web/API/MIDIPort/open",
            "summary": "The open() method of the MIDIPort interface makes the MIDI device connected to this MIDIPort explicitly available.",
            "support": {
                "chrome": {
                    "version_added": "43"
                },
                "chrome_android": "mirror",
                "edge": "mirror",
                "firefox": [
                    {
                        "version_added": "108"
                    },
                    {
                        "version_added": "97",
                        "version_removed": "108",
                        "flags": [
                            {
                                "type": "preference",
                                "name": "dom.webmidi.enabled",
                                "value_to_set": "true"
                            }
                        ]
                    }
                ],
                "firefox_android": {
                    "version_added": false
                },
                "ie": {
                    "version_added": false
                },
                "oculus": "mirror",
                "opera": "mirror",
                "opera_android": "mirror",
                "safari": {
                    "version_added": false
                },
                "safari_ios": "mirror",
                "samsunginternet_android": "mirror",
                "webview_android": "mirror",
                "edge_blink": {
                    "version_added": "79"
                }
            },
            "title": "MIDIPort: open() method"
        }
    ],
    "dom-midiport-state": [
        {
            "engines": [
                "blink",
                "gecko"
            ],
            "filename": "api/MIDIPort.json",
            "name": "state",
            "slug": "API/MIDIPort/state",
            "mdn_url": "https://developer.mozilla.org/en-US/docs/Web/API/MIDIPort/state",
            "summary": "The state read-only property of the MIDIPort interface returns the state of the port.",
            "support": {
                "chrome": {
                    "version_added": "43"
                },
                "chrome_android": "mirror",
                "edge": "mirror",
                "firefox": [
                    {
                        "version_added": "108"
                    },
                    {
                        "version_added": "97",
                        "version_removed": "108",
                        "flags": [
                            {
                                "type": "preference",
                                "name": "dom.webmidi.enabled",
                                "value_to_set": "true"
                            }
                        ]
                    }
                ],
                "firefox_android": {
                    "version_added": false
                },
                "ie": {
                    "version_added": false
                },
                "oculus": "mirror",
                "opera": "mirror",
                "opera_android": "mirror",
                "safari": {
                    "version_added": false
                },
                "safari_ios": "mirror",
                "samsunginternet_android": "mirror",
                "webview_android": "mirror",
                "edge_blink": {
                    "version_added": "79"
                }
            },
            "title": "MIDIPort: state property"
        }
    ],
    "dom-midiport-onstatechange": [
        {
            "engines": [
                "blink",
                "gecko"
            ],
            "filename": "api/MIDIPort.json",
            "name": "statechange_event",
            "slug": "API/MIDIPort/statechange_event",
            "mdn_url": "https://developer.mozilla.org/en-US/docs/Web/API/MIDIPort/statechange_event",
            "summary": "The statechange event of the MIDIPort interface is fired when a port changes from open to closed, or closed to open.",
            "support": {
                "chrome": {
                    "version_added": "43"
                },
                "chrome_android": "mirror",
                "edge": "mirror",
                "firefox": [
                    {
                        "version_added": "108"
                    },
                    {
                        "version_added": "97",
                        "version_removed": "108",
                        "flags": [
                            {
                                "type": "preference",
                                "name": "dom.webmidi.enabled",
                                "value_to_set": "true"
                            }
                        ]
                    }
                ],
                "firefox_android": {
                    "version_added": false
                },
                "ie": {
                    "version_added": false
                },
                "oculus": "mirror",
                "opera": "mirror",
                "opera_android": "mirror",
                "safari": {
                    "version_added": false
                },
                "safari_ios": "mirror",
                "samsunginternet_android": "mirror",
                "webview_android": "mirror",
                "edge_blink": {
                    "version_added": "79"
                }
            },
            "title": "MIDIPort: statechange event"
        }
    ],
    "dom-midiport-type": [
        {
            "engines": [
                "blink",
                "gecko"
            ],
            "filename": "api/MIDIPort.json",
            "name": "type",
            "slug": "API/MIDIPort/type",
            "mdn_url": "https://developer.mozilla.org/en-US/docs/Web/API/MIDIPort/type",
            "summary": "The type read-only property of the MIDIPort interface returns the type of the port, indicating whether this is an input or output MIDI port.",
            "support": {
                "chrome": {
                    "version_added": "43"
                },
                "chrome_android": "mirror",
                "edge": "mirror",
                "firefox": [
                    {
                        "version_added": "108"
                    },
                    {
                        "version_added": "97",
                        "version_removed": "108",
                        "flags": [
                            {
                                "type": "preference",
                                "name": "dom.webmidi.enabled",
                                "value_to_set": "true"
                            }
                        ]
                    }
                ],
                "firefox_android": {
                    "version_added": false
                },
                "ie": {
                    "version_added": false
                },
                "oculus": "mirror",
                "opera": "mirror",
                "opera_android": "mirror",
                "safari": {
                    "version_added": false
                },
                "safari_ios": "mirror",
                "samsunginternet_android": "mirror",
                "webview_android": "mirror",
                "edge_blink": {
                    "version_added": "79"
                }
            },
            "title": "MIDIPort: type property"
        }
    ],
    "dom-midiport-version": [
        {
            "engines": [
                "blink",
                "gecko"
            ],
            "filename": "api/MIDIPort.json",
            "name": "version",
            "slug": "API/MIDIPort/version",
            "mdn_url": "https://developer.mozilla.org/en-US/docs/Web/API/MIDIPort/version",
            "summary": "The version read-only property of the MIDIPort interface returns the version of the port.",
            "support": {
                "chrome": {
                    "version_added": "43"
                },
                "chrome_android": "mirror",
                "edge": "mirror",
                "firefox": [
                    {
                        "version_added": "108"
                    },
                    {
                        "version_added": "97",
                        "version_removed": "108",
                        "flags": [
                            {
                                "type": "preference",
                                "name": "dom.webmidi.enabled",
                                "value_to_set": "true"
                            }
                        ]
                    }
                ],
                "firefox_android": {
                    "version_added": false
                },
                "ie": {
                    "version_added": false
                },
                "oculus": "mirror",
                "opera": "mirror",
                "opera_android": "mirror",
                "safari": {
                    "version_added": false
                },
                "safari_ios": "mirror",
                "samsunginternet_android": "mirror",
                "webview_android": "mirror",
                "edge_blink": {
                    "version_added": "79"
                }
            },
            "title": "MIDIPort: version property"
        }
    ],
    "MIDIPort": [
        {
            "engines": [
                "blink",
                "gecko"
            ],
            "filename": "api/MIDIPort.json",
            "name": "MIDIPort",
            "slug": "API/MIDIPort",
            "mdn_url": "https://developer.mozilla.org/en-US/docs/Web/API/MIDIPort",
            "summary": "The MIDIPort interface of the Web MIDI API represents a MIDI input or output port.",
            "support": {
                "chrome": {
                    "version_added": "43"
                },
                "chrome_android": "mirror",
                "edge": "mirror",
                "firefox": [
                    {
                        "version_added": "108"
                    },
                    {
                        "version_added": "97",
                        "version_removed": "108",
                        "flags": [
                            {
                                "type": "preference",
                                "name": "dom.webmidi.enabled",
                                "value_to_set": "true"
                            }
                        ]
                    }
                ],
                "firefox_android": {
                    "version_added": false
                },
                "ie": {
                    "version_added": false
                },
                "oculus": "mirror",
                "opera": "mirror",
                "opera_android": "mirror",
                "safari": {
                    "version_added": false
                },
                "safari_ios": "mirror",
                "samsunginternet_android": "mirror",
                "webview_android": "mirror",
                "edge_blink": {
                    "version_added": "79"
                }
            },
            "title": "MIDIPort"
        }
    ],
    "dom-navigator-requestmidiaccess": [
        {
            "engines": [
                "blink",
                "gecko"
            ],
            "filename": "api/Navigator.json",
            "name": "requestMIDIAccess",
            "slug": "API/Navigator/requestMIDIAccess",
            "mdn_url": "https://developer.mozilla.org/en-US/docs/Web/API/Navigator/requestMIDIAccess",
            "summary": "The requestMIDIAccess() method of the Navigator interface returns a Promise representing a request for access to MIDI devices on a user's system. This method is part of the Web MIDI API, which provides a means for accessing, enumerating, and manipulating MIDI devices.",
            "support": {
                "chrome": {
                    "version_added": "43"
                },
                "chrome_android": "mirror",
                "edge": "mirror",
                "firefox": [
                    {
                        "version_added": "108",
                        "notes": "API access is gated by installation of a <a href='https://support.mozilla.org/en-US/kb/site-permission-addons'>site permission add-on</a> (user prompt), secure context, and <a href='https://developer.mozilla.org/docs/Web/HTTP/Headers/Feature-Policy/midi'>Permission Policy: <code>midi</code></a>."
                    },
                    {
                        "version_added": "97",
                        "version_removed": "108",
                        "notes": [
                            "Version 107 and later, API use is gated by a site permission add-on that is automatically generated by Firefox.",
                            "Version 105 and later, the <code>dom.webmidi.gated</code> preference may be set <code>false</code> to allow WebMIDI to be used without a site permission addon.",
                            "Version 100 to 104 (inclusive) WebMIDI is not available (API use is gated by a site permission add-on that is no longer available)."
                        ],
                        "flags": [
                            {
                                "type": "preference",
                                "name": "dom.webmidi.enabled",
                                "value_to_set": "true"
                            }
                        ]
                    }
                ],
                "firefox_android": {
                    "version_added": false
                },
                "ie": {
                    "version_added": false
                },
                "oculus": "mirror",
                "opera": "mirror",
                "opera_android": "mirror",
                "safari": {
                    "version_added": false
                },
                "safari_ios": "mirror",
                "samsunginternet_android": "mirror",
                "webview_android": "mirror",
                "edge_blink": {
                    "version_added": "79"
                }
            },
            "title": "Navigator: requestMIDIAccess() method"
        }
    ],
    "permissions-policy-integration": [
        {
            "engines": [
                "blink",
                "gecko"
            ],
            "needsflag": [
                "gecko"
            ],
            "filename": "http/headers/Feature-Policy.json",
            "name": "midi",
            "slug": "HTTP/Headers/Feature-Policy/midi",
            "mdn_url": "https://developer.mozilla.org/en-US/docs/Web/HTTP/Headers/Feature-Policy/midi",
            "summary": "The HTTP Permissions-Policy header midi directive controls whether the current document is allowed to use the Web MIDI API.",
            "support": {
                "chrome": {
                    "version_added": "60"
                },
                "chrome_android": "mirror",
                "edge": "mirror",
                "firefox": {
                    "version_added": "74",
                    "flags": [
                        {
                            "type": "preference",
                            "name": "dom.security.featurePolicy.header.enabled",
                            "value_to_set": "true"
                        }
                    ]
                },
                "firefox_android": "mirror",
                "ie": {
                    "version_added": false
                },
                "oculus": "mirror",
                "opera": "mirror",
                "opera_android": "mirror",
                "safari": {
                    "version_added": false
                },
                "safari_ios": "mirror",
                "samsunginternet_android": "mirror",
                "webview_android": "mirror",
                "edge_blink": {
                    "version_added": "79"
                }
            },
            "title": "Permissions-Policy: midi"
        },
        {
            "engines": [
                "blink"
            ],
            "altname": [
                "gecko"
            ],
            "filename": "http/headers/Permissions-Policy.json",
            "name": "midi",
            "slug": "HTTP/Headers/Permissions-Policy/midi",
            "mdn_url": "https://developer.mozilla.org/en-US/docs/Web/HTTP/Headers/Permissions-Policy/midi",
            "summary": "The HTTP Permissions-Policy header midi directive controls whether the current document is allowed to use the Web MIDI API.",
            "support": {
                "chrome": [
                    {
                        "version_added": "88"
                    },
                    {
                        "version_added": "64",
                        "alternative_name": "Feature-Policy"
                    }
                ],
                "chrome_android": "mirror",
                "edge": "mirror",
                "firefox": {
                    "version_added": "74",
                    "alternative_name": "Feature-Policy: midi",
                    "flags": [
                        {
                            "type": "preference",
                            "name": "dom.security.featurePolicy.header.enabled",
                            "value_to_set": "true"
                        }
                    ]
                },
                "firefox_android": "mirror",
                "ie": {
                    "version_added": false
                },
                "oculus": "mirror",
                "opera": "mirror",
                "opera_android": "mirror",
                "safari": {
                    "version_added": false
                },
                "safari_ios": "mirror",
                "samsunginternet_android": "mirror",
                "webview_android": "mirror",
                "edge_blink": [
                    {
                        "version_added": "88"
                    },
                    {
                        "version_added": "79",
                        "alternative_name": "Feature-Policy"
                    }
                ]
            },
            "title": "Permissions-Policy: midi"
        }
    ]
}
