{
    "dom-rtcstatstype-candidate-pair": [
        {
            "engines": [
                "blink",
                "gecko",
                "webkit"
            ],
            "filename": "api/RTCStatsReport.json",
            "name": "type_candidate-pair",
            "slug": "API/RTCStatsReport#canditate_pair",
            "mdn_url": "https://developer.mozilla.org/en-US/docs/Web/API/RTCStatsReport#canditate_pair",
            "summary": "The RTCStatsReport interface of the WebRTC API provides a statistics report for a RTCPeerConnection, RTCRtpSender, or RTCRtpReceiver.",
            "support": {
                "chrome": {
                    "version_added": "58"
                },
                "chrome_android": "mirror",
                "edge": "mirror",
                "firefox": {
                    "version_added": "29"
                },
                "firefox_android": "mirror",
                "ie": {
                    "version_added": false
                },
                "oculus": "mirror",
                "opera": "mirror",
                "opera_android": "mirror",
                "safari": {
                    "version_added": "11"
                },
                "safari_ios": "mirror",
                "samsunginternet_android": "mirror",
                "webview_android": "mirror",
                "edge_blink": {
                    "version_added": "79"
                }
            },
            "title": "RTCStatsReport"
        }
    ],
    "dom-rtcstatstype-certificate": [
        {
            "engines": [
                "blink",
                "webkit"
            ],
            "filename": "api/RTCStatsReport.json",
            "name": "type_certificate",
            "slug": "API/RTCStatsReport#certificate",
            "mdn_url": "https://developer.mozilla.org/en-US/docs/Web/API/RTCStatsReport#certificate",
            "summary": "The RTCStatsReport interface of the WebRTC API provides a statistics report for a RTCPeerConnection, RTCRtpSender, or RTCRtpReceiver.",
            "support": {
                "chrome": {
                    "version_added": "80"
                },
                "chrome_android": "mirror",
                "edge": "mirror",
                "firefox": {
                    "version_added": false
                },
                "firefox_android": "mirror",
                "ie": {
                    "version_added": false
                },
                "oculus": "mirror",
                "opera": "mirror",
                "opera_android": "mirror",
                "safari": {
                    "version_added": "13.1"
                },
                "safari_ios": "mirror",
                "samsunginternet_android": "mirror",
                "webview_android": "mirror",
                "edge_blink": {
                    "version_added": "80"
                }
            },
            "title": "RTCStatsReport"
        }
    ],
    "dom-rtcstatstype-codec": [
        {
            "engines": [
                "blink",
                "gecko",
                "webkit"
            ],
            "filename": "api/RTCStatsReport.json",
            "name": "type_codec",
            "slug": "API/RTCStatsReport#codec",
            "mdn_url": "https://developer.mozilla.org/en-US/docs/Web/API/RTCStatsReport#codec",
            "summary": "The RTCStatsReport interface of the WebRTC API provides a statistics report for a RTCPeerConnection, RTCRtpSender, or RTCRtpReceiver.",
            "support": {
                "chrome": {
                    "version_added": "80"
                },
                "chrome_android": "mirror",
                "edge": "mirror",
                "firefox": {
                    "version_added": "98"
                },
                "firefox_android": "mirror",
                "ie": {
                    "version_added": false
                },
                "oculus": "mirror",
                "opera": "mirror",
                "opera_android": "mirror",
                "safari": {
                    "version_added": "13.1"
                },
                "safari_ios": "mirror",
                "samsunginternet_android": "mirror",
                "webview_android": "mirror",
                "edge_blink": {
                    "version_added": "80"
                }
            },
            "title": "RTCStatsReport"
        }
    ],
    "dom-rtcstatstype-data-channel": [
        {
            "engines": [
                "blink",
                "gecko",
                "webkit"
            ],
            "filename": "api/RTCStatsReport.json",
            "name": "type_data-channel",
            "slug": "API/RTCStatsReport#data_channel",
            "mdn_url": "https://developer.mozilla.org/en-US/docs/Web/API/RTCStatsReport#data_channel",
            "summary": "The RTCStatsReport interface of the WebRTC API provides a statistics report for a RTCPeerConnection, RTCRtpSender, or RTCRtpReceiver.",
            "support": {
                "chrome": {
                    "version_added": "80"
                },
                "chrome_android": "mirror",
                "edge": "mirror",
                "firefox": {
                    "version_added": "79"
                },
                "firefox_android": {
                    "version_added": false
                },
                "ie": {
                    "version_added": false
                },
                "oculus": "mirror",
                "opera": "mirror",
                "opera_android": "mirror",
                "safari": {
                    "version_added": "13.1"
                },
                "safari_ios": "mirror",
                "samsunginternet_android": "mirror",
                "webview_android": "mirror",
                "edge_blink": {
                    "version_added": "80"
                }
            },
            "title": "RTCStatsReport"
        }
    ],
    "dom-rtcstatstype-inbound-rtp": [
        {
            "engines": [
                "blink",
                "gecko",
                "webkit"
            ],
            "filename": "api/RTCStatsReport.json",
            "name": "type_inbound-rtp",
            "slug": "API/RTCStatsReport#inbound_rtp",
            "mdn_url": "https://developer.mozilla.org/en-US/docs/Web/API/RTCStatsReport#inbound_rtp",
            "summary": "The RTCStatsReport interface of the WebRTC API provides a statistics report for a RTCPeerConnection, RTCRtpSender, or RTCRtpReceiver.",
            "support": {
                "chrome": {
                    "version_added": "79"
                },
                "chrome_android": "mirror",
                "edge": "mirror",
                "firefox": {
                    "version_added": "27"
                },
                "firefox_android": "mirror",
                "ie": {
                    "version_added": false
                },
                "oculus": "mirror",
                "opera": "mirror",
                "opera_android": "mirror",
                "safari": {
                    "version_added": "11"
                },
                "safari_ios": "mirror",
                "samsunginternet_android": "mirror",
                "webview_android": "mirror",
                "edge_blink": {
                    "version_added": "79"
                }
            },
            "title": "RTCStatsReport"
        }
    ],
    "dom-rtcstatstype-local-candidate": [
        {
            "engines": [
                "blink",
                "gecko",
                "webkit"
            ],
            "filename": "api/RTCStatsReport.json",
            "name": "type_local-candidate",
            "slug": "API/RTCStatsReport#local_candidate",
            "mdn_url": "https://developer.mozilla.org/en-US/docs/Web/API/RTCStatsReport#local_candidate",
            "summary": "The RTCStatsReport interface of the WebRTC API provides a statistics report for a RTCPeerConnection, RTCRtpSender, or RTCRtpReceiver.",
            "support": {
                "chrome": {
                    "version_added": "80"
                },
                "chrome_android": "mirror",
                "edge": "mirror",
                "firefox": {
                    "version_added": "27"
                },
                "firefox_android": "mirror",
                "ie": {
                    "version_added": false
                },
                "oculus": "mirror",
                "opera": "mirror",
                "opera_android": "mirror",
                "safari": {
                    "version_added": "12.1"
                },
                "safari_ios": "mirror",
                "samsunginternet_android": "mirror",
                "webview_android": "mirror",
                "edge_blink": {
                    "version_added": "80"
                }
            },
            "title": "RTCStatsReport"
        }
    ],
    "dom-rtcstatstype-media-playout": [
        {
            "engines": [
                "blink"
            ],
            "filename": "api/RTCStatsReport.json",
            "name": "type_media-playout",
            "slug": "API/RTCStatsReport#media_playout",
            "mdn_url": "https://developer.mozilla.org/en-US/docs/Web/API/RTCStatsReport#media_playout",
            "summary": "The RTCStatsReport interface of the WebRTC API provides a statistics report for a RTCPeerConnection, RTCRtpSender, or RTCRtpReceiver.",
            "support": {
                "chrome": {
                    "version_added": "111"
                },
                "chrome_android": "mirror",
                "edge": "mirror",
                "firefox": {
                    "version_added": false
                },
                "firefox_android": "mirror",
                "ie": {
                    "version_added": false
                },
                "oculus": "mirror",
                "opera": "mirror",
                "opera_android": "mirror",
                "safari": {
                    "version_added": false
                },
                "safari_ios": "mirror",
                "samsunginternet_android": "mirror",
                "webview_android": "mirror",
                "edge_blink": {
                    "version_added": "111"
                }
            },
            "title": "RTCStatsReport"
        }
    ],
    "dom-rtcaudiosourcestats-audiolevel": [
        {
            "engines": [
                "blink"
            ],
            "filename": "api/RTCStatsReport.json",
            "name": "audioLevel",
            "slug": "API/RTCAudioSourceStats/audioLevel",
            "mdn_url": "https://developer.mozilla.org/en-US/docs/Web/API/RTCAudioSourceStats/audioLevel",
            "summary": "The RTCAudioSourceStats dictionary's audioLevel property represents the audio level of the media source.",
            "support": {
                "chrome": {
                    "version_added": "80"
                },
                "chrome_android": "mirror",
                "edge": "mirror",
                "firefox": {
                    "version_added": false
                },
                "firefox_android": "mirror",
                "ie": {
                    "version_added": false
                },
                "oculus": "mirror",
                "opera": "mirror",
                "opera_android": "mirror",
                "safari": {
                    "version_added": false
                },
                "safari_ios": "mirror",
                "samsunginternet_android": "mirror",
                "webview_android": "mirror",
                "edge_blink": {
                    "version_added": "80"
                }
            },
            "title": "RTCAudioSourceStats: audioLevel property"
        }
    ],
    "dom-rtcaudiosourcestats-totalaudioenergy": [
        {
            "engines": [
                "blink"
            ],
            "filename": "api/RTCStatsReport.json",
            "name": "totalAudioEnergy",
            "slug": "API/RTCAudioSourceStats/totalAudioEnergy",
            "mdn_url": "https://developer.mozilla.org/en-US/docs/Web/API/RTCAudioSourceStats/totalAudioEnergy",
            "summary": "The RTCAudioSourceStats dictionary's totalAudioEnergy property represents the total audio energy of the media source over the lifetime of this stats object.",
            "support": {
                "chrome": {
                    "version_added": "80"
                },
                "chrome_android": "mirror",
                "edge": "mirror",
                "firefox": {
                    "version_added": false
                },
                "firefox_android": "mirror",
                "ie": {
                    "version_added": false
                },
                "oculus": "mirror",
                "opera": "mirror",
                "opera_android": "mirror",
                "safari": {
                    "version_added": false
                },
                "safari_ios": "mirror",
                "samsunginternet_android": "mirror",
                "webview_android": "mirror",
                "edge_blink": {
                    "version_added": "80"
                }
            },
            "title": "RTCAudioSourceStats: totalAudioEnergy property"
        }
    ],
    "dom-rtcaudiosourcestats-totalsamplesduration": [
        {
            "engines": [
                "blink"
            ],
            "filename": "api/RTCStatsReport.json",
            "name": "totalSamplesDuration",
            "slug": "API/RTCAudioSourceStats/totalSamplesDuration",
            "mdn_url": "https://developer.mozilla.org/en-US/docs/Web/API/RTCAudioSourceStats/totalSamplesDuration",
            "summary": "The RTCAudioSourceStats dictionary's totalSamplesDuration property represents the combined duration of all samples produced by the media source over the lifetime of this stats object, in seconds. It does not include samples dropped before reaching this media source.",
            "support": {
                "chrome": {
                    "version_added": "80"
                },
                "chrome_android": "mirror",
                "edge": "mirror",
                "firefox": {
                    "version_added": false
                },
                "firefox_android": "mirror",
                "ie": {
                    "version_added": false
                },
                "oculus": "mirror",
                "opera": "mirror",
                "opera_android": "mirror",
                "safari": {
                    "version_added": false
                },
                "safari_ios": "mirror",
                "samsunginternet_android": "mirror",
                "webview_android": "mirror",
                "edge_blink": {
                    "version_added": "80"
                }
            },
            "title": "RTCAudioSourceStats: totalSamplesDuration property"
        }
    ],
    "dom-rtcstatstype-media-source": [
        {
            "engines": [
                "blink",
                "gecko",
                "webkit"
            ],
            "filename": "api/RTCStatsReport.json",
            "name": "type_media-source",
            "slug": "API/RTCStatsReport#media_source",
            "mdn_url": "https://developer.mozilla.org/en-US/docs/Web/API/RTCStatsReport#media_source",
            "summary": "The RTCStatsReport interface of the WebRTC API provides a statistics report for a RTCPeerConnection, RTCRtpSender, or RTCRtpReceiver.",
            "support": {
                "chrome": {
                    "version_added": "80"
                },
                "chrome_android": "mirror",
                "edge": "mirror",
                "firefox": {
                    "version_added": "113"
                },
                "firefox_android": "mirror",
                "ie": {
                    "version_added": false
                },
                "oculus": "mirror",
                "opera": "mirror",
                "opera_android": "mirror",
                "safari": {
                    "version_added": "14.1"
                },
                "safari_ios": "mirror",
                "samsunginternet_android": "mirror",
                "webview_android": "mirror",
                "edge_blink": {
                    "version_added": "80"
                }
            },
            "title": "RTCStatsReport"
        }
    ],
    "dom-rtcstatstype-outbound-rtp": [
        {
            "engines": [
                "blink",
                "gecko",
                "webkit"
            ],
            "filename": "api/RTCStatsReport.json",
            "name": "type_outbound-rtp",
            "slug": "API/RTCStatsReport#outbound_rtp",
            "mdn_url": "https://developer.mozilla.org/en-US/docs/Web/API/RTCStatsReport#outbound_rtp",
            "summary": "The RTCStatsReport interface of the WebRTC API provides a statistics report for a RTCPeerConnection, RTCRtpSender, or RTCRtpReceiver.",
            "support": {
                "chrome": {
                    "version_added": "80"
                },
                "chrome_android": "mirror",
                "edge": "mirror",
                "firefox": {
                    "version_added": "27"
                },
                "firefox_android": "mirror",
                "ie": {
                    "version_added": false
                },
                "oculus": "mirror",
                "opera": "mirror",
                "opera_android": "mirror",
                "safari": {
                    "version_added": "11"
                },
                "safari_ios": "mirror",
                "samsunginternet_android": "mirror",
                "webview_android": "mirror",
                "edge_blink": {
                    "version_added": "80"
                }
            },
            "title": "RTCStatsReport"
        }
    ],
    "dom-rtcpeerconnectionstats-datachannelsclosed": [
        {
            "engines": [
                "blink",
                "gecko",
                "webkit"
            ],
            "filename": "api/RTCStatsReport.json",
            "name": "dataChannelsClosed",
            "slug": "API/RTCPeerConnectionStats/dataChannelsClosed",
            "mdn_url": "https://developer.mozilla.org/en-US/docs/Web/API/RTCPeerConnectionStats/dataChannelsClosed",
            "summary": "The dataChannelsClosed property of the RTCPeerConnectionStats dictionary indicates the number of unique RTCDataChannel objects that have left the open state during their lifetime.",
            "support": {
                "chrome": {
                    "version_added": "80"
                },
                "chrome_android": "mirror",
                "edge": "mirror",
                "firefox": {
                    "version_added": "113"
                },
                "firefox_android": "mirror",
                "ie": {
                    "version_added": false
                },
                "oculus": "mirror",
                "opera": "mirror",
                "opera_android": "mirror",
                "safari": {
                    "version_added": "13.1"
                },
                "safari_ios": "mirror",
                "samsunginternet_android": "mirror",
                "webview_android": "mirror",
                "edge_blink": {
                    "version_added": "80"
                }
            },
            "title": "RTCPeerConnectionStats: dataChannelsClosed property"
        }
    ],
    "dom-rtcpeerconnectionstats-datachannelsopened": [
        {
            "engines": [
                "blink",
                "gecko",
                "webkit"
            ],
            "filename": "api/RTCStatsReport.json",
            "name": "dataChannelsOpened",
            "slug": "API/RTCPeerConnectionStats/dataChannelsOpened",
            "mdn_url": "https://developer.mozilla.org/en-US/docs/Web/API/RTCPeerConnectionStats/dataChannelsOpened",
            "summary": "The dataChannelsOpened property of the RTCPeerConnectionStats dictionary indicates the number of unique RTCDataChannel objects that have entered the open state during their lifetime.",
            "support": {
                "chrome": {
                    "version_added": "80"
                },
                "chrome_android": "mirror",
                "edge": "mirror",
                "firefox": {
                    "version_added": "113"
                },
                "firefox_android": "mirror",
                "ie": {
                    "version_added": false
                },
                "oculus": "mirror",
                "opera": "mirror",
                "opera_android": "mirror",
                "safari": {
                    "version_added": "13.1"
                },
                "safari_ios": "mirror",
                "samsunginternet_android": "mirror",
                "webview_android": "mirror",
                "edge_blink": {
                    "version_added": "80"
                }
            },
            "title": "RTCPeerConnectionStats: dataChannelsOpened property"
        }
    ],
    "dom-rtcstats-id": [
        {
            "engines": [
                "blink",
                "gecko",
                "webkit"
            ],
            "filename": "api/RTCStatsReport.json",
            "name": "id",
            "slug": "API/RTCPeerConnectionStats/id",
            "mdn_url": "https://developer.mozilla.org/en-US/docs/Web/API/RTCPeerConnectionStats/id",
            "summary": "The id property of the RTCPeerConnectionStats dictionary is a string which uniquely identifies the object for which this object provides statistics.",
            "support": {
                "chrome": {
                    "version_added": "80"
                },
                "chrome_android": "mirror",
                "edge": "mirror",
                "firefox": {
                    "version_added": "113"
                },
                "firefox_android": "mirror",
                "ie": {
                    "version_added": false
                },
                "oculus": "mirror",
                "opera": "mirror",
                "opera_android": "mirror",
                "safari": {
                    "version_added": "13.1"
                },
                "safari_ios": "mirror",
                "samsunginternet_android": "mirror",
                "webview_android": "mirror",
                "edge_blink": {
                    "version_added": "80"
                }
            },
            "title": "RTCPeerConnectionStats: id property"
        }
    ],
    "dom-rtcstats-timestamp": [
        {
            "engines": [
                "blink",
                "gecko",
                "webkit"
            ],
            "filename": "api/RTCStatsReport.json",
            "name": "timestamp",
            "slug": "API/RTCPeerConnectionStats/timestamp",
            "mdn_url": "https://developer.mozilla.org/en-US/docs/Web/API/RTCPeerConnectionStats/timestamp",
            "summary": "The timestamp property of the RTCPeerConnectionStats dictionary is a DOMHighResTimeStamp object specifying the time at which the data in the object was sampled.",
            "support": {
                "chrome": {
                    "version_added": "80"
                },
                "chrome_android": "mirror",
                "edge": "mirror",
                "firefox": {
                    "version_added": "113"
                },
                "firefox_android": "mirror",
                "ie": {
                    "version_added": false
                },
                "oculus": "mirror",
                "opera": "mirror",
                "opera_android": "mirror",
                "safari": {
                    "version_added": "13.1"
                },
                "safari_ios": "mirror",
                "samsunginternet_android": "mirror",
                "webview_android": "mirror",
                "edge_blink": {
                    "version_added": "80"
                }
            },
            "title": "RTCPeerConnectionStats: timestamp property"
        }
    ],
    "dom-rtcstats-type": [
        {
            "engines": [
                "blink",
                "gecko",
                "webkit"
            ],
            "filename": "api/RTCStatsReport.json",
            "name": "type",
            "slug": "API/RTCPeerConnectionStats/type",
            "mdn_url": "https://developer.mozilla.org/en-US/docs/Web/API/RTCPeerConnectionStats/type",
            "summary": "The type property of the RTCPeerConnectionStats dictionary is a string with the value \"peer-connection\".",
            "support": {
                "chrome": {
                    "version_added": "80"
                },
                "chrome_android": "mirror",
                "edge": "mirror",
                "firefox": {
                    "version_added": "113"
                },
                "firefox_android": "mirror",
                "ie": {
                    "version_added": false
                },
                "oculus": "mirror",
                "opera": "mirror",
                "opera_android": "mirror",
                "safari": {
                    "version_added": "13.1"
                },
                "safari_ios": "mirror",
                "samsunginternet_android": "mirror",
                "webview_android": "mirror",
                "edge_blink": {
                    "version_added": "80"
                }
            },
            "title": "RTCPeerConnectionStats: type property"
        }
    ],
    "dom-rtcstatstype-peer-connection": [
        {
            "engines": [
                "blink",
                "gecko",
                "webkit"
            ],
            "filename": "api/RTCStatsReport.json",
            "name": "type_peer-connection",
            "slug": "API/RTCPeerConnectionStats",
            "mdn_url": "https://developer.mozilla.org/en-US/docs/Web/API/RTCPeerConnectionStats",
            "summary": "The RTCPeerConnectionStats dictionary of the WebRTC API provides information about the high level peer connection (RTCPeerConnection).",
            "support": {
                "chrome": {
                    "version_added": "80"
                },
                "chrome_android": "mirror",
                "edge": "mirror",
                "firefox": {
                    "version_added": "113"
                },
                "firefox_android": "mirror",
                "ie": {
                    "version_added": false
                },
                "oculus": "mirror",
                "opera": "mirror",
                "opera_android": "mirror",
                "safari": {
                    "version_added": "13.1"
                },
                "safari_ios": "mirror",
                "samsunginternet_android": "mirror",
                "webview_android": "mirror",
                "edge_blink": {
                    "version_added": "80"
                }
            },
            "title": "RTCPeerConnectionStats"
        }
    ],
    "dom-rtcstatstype-remote-candidate": [
        {
            "engines": [
                "blink",
                "gecko",
                "webkit"
            ],
            "filename": "api/RTCStatsReport.json",
            "name": "type_remote-candidate",
            "slug": "API/RTCStatsReport#remote_candidate",
            "mdn_url": "https://developer.mozilla.org/en-US/docs/Web/API/RTCStatsReport#remote_candidate",
            "summary": "The RTCStatsReport interface of the WebRTC API provides a statistics report for a RTCPeerConnection, RTCRtpSender, or RTCRtpReceiver.",
            "support": {
                "chrome": {
                    "version_added": "80"
                },
                "chrome_android": "mirror",
                "edge": "mirror",
                "firefox": {
                    "version_added": "27"
                },
                "firefox_android": "mirror",
                "ie": {
                    "version_added": false
                },
                "oculus": "mirror",
                "opera": "mirror",
                "opera_android": "mirror",
                "safari": {
                    "version_added": "12.1"
                },
                "safari_ios": "mirror",
                "samsunginternet_android": "mirror",
                "webview_android": "mirror",
                "edge_blink": {
                    "version_added": "80"
                }
            },
            "title": "RTCStatsReport"
        }
    ],
    "dom-rtcstatstype-remote-inbound-rtp": [
        {
            "engines": [
                "blink",
                "gecko",
                "webkit"
            ],
            "filename": "api/RTCStatsReport.json",
            "name": "type_remote-inbound-rtp",
            "slug": "API/RTCStatsReport#remote_inbound_rtp",
            "mdn_url": "https://developer.mozilla.org/en-US/docs/Web/API/RTCStatsReport#remote_inbound_rtp",
            "summary": "The RTCStatsReport interface of the WebRTC API provides a statistics report for a RTCPeerConnection, RTCRtpSender, or RTCRtpReceiver.",
            "support": {
                "chrome": {
                    "version_added": "80"
                },
                "chrome_android": "mirror",
                "edge": "mirror",
                "firefox": {
                    "version_added": "27"
                },
                "firefox_android": "mirror",
                "ie": {
                    "version_added": false
                },
                "oculus": "mirror",
                "opera": "mirror",
                "opera_android": "mirror",
                "safari": {
                    "version_added": "11"
                },
                "safari_ios": "mirror",
                "samsunginternet_android": "mirror",
                "webview_android": "mirror",
                "edge_blink": {
                    "version_added": "80"
                }
            },
            "title": "RTCStatsReport"
        }
    ],
    "dom-rtcstatstype-remote-outbound-rtp": [
        {
            "engines": [
                "blink",
                "gecko",
                "webkit"
            ],
            "filename": "api/RTCStatsReport.json",
            "name": "type_remote-outbound-rtp",
            "slug": "API/RTCStatsReport#remote_outbound_rtp",
            "mdn_url": "https://developer.mozilla.org/en-US/docs/Web/API/RTCStatsReport#remote_outbound_rtp",
            "summary": "The RTCStatsReport interface of the WebRTC API provides a statistics report for a RTCPeerConnection, RTCRtpSender, or RTCRtpReceiver.",
            "support": {
                "chrome": {
                    "version_added": "91"
                },
                "chrome_android": "mirror",
                "edge": "mirror",
                "firefox": {
                    "version_added": "27"
                },
                "firefox_android": "mirror",
                "ie": {
                    "version_added": false
                },
                "oculus": "mirror",
                "opera": "mirror",
                "opera_android": "mirror",
                "safari": {
                    "version_added": "11"
                },
                "safari_ios": "mirror",
                "samsunginternet_android": "mirror",
                "webview_android": "mirror",
                "edge_blink": {
                    "version_added": "91"
                }
            },
            "title": "RTCStatsReport"
        }
    ],
    "dom-rtcstatstype-transport": [
        {
            "engines": [
                "blink",
                "webkit"
            ],
            "filename": "api/RTCStatsReport.json",
            "name": "type_transport",
            "slug": "API/RTCStatsReport#transport",
            "mdn_url": "https://developer.mozilla.org/en-US/docs/Web/API/RTCStatsReport#transport",
            "summary": "The RTCStatsReport interface of the WebRTC API provides a statistics report for a RTCPeerConnection, RTCRtpSender, or RTCRtpReceiver.",
            "support": {
                "chrome": {
                    "version_added": "80"
                },
                "chrome_android": "mirror",
                "edge": "mirror",
                "firefox": {
                    "version_added": false
                },
                "firefox_android": "mirror",
                "ie": {
                    "version_added": false
                },
                "oculus": "mirror",
                "opera": "mirror",
                "opera_android": "mirror",
                "safari": {
                    "version_added": "13.1"
                },
                "safari_ios": "mirror",
                "samsunginternet_android": "mirror",
                "webview_android": "mirror",
                "edge_blink": {
                    "version_added": "80"
                }
            },
            "title": "RTCStatsReport"
        }
    ]
}
