{
    "dom-rtcrtpencodingparameters-priority": [
        {
            "engines": [
                "blink",
                "gecko",
                "webkit"
            ],
            "filename": "api/RTCRtpEncodingParameters.json",
            "name": "priority",
            "slug": "API/RTCRtpEncodingParameters#priority",
            "mdn_url": "https://developer.mozilla.org/en-US/docs/Web/API/RTCRtpEncodingParameters#priority",
            "summary": "An instance of the WebRTC API's RTCRtpEncodingParameters dictionary describes a single configuration of a codec for an RTCRtpSender.",
            "support": {
                "chrome": {
                    "version_added": "67"
                },
                "chrome_android": "mirror",
                "edge": {
                    "version_added": false
                },
                "firefox": {
                    "version_added": "46",
                    "notes": "In version 110 and later the default priority is <code>low</code>."
                },
                "firefox_android": "mirror",
                "ie": {
                    "version_added": false
                },
                "oculus": "mirror",
                "opera": "mirror",
                "opera_android": "mirror",
                "safari": {
                    "version_added": "11"
                },
                "safari_ios": "mirror",
                "samsunginternet_android": "mirror",
                "webview_android": "mirror",
                "edge_blink": {
                    "version_added": "79"
                }
            },
            "title": "RTCRtpEncodingParameters"
        }
    ]
}
