{
    "rtcidentityassertion-interface": [
        {
            "engines": [],
            "partial": [
                "gecko"
            ],
            "filename": "api/RTCIdentityAssertion.json",
            "name": "RTCIdentityAssertion",
            "slug": "API/RTCIdentityAssertion",
            "mdn_url": "https://developer.mozilla.org/en-US/docs/Web/API/RTCIdentityAssertion",
            "summary": "The RTCIdentityAssertion interface of the WebRTC API represents the identity of a remote peer of the current connection. If no peer has yet been set and verified, then this interface returns null. Once set it can't be changed.",
            "support": {
                "chrome": {
                    "version_added": false
                },
                "chrome_android": "mirror",
                "edge": "mirror",
                "firefox": {
                    "version_added": "40",
                    "partial_implementation": true,
                    "notes": "The <code>RTCIdentityAssertion</code> interface itself is not present, but an object with the same properties is used"
                },
                "firefox_android": "mirror",
                "ie": {
                    "version_added": false
                },
                "oculus": "mirror",
                "opera": "mirror",
                "opera_android": "mirror",
                "safari": {
                    "version_added": false
                },
                "safari_ios": "mirror",
                "samsunginternet_android": "mirror",
                "webview_android": "mirror",
                "edge_blink": {
                    "version_added": false
                }
            },
            "title": "RTCIdentityAssertion"
        }
    ],
    "dom-rtcpeerconnection-getidentityassertion": [
        {
            "engines": [
                "gecko"
            ],
            "filename": "api/RTCPeerConnection.json",
            "name": "getIdentityAssertion",
            "slug": "API/RTCPeerConnection/getIdentityAssertion",
            "mdn_url": "https://developer.mozilla.org/en-US/docs/Web/API/RTCPeerConnection/getIdentityAssertion",
            "summary": "The RTCPeerConnection.getIdentityAssertion() method initiates the gathering of an identity assertion. This has an effect only if the signalingState is not \"closed\".",
            "support": {
                "chrome": {
                    "version_added": false
                },
                "chrome_android": "mirror",
                "edge": {
                    "version_added": false
                },
                "firefox": {
                    "version_added": "40"
                },
                "firefox_android": "mirror",
                "ie": {
                    "version_added": false
                },
                "oculus": "mirror",
                "opera": "mirror",
                "opera_android": "mirror",
                "safari": {
                    "version_added": false
                },
                "safari_ios": "mirror",
                "samsunginternet_android": "mirror",
                "webview_android": "mirror",
                "edge_blink": {
                    "version_added": false
                }
            },
            "title": "RTCPeerConnection: getIdentityAssertion() method"
        }
    ],
    "dom-rtcpeerconnection-peeridentity": [
        {
            "engines": [
                "gecko"
            ],
            "filename": "api/RTCPeerConnection.json",
            "name": "peerIdentity",
            "slug": "API/RTCPeerConnection/peerIdentity",
            "mdn_url": "https://developer.mozilla.org/en-US/docs/Web/API/RTCPeerConnection/peerIdentity",
            "summary": "The read-only RTCPeerConnection property peerIdentity returns a JavaScript Promise that resolves to an RTCIdentityAssertion which contains a string identifying the remote peer. Once this promise resolves successfully, the resulting identity is the target peer identity and cannot change for the duration of the connection.",
            "support": {
                "chrome": {
                    "version_added": false
                },
                "chrome_android": "mirror",
                "edge": {
                    "version_added": false
                },
                "firefox": {
                    "version_added": "40"
                },
                "firefox_android": "mirror",
                "ie": {
                    "version_added": false
                },
                "oculus": "mirror",
                "opera": "mirror",
                "opera_android": "mirror",
                "safari": {
                    "version_added": false
                },
                "safari_ios": "mirror",
                "samsunginternet_android": "mirror",
                "webview_android": "mirror",
                "edge_blink": {
                    "version_added": false
                }
            },
            "title": "RTCPeerConnection: peerIdentity property"
        }
    ],
    "dom-rtcpeerconnection-setidentityprovider": [
        {
            "engines": [
                "gecko"
            ],
            "filename": "api/RTCPeerConnection.json",
            "name": "setIdentityProvider",
            "slug": "API/RTCPeerConnection/setIdentityProvider",
            "mdn_url": "https://developer.mozilla.org/en-US/docs/Web/API/RTCPeerConnection/setIdentityProvider",
            "summary": "The RTCPeerConnection.setIdentityProvider() method sets the Identity Provider (IdP) to the triplet given in parameter: its name, the protocol used to communicate with it (optional) and an optional username. The IdP will be used only when an assertion is needed.",
            "support": {
                "chrome": {
                    "version_added": false
                },
                "chrome_android": "mirror",
                "edge": {
                    "version_added": false
                },
                "firefox": {
                    "version_added": "40"
                },
                "firefox_android": "mirror",
                "ie": {
                    "version_added": false
                },
                "oculus": "mirror",
                "opera": "mirror",
                "opera_android": "mirror",
                "safari": {
                    "version_added": false
                },
                "safari_ios": "mirror",
                "samsunginternet_android": "mirror",
                "webview_android": "mirror",
                "edge_blink": {
                    "version_added": false
                }
            },
            "title": "RTCPeerConnection: setIdentityProvider() method"
        }
    ]
}
