{
    "rtcdatachannel-extensions": [
        {
            "engines": [
                "webkit"
            ],
            "filename": "api/RTCDataChannel.json",
            "name": "transferable",
            "slug": "https://developer.mozilla.org/en-US/docs/Glossary/Transferable_objects",
            "mdn_url": "https://developer.mozilla.org/en-US/docs/Glossary/Transferable_objects",
            "summary": "Transferable objects are objects that own resources that can be transferred from one context to another, ensuring that the resources are only available in one context at a time. Following a transfer, the original object is no longer usable; it no longer points to the transferred resource, and any attempt to read or write the object will throw an exception.",
            "support": {
                "chrome": {
                    "version_added": false,
                    "notes": "See <a href='https://crbug.com/1244165'>bug 1244165</a>"
                },
                "chrome_android": "mirror",
                "edge": "mirror",
                "firefox": {
                    "version_added": false,
                    "notes": "See <a href='https://bugzil.la/1209163'>bug 1209163</a>"
                },
                "firefox_android": "mirror",
                "ie": {
                    "version_added": false
                },
                "oculus": "mirror",
                "opera": "mirror",
                "opera_android": "mirror",
                "safari": {
                    "version_added": "15"
                },
                "safari_ios": {
                    "version_added": false
                },
                "samsunginternet_android": "mirror",
                "webview_android": "mirror",
                "edge_blink": {
                    "version_added": false,
                    "notes": "See <a href='https://crbug.com/1244165'>bug 1244165</a>"
                }
            },
            "title": "Transferable objects"
        }
    ]
}
