{
    "dom-webtransport-webtransport": [
        {
            "engines": [
                "blink",
                "gecko"
            ],
            "filename": "api/WebTransport.json",
            "name": "WebTransport",
            "slug": "API/WebTransport/WebTransport",
            "mdn_url": "https://developer.mozilla.org/en-US/docs/Web/API/WebTransport/WebTransport",
            "summary": "The WebTransport() constructor creates a new WebTransport object instance.",
            "support": {
                "chrome": {
                    "version_added": "97"
                },
                "chrome_android": "mirror",
                "edge": "mirror",
                "firefox": {
                    "version_added": "114"
                },
                "firefox_android": "mirror",
                "ie": {
                    "version_added": false
                },
                "oculus": "mirror",
                "opera": "mirror",
                "opera_android": "mirror",
                "safari": {
                    "version_added": false
                },
                "safari_ios": "mirror",
                "samsunginternet_android": "mirror",
                "webview_android": "mirror",
                "edge_blink": {
                    "version_added": "97"
                }
            },
            "title": "WebTransport: WebTransport() constructor"
        }
    ],
    "dom-webtransport-close": [
        {
            "engines": [
                "blink",
                "gecko"
            ],
            "filename": "api/WebTransport.json",
            "name": "close",
            "slug": "API/WebTransport/close",
            "mdn_url": "https://developer.mozilla.org/en-US/docs/Web/API/WebTransport/close",
            "summary": "The close() method of the WebTransport interface closes an ongoing WebTransport session.",
            "support": {
                "chrome": {
                    "version_added": "97"
                },
                "chrome_android": "mirror",
                "edge": "mirror",
                "firefox": {
                    "version_added": "114"
                },
                "firefox_android": "mirror",
                "ie": {
                    "version_added": false
                },
                "oculus": "mirror",
                "opera": "mirror",
                "opera_android": "mirror",
                "safari": {
                    "version_added": false
                },
                "safari_ios": "mirror",
                "samsunginternet_android": "mirror",
                "webview_android": "mirror",
                "edge_blink": {
                    "version_added": "97"
                }
            },
            "title": "WebTransport: close() method"
        }
    ],
    "dom-webtransport-closed": [
        {
            "engines": [
                "blink",
                "gecko"
            ],
            "filename": "api/WebTransport.json",
            "name": "closed",
            "slug": "API/WebTransport/closed",
            "mdn_url": "https://developer.mozilla.org/en-US/docs/Web/API/WebTransport/closed",
            "summary": "The closed read-only property of the WebTransport interface returns a promise that resolves when the transport is closed.",
            "support": {
                "chrome": {
                    "version_added": "97"
                },
                "chrome_android": "mirror",
                "edge": "mirror",
                "firefox": {
                    "version_added": "114"
                },
                "firefox_android": "mirror",
                "ie": {
                    "version_added": false
                },
                "oculus": "mirror",
                "opera": "mirror",
                "opera_android": "mirror",
                "safari": {
                    "version_added": false
                },
                "safari_ios": "mirror",
                "samsunginternet_android": "mirror",
                "webview_android": "mirror",
                "edge_blink": {
                    "version_added": "97"
                }
            },
            "title": "WebTransport: closed property"
        }
    ],
    "dom-webtransport-congestioncontrol": [
        {
            "engines": [
                "gecko"
            ],
            "filename": "api/WebTransport.json",
            "name": "congestionControl",
            "slug": "API/WebTransport/congestionControl",
            "mdn_url": "https://developer.mozilla.org/en-US/docs/Web/API/WebTransport/congestionControl",
            "summary": "The congestionControl read-only property of the WebTransport interface indicates the application's preference for either high throughput or low-latency when sending data.",
            "support": {
                "chrome": {
                    "version_added": false
                },
                "chrome_android": "mirror",
                "edge": "mirror",
                "firefox": {
                    "version_added": "114"
                },
                "firefox_android": "mirror",
                "ie": {
                    "version_added": false
                },
                "oculus": "mirror",
                "opera": "mirror",
                "opera_android": "mirror",
                "safari": {
                    "version_added": false
                },
                "safari_ios": "mirror",
                "samsunginternet_android": "mirror",
                "webview_android": "mirror",
                "edge_blink": {
                    "version_added": false
                }
            },
            "title": "WebTransport: congestionControl property"
        }
    ],
    "dom-webtransport-createbidirectionalstream": [
        {
            "engines": [
                "blink",
                "gecko"
            ],
            "filename": "api/WebTransport.json",
            "name": "createBidirectionalStream",
            "slug": "API/WebTransport/createBidirectionalStream",
            "mdn_url": "https://developer.mozilla.org/en-US/docs/Web/API/WebTransport/createBidirectionalStream",
            "summary": "The createBidirectionalStream() method of the WebTransport interface asynchronously opens and returns a bidirectional stream.",
            "support": {
                "chrome": {
                    "version_added": "97"
                },
                "chrome_android": "mirror",
                "edge": "mirror",
                "firefox": {
                    "version_added": "114"
                },
                "firefox_android": "mirror",
                "ie": {
                    "version_added": false
                },
                "oculus": "mirror",
                "opera": "mirror",
                "opera_android": "mirror",
                "safari": {
                    "version_added": false
                },
                "safari_ios": "mirror",
                "samsunginternet_android": "mirror",
                "webview_android": "mirror",
                "edge_blink": {
                    "version_added": "97"
                }
            },
            "title": "WebTransport: createBidirectionalStream() method"
        }
    ],
    "dom-webtransport-createunidirectionalstream": [
        {
            "engines": [
                "blink",
                "gecko"
            ],
            "filename": "api/WebTransport.json",
            "name": "createUnidirectionalStream",
            "slug": "API/WebTransport/createUnidirectionalStream",
            "mdn_url": "https://developer.mozilla.org/en-US/docs/Web/API/WebTransport/createUnidirectionalStream",
            "summary": "The createUnidirectionalStream() method of the WebTransport interface asynchronously opens a unidirectional stream.",
            "support": {
                "chrome": {
                    "version_added": "97"
                },
                "chrome_android": "mirror",
                "edge": "mirror",
                "firefox": {
                    "version_added": "114"
                },
                "firefox_android": "mirror",
                "ie": {
                    "version_added": false
                },
                "oculus": "mirror",
                "opera": "mirror",
                "opera_android": "mirror",
                "safari": {
                    "version_added": false
                },
                "safari_ios": "mirror",
                "samsunginternet_android": "mirror",
                "webview_android": "mirror",
                "edge_blink": {
                    "version_added": "97"
                }
            },
            "title": "WebTransport: createUnidirectionalStream() method"
        }
    ],
    "dom-webtransport-datagrams": [
        {
            "engines": [
                "blink",
                "gecko"
            ],
            "filename": "api/WebTransport.json",
            "name": "datagrams",
            "slug": "API/WebTransport/datagrams",
            "mdn_url": "https://developer.mozilla.org/en-US/docs/Web/API/WebTransport/datagrams",
            "summary": "The datagrams read-only property of the WebTransport interface returns a WebTransportDatagramDuplexStream instance that can be used to send and receive datagrams — unreliable data transmission.",
            "support": {
                "chrome": {
                    "version_added": "97"
                },
                "chrome_android": "mirror",
                "edge": "mirror",
                "firefox": {
                    "version_added": "114"
                },
                "firefox_android": "mirror",
                "ie": {
                    "version_added": false
                },
                "oculus": "mirror",
                "opera": "mirror",
                "opera_android": "mirror",
                "safari": {
                    "version_added": false
                },
                "safari_ios": "mirror",
                "samsunginternet_android": "mirror",
                "webview_android": "mirror",
                "edge_blink": {
                    "version_added": "97"
                }
            },
            "title": "WebTransport: datagrams property"
        }
    ],
    "dom-webtransport-getstats": [
        {
            "engines": [],
            "partial": [
                "gecko"
            ],
            "filename": "api/WebTransport.json",
            "name": "getStats",
            "slug": "API/WebTransport/getStats",
            "mdn_url": "https://developer.mozilla.org/en-US/docs/Web/API/WebTransport/getStats",
            "summary": "The getStats() method of the WebTransport interface asynchronously returns an object containing HTTP/3 connection statistics.",
            "support": {
                "chrome": {
                    "version_added": false
                },
                "chrome_android": "mirror",
                "edge": "mirror",
                "firefox": {
                    "version_added": "114",
                    "partial_implementation": true,
                    "notes": "Method is defined but throws a not-implemented error."
                },
                "firefox_android": "mirror",
                "ie": {
                    "version_added": false
                },
                "oculus": "mirror",
                "opera": "mirror",
                "opera_android": "mirror",
                "safari": {
                    "version_added": false
                },
                "safari_ios": "mirror",
                "samsunginternet_android": "mirror",
                "webview_android": "mirror",
                "edge_blink": {
                    "version_added": false
                }
            },
            "title": "WebTransport: getStats() method"
        }
    ],
    "dom-webtransport-incomingbidirectionalstreams": [
        {
            "engines": [
                "blink",
                "gecko"
            ],
            "filename": "api/WebTransport.json",
            "name": "incomingBidirectionalStreams",
            "slug": "API/WebTransport/incomingBidirectionalStreams",
            "mdn_url": "https://developer.mozilla.org/en-US/docs/Web/API/WebTransport/incomingBidirectionalStreams",
            "summary": "The incomingBidirectionalStreams read-only property of the WebTransport interface represents one or more bidirectional streams opened by the server. Returns a ReadableStream of WebTransportBidirectionalStream objects. Each one can be used to reliably read data from the server and write data back to it.",
            "support": {
                "chrome": {
                    "version_added": "97"
                },
                "chrome_android": "mirror",
                "edge": "mirror",
                "firefox": {
                    "version_added": "114"
                },
                "firefox_android": "mirror",
                "ie": {
                    "version_added": false
                },
                "oculus": "mirror",
                "opera": "mirror",
                "opera_android": "mirror",
                "safari": {
                    "version_added": false
                },
                "safari_ios": "mirror",
                "samsunginternet_android": "mirror",
                "webview_android": "mirror",
                "edge_blink": {
                    "version_added": "97"
                }
            },
            "title": "WebTransport: incomingBidirectionalStreams property"
        }
    ],
    "dom-webtransport-incomingunidirectionalstreams": [
        {
            "engines": [
                "blink",
                "gecko"
            ],
            "filename": "api/WebTransport.json",
            "name": "incomingUnidirectionalStreams",
            "slug": "API/WebTransport/incomingUnidirectionalStreams",
            "mdn_url": "https://developer.mozilla.org/en-US/docs/Web/API/WebTransport/incomingUnidirectionalStreams",
            "summary": "The incomingUnidirectionalStreams read-only property of the WebTransport interface represents one or more unidirectional streams opened by the server. Returns a ReadableStream of WebTransportReceiveStream objects. Each one can be used to reliably read data from the server.",
            "support": {
                "chrome": {
                    "version_added": "97"
                },
                "chrome_android": "mirror",
                "edge": "mirror",
                "firefox": {
                    "version_added": "114"
                },
                "firefox_android": "mirror",
                "ie": {
                    "version_added": false
                },
                "oculus": "mirror",
                "opera": "mirror",
                "opera_android": "mirror",
                "safari": {
                    "version_added": false
                },
                "safari_ios": "mirror",
                "samsunginternet_android": "mirror",
                "webview_android": "mirror",
                "edge_blink": {
                    "version_added": "97"
                }
            },
            "title": "WebTransport: incomingUnidirectionalStreams property"
        }
    ],
    "dom-webtransport-ready": [
        {
            "engines": [
                "blink",
                "gecko"
            ],
            "filename": "api/WebTransport.json",
            "name": "ready",
            "slug": "API/WebTransport/ready",
            "mdn_url": "https://developer.mozilla.org/en-US/docs/Web/API/WebTransport/ready",
            "summary": "The ready read-only property of the WebTransport interface returns a promise that resolves when the transport is ready to use.",
            "support": {
                "chrome": {
                    "version_added": "97"
                },
                "chrome_android": "mirror",
                "edge": "mirror",
                "firefox": {
                    "version_added": "114"
                },
                "firefox_android": "mirror",
                "ie": {
                    "version_added": false
                },
                "oculus": "mirror",
                "opera": "mirror",
                "opera_android": "mirror",
                "safari": {
                    "version_added": false
                },
                "safari_ios": "mirror",
                "samsunginternet_android": "mirror",
                "webview_android": "mirror",
                "edge_blink": {
                    "version_added": "97"
                }
            },
            "title": "WebTransport: ready property"
        }
    ],
    "dom-webtransport-reliability": [
        {
            "engines": [
                "gecko"
            ],
            "filename": "api/WebTransport.json",
            "name": "reliability",
            "slug": "API/WebTransport/reliability",
            "mdn_url": "https://developer.mozilla.org/en-US/docs/Web/API/WebTransport/reliability",
            "summary": "The reliability read-only property of the WebTransport interface indicates whether the connection supports reliable transports only, or whether it also supports unreliable transports (such as UDP).",
            "support": {
                "chrome": {
                    "version_added": false
                },
                "chrome_android": "mirror",
                "edge": "mirror",
                "firefox": {
                    "version_added": "114"
                },
                "firefox_android": "mirror",
                "ie": {
                    "version_added": false
                },
                "oculus": "mirror",
                "opera": "mirror",
                "opera_android": "mirror",
                "safari": {
                    "version_added": false
                },
                "safari_ios": "mirror",
                "samsunginternet_android": "mirror",
                "webview_android": "mirror",
                "edge_blink": {
                    "version_added": false
                }
            },
            "title": "WebTransport: reliability property"
        }
    ],
    "web-transport": [
        {
            "engines": [
                "blink",
                "gecko"
            ],
            "filename": "api/WebTransport.json",
            "name": "WebTransport",
            "slug": "API/WebTransport",
            "mdn_url": "https://developer.mozilla.org/en-US/docs/Web/API/WebTransport",
            "summary": "The WebTransport interface of the WebTransport API provides functionality to enable a user agent to connect to an HTTP/3 server, initiate reliable and unreliable transport in either or both directions, and close the connection once it is no longer needed.",
            "support": {
                "chrome": {
                    "version_added": "97"
                },
                "chrome_android": "mirror",
                "edge": "mirror",
                "firefox": {
                    "version_added": "114"
                },
                "firefox_android": "mirror",
                "ie": {
                    "version_added": false
                },
                "oculus": "mirror",
                "opera": "mirror",
                "opera_android": "mirror",
                "safari": {
                    "version_added": false
                },
                "safari_ios": "mirror",
                "samsunginternet_android": "mirror",
                "webview_android": "mirror",
                "edge_blink": {
                    "version_added": "97"
                }
            },
            "title": "WebTransport"
        }
    ],
    "dom-webtransportbidirectionalstream-readable": [
        {
            "engines": [
                "blink",
                "gecko"
            ],
            "filename": "api/WebTransportBidirectionalStream.json",
            "name": "readable",
            "slug": "API/WebTransportBidirectionalStream/readable",
            "mdn_url": "https://developer.mozilla.org/en-US/docs/Web/API/WebTransportBidirectionalStream/readable",
            "summary": "The readable read-only property of the WebTransportBidirectionalStream interface returns a ReadableStream instance that can be used to reliably read incoming data.",
            "support": {
                "chrome": {
                    "version_added": "97"
                },
                "chrome_android": "mirror",
                "edge": "mirror",
                "firefox": {
                    "version_added": "114"
                },
                "firefox_android": "mirror",
                "ie": {
                    "version_added": false
                },
                "oculus": "mirror",
                "opera": "mirror",
                "opera_android": "mirror",
                "safari": {
                    "version_added": false
                },
                "safari_ios": "mirror",
                "samsunginternet_android": "mirror",
                "webview_android": "mirror",
                "edge_blink": {
                    "version_added": "97"
                }
            },
            "title": "WebTransportBidirectionalStream: readable property"
        }
    ],
    "dom-webtransportbidirectionalstream-writable": [
        {
            "engines": [
                "blink",
                "gecko"
            ],
            "filename": "api/WebTransportBidirectionalStream.json",
            "name": "writable",
            "slug": "API/WebTransportBidirectionalStream/writable",
            "mdn_url": "https://developer.mozilla.org/en-US/docs/Web/API/WebTransportBidirectionalStream/writable",
            "summary": "The writable read-only property of the WebTransportBidirectionalStream interface returns a WritableStream instance that can be used to write outgoing data.",
            "support": {
                "chrome": {
                    "version_added": "97"
                },
                "chrome_android": "mirror",
                "edge": "mirror",
                "firefox": {
                    "version_added": "114"
                },
                "firefox_android": "mirror",
                "ie": {
                    "version_added": false
                },
                "oculus": "mirror",
                "opera": "mirror",
                "opera_android": "mirror",
                "safari": {
                    "version_added": false
                },
                "safari_ios": "mirror",
                "samsunginternet_android": "mirror",
                "webview_android": "mirror",
                "edge_blink": {
                    "version_added": "97"
                }
            },
            "title": "WebTransportBidirectionalStream: writable property"
        }
    ],
    "webtransportbidirectionalstream": [
        {
            "engines": [
                "blink",
                "gecko"
            ],
            "filename": "api/WebTransportBidirectionalStream.json",
            "name": "WebTransportBidirectionalStream",
            "slug": "API/WebTransportBidirectionalStream",
            "mdn_url": "https://developer.mozilla.org/en-US/docs/Web/API/WebTransportBidirectionalStream",
            "summary": "The WebTransportBidirectionalStream interface of the WebTransport API represents a bidirectional stream created by a server or a client that can be used for reliable transport. Provides access to a ReadableStream for reading incoming data, and a WritableStream for writing outgoing data.",
            "support": {
                "chrome": {
                    "version_added": "97"
                },
                "chrome_android": "mirror",
                "edge": "mirror",
                "firefox": {
                    "version_added": "114"
                },
                "firefox_android": "mirror",
                "ie": {
                    "version_added": false
                },
                "oculus": "mirror",
                "opera": "mirror",
                "opera_android": "mirror",
                "safari": {
                    "version_added": false
                },
                "safari_ios": "mirror",
                "samsunginternet_android": "mirror",
                "webview_android": "mirror",
                "edge_blink": {
                    "version_added": "97"
                }
            },
            "title": "WebTransportBidirectionalStream"
        }
    ],
    "dom-webtransportdatagramduplexstream-incominghighwatermark": [
        {
            "engines": [
                "blink",
                "gecko"
            ],
            "filename": "api/WebTransportDatagramDuplexStream.json",
            "name": "incomingHighWaterMark",
            "slug": "API/WebTransportDatagramDuplexStream/incomingHighWaterMark",
            "mdn_url": "https://developer.mozilla.org/en-US/docs/Web/API/WebTransportDatagramDuplexStream/incomingHighWaterMark",
            "summary": "The incomingHighWaterMark property of the WebTransportDatagramDuplexStream interface gets or sets the high water mark for incoming chunks of data — this is the maximum size, in chunks, that the incoming ReadableStream's internal queue can reach before it is considered full. See Internal queues and queuing strategies for more information.",
            "support": {
                "chrome": {
                    "version_added": "97"
                },
                "chrome_android": "mirror",
                "edge": "mirror",
                "firefox": {
                    "version_added": "114"
                },
                "firefox_android": "mirror",
                "ie": {
                    "version_added": false
                },
                "oculus": "mirror",
                "opera": "mirror",
                "opera_android": "mirror",
                "safari": {
                    "version_added": false
                },
                "safari_ios": "mirror",
                "samsunginternet_android": "mirror",
                "webview_android": "mirror",
                "edge_blink": {
                    "version_added": "97"
                }
            },
            "title": "WebTransportDatagramDuplexStream: incomingHighWaterMark property"
        }
    ],
    "dom-webtransportdatagramduplexstream-incomingmaxage": [
        {
            "engines": [
                "blink",
                "gecko"
            ],
            "filename": "api/WebTransportDatagramDuplexStream.json",
            "name": "incomingMaxAge",
            "slug": "API/WebTransportDatagramDuplexStream/incomingMaxAge",
            "mdn_url": "https://developer.mozilla.org/en-US/docs/Web/API/WebTransportDatagramDuplexStream/incomingMaxAge",
            "summary": "The incomingMaxAge property of the WebTransportDatagramDuplexStream interface gets or sets the maximum age for incoming datagrams, in milliseconds.",
            "support": {
                "chrome": {
                    "version_added": "97"
                },
                "chrome_android": "mirror",
                "edge": "mirror",
                "firefox": {
                    "version_added": "114"
                },
                "firefox_android": "mirror",
                "ie": {
                    "version_added": false
                },
                "oculus": "mirror",
                "opera": "mirror",
                "opera_android": "mirror",
                "safari": {
                    "version_added": false
                },
                "safari_ios": "mirror",
                "samsunginternet_android": "mirror",
                "webview_android": "mirror",
                "edge_blink": {
                    "version_added": "97"
                }
            },
            "title": "WebTransportDatagramDuplexStream: incomingMaxAge property"
        }
    ],
    "dom-webtransportdatagramduplexstream-maxdatagramsize": [
        {
            "engines": [
                "blink",
                "gecko"
            ],
            "filename": "api/WebTransportDatagramDuplexStream.json",
            "name": "maxDatagramSize",
            "slug": "API/WebTransportDatagramDuplexStream/maxDatagramSize",
            "mdn_url": "https://developer.mozilla.org/en-US/docs/Web/API/WebTransportDatagramDuplexStream/maxDatagramSize",
            "summary": "The maxDatagramSize read-only property of the WebTransportDatagramDuplexStream interface returns the maximum allowable size of outgoing datagrams, in bytes, that can be written to writable.",
            "support": {
                "chrome": {
                    "version_added": "97"
                },
                "chrome_android": "mirror",
                "edge": "mirror",
                "firefox": {
                    "version_added": "114"
                },
                "firefox_android": "mirror",
                "ie": {
                    "version_added": false
                },
                "oculus": "mirror",
                "opera": "mirror",
                "opera_android": "mirror",
                "safari": {
                    "version_added": false
                },
                "safari_ios": "mirror",
                "samsunginternet_android": "mirror",
                "webview_android": "mirror",
                "edge_blink": {
                    "version_added": "97"
                }
            },
            "title": "WebTransportDatagramDuplexStream: maxDatagramSize property"
        }
    ],
    "dom-webtransportdatagramduplexstream-outgoinghighwatermark": [
        {
            "engines": [
                "blink",
                "gecko"
            ],
            "filename": "api/WebTransportDatagramDuplexStream.json",
            "name": "outgoingHighWaterMark",
            "slug": "API/WebTransportDatagramDuplexStream/outgoingHighWaterMark",
            "mdn_url": "https://developer.mozilla.org/en-US/docs/Web/API/WebTransportDatagramDuplexStream/outgoingHighWaterMark",
            "summary": "The outgoingHighWaterMark property of the WebTransportDatagramDuplexStream interface gets or sets the high water mark for outgoing chunks of data — this is the maximum size, in chunks, that the outgoing WritableStream's internal queue can reach before it is considered full. See Internal queues and queuing strategies for more information.",
            "support": {
                "chrome": {
                    "version_added": "97"
                },
                "chrome_android": "mirror",
                "edge": "mirror",
                "firefox": {
                    "version_added": "114"
                },
                "firefox_android": "mirror",
                "ie": {
                    "version_added": false
                },
                "oculus": "mirror",
                "opera": "mirror",
                "opera_android": "mirror",
                "safari": {
                    "version_added": false
                },
                "safari_ios": "mirror",
                "samsunginternet_android": "mirror",
                "webview_android": "mirror",
                "edge_blink": {
                    "version_added": "97"
                }
            },
            "title": "WebTransportDatagramDuplexStream: outgoingHighWaterMark property"
        }
    ],
    "dom-webtransportdatagramduplexstream-outgoingmaxage": [
        {
            "engines": [
                "blink",
                "gecko"
            ],
            "filename": "api/WebTransportDatagramDuplexStream.json",
            "name": "outgoingMaxAge",
            "slug": "API/WebTransportDatagramDuplexStream/outgoingMaxAge",
            "mdn_url": "https://developer.mozilla.org/en-US/docs/Web/API/WebTransportDatagramDuplexStream/outgoingMaxAge",
            "summary": "The outgoingMaxAge property of the WebTransportDatagramDuplexStream interface gets or sets the maximum age for outgoing datagrams, in milliseconds.",
            "support": {
                "chrome": {
                    "version_added": "97"
                },
                "chrome_android": "mirror",
                "edge": "mirror",
                "firefox": {
                    "version_added": "114"
                },
                "firefox_android": "mirror",
                "ie": {
                    "version_added": false
                },
                "oculus": "mirror",
                "opera": "mirror",
                "opera_android": "mirror",
                "safari": {
                    "version_added": false
                },
                "safari_ios": "mirror",
                "samsunginternet_android": "mirror",
                "webview_android": "mirror",
                "edge_blink": {
                    "version_added": "97"
                }
            },
            "title": "WebTransportDatagramDuplexStream: outgoingMaxAge property"
        }
    ],
    "dom-webtransportdatagramduplexstream-readable": [
        {
            "engines": [
                "blink",
                "gecko"
            ],
            "filename": "api/WebTransportDatagramDuplexStream.json",
            "name": "readable",
            "slug": "API/WebTransportDatagramDuplexStream/readable",
            "mdn_url": "https://developer.mozilla.org/en-US/docs/Web/API/WebTransportDatagramDuplexStream/readable",
            "summary": "The readable read-only property of the WebTransportDatagramDuplexStream interface returns a ReadableStream instance that can be used to unreliably read incoming datagrams from the stream.",
            "support": {
                "chrome": {
                    "version_added": "97"
                },
                "chrome_android": "mirror",
                "edge": "mirror",
                "firefox": {
                    "version_added": "114"
                },
                "firefox_android": "mirror",
                "ie": {
                    "version_added": false
                },
                "oculus": "mirror",
                "opera": "mirror",
                "opera_android": "mirror",
                "safari": {
                    "version_added": false
                },
                "safari_ios": "mirror",
                "samsunginternet_android": "mirror",
                "webview_android": "mirror",
                "edge_blink": {
                    "version_added": "97"
                }
            },
            "title": "WebTransportDatagramDuplexStream: readable property"
        }
    ],
    "dom-webtransportdatagramduplexstream-writable": [
        {
            "engines": [
                "blink",
                "gecko"
            ],
            "filename": "api/WebTransportDatagramDuplexStream.json",
            "name": "writable",
            "slug": "API/WebTransportDatagramDuplexStream/writable",
            "mdn_url": "https://developer.mozilla.org/en-US/docs/Web/API/WebTransportDatagramDuplexStream/writable",
            "summary": "The writable read-only property of the WebTransportDatagramDuplexStream interface returns a WritableStream instance that can be used to unreliably write outgoing datagrams to the stream.",
            "support": {
                "chrome": {
                    "version_added": "97"
                },
                "chrome_android": "mirror",
                "edge": "mirror",
                "firefox": {
                    "version_added": "114"
                },
                "firefox_android": "mirror",
                "ie": {
                    "version_added": false
                },
                "oculus": "mirror",
                "opera": "mirror",
                "opera_android": "mirror",
                "safari": {
                    "version_added": false
                },
                "safari_ios": "mirror",
                "samsunginternet_android": "mirror",
                "webview_android": "mirror",
                "edge_blink": {
                    "version_added": "97"
                }
            },
            "title": "WebTransportDatagramDuplexStream: writable property"
        }
    ],
    "duplex-stream": [
        {
            "engines": [
                "blink",
                "gecko"
            ],
            "filename": "api/WebTransportDatagramDuplexStream.json",
            "name": "WebTransportDatagramDuplexStream",
            "slug": "API/WebTransportDatagramDuplexStream",
            "mdn_url": "https://developer.mozilla.org/en-US/docs/Web/API/WebTransportDatagramDuplexStream",
            "summary": "The WebTransportDatagramDuplexStream interface of the WebTransport API represents a duplex stream that can be used for unreliable transport of datagrams between client and server. Provides access to a ReadableStream for reading incoming datagrams, a WritableStream for writing outgoing datagrams, and various settings and statistics related to the stream.",
            "support": {
                "chrome": {
                    "version_added": "97"
                },
                "chrome_android": "mirror",
                "edge": "mirror",
                "firefox": {
                    "version_added": "114"
                },
                "firefox_android": "mirror",
                "ie": {
                    "version_added": false
                },
                "oculus": "mirror",
                "opera": "mirror",
                "opera_android": "mirror",
                "safari": {
                    "version_added": false
                },
                "safari_ios": "mirror",
                "samsunginternet_android": "mirror",
                "webview_android": "mirror",
                "edge_blink": {
                    "version_added": "97"
                }
            },
            "title": "WebTransportDatagramDuplexStream"
        }
    ],
    "dom-webtransporterror-webtransporterror": [
        {
            "engines": [
                "blink",
                "gecko"
            ],
            "filename": "api/WebTransportError.json",
            "name": "WebTransportError",
            "slug": "API/WebTransportError/WebTransportError",
            "mdn_url": "https://developer.mozilla.org/en-US/docs/Web/API/WebTransportError/WebTransportError",
            "summary": "The WebTransportError() constructor creates a new WebTransportError object instance.",
            "support": {
                "chrome": {
                    "version_added": "97"
                },
                "chrome_android": "mirror",
                "edge": "mirror",
                "firefox": {
                    "version_added": "114"
                },
                "firefox_android": "mirror",
                "ie": {
                    "version_added": false
                },
                "oculus": "mirror",
                "opera": "mirror",
                "opera_android": "mirror",
                "safari": {
                    "version_added": false
                },
                "safari_ios": "mirror",
                "samsunginternet_android": "mirror",
                "webview_android": "mirror",
                "edge_blink": {
                    "version_added": "97"
                }
            },
            "title": "WebTransportError: WebTransportError() constructor"
        }
    ],
    "dom-webtransporterror-source": [
        {
            "engines": [
                "blink",
                "gecko"
            ],
            "filename": "api/WebTransportError.json",
            "name": "source",
            "slug": "API/WebTransportError/source",
            "mdn_url": "https://developer.mozilla.org/en-US/docs/Web/API/WebTransportError/source",
            "summary": "The source read-only property of the WebTransportError interface returns an enumerated value indicating the source of the error.",
            "support": {
                "chrome": {
                    "version_added": "97"
                },
                "chrome_android": "mirror",
                "edge": "mirror",
                "firefox": {
                    "version_added": "114"
                },
                "firefox_android": "mirror",
                "ie": {
                    "version_added": false
                },
                "oculus": "mirror",
                "opera": "mirror",
                "opera_android": "mirror",
                "safari": {
                    "version_added": false
                },
                "safari_ios": "mirror",
                "samsunginternet_android": "mirror",
                "webview_android": "mirror",
                "edge_blink": {
                    "version_added": "97"
                }
            },
            "title": "WebTransportError: source property"
        }
    ],
    "dom-webtransporterror-streamerrorcode": [
        {
            "engines": [
                "blink",
                "gecko"
            ],
            "filename": "api/WebTransportError.json",
            "name": "streamErrorCode",
            "slug": "API/WebTransportError/streamErrorCode",
            "mdn_url": "https://developer.mozilla.org/en-US/docs/Web/API/WebTransportError/streamErrorCode",
            "summary": "The streamErrorCode read-only property of the WebTransportError interface returns a number in the range 0-255 indicating the application protocol error code for this error, or null if one is not available.",
            "support": {
                "chrome": {
                    "version_added": "97"
                },
                "chrome_android": "mirror",
                "edge": "mirror",
                "firefox": {
                    "version_added": "114"
                },
                "firefox_android": "mirror",
                "ie": {
                    "version_added": false
                },
                "oculus": "mirror",
                "opera": "mirror",
                "opera_android": "mirror",
                "safari": {
                    "version_added": false
                },
                "safari_ios": "mirror",
                "samsunginternet_android": "mirror",
                "webview_android": "mirror",
                "edge_blink": {
                    "version_added": "97"
                }
            },
            "title": "WebTransportError: streamErrorCode property"
        }
    ],
    "webtransporterror": [
        {
            "engines": [
                "blink",
                "gecko"
            ],
            "filename": "api/WebTransportError.json",
            "name": "WebTransportError",
            "slug": "API/WebTransportError",
            "mdn_url": "https://developer.mozilla.org/en-US/docs/Web/API/WebTransportError",
            "summary": "The WebTransportError interface of the WebTransport API represents an error related to the API, which can arise from server errors, network connection problems, or client-initiated abort operations (for example, arising from a WritableStream.abort() call).",
            "support": {
                "chrome": {
                    "version_added": "97"
                },
                "chrome_android": "mirror",
                "edge": "mirror",
                "firefox": {
                    "version_added": "114"
                },
                "firefox_android": "mirror",
                "ie": {
                    "version_added": false
                },
                "oculus": "mirror",
                "opera": "mirror",
                "opera_android": "mirror",
                "safari": {
                    "version_added": false
                },
                "safari_ios": "mirror",
                "samsunginternet_android": "mirror",
                "webview_android": "mirror",
                "edge_blink": {
                    "version_added": "97"
                }
            },
            "title": "WebTransportError"
        }
    ],
    "dom-webtransportreceivestream-getstats": [
        {
            "engines": [
                "gecko"
            ],
            "filename": "api/WebTransportReceiveStream.json",
            "name": "getStats",
            "slug": "API/WebTransportReceiveStream/getStats",
            "mdn_url": "https://developer.mozilla.org/en-US/docs/Web/API/WebTransportReceiveStream/getStats",
            "summary": "The getStats() method of the WebTransportReceiveStream interface asynchronously returns an object containing statistics for the current stream.",
            "support": {
                "chrome": {
                    "version_added": false
                },
                "chrome_android": "mirror",
                "edge": "mirror",
                "firefox": {
                    "version_added": "114"
                },
                "firefox_android": "mirror",
                "ie": {
                    "version_added": false
                },
                "oculus": "mirror",
                "opera": "mirror",
                "opera_android": "mirror",
                "safari": {
                    "version_added": false
                },
                "safari_ios": "mirror",
                "samsunginternet_android": "mirror",
                "webview_android": "mirror",
                "edge_blink": {
                    "version_added": false
                }
            },
            "title": "WebTransportReceiveStream: getStats() method"
        }
    ],
    "webtransportreceivestream": [
        {
            "engines": [
                "gecko"
            ],
            "filename": "api/WebTransportReceiveStream.json",
            "name": "WebTransportReceiveStream",
            "slug": "API/WebTransportReceiveStream",
            "mdn_url": "https://developer.mozilla.org/en-US/docs/Web/API/WebTransportReceiveStream",
            "summary": "The WebTransportReceiveStream interface of the WebTransport API is a ReadableStream that can be used to read from an incoming unidirectional or bidirectional WebTransport stream from a server.",
            "support": {
                "chrome": {
                    "version_added": false
                },
                "chrome_android": "mirror",
                "edge": "mirror",
                "firefox": {
                    "version_added": "114"
                },
                "firefox_android": "mirror",
                "ie": {
                    "version_added": false
                },
                "oculus": "mirror",
                "opera": "mirror",
                "opera_android": "mirror",
                "safari": {
                    "version_added": false
                },
                "safari_ios": "mirror",
                "samsunginternet_android": "mirror",
                "webview_android": "mirror",
                "edge_blink": {
                    "version_added": false
                }
            },
            "title": "WebTransportReceiveStream"
        }
    ]
}
