{
    "dom-vttcue-vttcue": [
        {
            "engines": [
                "blink",
                "gecko",
                "webkit"
            ],
            "filename": "api/VTTCue.json",
            "name": "VTTCue",
            "slug": "API/VTTCue/VTTCue",
            "mdn_url": "https://developer.mozilla.org/en-US/docs/Web/API/VTTCue/VTTCue",
            "summary": "The VTTCue() constructor creates and returns a new VTTCue object.",
            "support": {
                "chrome": {
                    "version_added": "33"
                },
                "chrome_android": "mirror",
                "edge": "mirror",
                "firefox": {
                    "version_added": "31"
                },
                "firefox_android": "mirror",
                "ie": {
                    "version_added": false
                },
                "oculus": "mirror",
                "opera": "mirror",
                "opera_android": "mirror",
                "safari": {
                    "version_added": "8"
                },
                "safari_ios": "mirror",
                "samsunginternet_android": "mirror",
                "webview_android": "mirror",
                "edge_blink": {
                    "version_added": "79"
                }
            },
            "title": "VTTCue: VTTCue() constructor"
        }
    ],
    "dom-vttcue-align": [
        {
            "engines": [
                "blink",
                "gecko",
                "webkit"
            ],
            "filename": "api/VTTCue.json",
            "name": "align",
            "slug": "API/VTTCue/align",
            "mdn_url": "https://developer.mozilla.org/en-US/docs/Web/API/VTTCue/align",
            "summary": "The align property of the VTTCue interface represents the alignment of all of the lines of text in the text box.",
            "support": {
                "chrome": {
                    "version_added": "23"
                },
                "chrome_android": "mirror",
                "edge": "mirror",
                "firefox": {
                    "version_added": "31"
                },
                "firefox_android": "mirror",
                "ie": {
                    "version_added": false
                },
                "oculus": "mirror",
                "opera": {
                    "version_added": "12.1"
                },
                "opera_android": {
                    "version_added": "12.1"
                },
                "safari": {
                    "version_added": "6"
                },
                "safari_ios": {
                    "version_added": "8"
                },
                "samsunginternet_android": "mirror",
                "webview_android": "mirror",
                "edge_blink": {
                    "version_added": "79"
                }
            },
            "title": "VTTCue: align property"
        }
    ],
    "dom-vttcue-getcueashtml": [
        {
            "engines": [
                "blink",
                "gecko",
                "webkit"
            ],
            "filename": "api/VTTCue.json",
            "name": "getCueAsHTML",
            "slug": "API/VTTCue/getCueAsHTML",
            "mdn_url": "https://developer.mozilla.org/en-US/docs/Web/API/VTTCue/getCueAsHTML",
            "summary": "The getCueAsHTML() method of the VTTCue interface returns a DocumentFragment containing the cue content.",
            "support": {
                "chrome": {
                    "version_added": "23"
                },
                "chrome_android": "mirror",
                "edge": {
                    "version_added": "12"
                },
                "firefox": {
                    "version_added": "31"
                },
                "firefox_android": "mirror",
                "ie": {
                    "version_added": "10"
                },
                "oculus": "mirror",
                "opera": {
                    "version_added": "12.1"
                },
                "opera_android": {
                    "version_added": "12.1"
                },
                "safari": {
                    "version_added": "6"
                },
                "safari_ios": {
                    "version_added": "8"
                },
                "samsunginternet_android": "mirror",
                "webview_android": "mirror",
                "edge_blink": {
                    "version_added": "79"
                }
            },
            "title": "VTTCue: getCueAsHTML() method"
        }
    ],
    "dom-vttcue-line": [
        {
            "engines": [
                "blink",
                "gecko",
                "webkit"
            ],
            "filename": "api/VTTCue.json",
            "name": "line",
            "slug": "API/VTTCue/line",
            "mdn_url": "https://developer.mozilla.org/en-US/docs/Web/API/VTTCue/line",
            "summary": "The line property of the VTTCue interface represents the cue line of this WebVTT cue.",
            "support": {
                "chrome": {
                    "version_added": "23"
                },
                "chrome_android": "mirror",
                "edge": "mirror",
                "firefox": {
                    "version_added": "31"
                },
                "firefox_android": "mirror",
                "ie": {
                    "version_added": false
                },
                "oculus": "mirror",
                "opera": {
                    "version_added": "12.1"
                },
                "opera_android": {
                    "version_added": "12.1"
                },
                "safari": {
                    "version_added": "6"
                },
                "safari_ios": {
                    "version_added": "8"
                },
                "samsunginternet_android": "mirror",
                "webview_android": "mirror",
                "edge_blink": {
                    "version_added": "79"
                }
            },
            "title": "VTTCue: line property"
        }
    ],
    "dom-vttcue-linealign": [
        {
            "engines": [
                "gecko",
                "webkit"
            ],
            "filename": "api/VTTCue.json",
            "name": "lineAlign",
            "slug": "API/VTTCue/lineAlign",
            "mdn_url": "https://developer.mozilla.org/en-US/docs/Web/API/VTTCue/lineAlign",
            "summary": "The lineAlign property of the VTTCue interface represents the alignment of this VTT cue.",
            "support": {
                "chrome": {
                    "version_added": false,
                    "notes": "See <a href='https://crbug.com/633690'>bug 633690</a>."
                },
                "chrome_android": "mirror",
                "edge": "mirror",
                "firefox": {
                    "version_added": "31"
                },
                "firefox_android": "mirror",
                "ie": {
                    "version_added": false
                },
                "oculus": "mirror",
                "opera": "mirror",
                "opera_android": "mirror",
                "safari": {
                    "version_added": "14.1"
                },
                "safari_ios": "mirror",
                "samsunginternet_android": "mirror",
                "webview_android": "mirror",
                "edge_blink": {
                    "version_added": false,
                    "notes": "See <a href='https://crbug.com/633690'>bug 633690</a>."
                }
            },
            "title": "VTTCue: lineAlign property"
        }
    ],
    "dom-vttcue-position": [
        {
            "engines": [
                "blink",
                "gecko",
                "webkit"
            ],
            "filename": "api/VTTCue.json",
            "name": "position",
            "slug": "API/VTTCue/position",
            "mdn_url": "https://developer.mozilla.org/en-US/docs/Web/API/VTTCue/position",
            "summary": "The position property of the VTTCue interface represents the indentation of the cue within the line.",
            "support": {
                "chrome": {
                    "version_added": "23"
                },
                "chrome_android": "mirror",
                "edge": "mirror",
                "firefox": {
                    "version_added": "31"
                },
                "firefox_android": "mirror",
                "ie": {
                    "version_added": false
                },
                "oculus": "mirror",
                "opera": {
                    "version_added": "12.1"
                },
                "opera_android": {
                    "version_added": "12.1"
                },
                "safari": {
                    "version_added": "6"
                },
                "safari_ios": {
                    "version_added": "8"
                },
                "samsunginternet_android": "mirror",
                "webview_android": "mirror",
                "edge_blink": {
                    "version_added": "79"
                }
            },
            "title": "VTTCue: position property"
        }
    ],
    "dom-vttcue-positionalign": [
        {
            "engines": [
                "gecko",
                "webkit"
            ],
            "filename": "api/VTTCue.json",
            "name": "positionAlign",
            "slug": "API/VTTCue/positionAlign",
            "mdn_url": "https://developer.mozilla.org/en-US/docs/Web/API/VTTCue/positionAlign",
            "summary": "The positionAlign property of the VTTCue interface is used to determine what VTTCue.position is anchored to.",
            "support": {
                "chrome": {
                    "version_added": false,
                    "notes": "See <a href='https://crbug.com/633690'>bug 633690</a>."
                },
                "chrome_android": "mirror",
                "edge": "mirror",
                "firefox": {
                    "version_added": "31"
                },
                "firefox_android": "mirror",
                "ie": {
                    "version_added": false
                },
                "oculus": "mirror",
                "opera": "mirror",
                "opera_android": "mirror",
                "safari": {
                    "version_added": "14.1"
                },
                "safari_ios": "mirror",
                "samsunginternet_android": "mirror",
                "webview_android": "mirror",
                "edge_blink": {
                    "version_added": false,
                    "notes": "See <a href='https://crbug.com/633690'>bug 633690</a>."
                }
            },
            "title": "VTTCue: positionAlign property"
        }
    ],
    "dom-vttcue-region": [
        {
            "engines": [
                "gecko",
                "webkit"
            ],
            "filename": "api/VTTCue.json",
            "name": "region",
            "slug": "API/VTTCue/region",
            "mdn_url": "https://developer.mozilla.org/en-US/docs/Web/API/VTTCue/region",
            "summary": "The region property of the VTTCue interface returns and sets the VTTRegion that this cue belongs to.",
            "support": {
                "chrome": {
                    "version_added": false
                },
                "chrome_android": "mirror",
                "edge": "mirror",
                "firefox": {
                    "version_added": "59"
                },
                "firefox_android": "mirror",
                "ie": {
                    "version_added": false
                },
                "oculus": "mirror",
                "opera": "mirror",
                "opera_android": "mirror",
                "safari": {
                    "version_added": "14.1"
                },
                "safari_ios": "mirror",
                "samsunginternet_android": "mirror",
                "webview_android": "mirror",
                "edge_blink": {
                    "version_added": false
                }
            },
            "title": "VTTCue: region property"
        }
    ],
    "dom-vttcue-size": [
        {
            "engines": [
                "blink",
                "gecko",
                "webkit"
            ],
            "filename": "api/VTTCue.json",
            "name": "size",
            "slug": "API/VTTCue/size",
            "mdn_url": "https://developer.mozilla.org/en-US/docs/Web/API/VTTCue/size",
            "summary": "The size property of the VTTCue interface represents the size of the cue as a percentage of the video size.",
            "support": {
                "chrome": {
                    "version_added": "23"
                },
                "chrome_android": "mirror",
                "edge": "mirror",
                "firefox": {
                    "version_added": "31"
                },
                "firefox_android": "mirror",
                "ie": {
                    "version_added": false
                },
                "oculus": "mirror",
                "opera": {
                    "version_added": "12.1"
                },
                "opera_android": {
                    "version_added": "12.1"
                },
                "safari": {
                    "version_added": "6"
                },
                "safari_ios": {
                    "version_added": "8"
                },
                "samsunginternet_android": "mirror",
                "webview_android": "mirror",
                "edge_blink": {
                    "version_added": "79"
                }
            },
            "title": "VTTCue: size property"
        }
    ],
    "dom-vttcue-snaptolines": [
        {
            "engines": [
                "blink",
                "gecko",
                "webkit"
            ],
            "filename": "api/VTTCue.json",
            "name": "snapToLines",
            "slug": "API/VTTCue/snapToLines",
            "mdn_url": "https://developer.mozilla.org/en-US/docs/Web/API/VTTCue/snapToLines",
            "summary": "The snapToLines property of the VTTCue interface is a Boolean indicating if the VTTCue.line property is an integer number of lines, or a percentage of the video size.",
            "support": {
                "chrome": {
                    "version_added": "23"
                },
                "chrome_android": "mirror",
                "edge": "mirror",
                "firefox": {
                    "version_added": "31"
                },
                "firefox_android": "mirror",
                "ie": {
                    "version_added": false
                },
                "oculus": "mirror",
                "opera": {
                    "version_added": "12.1"
                },
                "opera_android": {
                    "version_added": "12.1"
                },
                "safari": {
                    "version_added": "6"
                },
                "safari_ios": {
                    "version_added": "8"
                },
                "samsunginternet_android": "mirror",
                "webview_android": "mirror",
                "edge_blink": {
                    "version_added": "79"
                }
            },
            "title": "VTTCue: snapToLines property"
        }
    ],
    "dom-vttcue-text": [
        {
            "engines": [
                "blink",
                "gecko",
                "webkit"
            ],
            "filename": "api/VTTCue.json",
            "name": "text",
            "slug": "API/VTTCue/text",
            "mdn_url": "https://developer.mozilla.org/en-US/docs/Web/API/VTTCue/text",
            "summary": "The text property of the VTTCue interface represents the text contents of the cue.",
            "support": {
                "chrome": {
                    "version_added": "23"
                },
                "chrome_android": "mirror",
                "edge": {
                    "version_added": "12"
                },
                "firefox": {
                    "version_added": "31"
                },
                "firefox_android": "mirror",
                "ie": {
                    "version_added": "10"
                },
                "oculus": "mirror",
                "opera": {
                    "version_added": "12.1"
                },
                "opera_android": {
                    "version_added": "12.1"
                },
                "safari": {
                    "version_added": "6"
                },
                "safari_ios": {
                    "version_added": "8"
                },
                "samsunginternet_android": "mirror",
                "webview_android": "mirror",
                "edge_blink": {
                    "version_added": "79"
                }
            },
            "title": "VTTCue: text property"
        }
    ],
    "dom-vttcue-vertical": [
        {
            "engines": [
                "blink",
                "gecko",
                "webkit"
            ],
            "filename": "api/VTTCue.json",
            "name": "vertical",
            "slug": "API/VTTCue/vertical",
            "mdn_url": "https://developer.mozilla.org/en-US/docs/Web/API/VTTCue/vertical",
            "summary": "The vertical property of the VTTCue interface is a string representing the cue's writing direction.",
            "support": {
                "chrome": {
                    "version_added": "23"
                },
                "chrome_android": "mirror",
                "edge": "mirror",
                "firefox": {
                    "version_added": "31"
                },
                "firefox_android": "mirror",
                "ie": {
                    "version_added": false
                },
                "oculus": "mirror",
                "opera": "mirror",
                "opera_android": "mirror",
                "safari": {
                    "version_added": "6"
                },
                "safari_ios": {
                    "version_added": "8"
                },
                "samsunginternet_android": "mirror",
                "webview_android": "mirror",
                "edge_blink": {
                    "version_added": "79"
                }
            },
            "title": "VTTCue: vertical property"
        }
    ],
    "the-vttcue-interface": [
        {
            "engines": [
                "blink",
                "gecko",
                "webkit"
            ],
            "filename": "api/VTTCue.json",
            "name": "VTTCue",
            "slug": "API/VTTCue",
            "mdn_url": "https://developer.mozilla.org/en-US/docs/Web/API/VTTCue",
            "summary": "The VTTCue interface—part of the API for handling WebVTT (text tracks on media presentations)—describes and controls the text track associated with a particular <track> element.",
            "support": {
                "chrome": {
                    "version_added": "23"
                },
                "chrome_android": "mirror",
                "edge": {
                    "version_added": "12"
                },
                "firefox": {
                    "version_added": "31"
                },
                "firefox_android": "mirror",
                "ie": {
                    "version_added": "10"
                },
                "oculus": "mirror",
                "opera": {
                    "version_added": "12.1"
                },
                "opera_android": {
                    "version_added": "12.1"
                },
                "safari": {
                    "version_added": "6"
                },
                "safari_ios": {
                    "version_added": "8"
                },
                "samsunginternet_android": "mirror",
                "webview_android": "mirror",
                "edge_blink": {
                    "version_added": "79"
                }
            },
            "title": "VTTCue"
        }
    ],
    "the-vttregion-interface": [
        {
            "engines": [
                "gecko",
                "webkit"
            ],
            "filename": "api/VTTRegion.json",
            "name": "VTTRegion",
            "slug": "API/VTTRegion",
            "mdn_url": "https://developer.mozilla.org/en-US/docs/Web/API/VTTRegion",
            "summary": "The VTTRegion interface—part of the API for handling WebVTT (text tracks on media presentations)—describes a portion of the video to render a VTTCue onto.",
            "support": {
                "chrome": {
                    "version_added": false
                },
                "chrome_android": "mirror",
                "edge": "mirror",
                "firefox": {
                    "version_added": "59"
                },
                "firefox_android": "mirror",
                "ie": {
                    "version_added": false
                },
                "oculus": "mirror",
                "opera": "mirror",
                "opera_android": "mirror",
                "safari": {
                    "version_added": "7"
                },
                "safari_ios": "mirror",
                "samsunginternet_android": "mirror",
                "webview_android": "mirror",
                "edge_blink": {
                    "version_added": false
                }
            },
            "title": "VTTRegion"
        }
    ],
    "the-cue-pseudo-element": [
        {
            "engines": [
                "blink",
                "gecko",
                "webkit"
            ],
            "filename": "css/selectors/cue.json",
            "name": "cue",
            "slug": "CSS/::cue",
            "mdn_url": "https://developer.mozilla.org/en-US/docs/Web/CSS/::cue",
            "summary": "The ::cue CSS pseudo-element matches WebVTT cues within a selected element. This can be used to style captions and other cues in media with VTT tracks.",
            "support": {
                "chrome": {
                    "version_added": "26"
                },
                "chrome_android": "mirror",
                "edge": "mirror",
                "firefox": {
                    "version_added": "55",
                    "notes": "From Firefox 69, only allowed properties apply to the <code>::cue</code> pseudo-element with no argument. See <a href='https://developer.mozilla.org/docs/Web/CSS/::cue#Permitted_properties'>Permitted properties</a> for a list of the allowed properties."
                },
                "firefox_android": {
                    "version_added": "55"
                },
                "ie": {
                    "version_added": false
                },
                "oculus": "mirror",
                "opera": "mirror",
                "opera_android": "mirror",
                "safari": {
                    "version_added": "7"
                },
                "safari_ios": "mirror",
                "samsunginternet_android": "mirror",
                "webview_android": "mirror",
                "edge_blink": {
                    "version_added": "79"
                }
            },
            "title": "::cue"
        }
    ]
}
