{
    "dom-xranchor-anchorspace": [
        {
            "engines": [
                "blink"
            ],
            "filename": "api/XRAnchor.json",
            "name": "anchorSpace",
            "slug": "API/XRAnchor/anchorSpace",
            "mdn_url": "https://developer.mozilla.org/en-US/docs/Web/API/XRAnchor/anchorSpace",
            "summary": "The read-only anchorSpace property of the XRAnchor interface returns an XRSpace object to locate the anchor relative to other XRSpace objects. It can be passed to XRFrame.getPose() subsequently.",
            "support": {
                "chrome": {
                    "version_added": "85"
                },
                "chrome_android": "mirror",
                "edge": "mirror",
                "firefox": {
                    "version_added": false
                },
                "firefox_android": "mirror",
                "ie": {
                    "version_added": false
                },
                "oculus": "mirror",
                "opera": "mirror",
                "opera_android": "mirror",
                "safari": {
                    "version_added": false
                },
                "safari_ios": "mirror",
                "samsunginternet_android": "mirror",
                "webview_android": {
                    "version_added": false
                },
                "edge_blink": {
                    "version_added": "85"
                }
            },
            "title": "XRAnchor: anchorSpace property"
        }
    ],
    "dom-xranchor-delete": [
        {
            "engines": [
                "blink"
            ],
            "filename": "api/XRAnchor.json",
            "name": "delete",
            "slug": "API/XRAnchor/delete",
            "mdn_url": "https://developer.mozilla.org/en-US/docs/Web/API/XRAnchor/delete",
            "summary": "The delete() method of the XRAnchor interface removes an anchor. This can be useful when an application is no longer interested in receiving updates to an anchor.",
            "support": {
                "chrome": {
                    "version_added": "85"
                },
                "chrome_android": "mirror",
                "edge": "mirror",
                "firefox": {
                    "version_added": false
                },
                "firefox_android": "mirror",
                "ie": {
                    "version_added": false
                },
                "oculus": "mirror",
                "opera": "mirror",
                "opera_android": "mirror",
                "safari": {
                    "version_added": false
                },
                "safari_ios": "mirror",
                "samsunginternet_android": "mirror",
                "webview_android": {
                    "version_added": false
                },
                "edge_blink": {
                    "version_added": "85"
                }
            },
            "title": "XRAnchor: delete() method"
        }
    ],
    "xr-anchor": [
        {
            "engines": [
                "blink"
            ],
            "filename": "api/XRAnchor.json",
            "name": "XRAnchor",
            "slug": "API/XRAnchor",
            "mdn_url": "https://developer.mozilla.org/en-US/docs/Web/API/XRAnchor",
            "summary": "The XRAnchor interface creates anchors which keep track of the pose that is fixed relative to the real world. With anchors, you can specify poses in the world that need to be updated to correctly reflect the evolving understanding of the world, such that the poses remain aligned with the same place in the physical world. That helps to build an illusion that the placed objects are really present in the user's environment.",
            "support": {
                "chrome": {
                    "version_added": "85"
                },
                "chrome_android": "mirror",
                "edge": "mirror",
                "firefox": {
                    "version_added": false
                },
                "firefox_android": "mirror",
                "ie": {
                    "version_added": false
                },
                "oculus": "mirror",
                "opera": "mirror",
                "opera_android": "mirror",
                "safari": {
                    "version_added": false
                },
                "safari_ios": "mirror",
                "samsunginternet_android": "mirror",
                "webview_android": {
                    "version_added": false
                },
                "edge_blink": {
                    "version_added": "85"
                }
            },
            "title": "XRAnchor"
        }
    ],
    "xranchorset": [
        {
            "engines": [
                "blink"
            ],
            "filename": "api/XRAnchorSet.json",
            "name": "XRAnchorSet",
            "slug": "API/XRAnchorSet",
            "mdn_url": "https://developer.mozilla.org/en-US/docs/Web/API/XRAnchorSet",
            "summary": "The XRAnchorSet interface exposes a collection of anchors. Its instances are returned by XRFrame.trackedAnchors and are Set-like objects.",
            "support": {
                "chrome": {
                    "version_added": "85"
                },
                "chrome_android": "mirror",
                "edge": "mirror",
                "firefox": {
                    "version_added": false
                },
                "firefox_android": "mirror",
                "ie": {
                    "version_added": false
                },
                "oculus": "mirror",
                "opera": "mirror",
                "opera_android": "mirror",
                "safari": {
                    "version_added": false
                },
                "safari_ios": "mirror",
                "samsunginternet_android": "mirror",
                "webview_android": {
                    "version_added": false
                },
                "edge_blink": {
                    "version_added": "85"
                }
            },
            "title": "XRAnchorSet"
        }
    ],
    "dom-xrframe-createanchor": [
        {
            "engines": [
                "blink"
            ],
            "filename": "api/XRFrame.json",
            "name": "createAnchor",
            "slug": "API/XRFrame/createAnchor",
            "mdn_url": "https://developer.mozilla.org/en-US/docs/Web/API/XRFrame/createAnchor",
            "summary": "The createAnchor() method of the XRFrame interface creates a free-floating XRAnchor which will be fixed relative to the real world.",
            "support": {
                "chrome": {
                    "version_added": "85"
                },
                "chrome_android": "mirror",
                "edge": "mirror",
                "firefox": {
                    "version_added": false
                },
                "firefox_android": "mirror",
                "ie": {
                    "version_added": false
                },
                "oculus": "mirror",
                "opera": "mirror",
                "opera_android": "mirror",
                "safari": {
                    "version_added": false
                },
                "safari_ios": "mirror",
                "samsunginternet_android": "mirror",
                "webview_android": {
                    "version_added": false
                },
                "edge_blink": {
                    "version_added": "85"
                }
            },
            "title": "XRFrame: createAnchor() method"
        }
    ],
    "dom-xrframe-trackedanchors": [
        {
            "engines": [
                "blink"
            ],
            "filename": "api/XRFrame.json",
            "name": "trackedAnchors",
            "slug": "API/XRFrame/trackedAnchors",
            "mdn_url": "https://developer.mozilla.org/en-US/docs/Web/API/XRFrame/trackedAnchors",
            "summary": "The read-only trackedAnchor property of the XRFrame interface returns an XRAnchorSet object containing all anchors still tracked in the frame.",
            "support": {
                "chrome": {
                    "version_added": "85"
                },
                "chrome_android": "mirror",
                "edge": "mirror",
                "firefox": {
                    "version_added": false
                },
                "firefox_android": "mirror",
                "ie": {
                    "version_added": false
                },
                "oculus": "mirror",
                "opera": "mirror",
                "opera_android": "mirror",
                "safari": {
                    "version_added": false
                },
                "safari_ios": "mirror",
                "samsunginternet_android": "mirror",
                "webview_android": {
                    "version_added": false
                },
                "edge_blink": {
                    "version_added": "85"
                }
            },
            "title": "XRFrame: trackedAnchors property"
        }
    ],
    "dom-xrhittestresult-createanchor": [
        {
            "engines": [
                "blink"
            ],
            "filename": "api/XRHitTestResult.json",
            "name": "createAnchor",
            "slug": "API/XRHitTestResult/createAnchor",
            "mdn_url": "https://developer.mozilla.org/en-US/docs/Web/API/XRHitTestResult/createAnchor",
            "summary": "The createAnchor() method of the XRHitTestResult interface creates an XRAnchor from a hit test result that is attached to a real-world object.",
            "support": {
                "chrome": {
                    "version_added": "85"
                },
                "chrome_android": "mirror",
                "edge": "mirror",
                "firefox": {
                    "version_added": false
                },
                "firefox_android": "mirror",
                "ie": {
                    "version_added": false
                },
                "oculus": "mirror",
                "opera": "mirror",
                "opera_android": "mirror",
                "safari": {
                    "version_added": false
                },
                "safari_ios": "mirror",
                "samsunginternet_android": "mirror",
                "webview_android": {
                    "version_added": false
                },
                "edge_blink": {
                    "version_added": "85"
                }
            },
            "title": "XRHitTestResult: createAnchor() method"
        }
    ]
}
