{
    "dom-xrcpudepthinformation-data": [
        {
            "engines": [
                "blink"
            ],
            "filename": "api/XRCPUDepthInformation.json",
            "name": "data",
            "slug": "API/XRCPUDepthInformation/data",
            "mdn_url": "https://developer.mozilla.org/en-US/docs/Web/API/XRCPUDepthInformation/data",
            "summary": "The read-only data property of the XRCPUDepthInformation interface is an ArrayBuffer containing depth-buffer information in raw format.",
            "support": {
                "chrome": {
                    "version_added": "90"
                },
                "chrome_android": "mirror",
                "edge": "mirror",
                "firefox": {
                    "version_added": false
                },
                "firefox_android": "mirror",
                "ie": {
                    "version_added": false
                },
                "oculus": "mirror",
                "opera": "mirror",
                "opera_android": "mirror",
                "safari": {
                    "version_added": false
                },
                "safari_ios": "mirror",
                "samsunginternet_android": "mirror",
                "webview_android": {
                    "version_added": false
                },
                "edge_blink": {
                    "version_added": "90"
                }
            },
            "title": "XRCPUDepthInformation: data property"
        }
    ],
    "dom-xrcpudepthinformation-getdepthinmeters": [
        {
            "engines": [
                "blink"
            ],
            "filename": "api/XRCPUDepthInformation.json",
            "name": "getDepthInMeters",
            "slug": "API/XRCPUDepthInformation/getDepthInMeters",
            "mdn_url": "https://developer.mozilla.org/en-US/docs/Web/API/XRCPUDepthInformation/getDepthInMeters",
            "summary": "The getDepthInMeters() method of the XRCPUDepthInformation interface returns the depth in meters at (x, y) in normalized view coordinates (origin in the top left corner).",
            "support": {
                "chrome": {
                    "version_added": "90"
                },
                "chrome_android": "mirror",
                "edge": "mirror",
                "firefox": {
                    "version_added": false
                },
                "firefox_android": "mirror",
                "ie": {
                    "version_added": false
                },
                "oculus": "mirror",
                "opera": "mirror",
                "opera_android": "mirror",
                "safari": {
                    "version_added": false
                },
                "safari_ios": "mirror",
                "samsunginternet_android": "mirror",
                "webview_android": {
                    "version_added": false
                },
                "edge_blink": {
                    "version_added": "90"
                }
            },
            "title": "XRCPUDepthInformation: getDepthInMeters() method"
        }
    ],
    "xr-cpu-depth-info-section": [
        {
            "engines": [
                "blink"
            ],
            "filename": "api/XRCPUDepthInformation.json",
            "name": "XRCPUDepthInformation",
            "slug": "API/XRCPUDepthInformation",
            "mdn_url": "https://developer.mozilla.org/en-US/docs/Web/API/XRCPUDepthInformation",
            "summary": "The XRCPUDepthInformation interface contains depth information from the CPU (returned by XRFrame.getDepthInformation()).",
            "support": {
                "chrome": {
                    "version_added": "90"
                },
                "chrome_android": "mirror",
                "edge": "mirror",
                "firefox": {
                    "version_added": false
                },
                "firefox_android": "mirror",
                "ie": {
                    "version_added": false
                },
                "oculus": "mirror",
                "opera": "mirror",
                "opera_android": "mirror",
                "safari": {
                    "version_added": false
                },
                "safari_ios": "mirror",
                "samsunginternet_android": "mirror",
                "webview_android": {
                    "version_added": false
                },
                "edge_blink": {
                    "version_added": "90"
                }
            },
            "title": "XRCPUDepthInformation"
        }
    ],
    "dom-xrdepthinformation-height": [
        {
            "engines": [
                "blink"
            ],
            "filename": "api/XRDepthInformation.json",
            "name": "height",
            "slug": "API/XRDepthInformation/height",
            "mdn_url": "https://developer.mozilla.org/en-US/docs/Web/API/XRDepthInformation/height",
            "summary": "The read-only height property of the XRDepthInformation interface contains the height of the depth buffer (number of rows).",
            "support": {
                "chrome": {
                    "version_added": "90"
                },
                "chrome_android": "mirror",
                "edge": "mirror",
                "firefox": {
                    "version_added": false
                },
                "firefox_android": "mirror",
                "ie": {
                    "version_added": false
                },
                "oculus": "mirror",
                "opera": "mirror",
                "opera_android": "mirror",
                "safari": {
                    "version_added": false
                },
                "safari_ios": "mirror",
                "samsunginternet_android": "mirror",
                "webview_android": {
                    "version_added": false
                },
                "edge_blink": {
                    "version_added": "90"
                }
            },
            "title": "XRDepthInformation: height property"
        }
    ],
    "dom-xrdepthinformation-normdepthbufferfromnormview": [
        {
            "engines": [
                "blink"
            ],
            "filename": "api/XRDepthInformation.json",
            "name": "normDepthBufferFromNormView",
            "slug": "API/XRDepthInformation/normDepthBufferFromNormView",
            "mdn_url": "https://developer.mozilla.org/en-US/docs/Web/API/XRDepthInformation/normDepthBufferFromNormView",
            "summary": "The read-only normDepthBufferFromNormView property of the XRDepthInformation interface contains the 3D geometric transform that needs to be applied when indexing into the depth buffer.",
            "support": {
                "chrome": {
                    "version_added": "90"
                },
                "chrome_android": "mirror",
                "edge": "mirror",
                "firefox": {
                    "version_added": false
                },
                "firefox_android": "mirror",
                "ie": {
                    "version_added": false
                },
                "oculus": "mirror",
                "opera": "mirror",
                "opera_android": "mirror",
                "safari": {
                    "version_added": false
                },
                "safari_ios": "mirror",
                "samsunginternet_android": "mirror",
                "webview_android": {
                    "version_added": false
                },
                "edge_blink": {
                    "version_added": "90"
                }
            },
            "title": "XRDepthInformation: normDepthBufferFromNormView property"
        }
    ],
    "dom-xrdepthinformation-rawvaluetometers": [
        {
            "engines": [
                "blink"
            ],
            "filename": "api/XRDepthInformation.json",
            "name": "rawValueToMeters",
            "slug": "API/XRDepthInformation/rawValueToMeters",
            "mdn_url": "https://developer.mozilla.org/en-US/docs/Web/API/XRDepthInformation/rawValueToMeters",
            "summary": "The read-only rawValueToMeters property of the XRDepthInformation interface contains the scale factor by which the raw depth values must be multiplied in order to get the depths in meters.",
            "support": {
                "chrome": {
                    "version_added": "90"
                },
                "chrome_android": "mirror",
                "edge": "mirror",
                "firefox": {
                    "version_added": false
                },
                "firefox_android": "mirror",
                "ie": {
                    "version_added": false
                },
                "oculus": "mirror",
                "opera": "mirror",
                "opera_android": "mirror",
                "safari": {
                    "version_added": false
                },
                "safari_ios": "mirror",
                "samsunginternet_android": "mirror",
                "webview_android": {
                    "version_added": false
                },
                "edge_blink": {
                    "version_added": "90"
                }
            },
            "title": "XRDepthInformation: rawValueToMeters property"
        }
    ],
    "dom-xrdepthinformation-width": [
        {
            "engines": [
                "blink"
            ],
            "filename": "api/XRDepthInformation.json",
            "name": "width",
            "slug": "API/XRDepthInformation/width",
            "mdn_url": "https://developer.mozilla.org/en-US/docs/Web/API/XRDepthInformation/width",
            "summary": "The read-only width property of the XRDepthInformation interface contains the width of the depth buffer (number of columns).",
            "support": {
                "chrome": {
                    "version_added": "90"
                },
                "chrome_android": "mirror",
                "edge": "mirror",
                "firefox": {
                    "version_added": false
                },
                "firefox_android": "mirror",
                "ie": {
                    "version_added": false
                },
                "oculus": "mirror",
                "opera": "mirror",
                "opera_android": "mirror",
                "safari": {
                    "version_added": false
                },
                "safari_ios": "mirror",
                "samsunginternet_android": "mirror",
                "webview_android": {
                    "version_added": false
                },
                "edge_blink": {
                    "version_added": "90"
                }
            },
            "title": "XRDepthInformation: width property"
        }
    ],
    "xrdepthinformation": [
        {
            "engines": [
                "blink"
            ],
            "filename": "api/XRDepthInformation.json",
            "name": "XRDepthInformation",
            "slug": "API/XRDepthInformation",
            "mdn_url": "https://developer.mozilla.org/en-US/docs/Web/API/XRDepthInformation",
            "summary": "The XRDepthInformation interface contains information about the distance from the user's device to the real-world geometry in the user's environment.",
            "support": {
                "chrome": {
                    "version_added": "90"
                },
                "chrome_android": "mirror",
                "edge": "mirror",
                "firefox": {
                    "version_added": false
                },
                "firefox_android": "mirror",
                "ie": {
                    "version_added": false
                },
                "oculus": "mirror",
                "opera": "mirror",
                "opera_android": "mirror",
                "safari": {
                    "version_added": false
                },
                "safari_ios": "mirror",
                "samsunginternet_android": "mirror",
                "webview_android": {
                    "version_added": false
                },
                "edge_blink": {
                    "version_added": "90"
                }
            },
            "title": "XRDepthInformation"
        }
    ],
    "dom-xrframe-getdepthinformation": [
        {
            "engines": [
                "blink"
            ],
            "filename": "api/XRFrame.json",
            "name": "getDepthInformation",
            "slug": "API/XRFrame/getDepthInformation",
            "mdn_url": "https://developer.mozilla.org/en-US/docs/Web/API/XRFrame/getDepthInformation",
            "summary": "The getDepthInformation() method of the XRFrame interface returns an XRCPUDepthInformation object containing CPU depth information for the active and animated frame.",
            "support": {
                "chrome": {
                    "version_added": "90"
                },
                "chrome_android": "mirror",
                "edge": "mirror",
                "firefox": {
                    "version_added": false
                },
                "firefox_android": "mirror",
                "ie": {
                    "version_added": false
                },
                "oculus": "mirror",
                "opera": "mirror",
                "opera_android": "mirror",
                "safari": {
                    "version_added": false
                },
                "safari_ios": "mirror",
                "samsunginternet_android": "mirror",
                "webview_android": {
                    "version_added": false
                },
                "edge_blink": {
                    "version_added": "90"
                }
            },
            "title": "XRFrame: getDepthInformation() method"
        }
    ],
    "dom-xrsession-depthdataformat": [
        {
            "engines": [
                "blink"
            ],
            "filename": "api/XRSession.json",
            "name": "depthDataFormat",
            "slug": "API/XRSession/depthDataFormat",
            "mdn_url": "https://developer.mozilla.org/en-US/docs/Web/API/XRSession/depthDataFormat",
            "summary": "The read-only depthDataFormat property of an immersive-ar XRSession describes which depth sensing data format is used.",
            "support": {
                "chrome": {
                    "version_added": "90"
                },
                "chrome_android": "mirror",
                "edge": "mirror",
                "firefox": {
                    "version_added": false
                },
                "firefox_android": "mirror",
                "ie": {
                    "version_added": false
                },
                "oculus": "mirror",
                "opera": "mirror",
                "opera_android": "mirror",
                "safari": {
                    "version_added": false
                },
                "safari_ios": "mirror",
                "samsunginternet_android": "mirror",
                "webview_android": {
                    "version_added": false
                },
                "edge_blink": {
                    "version_added": "90"
                }
            },
            "title": "XRSession: depthDataFormat property"
        }
    ],
    "dom-xrsession-depthusage": [
        {
            "engines": [
                "blink"
            ],
            "filename": "api/XRSession.json",
            "name": "depthUsage",
            "slug": "API/XRSession/depthUsage",
            "mdn_url": "https://developer.mozilla.org/en-US/docs/Web/API/XRSession/depthUsage",
            "summary": "The read-only depthUsage property of an immersive-ar XRSession describes which depth-sensing usage is used.",
            "support": {
                "chrome": {
                    "version_added": "90"
                },
                "chrome_android": "mirror",
                "edge": "mirror",
                "firefox": {
                    "version_added": false
                },
                "firefox_android": "mirror",
                "ie": {
                    "version_added": false
                },
                "oculus": "mirror",
                "opera": "mirror",
                "opera_android": "mirror",
                "safari": {
                    "version_added": false
                },
                "safari_ios": "mirror",
                "samsunginternet_android": "mirror",
                "webview_android": {
                    "version_added": false
                },
                "edge_blink": {
                    "version_added": "90"
                }
            },
            "title": "XRSession: depthUsage property"
        }
    ],
    "dom-xrwebglbinding-getdepthinformation": [
        {
            "engines": [
                "blink"
            ],
            "filename": "api/XRWebGLBinding.json",
            "name": "getDepthInformation",
            "slug": "API/XRWebGLBinding/getDepthInformation",
            "mdn_url": "https://developer.mozilla.org/en-US/docs/Web/API/XRWebGLBinding/getDepthInformation",
            "summary": "The getDepthInformation() method of the XRWebGLBinding interface returns an XRWebGLDepthInformation object containing WebGL depth information.",
            "support": {
                "chrome": {
                    "version_added": "90"
                },
                "chrome_android": "mirror",
                "edge": "mirror",
                "firefox": {
                    "version_added": false
                },
                "firefox_android": "mirror",
                "ie": {
                    "version_added": false
                },
                "oculus": "mirror",
                "opera": "mirror",
                "opera_android": "mirror",
                "safari": {
                    "version_added": false
                },
                "safari_ios": "mirror",
                "samsunginternet_android": "mirror",
                "webview_android": {
                    "version_added": false
                },
                "edge_blink": {
                    "version_added": "90"
                }
            },
            "title": "XRWebGLBinding: getDepthInformation() method"
        }
    ],
    "dom-xrwebgldepthinformation-texture": [
        {
            "engines": [
                "blink"
            ],
            "filename": "api/XRWebGLDepthInformation.json",
            "name": "texture",
            "slug": "API/XRWebGLDepthInformation/texture",
            "mdn_url": "https://developer.mozilla.org/en-US/docs/Web/API/XRWebGLDepthInformation/texture",
            "summary": "The read-only texture property of the XRWebGLDepthInformation interface is a WebGLTexture containing depth buffer information as an opaque texture.",
            "support": {
                "chrome": {
                    "version_added": "90"
                },
                "chrome_android": "mirror",
                "edge": "mirror",
                "firefox": {
                    "version_added": false
                },
                "firefox_android": "mirror",
                "ie": {
                    "version_added": false
                },
                "oculus": "mirror",
                "opera": "mirror",
                "opera_android": "mirror",
                "safari": {
                    "version_added": false
                },
                "safari_ios": "mirror",
                "samsunginternet_android": "mirror",
                "webview_android": {
                    "version_added": false
                },
                "edge_blink": {
                    "version_added": "90"
                }
            },
            "title": "XRWebGLDepthInformation: texture property"
        }
    ],
    "xrwebgldepthinformation": [
        {
            "engines": [
                "blink"
            ],
            "filename": "api/XRWebGLDepthInformation.json",
            "name": "XRWebGLDepthInformation",
            "slug": "API/XRWebGLDepthInformation",
            "mdn_url": "https://developer.mozilla.org/en-US/docs/Web/API/XRWebGLDepthInformation",
            "summary": "The XRWebGLDepthInformation interface contains depth information from the GPU/WebGL (returned by XRWebGLBinding.getDepthInformation()).",
            "support": {
                "chrome": {
                    "version_added": "90"
                },
                "chrome_android": "mirror",
                "edge": "mirror",
                "firefox": {
                    "version_added": false
                },
                "firefox_android": "mirror",
                "ie": {
                    "version_added": false
                },
                "oculus": "mirror",
                "opera": "mirror",
                "opera_android": "mirror",
                "safari": {
                    "version_added": false
                },
                "safari_ios": "mirror",
                "samsunginternet_android": "mirror",
                "webview_android": {
                    "version_added": false
                },
                "edge_blink": {
                    "version_added": "90"
                }
            },
            "title": "XRWebGLDepthInformation"
        }
    ]
}
