{
    "onbeforexrselect": [
        {
            "engines": [
                "blink"
            ],
            "filename": "api/Element.json",
            "name": "beforexrselect_event",
            "slug": "API/Element/beforexrselect_event",
            "mdn_url": "https://developer.mozilla.org/en-US/docs/Web/API/Element/beforexrselect_event",
            "summary": "The beforexrselect event is fired before WebXR select events (select, selectstart, selectend) are dispatched. It can be used to suppress XR world input events while the user is interacting with a DOM overlay UI.",
            "support": {
                "chrome": {
                    "version_added": "83"
                },
                "chrome_android": "mirror",
                "edge": "mirror",
                "firefox": {
                    "version_added": false
                },
                "firefox_android": "mirror",
                "ie": {
                    "version_added": false
                },
                "oculus": "mirror",
                "opera": "mirror",
                "opera_android": "mirror",
                "safari": {
                    "version_added": false
                },
                "safari_ios": "mirror",
                "samsunginternet_android": "mirror",
                "webview_android": "mirror",
                "edge_blink": {
                    "version_added": "83"
                }
            },
            "title": "Element: beforexrselect event"
        }
    ],
    "dom-xrsession-domoverlaystate": [
        {
            "engines": [
                "blink"
            ],
            "filename": "api/XRSession.json",
            "name": "domOverlayState",
            "slug": "API/XRSession/domOverlayState",
            "mdn_url": "https://developer.mozilla.org/en-US/docs/Web/API/XRSession/domOverlayState",
            "summary": "The read-only domOverlayState property of an immersive-ar XRSession provides information about the DOM overlay, if the feature is enabled.",
            "support": {
                "chrome": {
                    "version_added": "83"
                },
                "chrome_android": "mirror",
                "edge": "mirror",
                "firefox": {
                    "version_added": false
                },
                "firefox_android": "mirror",
                "ie": {
                    "version_added": false
                },
                "oculus": "mirror",
                "opera": "mirror",
                "opera_android": "mirror",
                "safari": {
                    "version_added": false
                },
                "safari_ios": "mirror",
                "samsunginternet_android": "mirror",
                "webview_android": {
                    "version_added": false
                },
                "edge_blink": {
                    "version_added": "83"
                }
            },
            "title": "XRSession: domOverlayState property"
        }
    ]
}
