{
    "OverallStructure": [
        {
            "engines": [
                "blink",
                "gecko",
                "webkit"
            ],
            "filename": "css/at-rules/font-face.json",
            "name": "WOFF",
            "slug": "Guide/WOFF",
            "mdn_url": "https://developer.mozilla.org/en-US/docs/Web/Guide/WOFF",
            "summary": "WOFF (the Web Open Font Format) is a web font format developed by Mozilla in concert with Type Supply, LettError, and other organizations. It uses a compressed version of the same table-based sfnt structure used by TrueType, OpenType, and Open Font Format, but adds metadata and private-use data structures, including predefined fields allowing foundries and vendors to provide license information if desired.",
            "support": {
                "chrome": {
                    "version_added": "6"
                },
                "chrome_android": "mirror",
                "edge": {
                    "version_added": "12"
                },
                "firefox": {
                    "version_added": "3.5"
                },
                "firefox_android": "mirror",
                "ie": {
                    "version_added": "9"
                },
                "oculus": "mirror",
                "opera": {
                    "version_added": "11.1"
                },
                "opera_android": {
                    "version_added": "11.1"
                },
                "safari": {
                    "version_added": "5.1"
                },
                "safari_ios": "mirror",
                "samsunginternet_android": "mirror",
                "webview_android": "mirror",
                "edge_blink": {
                    "version_added": "79"
                }
            },
            "title": "The Web Open Font Format (WOFF)"
        }
    ]
}
